reference_date,location,horizon,target,target_end_date,output_type,output_type_id,value
2026-03-07,01,0,wk inc flu hosp,2026-03-07,quantile,0.01,86.0
2026-03-07,01,0,wk inc flu hosp,2026-03-07,quantile,0.025,97.0
2026-03-07,01,0,wk inc flu hosp,2026-03-07,quantile,0.05,104.0
2026-03-07,01,0,wk inc flu hosp,2026-03-07,quantile,0.1,114.0
2026-03-07,01,0,wk inc flu hosp,2026-03-07,quantile,0.15,121.0
2026-03-07,01,0,wk inc flu hosp,2026-03-07,quantile,0.2,124.87760925292967
2026-03-07,01,0,wk inc flu hosp,2026-03-07,quantile,0.25,128.13504028320312
2026-03-07,01,0,wk inc flu hosp,2026-03-07,quantile,0.3,133.0
2026-03-07,01,0,wk inc flu hosp,2026-03-07,quantile,0.35,139.0
2026-03-07,01,0,wk inc flu hosp,2026-03-07,quantile,0.4,145.0
2026-03-07,01,0,wk inc flu hosp,2026-03-07,quantile,0.45,150.0
2026-03-07,01,0,wk inc flu hosp,2026-03-07,quantile,0.5,157.38898593629696
2026-03-07,01,0,wk inc flu hosp,2026-03-07,quantile,0.55,162.0
2026-03-07,01,0,wk inc flu hosp,2026-03-07,quantile,0.6,168.0
2026-03-07,01,0,wk inc flu hosp,2026-03-07,quantile,0.65,175.0
2026-03-07,01,0,wk inc flu hosp,2026-03-07,quantile,0.7,182.0
2026-03-07,01,0,wk inc flu hosp,2026-03-07,quantile,0.75,189.0
2026-03-07,01,0,wk inc flu hosp,2026-03-07,quantile,0.8,196.0
2026-03-07,01,0,wk inc flu hosp,2026-03-07,quantile,0.85,204.0
2026-03-07,01,0,wk inc flu hosp,2026-03-07,quantile,0.9,212.0
2026-03-07,01,0,wk inc flu hosp,2026-03-07,quantile,0.95,226.0
2026-03-07,01,0,wk inc flu hosp,2026-03-07,quantile,0.975,243.0
2026-03-07,01,0,wk inc flu hosp,2026-03-07,quantile,0.99,260.0
2026-03-07,01,1,wk inc flu hosp,2026-03-14,quantile,0.01,55.43516950549861
2026-03-07,01,1,wk inc flu hosp,2026-03-14,quantile,0.025,61.035992588739546
2026-03-07,01,1,wk inc flu hosp,2026-03-14,quantile,0.05,68.35834925469574
2026-03-07,01,1,wk inc flu hosp,2026-03-14,quantile,0.1,81.10406131678137
2026-03-07,01,1,wk inc flu hosp,2026-03-14,quantile,0.15,91.0
2026-03-07,01,1,wk inc flu hosp,2026-03-14,quantile,0.2,99.66829856935036
2026-03-07,01,1,wk inc flu hosp,2026-03-14,quantile,0.25,103.8425750732422
2026-03-07,01,1,wk inc flu hosp,2026-03-14,quantile,0.3,108.0
2026-03-07,01,1,wk inc flu hosp,2026-03-14,quantile,0.35,114.0
2026-03-07,01,1,wk inc flu hosp,2026-03-14,quantile,0.4,119.0
2026-03-07,01,1,wk inc flu hosp,2026-03-14,quantile,0.45,124.0
2026-03-07,01,1,wk inc flu hosp,2026-03-14,quantile,0.5,131.0
2026-03-07,01,1,wk inc flu hosp,2026-03-14,quantile,0.55,135.0
2026-03-07,01,1,wk inc flu hosp,2026-03-14,quantile,0.6,142.0
2026-03-07,01,1,wk inc flu hosp,2026-03-14,quantile,0.65,148.0
2026-03-07,01,1,wk inc flu hosp,2026-03-14,quantile,0.7,155.0
2026-03-07,01,1,wk inc flu hosp,2026-03-14,quantile,0.75,161.0
2026-03-07,01,1,wk inc flu hosp,2026-03-14,quantile,0.8,166.0
2026-03-07,01,1,wk inc flu hosp,2026-03-14,quantile,0.85,177.0
2026-03-07,01,1,wk inc flu hosp,2026-03-14,quantile,0.9,191.0
2026-03-07,01,1,wk inc flu hosp,2026-03-14,quantile,0.95,214.0
2026-03-07,01,1,wk inc flu hosp,2026-03-14,quantile,0.975,232.0
2026-03-07,01,1,wk inc flu hosp,2026-03-14,quantile,0.99,261.0
2026-03-07,01,2,wk inc flu hosp,2026-03-21,quantile,0.01,36.0
2026-03-07,01,2,wk inc flu hosp,2026-03-21,quantile,0.025,43.0
2026-03-07,01,2,wk inc flu hosp,2026-03-21,quantile,0.05,49.402065454629415
2026-03-07,01,2,wk inc flu hosp,2026-03-21,quantile,0.1,61.0
2026-03-07,01,2,wk inc flu hosp,2026-03-21,quantile,0.15,66.0
2026-03-07,01,2,wk inc flu hosp,2026-03-21,quantile,0.2,77.0
2026-03-07,01,2,wk inc flu hosp,2026-03-21,quantile,0.25,83.69198608398438
2026-03-07,01,2,wk inc flu hosp,2026-03-21,quantile,0.3,87.51156285210779
2026-03-07,01,2,wk inc flu hosp,2026-03-21,quantile,0.35,96.66233838334372
2026-03-07,01,2,wk inc flu hosp,2026-03-21,quantile,0.4,101.0
2026-03-07,01,2,wk inc flu hosp,2026-03-21,quantile,0.45,103.0
2026-03-07,01,2,wk inc flu hosp,2026-03-21,quantile,0.5,104.0
2026-03-07,01,2,wk inc flu hosp,2026-03-21,quantile,0.55,108.0
2026-03-07,01,2,wk inc flu hosp,2026-03-21,quantile,0.6,115.0
2026-03-07,01,2,wk inc flu hosp,2026-03-21,quantile,0.65,121.0
2026-03-07,01,2,wk inc flu hosp,2026-03-21,quantile,0.7,125.0
2026-03-07,01,2,wk inc flu hosp,2026-03-21,quantile,0.75,131.0
2026-03-07,01,2,wk inc flu hosp,2026-03-21,quantile,0.8,135.0
2026-03-07,01,2,wk inc flu hosp,2026-03-21,quantile,0.85,147.0
2026-03-07,01,2,wk inc flu hosp,2026-03-21,quantile,0.9,162.0
2026-03-07,01,2,wk inc flu hosp,2026-03-21,quantile,0.95,193.0
2026-03-07,01,2,wk inc flu hosp,2026-03-21,quantile,0.975,215.0
2026-03-07,01,2,wk inc flu hosp,2026-03-21,quantile,0.99,241.0
2026-03-07,01,3,wk inc flu hosp,2026-03-28,quantile,0.01,21.0
2026-03-07,01,3,wk inc flu hosp,2026-03-28,quantile,0.025,29.06056225531559
2026-03-07,01,3,wk inc flu hosp,2026-03-28,quantile,0.05,39.0
2026-03-07,01,3,wk inc flu hosp,2026-03-28,quantile,0.1,41.0
2026-03-07,01,3,wk inc flu hosp,2026-03-28,quantile,0.15,51.74277963114508
2026-03-07,01,3,wk inc flu hosp,2026-03-28,quantile,0.2,58.0
2026-03-07,01,3,wk inc flu hosp,2026-03-28,quantile,0.25,66.93234252929688
2026-03-07,01,3,wk inc flu hosp,2026-03-28,quantile,0.3,69.0
2026-03-07,01,3,wk inc flu hosp,2026-03-28,quantile,0.35,72.0
2026-03-07,01,3,wk inc flu hosp,2026-03-28,quantile,0.4,77.0
2026-03-07,01,3,wk inc flu hosp,2026-03-28,quantile,0.45,80.0
2026-03-07,01,3,wk inc flu hosp,2026-03-28,quantile,0.5,83.0
2026-03-07,01,3,wk inc flu hosp,2026-03-28,quantile,0.55,90.0
2026-03-07,01,3,wk inc flu hosp,2026-03-28,quantile,0.6,94.0
2026-03-07,01,3,wk inc flu hosp,2026-03-28,quantile,0.65,100.0
2026-03-07,01,3,wk inc flu hosp,2026-03-28,quantile,0.7,109.0
2026-03-07,01,3,wk inc flu hosp,2026-03-28,quantile,0.75,114.0
2026-03-07,01,3,wk inc flu hosp,2026-03-28,quantile,0.8,122.0
2026-03-07,01,3,wk inc flu hosp,2026-03-28,quantile,0.85,128.0
2026-03-07,01,3,wk inc flu hosp,2026-03-28,quantile,0.9,135.0
2026-03-07,01,3,wk inc flu hosp,2026-03-28,quantile,0.95,175.0
2026-03-07,01,3,wk inc flu hosp,2026-03-28,quantile,0.975,203.0
2026-03-07,01,3,wk inc flu hosp,2026-03-28,quantile,0.99,230.0
2026-03-07,02,0,wk inc flu hosp,2026-03-07,quantile,0.01,0.5946388862682197
2026-03-07,02,0,wk inc flu hosp,2026-03-07,quantile,0.025,0.7709270933768319
2026-03-07,02,0,wk inc flu hosp,2026-03-07,quantile,0.05,1.0
2026-03-07,02,0,wk inc flu hosp,2026-03-07,quantile,0.1,1.562582464349155
2026-03-07,02,0,wk inc flu hosp,2026-03-07,quantile,0.15,1.9873156396190121
2026-03-07,02,0,wk inc flu hosp,2026-03-07,quantile,0.2,2.269478806469212
2026-03-07,02,0,wk inc flu hosp,2026-03-07,quantile,0.25,2.999956250190735
2026-03-07,02,0,wk inc flu hosp,2026-03-07,quantile,0.3,3.0
2026-03-07,02,0,wk inc flu hosp,2026-03-07,quantile,0.35,3.461536422237677
2026-03-07,02,0,wk inc flu hosp,2026-03-07,quantile,0.4,3.8143397569656368
2026-03-07,02,0,wk inc flu hosp,2026-03-07,quantile,0.45,3.904234766960144
2026-03-07,02,0,wk inc flu hosp,2026-03-07,quantile,0.5,4.4976725578308105
2026-03-07,02,0,wk inc flu hosp,2026-03-07,quantile,0.55,4.595157861709595
2026-03-07,02,0,wk inc flu hosp,2026-03-07,quantile,0.6,5.194933891296387
2026-03-07,02,0,wk inc flu hosp,2026-03-07,quantile,0.65,5.308262825012207
2026-03-07,02,0,wk inc flu hosp,2026-03-07,quantile,0.7,5.924680948257446
2026-03-07,02,0,wk inc flu hosp,2026-03-07,quantile,0.75,6.0498528480529785
2026-03-07,02,0,wk inc flu hosp,2026-03-07,quantile,0.8,6.192100286483765
2026-03-07,02,0,wk inc flu hosp,2026-03-07,quantile,0.85,6.879361391067505
2026-03-07,02,0,wk inc flu hosp,2026-03-07,quantile,0.9,7.6249940395355225
2026-03-07,02,0,wk inc flu hosp,2026-03-07,quantile,0.95,9.0
2026-03-07,02,0,wk inc flu hosp,2026-03-07,quantile,0.975,11.0
2026-03-07,02,0,wk inc flu hosp,2026-03-07,quantile,0.99,11.5
2026-03-07,02,1,wk inc flu hosp,2026-03-14,quantile,0.01,0.01472983715016475
2026-03-07,02,1,wk inc flu hosp,2026-03-14,quantile,0.025,0.08537125664130014
2026-03-07,02,1,wk inc flu hosp,2026-03-14,quantile,0.05,0.2245276930406464
2026-03-07,02,1,wk inc flu hosp,2026-03-14,quantile,0.1,0.8999008595371399
2026-03-07,02,1,wk inc flu hosp,2026-03-14,quantile,0.15,1.0
2026-03-07,02,1,wk inc flu hosp,2026-03-14,quantile,0.2,1.4427774571145284
2026-03-07,02,1,wk inc flu hosp,2026-03-14,quantile,0.25,1.9317059969551627
2026-03-07,02,1,wk inc flu hosp,2026-03-14,quantile,0.3,2.0584442274124175
2026-03-07,02,1,wk inc flu hosp,2026-03-14,quantile,0.35,2.241759322297078
2026-03-07,02,1,wk inc flu hosp,2026-03-14,quantile,0.4,2.8571550187970347
2026-03-07,02,1,wk inc flu hosp,2026-03-14,quantile,0.45,3.0
2026-03-07,02,1,wk inc flu hosp,2026-03-14,quantile,0.5,3.085928067347915
2026-03-07,02,1,wk inc flu hosp,2026-03-14,quantile,0.55,3.641940827152977
2026-03-07,02,1,wk inc flu hosp,2026-03-14,quantile,0.6,3.8405864238739005
2026-03-07,02,1,wk inc flu hosp,2026-03-14,quantile,0.65,4.234095609260002
2026-03-07,02,1,wk inc flu hosp,2026-03-14,quantile,0.7,4.538397789001465
2026-03-07,02,1,wk inc flu hosp,2026-03-14,quantile,0.75,5.084363310074309
2026-03-07,02,1,wk inc flu hosp,2026-03-14,quantile,0.8,5.3059608936309814
2026-03-07,02,1,wk inc flu hosp,2026-03-14,quantile,0.85,5.960809707641602
2026-03-07,02,1,wk inc flu hosp,2026-03-14,quantile,0.9,6.674931049346924
2026-03-07,02,1,wk inc flu hosp,2026-03-14,quantile,0.95,8.0
2026-03-07,02,1,wk inc flu hosp,2026-03-14,quantile,0.975,10.5
2026-03-07,02,1,wk inc flu hosp,2026-03-14,quantile,0.99,12.5
2026-03-07,02,2,wk inc flu hosp,2026-03-21,quantile,0.01,0.0762486288129023
2026-03-07,02,2,wk inc flu hosp,2026-03-21,quantile,0.025,0.2404992115446851
2026-03-07,02,2,wk inc flu hosp,2026-03-21,quantile,0.05,0.46123692882708617
2026-03-07,02,2,wk inc flu hosp,2026-03-21,quantile,0.1,0.735170635231209
2026-03-07,02,2,wk inc flu hosp,2026-03-21,quantile,0.15,1.056938218922229
2026-03-07,02,2,wk inc flu hosp,2026-03-21,quantile,0.2,1.358804529039424
2026-03-07,02,2,wk inc flu hosp,2026-03-21,quantile,0.25,1.4921599626541138
2026-03-07,02,2,wk inc flu hosp,2026-03-21,quantile,0.3,1.5819950103759766
2026-03-07,02,2,wk inc flu hosp,2026-03-21,quantile,0.35,2.160163402557373
2026-03-07,02,2,wk inc flu hosp,2026-03-21,quantile,0.4,2.2368754148483276
2026-03-07,02,2,wk inc flu hosp,2026-03-21,quantile,0.45,2.490551286058431
2026-03-07,02,2,wk inc flu hosp,2026-03-21,quantile,0.5,2.901667833328247
2026-03-07,02,2,wk inc flu hosp,2026-03-21,quantile,0.55,3.0
2026-03-07,02,2,wk inc flu hosp,2026-03-21,quantile,0.6,3.068033814430237
2026-03-07,02,2,wk inc flu hosp,2026-03-21,quantile,0.65,3.157714009284973
2026-03-07,02,2,wk inc flu hosp,2026-03-21,quantile,0.7,3.756235718727112
2026-03-07,02,2,wk inc flu hosp,2026-03-21,quantile,0.75,3.8722249269485474
2026-03-07,02,2,wk inc flu hosp,2026-03-21,quantile,0.8,4.005718469619751
2026-03-07,02,2,wk inc flu hosp,2026-03-21,quantile,0.85,4.641088962554932
2026-03-07,02,2,wk inc flu hosp,2026-03-21,quantile,0.9,5.5
2026-03-07,02,2,wk inc flu hosp,2026-03-21,quantile,0.95,7.5
2026-03-07,02,2,wk inc flu hosp,2026-03-21,quantile,0.975,10.0
2026-03-07,02,2,wk inc flu hosp,2026-03-21,quantile,0.99,13.5
2026-03-07,02,3,wk inc flu hosp,2026-03-28,quantile,0.01,0.1474725008010864
2026-03-07,02,3,wk inc flu hosp,2026-03-28,quantile,0.025,0.2601102930323467
2026-03-07,02,3,wk inc flu hosp,2026-03-28,quantile,0.05,0.41067772869608804
2026-03-07,02,3,wk inc flu hosp,2026-03-28,quantile,0.1,0.6449978497597996
2026-03-07,02,3,wk inc flu hosp,2026-03-28,quantile,0.15,1.0175377864409185
2026-03-07,02,3,wk inc flu hosp,2026-03-28,quantile,0.2,1.2638850212097168
2026-03-07,02,3,wk inc flu hosp,2026-03-28,quantile,0.25,1.3445119261741638
2026-03-07,02,3,wk inc flu hosp,2026-03-28,quantile,0.3,1.4270296692848206
2026-03-07,02,3,wk inc flu hosp,2026-03-28,quantile,0.35,1.506999969482422
2026-03-07,02,3,wk inc flu hosp,2026-03-28,quantile,0.4,1.8753753987813453
2026-03-07,02,3,wk inc flu hosp,2026-03-28,quantile,0.45,2.306151521978664
2026-03-07,02,3,wk inc flu hosp,2026-03-28,quantile,0.5,2.7324188947677612
2026-03-07,02,3,wk inc flu hosp,2026-03-28,quantile,0.55,2.8089734315872192
2026-03-07,02,3,wk inc flu hosp,2026-03-28,quantile,0.6,2.894143581390381
2026-03-07,02,3,wk inc flu hosp,2026-03-28,quantile,0.65,2.979809880256653
2026-03-07,02,3,wk inc flu hosp,2026-03-28,quantile,0.7,3.0761018991470337
2026-03-07,02,3,wk inc flu hosp,2026-03-28,quantile,0.75,3.178158760070801
2026-03-07,02,3,wk inc flu hosp,2026-03-28,quantile,0.8,3.2959630489349365
2026-03-07,02,3,wk inc flu hosp,2026-03-28,quantile,0.85,4.0
2026-03-07,02,3,wk inc flu hosp,2026-03-28,quantile,0.9,4.616889715194702
2026-03-07,02,3,wk inc flu hosp,2026-03-28,quantile,0.95,7.0
2026-03-07,02,3,wk inc flu hosp,2026-03-28,quantile,0.975,10.5
2026-03-07,02,3,wk inc flu hosp,2026-03-28,quantile,0.99,15.0
2026-03-07,04,0,wk inc flu hosp,2026-03-07,quantile,0.01,97.73983454253955
2026-03-07,04,0,wk inc flu hosp,2026-03-07,quantile,0.025,111.0
2026-03-07,04,0,wk inc flu hosp,2026-03-07,quantile,0.05,123.12590475858596
2026-03-07,04,0,wk inc flu hosp,2026-03-07,quantile,0.1,146.48343105887955
2026-03-07,04,0,wk inc flu hosp,2026-03-07,quantile,0.15,164.811045750625
2026-03-07,04,0,wk inc flu hosp,2026-03-07,quantile,0.2,177.84934515406815
2026-03-07,04,0,wk inc flu hosp,2026-03-07,quantile,0.25,186.5264587402344
2026-03-07,04,0,wk inc flu hosp,2026-03-07,quantile,0.3,196.76411436163312
2026-03-07,04,0,wk inc flu hosp,2026-03-07,quantile,0.35,203.08291747508187
2026-03-07,04,0,wk inc flu hosp,2026-03-07,quantile,0.4,211.0
2026-03-07,04,0,wk inc flu hosp,2026-03-07,quantile,0.45,216.0
2026-03-07,04,0,wk inc flu hosp,2026-03-07,quantile,0.5,223.0
2026-03-07,04,0,wk inc flu hosp,2026-03-07,quantile,0.55,231.0
2026-03-07,04,0,wk inc flu hosp,2026-03-07,quantile,0.6,241.0
2026-03-07,04,0,wk inc flu hosp,2026-03-07,quantile,0.65,251.0
2026-03-07,04,0,wk inc flu hosp,2026-03-07,quantile,0.7,264.0
2026-03-07,04,0,wk inc flu hosp,2026-03-07,quantile,0.75,276.0
2026-03-07,04,0,wk inc flu hosp,2026-03-07,quantile,0.8,296.0
2026-03-07,04,0,wk inc flu hosp,2026-03-07,quantile,0.85,315.0
2026-03-07,04,0,wk inc flu hosp,2026-03-07,quantile,0.9,348.0
2026-03-07,04,0,wk inc flu hosp,2026-03-07,quantile,0.95,381.0
2026-03-07,04,0,wk inc flu hosp,2026-03-07,quantile,0.975,414.0
2026-03-07,04,0,wk inc flu hosp,2026-03-07,quantile,0.99,456.0
2026-03-07,04,1,wk inc flu hosp,2026-03-14,quantile,0.01,78.38366154820385
2026-03-07,04,1,wk inc flu hosp,2026-03-14,quantile,0.025,87.81777625582939
2026-03-07,04,1,wk inc flu hosp,2026-03-14,quantile,0.05,102.41395660195904
2026-03-07,04,1,wk inc flu hosp,2026-03-14,quantile,0.1,120.4308097428492
2026-03-07,04,1,wk inc flu hosp,2026-03-14,quantile,0.15,137.4059365662428
2026-03-07,04,1,wk inc flu hosp,2026-03-14,quantile,0.2,146.63233947753906
2026-03-07,04,1,wk inc flu hosp,2026-03-14,quantile,0.25,151.3491973876953
2026-03-07,04,1,wk inc flu hosp,2026-03-14,quantile,0.3,155.5807342529297
2026-03-07,04,1,wk inc flu hosp,2026-03-14,quantile,0.35,159.8668212890625
2026-03-07,04,1,wk inc flu hosp,2026-03-14,quantile,0.4,163.65423583984375
2026-03-07,04,1,wk inc flu hosp,2026-03-14,quantile,0.45,167.6894989013672
2026-03-07,04,1,wk inc flu hosp,2026-03-14,quantile,0.5,171.9070587158203
2026-03-07,04,1,wk inc flu hosp,2026-03-14,quantile,0.55,183.0
2026-03-07,04,1,wk inc flu hosp,2026-03-14,quantile,0.6,199.0
2026-03-07,04,1,wk inc flu hosp,2026-03-14,quantile,0.65,217.0
2026-03-07,04,1,wk inc flu hosp,2026-03-14,quantile,0.7,232.0
2026-03-07,04,1,wk inc flu hosp,2026-03-14,quantile,0.75,238.0
2026-03-07,04,1,wk inc flu hosp,2026-03-14,quantile,0.8,258.0
2026-03-07,04,1,wk inc flu hosp,2026-03-14,quantile,0.85,296.0
2026-03-07,04,1,wk inc flu hosp,2026-03-14,quantile,0.9,322.2926424812546
2026-03-07,04,1,wk inc flu hosp,2026-03-14,quantile,0.95,356.02979708102345
2026-03-07,04,1,wk inc flu hosp,2026-03-14,quantile,0.975,386.6514385600124
2026-03-07,04,1,wk inc flu hosp,2026-03-14,quantile,0.99,423.8438310612976
2026-03-07,04,2,wk inc flu hosp,2026-03-21,quantile,0.01,55.77195554705576
2026-03-07,04,2,wk inc flu hosp,2026-03-21,quantile,0.025,69.42699516760513
2026-03-07,04,2,wk inc flu hosp,2026-03-21,quantile,0.05,83.35617230977051
2026-03-07,04,2,wk inc flu hosp,2026-03-21,quantile,0.1,99.33425872168624
2026-03-07,04,2,wk inc flu hosp,2026-03-21,quantile,0.15,104.83895874023438
2026-03-07,04,2,wk inc flu hosp,2026-03-21,quantile,0.2,108.9436492919922
2026-03-07,04,2,wk inc flu hosp,2026-03-21,quantile,0.25,113.10625457763672
2026-03-07,04,2,wk inc flu hosp,2026-03-21,quantile,0.3,116.9132843017578
2026-03-07,04,2,wk inc flu hosp,2026-03-21,quantile,0.35,121.0
2026-03-07,04,2,wk inc flu hosp,2026-03-21,quantile,0.4,135.0
2026-03-07,04,2,wk inc flu hosp,2026-03-21,quantile,0.45,150.0
2026-03-07,04,2,wk inc flu hosp,2026-03-21,quantile,0.5,166.0
2026-03-07,04,2,wk inc flu hosp,2026-03-21,quantile,0.55,182.0
2026-03-07,04,2,wk inc flu hosp,2026-03-21,quantile,0.6,198.0
2026-03-07,04,2,wk inc flu hosp,2026-03-21,quantile,0.65,208.0
2026-03-07,04,2,wk inc flu hosp,2026-03-21,quantile,0.7,213.0
2026-03-07,04,2,wk inc flu hosp,2026-03-21,quantile,0.75,220.0
2026-03-07,04,2,wk inc flu hosp,2026-03-21,quantile,0.8,229.0
2026-03-07,04,2,wk inc flu hosp,2026-03-21,quantile,0.85,258.0
2026-03-07,04,2,wk inc flu hosp,2026-03-21,quantile,0.9,321.0
2026-03-07,04,2,wk inc flu hosp,2026-03-21,quantile,0.95,378.1089298899433
2026-03-07,04,2,wk inc flu hosp,2026-03-21,quantile,0.975,415.5881377334599
2026-03-07,04,2,wk inc flu hosp,2026-03-21,quantile,0.99,461.3922593274897
2026-03-07,04,3,wk inc flu hosp,2026-03-28,quantile,0.01,46.46632149452406
2026-03-07,04,3,wk inc flu hosp,2026-03-28,quantile,0.025,60.874691384019926
2026-03-07,04,3,wk inc flu hosp,2026-03-28,quantile,0.05,67.34809875488281
2026-03-07,04,3,wk inc flu hosp,2026-03-28,quantile,0.1,73.6532211303711
2026-03-07,04,3,wk inc flu hosp,2026-03-28,quantile,0.15,77.94425201416016
2026-03-07,04,3,wk inc flu hosp,2026-03-28,quantile,0.2,81.4092788696289
2026-03-07,04,3,wk inc flu hosp,2026-03-28,quantile,0.25,84.64563751220703
2026-03-07,04,3,wk inc flu hosp,2026-03-28,quantile,0.3,91.0
2026-03-07,04,3,wk inc flu hosp,2026-03-28,quantile,0.35,106.0
2026-03-07,04,3,wk inc flu hosp,2026-03-28,quantile,0.4,120.0
2026-03-07,04,3,wk inc flu hosp,2026-03-28,quantile,0.45,135.0
2026-03-07,04,3,wk inc flu hosp,2026-03-28,quantile,0.5,151.0
2026-03-07,04,3,wk inc flu hosp,2026-03-28,quantile,0.55,167.0
2026-03-07,04,3,wk inc flu hosp,2026-03-28,quantile,0.6,180.0
2026-03-07,04,3,wk inc flu hosp,2026-03-28,quantile,0.65,188.0
2026-03-07,04,3,wk inc flu hosp,2026-03-28,quantile,0.7,192.0
2026-03-07,04,3,wk inc flu hosp,2026-03-28,quantile,0.75,199.0
2026-03-07,04,3,wk inc flu hosp,2026-03-28,quantile,0.8,205.0
2026-03-07,04,3,wk inc flu hosp,2026-03-28,quantile,0.85,222.0
2026-03-07,04,3,wk inc flu hosp,2026-03-28,quantile,0.9,272.0
2026-03-07,04,3,wk inc flu hosp,2026-03-28,quantile,0.95,376.3119153843907
2026-03-07,04,3,wk inc flu hosp,2026-03-28,quantile,0.975,416.0432896586798
2026-03-07,04,3,wk inc flu hosp,2026-03-28,quantile,0.99,464.7460756170776
2026-03-07,05,0,wk inc flu hosp,2026-03-07,quantile,0.01,57.5
2026-03-07,05,0,wk inc flu hosp,2026-03-07,quantile,0.025,62.0
2026-03-07,05,0,wk inc flu hosp,2026-03-07,quantile,0.05,67.0
2026-03-07,05,0,wk inc flu hosp,2026-03-07,quantile,0.1,73.5
2026-03-07,05,0,wk inc flu hosp,2026-03-07,quantile,0.15,80.0532235279463
2026-03-07,05,0,wk inc flu hosp,2026-03-07,quantile,0.2,86.64497998301509
2026-03-07,05,0,wk inc flu hosp,2026-03-07,quantile,0.25,92.44580246947588
2026-03-07,05,0,wk inc flu hosp,2026-03-07,quantile,0.3,97.43761258668701
2026-03-07,05,0,wk inc flu hosp,2026-03-07,quantile,0.35,100.93596796938635
2026-03-07,05,0,wk inc flu hosp,2026-03-07,quantile,0.4,105.31240134252596
2026-03-07,05,0,wk inc flu hosp,2026-03-07,quantile,0.45,111.41853689084006
2026-03-07,05,0,wk inc flu hosp,2026-03-07,quantile,0.5,117.0416461893129
2026-03-07,05,0,wk inc flu hosp,2026-03-07,quantile,0.55,123.00912778235761
2026-03-07,05,0,wk inc flu hosp,2026-03-07,quantile,0.6,128.75293128053306
2026-03-07,05,0,wk inc flu hosp,2026-03-07,quantile,0.65,133.84687042236328
2026-03-07,05,0,wk inc flu hosp,2026-03-07,quantile,0.7,137.7860870361328
2026-03-07,05,0,wk inc flu hosp,2026-03-07,quantile,0.75,141.30760955810547
2026-03-07,05,0,wk inc flu hosp,2026-03-07,quantile,0.8,146.1250762939453
2026-03-07,05,0,wk inc flu hosp,2026-03-07,quantile,0.85,151.23065948486328
2026-03-07,05,0,wk inc flu hosp,2026-03-07,quantile,0.9,157.81871795654297
2026-03-07,05,0,wk inc flu hosp,2026-03-07,quantile,0.95,167.81491088867188
2026-03-07,05,0,wk inc flu hosp,2026-03-07,quantile,0.975,177.5949478149414
2026-03-07,05,0,wk inc flu hosp,2026-03-07,quantile,0.99,185.19890594482422
2026-03-07,05,1,wk inc flu hosp,2026-03-14,quantile,0.01,26.579074388246223
2026-03-07,05,1,wk inc flu hosp,2026-03-14,quantile,0.025,35.5087167213687
2026-03-07,05,1,wk inc flu hosp,2026-03-14,quantile,0.05,43.497965765851106
2026-03-07,05,1,wk inc flu hosp,2026-03-14,quantile,0.1,55.65396550624221
2026-03-07,05,1,wk inc flu hosp,2026-03-14,quantile,0.15,62.835309188729646
2026-03-07,05,1,wk inc flu hosp,2026-03-14,quantile,0.2,70.05221221587239
2026-03-07,05,1,wk inc flu hosp,2026-03-14,quantile,0.25,75.0
2026-03-07,05,1,wk inc flu hosp,2026-03-14,quantile,0.3,78.5
2026-03-07,05,1,wk inc flu hosp,2026-03-14,quantile,0.35,82.0
2026-03-07,05,1,wk inc flu hosp,2026-03-14,quantile,0.4,86.0
2026-03-07,05,1,wk inc flu hosp,2026-03-14,quantile,0.45,88.5
2026-03-07,05,1,wk inc flu hosp,2026-03-14,quantile,0.5,92.76878943902435
2026-03-07,05,1,wk inc flu hosp,2026-03-14,quantile,0.55,97.28595539011079
2026-03-07,05,1,wk inc flu hosp,2026-03-14,quantile,0.6,101.91343028085544
2026-03-07,05,1,wk inc flu hosp,2026-03-14,quantile,0.65,106.70303014496922
2026-03-07,05,1,wk inc flu hosp,2026-03-14,quantile,0.7,112.2241407999266
2026-03-07,05,1,wk inc flu hosp,2026-03-14,quantile,0.75,119.07798495723901
2026-03-07,05,1,wk inc flu hosp,2026-03-14,quantile,0.8,125.92697705830787
2026-03-07,05,1,wk inc flu hosp,2026-03-14,quantile,0.85,131.81397247314453
2026-03-07,05,1,wk inc flu hosp,2026-03-14,quantile,0.9,139.72687530517578
2026-03-07,05,1,wk inc flu hosp,2026-03-14,quantile,0.95,150.7026596069336
2026-03-07,05,1,wk inc flu hosp,2026-03-14,quantile,0.975,159.79389190673828
2026-03-07,05,1,wk inc flu hosp,2026-03-14,quantile,0.99,177.5
2026-03-07,05,2,wk inc flu hosp,2026-03-21,quantile,0.01,20.460318459978925
2026-03-07,05,2,wk inc flu hosp,2026-03-21,quantile,0.025,25.120543914281058
2026-03-07,05,2,wk inc flu hosp,2026-03-21,quantile,0.05,32.42816103697563
2026-03-07,05,2,wk inc flu hosp,2026-03-21,quantile,0.1,41.069151722165145
2026-03-07,05,2,wk inc flu hosp,2026-03-21,quantile,0.15,48.366248842734834
2026-03-07,05,2,wk inc flu hosp,2026-03-21,quantile,0.2,54.307665037774576
2026-03-07,05,2,wk inc flu hosp,2026-03-21,quantile,0.25,58.45227428004975
2026-03-07,05,2,wk inc flu hosp,2026-03-21,quantile,0.3,63.42748961978226
2026-03-07,05,2,wk inc flu hosp,2026-03-21,quantile,0.35,68.31223954710156
2026-03-07,05,2,wk inc flu hosp,2026-03-21,quantile,0.4,71.66323041600847
2026-03-07,05,2,wk inc flu hosp,2026-03-21,quantile,0.45,75.52692810042812
2026-03-07,05,2,wk inc flu hosp,2026-03-21,quantile,0.5,80.44636409945807
2026-03-07,05,2,wk inc flu hosp,2026-03-21,quantile,0.55,84.96613307380524
2026-03-07,05,2,wk inc flu hosp,2026-03-21,quantile,0.6,88.34063339233398
2026-03-07,05,2,wk inc flu hosp,2026-03-21,quantile,0.65,92.09475326538086
2026-03-07,05,2,wk inc flu hosp,2026-03-21,quantile,0.7,96.38412475585938
2026-03-07,05,2,wk inc flu hosp,2026-03-21,quantile,0.75,100.86514663696289
2026-03-07,05,2,wk inc flu hosp,2026-03-21,quantile,0.8,105.027099609375
2026-03-07,05,2,wk inc flu hosp,2026-03-21,quantile,0.85,111.50017929077148
2026-03-07,05,2,wk inc flu hosp,2026-03-21,quantile,0.9,121.10245132446289
2026-03-07,05,2,wk inc flu hosp,2026-03-21,quantile,0.95,133.3480682373047
2026-03-07,05,2,wk inc flu hosp,2026-03-21,quantile,0.975,149.0
2026-03-07,05,2,wk inc flu hosp,2026-03-21,quantile,0.99,177.0
2026-03-07,05,3,wk inc flu hosp,2026-03-28,quantile,0.01,12.317144021185015
2026-03-07,05,3,wk inc flu hosp,2026-03-28,quantile,0.025,17.778370239606108
2026-03-07,05,3,wk inc flu hosp,2026-03-28,quantile,0.05,25.365206089507996
2026-03-07,05,3,wk inc flu hosp,2026-03-28,quantile,0.1,34.219280468405984
2026-03-07,05,3,wk inc flu hosp,2026-03-28,quantile,0.15,39.633499545204145
2026-03-07,05,3,wk inc flu hosp,2026-03-28,quantile,0.2,44.54586103474654
2026-03-07,05,3,wk inc flu hosp,2026-03-28,quantile,0.25,48.68614544310874
2026-03-07,05,3,wk inc flu hosp,2026-03-28,quantile,0.3,53.173691728636626
2026-03-07,05,3,wk inc flu hosp,2026-03-28,quantile,0.35,57.0835648468468
2026-03-07,05,3,wk inc flu hosp,2026-03-28,quantile,0.4,59.2739372253418
2026-03-07,05,3,wk inc flu hosp,2026-03-28,quantile,0.45,62.14801788330078
2026-03-07,05,3,wk inc flu hosp,2026-03-28,quantile,0.5,64.0179443359375
2026-03-07,05,3,wk inc flu hosp,2026-03-28,quantile,0.55,66.45000839233398
2026-03-07,05,3,wk inc flu hosp,2026-03-28,quantile,0.6,68.91294479370117
2026-03-07,05,3,wk inc flu hosp,2026-03-28,quantile,0.65,71.07211685180664
2026-03-07,05,3,wk inc flu hosp,2026-03-28,quantile,0.7,74.19344711303711
2026-03-07,05,3,wk inc flu hosp,2026-03-28,quantile,0.75,77.88652038574219
2026-03-07,05,3,wk inc flu hosp,2026-03-28,quantile,0.8,83.36723709106445
2026-03-07,05,3,wk inc flu hosp,2026-03-28,quantile,0.85,89.60760116577148
2026-03-07,05,3,wk inc flu hosp,2026-03-28,quantile,0.9,97.91482162475586
2026-03-07,05,3,wk inc flu hosp,2026-03-28,quantile,0.95,117.65285110473633
2026-03-07,05,3,wk inc flu hosp,2026-03-28,quantile,0.975,133.0
2026-03-07,05,3,wk inc flu hosp,2026-03-28,quantile,0.99,167.5
2026-03-07,06,0,wk inc flu hosp,2026-03-07,quantile,0.01,633.0
2026-03-07,06,0,wk inc flu hosp,2026-03-07,quantile,0.025,679.5
2026-03-07,06,0,wk inc flu hosp,2026-03-07,quantile,0.05,721.5
2026-03-07,06,0,wk inc flu hosp,2026-03-07,quantile,0.1,790.0
2026-03-07,06,0,wk inc flu hosp,2026-03-07,quantile,0.15,842.0
2026-03-07,06,0,wk inc flu hosp,2026-03-07,quantile,0.2,890.5
2026-03-07,06,0,wk inc flu hosp,2026-03-07,quantile,0.25,927.0
2026-03-07,06,0,wk inc flu hosp,2026-03-07,quantile,0.3,963.0
2026-03-07,06,0,wk inc flu hosp,2026-03-07,quantile,0.35,996.0
2026-03-07,06,0,wk inc flu hosp,2026-03-07,quantile,0.4,1024.0
2026-03-07,06,0,wk inc flu hosp,2026-03-07,quantile,0.45,1046.5
2026-03-07,06,0,wk inc flu hosp,2026-03-07,quantile,0.5,1069.5
2026-03-07,06,0,wk inc flu hosp,2026-03-07,quantile,0.55,1092.0
2026-03-07,06,0,wk inc flu hosp,2026-03-07,quantile,0.6,1115.5
2026-03-07,06,0,wk inc flu hosp,2026-03-07,quantile,0.65,1142.1116044612195
2026-03-07,06,0,wk inc flu hosp,2026-03-07,quantile,0.7,1182.0897827148438
2026-03-07,06,0,wk inc flu hosp,2026-03-07,quantile,0.75,1199.7243041992188
2026-03-07,06,0,wk inc flu hosp,2026-03-07,quantile,0.8,1229.6640014648438
2026-03-07,06,0,wk inc flu hosp,2026-03-07,quantile,0.85,1270.0
2026-03-07,06,0,wk inc flu hosp,2026-03-07,quantile,0.9,1318.4820639540164
2026-03-07,06,0,wk inc flu hosp,2026-03-07,quantile,0.95,1384.013682951208
2026-03-07,06,0,wk inc flu hosp,2026-03-07,quantile,0.975,1445.0494367412784
2026-03-07,06,0,wk inc flu hosp,2026-03-07,quantile,0.99,1517.6315631809966
2026-03-07,06,1,wk inc flu hosp,2026-03-14,quantile,0.01,379.0
2026-03-07,06,1,wk inc flu hosp,2026-03-14,quantile,0.025,441.0
2026-03-07,06,1,wk inc flu hosp,2026-03-14,quantile,0.05,498.0
2026-03-07,06,1,wk inc flu hosp,2026-03-14,quantile,0.1,567.0
2026-03-07,06,1,wk inc flu hosp,2026-03-14,quantile,0.15,628.0
2026-03-07,06,1,wk inc flu hosp,2026-03-14,quantile,0.2,673.0
2026-03-07,06,1,wk inc flu hosp,2026-03-14,quantile,0.25,712.0
2026-03-07,06,1,wk inc flu hosp,2026-03-14,quantile,0.3,748.0
2026-03-07,06,1,wk inc flu hosp,2026-03-14,quantile,0.35,786.5
2026-03-07,06,1,wk inc flu hosp,2026-03-14,quantile,0.4,822.5
2026-03-07,06,1,wk inc flu hosp,2026-03-14,quantile,0.45,859.0
2026-03-07,06,1,wk inc flu hosp,2026-03-14,quantile,0.5,895.007568359375
2026-03-07,06,1,wk inc flu hosp,2026-03-14,quantile,0.55,928.0
2026-03-07,06,1,wk inc flu hosp,2026-03-14,quantile,0.6,958.5
2026-03-07,06,1,wk inc flu hosp,2026-03-14,quantile,0.65,995.0
2026-03-07,06,1,wk inc flu hosp,2026-03-14,quantile,0.7,1032.5
2026-03-07,06,1,wk inc flu hosp,2026-03-14,quantile,0.75,1103.7753707596494
2026-03-07,06,1,wk inc flu hosp,2026-03-14,quantile,0.8,1144.5
2026-03-07,06,1,wk inc flu hosp,2026-03-14,quantile,0.85,1194.5
2026-03-07,06,1,wk inc flu hosp,2026-03-14,quantile,0.9,1260.5
2026-03-07,06,1,wk inc flu hosp,2026-03-14,quantile,0.95,1387.5
2026-03-07,06,1,wk inc flu hosp,2026-03-14,quantile,0.975,1463.1062806832174
2026-03-07,06,1,wk inc flu hosp,2026-03-14,quantile,0.99,1566.6624596543923
2026-03-07,06,2,wk inc flu hosp,2026-03-21,quantile,0.01,228.5
2026-03-07,06,2,wk inc flu hosp,2026-03-21,quantile,0.025,287.0
2026-03-07,06,2,wk inc flu hosp,2026-03-21,quantile,0.05,334.5
2026-03-07,06,2,wk inc flu hosp,2026-03-21,quantile,0.1,410.0
2026-03-07,06,2,wk inc flu hosp,2026-03-21,quantile,0.15,458.5
2026-03-07,06,2,wk inc flu hosp,2026-03-21,quantile,0.2,498.0
2026-03-07,06,2,wk inc flu hosp,2026-03-21,quantile,0.25,536.0
2026-03-07,06,2,wk inc flu hosp,2026-03-21,quantile,0.3,583.0210099615072
2026-03-07,06,2,wk inc flu hosp,2026-03-21,quantile,0.35,631.0143558979751
2026-03-07,06,2,wk inc flu hosp,2026-03-21,quantile,0.4,669.0174560546875
2026-03-07,06,2,wk inc flu hosp,2026-03-21,quantile,0.45,693.2891845703125
2026-03-07,06,2,wk inc flu hosp,2026-03-21,quantile,0.5,718.1889038085938
2026-03-07,06,2,wk inc flu hosp,2026-03-21,quantile,0.55,743.3377380371094
2026-03-07,06,2,wk inc flu hosp,2026-03-21,quantile,0.6,779.5
2026-03-07,06,2,wk inc flu hosp,2026-03-21,quantile,0.65,816.5
2026-03-07,06,2,wk inc flu hosp,2026-03-21,quantile,0.7,869.3880024142641
2026-03-07,06,2,wk inc flu hosp,2026-03-21,quantile,0.75,944.6259330625446
2026-03-07,06,2,wk inc flu hosp,2026-03-21,quantile,0.8,1038.4333747470978
2026-03-07,06,2,wk inc flu hosp,2026-03-21,quantile,0.85,1089.0
2026-03-07,06,2,wk inc flu hosp,2026-03-21,quantile,0.9,1142.0
2026-03-07,06,2,wk inc flu hosp,2026-03-21,quantile,0.95,1232.0
2026-03-07,06,2,wk inc flu hosp,2026-03-21,quantile,0.975,1319.0
2026-03-07,06,2,wk inc flu hosp,2026-03-21,quantile,0.99,1449.5
2026-03-07,06,3,wk inc flu hosp,2026-03-28,quantile,0.01,144.0
2026-03-07,06,3,wk inc flu hosp,2026-03-28,quantile,0.025,180.0
2026-03-07,06,3,wk inc flu hosp,2026-03-28,quantile,0.05,217.5
2026-03-07,06,3,wk inc flu hosp,2026-03-28,quantile,0.1,285.0
2026-03-07,06,3,wk inc flu hosp,2026-03-28,quantile,0.15,331.0
2026-03-07,06,3,wk inc flu hosp,2026-03-28,quantile,0.2,371.5
2026-03-07,06,3,wk inc flu hosp,2026-03-28,quantile,0.25,408.5
2026-03-07,06,3,wk inc flu hosp,2026-03-28,quantile,0.3,449.19311280565864
2026-03-07,06,3,wk inc flu hosp,2026-03-28,quantile,0.35,492.10845476730645
2026-03-07,06,3,wk inc flu hosp,2026-03-28,quantile,0.4,538.0390239013958
2026-03-07,06,3,wk inc flu hosp,2026-03-28,quantile,0.45,568.679443359375
2026-03-07,06,3,wk inc flu hosp,2026-03-28,quantile,0.5,594.8475341796875
2026-03-07,06,3,wk inc flu hosp,2026-03-28,quantile,0.55,622.1524963378906
2026-03-07,06,3,wk inc flu hosp,2026-03-28,quantile,0.6,661.5
2026-03-07,06,3,wk inc flu hosp,2026-03-28,quantile,0.65,706.5
2026-03-07,06,3,wk inc flu hosp,2026-03-28,quantile,0.7,756.36846474054
2026-03-07,06,3,wk inc flu hosp,2026-03-28,quantile,0.75,832.4011034134296
2026-03-07,06,3,wk inc flu hosp,2026-03-28,quantile,0.8,939.6174511075902
2026-03-07,06,3,wk inc flu hosp,2026-03-28,quantile,0.85,1033.4431161517214
2026-03-07,06,3,wk inc flu hosp,2026-03-28,quantile,0.9,1104.5
2026-03-07,06,3,wk inc flu hosp,2026-03-28,quantile,0.95,1212.5
2026-03-07,06,3,wk inc flu hosp,2026-03-28,quantile,0.975,1301.0
2026-03-07,06,3,wk inc flu hosp,2026-03-28,quantile,0.99,1445.5
2026-03-07,08,0,wk inc flu hosp,2026-03-07,quantile,0.01,47.0
2026-03-07,08,0,wk inc flu hosp,2026-03-07,quantile,0.025,53.0
2026-03-07,08,0,wk inc flu hosp,2026-03-07,quantile,0.05,60.0
2026-03-07,08,0,wk inc flu hosp,2026-03-07,quantile,0.1,67.69700622558594
2026-03-07,08,0,wk inc flu hosp,2026-03-07,quantile,0.15,73.55146629007542
2026-03-07,08,0,wk inc flu hosp,2026-03-07,quantile,0.2,79.0
2026-03-07,08,0,wk inc flu hosp,2026-03-07,quantile,0.25,81.04525302740177
2026-03-07,08,0,wk inc flu hosp,2026-03-07,quantile,0.3,85.03717231604087
2026-03-07,08,0,wk inc flu hosp,2026-03-07,quantile,0.35,89.13798561048748
2026-03-07,08,0,wk inc flu hosp,2026-03-07,quantile,0.4,93.0
2026-03-07,08,0,wk inc flu hosp,2026-03-07,quantile,0.45,96.0
2026-03-07,08,0,wk inc flu hosp,2026-03-07,quantile,0.5,99.0
2026-03-07,08,0,wk inc flu hosp,2026-03-07,quantile,0.55,103.0
2026-03-07,08,0,wk inc flu hosp,2026-03-07,quantile,0.6,106.0
2026-03-07,08,0,wk inc flu hosp,2026-03-07,quantile,0.65,110.0
2026-03-07,08,0,wk inc flu hosp,2026-03-07,quantile,0.7,114.0
2026-03-07,08,0,wk inc flu hosp,2026-03-07,quantile,0.75,118.0
2026-03-07,08,0,wk inc flu hosp,2026-03-07,quantile,0.8,123.0
2026-03-07,08,0,wk inc flu hosp,2026-03-07,quantile,0.85,129.0
2026-03-07,08,0,wk inc flu hosp,2026-03-07,quantile,0.9,137.0
2026-03-07,08,0,wk inc flu hosp,2026-03-07,quantile,0.95,150.0
2026-03-07,08,0,wk inc flu hosp,2026-03-07,quantile,0.975,161.0
2026-03-07,08,0,wk inc flu hosp,2026-03-07,quantile,0.99,172.0
2026-03-07,08,1,wk inc flu hosp,2026-03-14,quantile,0.01,31.0
2026-03-07,08,1,wk inc flu hosp,2026-03-14,quantile,0.025,33.0
2026-03-07,08,1,wk inc flu hosp,2026-03-14,quantile,0.05,37.80935994301972
2026-03-07,08,1,wk inc flu hosp,2026-03-14,quantile,0.1,46.0
2026-03-07,08,1,wk inc flu hosp,2026-03-14,quantile,0.15,50.0
2026-03-07,08,1,wk inc flu hosp,2026-03-14,quantile,0.2,56.0
2026-03-07,08,1,wk inc flu hosp,2026-03-14,quantile,0.25,62.0
2026-03-07,08,1,wk inc flu hosp,2026-03-14,quantile,0.3,65.38850402832031
2026-03-07,08,1,wk inc flu hosp,2026-03-14,quantile,0.35,66.91764068603516
2026-03-07,08,1,wk inc flu hosp,2026-03-14,quantile,0.4,68.47450256347656
2026-03-07,08,1,wk inc flu hosp,2026-03-14,quantile,0.45,72.0
2026-03-07,08,1,wk inc flu hosp,2026-03-14,quantile,0.5,76.0
2026-03-07,08,1,wk inc flu hosp,2026-03-14,quantile,0.55,79.0
2026-03-07,08,1,wk inc flu hosp,2026-03-14,quantile,0.6,84.0
2026-03-07,08,1,wk inc flu hosp,2026-03-14,quantile,0.65,90.0
2026-03-07,08,1,wk inc flu hosp,2026-03-14,quantile,0.7,96.0
2026-03-07,08,1,wk inc flu hosp,2026-03-14,quantile,0.75,104.0
2026-03-07,08,1,wk inc flu hosp,2026-03-14,quantile,0.8,112.0
2026-03-07,08,1,wk inc flu hosp,2026-03-14,quantile,0.85,123.0
2026-03-07,08,1,wk inc flu hosp,2026-03-14,quantile,0.9,138.0
2026-03-07,08,1,wk inc flu hosp,2026-03-14,quantile,0.95,163.0
2026-03-07,08,1,wk inc flu hosp,2026-03-14,quantile,0.975,183.0
2026-03-07,08,1,wk inc flu hosp,2026-03-14,quantile,0.99,205.0
2026-03-07,08,2,wk inc flu hosp,2026-03-21,quantile,0.01,23.0
2026-03-07,08,2,wk inc flu hosp,2026-03-21,quantile,0.025,24.0
2026-03-07,08,2,wk inc flu hosp,2026-03-21,quantile,0.05,26.0
2026-03-07,08,2,wk inc flu hosp,2026-03-21,quantile,0.1,35.0
2026-03-07,08,2,wk inc flu hosp,2026-03-21,quantile,0.15,39.0
2026-03-07,08,2,wk inc flu hosp,2026-03-21,quantile,0.2,43.0
2026-03-07,08,2,wk inc flu hosp,2026-03-21,quantile,0.25,47.0
2026-03-07,08,2,wk inc flu hosp,2026-03-21,quantile,0.3,53.0
2026-03-07,08,2,wk inc flu hosp,2026-03-21,quantile,0.35,57.88121795654297
2026-03-07,08,2,wk inc flu hosp,2026-03-21,quantile,0.4,59.36959457397461
2026-03-07,08,2,wk inc flu hosp,2026-03-21,quantile,0.45,62.0
2026-03-07,08,2,wk inc flu hosp,2026-03-21,quantile,0.5,66.0
2026-03-07,08,2,wk inc flu hosp,2026-03-21,quantile,0.55,70.0
2026-03-07,08,2,wk inc flu hosp,2026-03-21,quantile,0.6,75.0
2026-03-07,08,2,wk inc flu hosp,2026-03-21,quantile,0.65,80.0
2026-03-07,08,2,wk inc flu hosp,2026-03-21,quantile,0.7,90.0
2026-03-07,08,2,wk inc flu hosp,2026-03-21,quantile,0.75,99.0
2026-03-07,08,2,wk inc flu hosp,2026-03-21,quantile,0.8,107.0
2026-03-07,08,2,wk inc flu hosp,2026-03-21,quantile,0.85,120.0
2026-03-07,08,2,wk inc flu hosp,2026-03-21,quantile,0.9,134.0
2026-03-07,08,2,wk inc flu hosp,2026-03-21,quantile,0.95,163.0
2026-03-07,08,2,wk inc flu hosp,2026-03-21,quantile,0.975,184.0
2026-03-07,08,2,wk inc flu hosp,2026-03-21,quantile,0.99,210.0
2026-03-07,08,3,wk inc flu hosp,2026-03-28,quantile,0.01,13.0
2026-03-07,08,3,wk inc flu hosp,2026-03-28,quantile,0.025,14.0
2026-03-07,08,3,wk inc flu hosp,2026-03-28,quantile,0.05,17.0
2026-03-07,08,3,wk inc flu hosp,2026-03-28,quantile,0.1,23.0
2026-03-07,08,3,wk inc flu hosp,2026-03-28,quantile,0.15,26.0
2026-03-07,08,3,wk inc flu hosp,2026-03-28,quantile,0.2,32.0
2026-03-07,08,3,wk inc flu hosp,2026-03-28,quantile,0.25,38.0
2026-03-07,08,3,wk inc flu hosp,2026-03-28,quantile,0.3,43.0
2026-03-07,08,3,wk inc flu hosp,2026-03-28,quantile,0.35,47.99029159545898
2026-03-07,08,3,wk inc flu hosp,2026-03-28,quantile,0.4,49.540260314941406
2026-03-07,08,3,wk inc flu hosp,2026-03-28,quantile,0.45,51.03456878662109
2026-03-07,08,3,wk inc flu hosp,2026-03-28,quantile,0.5,55.0
2026-03-07,08,3,wk inc flu hosp,2026-03-28,quantile,0.55,60.0
2026-03-07,08,3,wk inc flu hosp,2026-03-28,quantile,0.6,64.0
2026-03-07,08,3,wk inc flu hosp,2026-03-28,quantile,0.65,71.0
2026-03-07,08,3,wk inc flu hosp,2026-03-28,quantile,0.7,79.0
2026-03-07,08,3,wk inc flu hosp,2026-03-28,quantile,0.75,92.0
2026-03-07,08,3,wk inc flu hosp,2026-03-28,quantile,0.8,105.0
2026-03-07,08,3,wk inc flu hosp,2026-03-28,quantile,0.85,118.0
2026-03-07,08,3,wk inc flu hosp,2026-03-28,quantile,0.9,137.0
2026-03-07,08,3,wk inc flu hosp,2026-03-28,quantile,0.95,165.0
2026-03-07,08,3,wk inc flu hosp,2026-03-28,quantile,0.975,190.0
2026-03-07,08,3,wk inc flu hosp,2026-03-28,quantile,0.99,220.0
2026-03-07,09,0,wk inc flu hosp,2026-03-07,quantile,0.01,9.0
2026-03-07,09,0,wk inc flu hosp,2026-03-07,quantile,0.025,12.0
2026-03-07,09,0,wk inc flu hosp,2026-03-07,quantile,0.05,16.0
2026-03-07,09,0,wk inc flu hosp,2026-03-07,quantile,0.1,18.86224227489514
2026-03-07,09,0,wk inc flu hosp,2026-03-07,quantile,0.15,20.891455038680952
2026-03-07,09,0,wk inc flu hosp,2026-03-07,quantile,0.2,24.023708888624547
2026-03-07,09,0,wk inc flu hosp,2026-03-07,quantile,0.25,26.369994125559348
2026-03-07,09,0,wk inc flu hosp,2026-03-07,quantile,0.3,28.920714069779432
2026-03-07,09,0,wk inc flu hosp,2026-03-07,quantile,0.35,30.966974506056754
2026-03-07,09,0,wk inc flu hosp,2026-03-07,quantile,0.4,32.0
2026-03-07,09,0,wk inc flu hosp,2026-03-07,quantile,0.45,33.0
2026-03-07,09,0,wk inc flu hosp,2026-03-07,quantile,0.5,34.0
2026-03-07,09,0,wk inc flu hosp,2026-03-07,quantile,0.55,36.0
2026-03-07,09,0,wk inc flu hosp,2026-03-07,quantile,0.6,37.0
2026-03-07,09,0,wk inc flu hosp,2026-03-07,quantile,0.65,38.0
2026-03-07,09,0,wk inc flu hosp,2026-03-07,quantile,0.7,40.0
2026-03-07,09,0,wk inc flu hosp,2026-03-07,quantile,0.75,41.0
2026-03-07,09,0,wk inc flu hosp,2026-03-07,quantile,0.8,43.0
2026-03-07,09,0,wk inc flu hosp,2026-03-07,quantile,0.85,49.0
2026-03-07,09,0,wk inc flu hosp,2026-03-07,quantile,0.9,52.0
2026-03-07,09,0,wk inc flu hosp,2026-03-07,quantile,0.95,54.0
2026-03-07,09,0,wk inc flu hosp,2026-03-07,quantile,0.975,57.0
2026-03-07,09,0,wk inc flu hosp,2026-03-07,quantile,0.99,62.0
2026-03-07,09,1,wk inc flu hosp,2026-03-14,quantile,0.01,4.121840626390146
2026-03-07,09,1,wk inc flu hosp,2026-03-14,quantile,0.025,5.636655943316886
2026-03-07,09,1,wk inc flu hosp,2026-03-14,quantile,0.05,6.89321659234269
2026-03-07,09,1,wk inc flu hosp,2026-03-14,quantile,0.1,10.0
2026-03-07,09,1,wk inc flu hosp,2026-03-14,quantile,0.15,14.0
2026-03-07,09,1,wk inc flu hosp,2026-03-14,quantile,0.2,16.537019427064287
2026-03-07,09,1,wk inc flu hosp,2026-03-14,quantile,0.25,18.58937263488769
2026-03-07,09,1,wk inc flu hosp,2026-03-14,quantile,0.3,19.76993509133574
2026-03-07,09,1,wk inc flu hosp,2026-03-14,quantile,0.35,23.0
2026-03-07,09,1,wk inc flu hosp,2026-03-14,quantile,0.4,25.0
2026-03-07,09,1,wk inc flu hosp,2026-03-14,quantile,0.45,27.0
2026-03-07,09,1,wk inc flu hosp,2026-03-14,quantile,0.5,29.0
2026-03-07,09,1,wk inc flu hosp,2026-03-14,quantile,0.55,31.0
2026-03-07,09,1,wk inc flu hosp,2026-03-14,quantile,0.6,33.0
2026-03-07,09,1,wk inc flu hosp,2026-03-14,quantile,0.65,36.0
2026-03-07,09,1,wk inc flu hosp,2026-03-14,quantile,0.7,38.0
2026-03-07,09,1,wk inc flu hosp,2026-03-14,quantile,0.75,42.0
2026-03-07,09,1,wk inc flu hosp,2026-03-14,quantile,0.8,45.0
2026-03-07,09,1,wk inc flu hosp,2026-03-14,quantile,0.85,50.0
2026-03-07,09,1,wk inc flu hosp,2026-03-14,quantile,0.9,56.0
2026-03-07,09,1,wk inc flu hosp,2026-03-14,quantile,0.95,68.0
2026-03-07,09,1,wk inc flu hosp,2026-03-14,quantile,0.975,77.0
2026-03-07,09,1,wk inc flu hosp,2026-03-14,quantile,0.99,88.0
2026-03-07,09,2,wk inc flu hosp,2026-03-21,quantile,0.01,1.0
2026-03-07,09,2,wk inc flu hosp,2026-03-21,quantile,0.025,2.0
2026-03-07,09,2,wk inc flu hosp,2026-03-21,quantile,0.05,3.0
2026-03-07,09,2,wk inc flu hosp,2026-03-21,quantile,0.1,4.373065709984818
2026-03-07,09,2,wk inc flu hosp,2026-03-21,quantile,0.15,8.282924516618253
2026-03-07,09,2,wk inc flu hosp,2026-03-21,quantile,0.2,10.0
2026-03-07,09,2,wk inc flu hosp,2026-03-21,quantile,0.25,12.0
2026-03-07,09,2,wk inc flu hosp,2026-03-21,quantile,0.3,14.0
2026-03-07,09,2,wk inc flu hosp,2026-03-21,quantile,0.35,16.0
2026-03-07,09,2,wk inc flu hosp,2026-03-21,quantile,0.4,18.0
2026-03-07,09,2,wk inc flu hosp,2026-03-21,quantile,0.45,20.0
2026-03-07,09,2,wk inc flu hosp,2026-03-21,quantile,0.5,22.0
2026-03-07,09,2,wk inc flu hosp,2026-03-21,quantile,0.55,24.0
2026-03-07,09,2,wk inc flu hosp,2026-03-21,quantile,0.6,27.0
2026-03-07,09,2,wk inc flu hosp,2026-03-21,quantile,0.65,29.0
2026-03-07,09,2,wk inc flu hosp,2026-03-21,quantile,0.7,33.0
2026-03-07,09,2,wk inc flu hosp,2026-03-21,quantile,0.75,37.0
2026-03-07,09,2,wk inc flu hosp,2026-03-21,quantile,0.8,41.0
2026-03-07,09,2,wk inc flu hosp,2026-03-21,quantile,0.85,47.0
2026-03-07,09,2,wk inc flu hosp,2026-03-21,quantile,0.9,56.0
2026-03-07,09,2,wk inc flu hosp,2026-03-21,quantile,0.95,71.0
2026-03-07,09,2,wk inc flu hosp,2026-03-21,quantile,0.975,84.0
2026-03-07,09,2,wk inc flu hosp,2026-03-21,quantile,0.99,98.0
2026-03-07,09,3,wk inc flu hosp,2026-03-28,quantile,0.01,0.0
2026-03-07,09,3,wk inc flu hosp,2026-03-28,quantile,0.025,1.0
2026-03-07,09,3,wk inc flu hosp,2026-03-28,quantile,0.05,2.0
2026-03-07,09,3,wk inc flu hosp,2026-03-28,quantile,0.1,4.0
2026-03-07,09,3,wk inc flu hosp,2026-03-28,quantile,0.15,5.0
2026-03-07,09,3,wk inc flu hosp,2026-03-28,quantile,0.2,7.0
2026-03-07,09,3,wk inc flu hosp,2026-03-28,quantile,0.25,8.0
2026-03-07,09,3,wk inc flu hosp,2026-03-28,quantile,0.3,10.47193467862111
2026-03-07,09,3,wk inc flu hosp,2026-03-28,quantile,0.35,12.0
2026-03-07,09,3,wk inc flu hosp,2026-03-28,quantile,0.4,14.0
2026-03-07,09,3,wk inc flu hosp,2026-03-28,quantile,0.45,16.0
2026-03-07,09,3,wk inc flu hosp,2026-03-28,quantile,0.5,17.271821975708008
2026-03-07,09,3,wk inc flu hosp,2026-03-28,quantile,0.55,18.0
2026-03-07,09,3,wk inc flu hosp,2026-03-28,quantile,0.6,19.0
2026-03-07,09,3,wk inc flu hosp,2026-03-28,quantile,0.65,22.0
2026-03-07,09,3,wk inc flu hosp,2026-03-28,quantile,0.7,25.0
2026-03-07,09,3,wk inc flu hosp,2026-03-28,quantile,0.75,28.0
2026-03-07,09,3,wk inc flu hosp,2026-03-28,quantile,0.8,33.0
2026-03-07,09,3,wk inc flu hosp,2026-03-28,quantile,0.85,39.0
2026-03-07,09,3,wk inc flu hosp,2026-03-28,quantile,0.9,47.0
2026-03-07,09,3,wk inc flu hosp,2026-03-28,quantile,0.95,61.0
2026-03-07,09,3,wk inc flu hosp,2026-03-28,quantile,0.975,74.0
2026-03-07,09,3,wk inc flu hosp,2026-03-28,quantile,0.99,86.0
2026-03-07,10,0,wk inc flu hosp,2026-03-07,quantile,0.01,12.0
2026-03-07,10,0,wk inc flu hosp,2026-03-07,quantile,0.025,15.0
2026-03-07,10,0,wk inc flu hosp,2026-03-07,quantile,0.05,18.0
2026-03-07,10,0,wk inc flu hosp,2026-03-07,quantile,0.1,21.0
2026-03-07,10,0,wk inc flu hosp,2026-03-07,quantile,0.15,21.89829635620117
2026-03-07,10,0,wk inc flu hosp,2026-03-07,quantile,0.2,23.012737015258747
2026-03-07,10,0,wk inc flu hosp,2026-03-07,quantile,0.25,25.75788450060094
2026-03-07,10,0,wk inc flu hosp,2026-03-07,quantile,0.3,28.344904509472684
2026-03-07,10,0,wk inc flu hosp,2026-03-07,quantile,0.35,30.44906040401254
2026-03-07,10,0,wk inc flu hosp,2026-03-07,quantile,0.4,32.0
2026-03-07,10,0,wk inc flu hosp,2026-03-07,quantile,0.45,33.1587788838089
2026-03-07,10,0,wk inc flu hosp,2026-03-07,quantile,0.5,35.93259543514674
2026-03-07,10,0,wk inc flu hosp,2026-03-07,quantile,0.55,37.0
2026-03-07,10,0,wk inc flu hosp,2026-03-07,quantile,0.6,38.0
2026-03-07,10,0,wk inc flu hosp,2026-03-07,quantile,0.65,40.0
2026-03-07,10,0,wk inc flu hosp,2026-03-07,quantile,0.7,41.0
2026-03-07,10,0,wk inc flu hosp,2026-03-07,quantile,0.75,42.0
2026-03-07,10,0,wk inc flu hosp,2026-03-07,quantile,0.8,44.0
2026-03-07,10,0,wk inc flu hosp,2026-03-07,quantile,0.85,46.0
2026-03-07,10,0,wk inc flu hosp,2026-03-07,quantile,0.9,48.0
2026-03-07,10,0,wk inc flu hosp,2026-03-07,quantile,0.95,52.0
2026-03-07,10,0,wk inc flu hosp,2026-03-07,quantile,0.975,55.0
2026-03-07,10,0,wk inc flu hosp,2026-03-07,quantile,0.99,58.0
2026-03-07,10,1,wk inc flu hosp,2026-03-14,quantile,0.01,5.17290817416067
2026-03-07,10,1,wk inc flu hosp,2026-03-14,quantile,0.025,7.392813713348671
2026-03-07,10,1,wk inc flu hosp,2026-03-14,quantile,0.05,10.0
2026-03-07,10,1,wk inc flu hosp,2026-03-14,quantile,0.1,12.853647912815973
2026-03-07,10,1,wk inc flu hosp,2026-03-14,quantile,0.15,15.32106967178199
2026-03-07,10,1,wk inc flu hosp,2026-03-14,quantile,0.2,17.385044301182965
2026-03-07,10,1,wk inc flu hosp,2026-03-14,quantile,0.25,19.64704466835389
2026-03-07,10,1,wk inc flu hosp,2026-03-14,quantile,0.3,22.0
2026-03-07,10,1,wk inc flu hosp,2026-03-14,quantile,0.35,23.390291545994955
2026-03-07,10,1,wk inc flu hosp,2026-03-14,quantile,0.4,25.0
2026-03-07,10,1,wk inc flu hosp,2026-03-14,quantile,0.45,26.0
2026-03-07,10,1,wk inc flu hosp,2026-03-14,quantile,0.5,28.0
2026-03-07,10,1,wk inc flu hosp,2026-03-14,quantile,0.55,29.0
2026-03-07,10,1,wk inc flu hosp,2026-03-14,quantile,0.6,31.0
2026-03-07,10,1,wk inc flu hosp,2026-03-14,quantile,0.65,33.0
2026-03-07,10,1,wk inc flu hosp,2026-03-14,quantile,0.7,35.0
2026-03-07,10,1,wk inc flu hosp,2026-03-14,quantile,0.75,38.0
2026-03-07,10,1,wk inc flu hosp,2026-03-14,quantile,0.8,40.0
2026-03-07,10,1,wk inc flu hosp,2026-03-14,quantile,0.85,44.0
2026-03-07,10,1,wk inc flu hosp,2026-03-14,quantile,0.9,49.0
2026-03-07,10,1,wk inc flu hosp,2026-03-14,quantile,0.95,56.0
2026-03-07,10,1,wk inc flu hosp,2026-03-14,quantile,0.975,63.0
2026-03-07,10,1,wk inc flu hosp,2026-03-14,quantile,0.99,70.0
2026-03-07,10,2,wk inc flu hosp,2026-03-21,quantile,0.01,3.0
2026-03-07,10,2,wk inc flu hosp,2026-03-21,quantile,0.025,5.0
2026-03-07,10,2,wk inc flu hosp,2026-03-21,quantile,0.05,6.0
2026-03-07,10,2,wk inc flu hosp,2026-03-21,quantile,0.1,8.614254824918014
2026-03-07,10,2,wk inc flu hosp,2026-03-21,quantile,0.15,11.328459358120153
2026-03-07,10,2,wk inc flu hosp,2026-03-21,quantile,0.2,13.0
2026-03-07,10,2,wk inc flu hosp,2026-03-21,quantile,0.25,15.0
2026-03-07,10,2,wk inc flu hosp,2026-03-21,quantile,0.3,16.0
2026-03-07,10,2,wk inc flu hosp,2026-03-21,quantile,0.35,17.0
2026-03-07,10,2,wk inc flu hosp,2026-03-21,quantile,0.4,19.0
2026-03-07,10,2,wk inc flu hosp,2026-03-21,quantile,0.45,19.0
2026-03-07,10,2,wk inc flu hosp,2026-03-21,quantile,0.5,20.0
2026-03-07,10,2,wk inc flu hosp,2026-03-21,quantile,0.55,21.0
2026-03-07,10,2,wk inc flu hosp,2026-03-21,quantile,0.6,23.0
2026-03-07,10,2,wk inc flu hosp,2026-03-21,quantile,0.65,25.0
2026-03-07,10,2,wk inc flu hosp,2026-03-21,quantile,0.7,28.0
2026-03-07,10,2,wk inc flu hosp,2026-03-21,quantile,0.75,30.0
2026-03-07,10,2,wk inc flu hosp,2026-03-21,quantile,0.8,34.0
2026-03-07,10,2,wk inc flu hosp,2026-03-21,quantile,0.85,39.0
2026-03-07,10,2,wk inc flu hosp,2026-03-21,quantile,0.9,45.0
2026-03-07,10,2,wk inc flu hosp,2026-03-21,quantile,0.95,55.0
2026-03-07,10,2,wk inc flu hosp,2026-03-21,quantile,0.975,64.0
2026-03-07,10,2,wk inc flu hosp,2026-03-21,quantile,0.99,74.0
2026-03-07,10,3,wk inc flu hosp,2026-03-28,quantile,0.01,1.0
2026-03-07,10,3,wk inc flu hosp,2026-03-28,quantile,0.025,2.0
2026-03-07,10,3,wk inc flu hosp,2026-03-28,quantile,0.05,3.063849756618458
2026-03-07,10,3,wk inc flu hosp,2026-03-28,quantile,0.1,5.671922229172145
2026-03-07,10,3,wk inc flu hosp,2026-03-28,quantile,0.15,8.0
2026-03-07,10,3,wk inc flu hosp,2026-03-28,quantile,0.2,10.0
2026-03-07,10,3,wk inc flu hosp,2026-03-28,quantile,0.25,11.0
2026-03-07,10,3,wk inc flu hosp,2026-03-28,quantile,0.3,12.0
2026-03-07,10,3,wk inc flu hosp,2026-03-28,quantile,0.35,13.0
2026-03-07,10,3,wk inc flu hosp,2026-03-28,quantile,0.4,14.0
2026-03-07,10,3,wk inc flu hosp,2026-03-28,quantile,0.45,15.0
2026-03-07,10,3,wk inc flu hosp,2026-03-28,quantile,0.5,15.0
2026-03-07,10,3,wk inc flu hosp,2026-03-28,quantile,0.55,16.0
2026-03-07,10,3,wk inc flu hosp,2026-03-28,quantile,0.6,16.0
2026-03-07,10,3,wk inc flu hosp,2026-03-28,quantile,0.65,18.0
2026-03-07,10,3,wk inc flu hosp,2026-03-28,quantile,0.7,20.0
2026-03-07,10,3,wk inc flu hosp,2026-03-28,quantile,0.75,23.0
2026-03-07,10,3,wk inc flu hosp,2026-03-28,quantile,0.8,26.0
2026-03-07,10,3,wk inc flu hosp,2026-03-28,quantile,0.85,31.0
2026-03-07,10,3,wk inc flu hosp,2026-03-28,quantile,0.9,37.0
2026-03-07,10,3,wk inc flu hosp,2026-03-28,quantile,0.95,48.0
2026-03-07,10,3,wk inc flu hosp,2026-03-28,quantile,0.975,58.0
2026-03-07,10,3,wk inc flu hosp,2026-03-28,quantile,0.99,69.0
2026-03-07,11,0,wk inc flu hosp,2026-03-07,quantile,0.01,0.0
2026-03-07,11,0,wk inc flu hosp,2026-03-07,quantile,0.025,0.0
2026-03-07,11,0,wk inc flu hosp,2026-03-07,quantile,0.05,0.10064565373737276
2026-03-07,11,0,wk inc flu hosp,2026-03-07,quantile,0.1,0.36338743453118444
2026-03-07,11,0,wk inc flu hosp,2026-03-07,quantile,0.15,0.8426365719381952
2026-03-07,11,0,wk inc flu hosp,2026-03-07,quantile,0.2,0.986361175775528
2026-03-07,11,0,wk inc flu hosp,2026-03-07,quantile,0.25,1.2705761834012246
2026-03-07,11,0,wk inc flu hosp,2026-03-07,quantile,0.3,1.5361720837949164
2026-03-07,11,0,wk inc flu hosp,2026-03-07,quantile,0.35,1.756712172591515
2026-03-07,11,0,wk inc flu hosp,2026-03-07,quantile,0.4,2.035685097303352
2026-03-07,11,0,wk inc flu hosp,2026-03-07,quantile,0.45,2.376402545962976
2026-03-07,11,0,wk inc flu hosp,2026-03-07,quantile,0.5,2.7626350838350016
2026-03-07,11,0,wk inc flu hosp,2026-03-07,quantile,0.55,3.039414558417188
2026-03-07,11,0,wk inc flu hosp,2026-03-07,quantile,0.6,3.760375575345116
2026-03-07,11,0,wk inc flu hosp,2026-03-07,quantile,0.65,4.042668439540765
2026-03-07,11,0,wk inc flu hosp,2026-03-07,quantile,0.7,4.228486219583942
2026-03-07,11,0,wk inc flu hosp,2026-03-07,quantile,0.75,5.021348980869228
2026-03-07,11,0,wk inc flu hosp,2026-03-07,quantile,0.8,5.491327082578984
2026-03-07,11,0,wk inc flu hosp,2026-03-07,quantile,0.85,6.677386729327819
2026-03-07,11,0,wk inc flu hosp,2026-03-07,quantile,0.9,7.941902140680852
2026-03-07,11,0,wk inc flu hosp,2026-03-07,quantile,0.95,9.5
2026-03-07,11,0,wk inc flu hosp,2026-03-07,quantile,0.975,11.5
2026-03-07,11,0,wk inc flu hosp,2026-03-07,quantile,0.99,14.5
2026-03-07,11,1,wk inc flu hosp,2026-03-14,quantile,0.01,0.0
2026-03-07,11,1,wk inc flu hosp,2026-03-14,quantile,0.025,0.0
2026-03-07,11,1,wk inc flu hosp,2026-03-14,quantile,0.05,0.0
2026-03-07,11,1,wk inc flu hosp,2026-03-14,quantile,0.1,0.01827334171378585
2026-03-07,11,1,wk inc flu hosp,2026-03-14,quantile,0.15,0.0422139479283003
2026-03-07,11,1,wk inc flu hosp,2026-03-14,quantile,0.2,0.49773987772377193
2026-03-07,11,1,wk inc flu hosp,2026-03-14,quantile,0.25,0.7528937131815747
2026-03-07,11,1,wk inc flu hosp,2026-03-14,quantile,0.3,0.9557235253302693
2026-03-07,11,1,wk inc flu hosp,2026-03-14,quantile,0.35,1.191700753449045
2026-03-07,11,1,wk inc flu hosp,2026-03-14,quantile,0.4,1.4150197131824411
2026-03-07,11,1,wk inc flu hosp,2026-03-14,quantile,0.45,1.6184992822117095
2026-03-07,11,1,wk inc flu hosp,2026-03-14,quantile,0.5,1.6909462809562683
2026-03-07,11,1,wk inc flu hosp,2026-03-14,quantile,0.55,2.0586119476575053
2026-03-07,11,1,wk inc flu hosp,2026-03-14,quantile,0.6,2.3085945863302633
2026-03-07,11,1,wk inc flu hosp,2026-03-14,quantile,0.65,2.3805418014526367
2026-03-07,11,1,wk inc flu hosp,2026-03-14,quantile,0.7,3.0314024234532013
2026-03-07,11,1,wk inc flu hosp,2026-03-14,quantile,0.75,3.425221108451351
2026-03-07,11,1,wk inc flu hosp,2026-03-14,quantile,0.8,4.438532893739696
2026-03-07,11,1,wk inc flu hosp,2026-03-14,quantile,0.85,5.136309246505309
2026-03-07,11,1,wk inc flu hosp,2026-03-14,quantile,0.9,7.666361650912645
2026-03-07,11,1,wk inc flu hosp,2026-03-14,quantile,0.95,11.004809857069631
2026-03-07,11,1,wk inc flu hosp,2026-03-14,quantile,0.975,14.400897546876688
2026-03-07,11,1,wk inc flu hosp,2026-03-14,quantile,0.99,18.957670042876366
2026-03-07,11,2,wk inc flu hosp,2026-03-21,quantile,0.01,0.0
2026-03-07,11,2,wk inc flu hosp,2026-03-21,quantile,0.025,0.0
2026-03-07,11,2,wk inc flu hosp,2026-03-21,quantile,0.05,0.0
2026-03-07,11,2,wk inc flu hosp,2026-03-21,quantile,0.1,0.0
2026-03-07,11,2,wk inc flu hosp,2026-03-21,quantile,0.15,0.0
2026-03-07,11,2,wk inc flu hosp,2026-03-21,quantile,0.2,0.3764479139546658
2026-03-07,11,2,wk inc flu hosp,2026-03-21,quantile,0.25,0.5796731984762162
2026-03-07,11,2,wk inc flu hosp,2026-03-21,quantile,0.3,0.8081855005022435
2026-03-07,11,2,wk inc flu hosp,2026-03-21,quantile,0.35,1.0711244717653874
2026-03-07,11,2,wk inc flu hosp,2026-03-21,quantile,0.4,1.3383833622998984
2026-03-07,11,2,wk inc flu hosp,2026-03-21,quantile,0.45,1.5572247809497388
2026-03-07,11,2,wk inc flu hosp,2026-03-21,quantile,0.5,1.6248950958251953
2026-03-07,11,2,wk inc flu hosp,2026-03-21,quantile,0.55,1.6669396758079529
2026-03-07,11,2,wk inc flu hosp,2026-03-21,quantile,0.6,2.225887894630432
2026-03-07,11,2,wk inc flu hosp,2026-03-21,quantile,0.65,2.2939934730529785
2026-03-07,11,2,wk inc flu hosp,2026-03-21,quantile,0.7,2.689433174821902
2026-03-07,11,2,wk inc flu hosp,2026-03-21,quantile,0.75,3.211030650443731
2026-03-07,11,2,wk inc flu hosp,2026-03-21,quantile,0.8,4.403142300200605
2026-03-07,11,2,wk inc flu hosp,2026-03-21,quantile,0.85,5.357891237667036
2026-03-07,11,2,wk inc flu hosp,2026-03-21,quantile,0.9,7.785537547495231
2026-03-07,11,2,wk inc flu hosp,2026-03-21,quantile,0.95,13.365505791060137
2026-03-07,11,2,wk inc flu hosp,2026-03-21,quantile,0.975,19.551973869589645
2026-03-07,11,2,wk inc flu hosp,2026-03-21,quantile,0.99,27.699689776759584
2026-03-07,11,3,wk inc flu hosp,2026-03-28,quantile,0.01,0.0
2026-03-07,11,3,wk inc flu hosp,2026-03-28,quantile,0.025,0.0
2026-03-07,11,3,wk inc flu hosp,2026-03-28,quantile,0.05,0.0
2026-03-07,11,3,wk inc flu hosp,2026-03-28,quantile,0.1,0.0
2026-03-07,11,3,wk inc flu hosp,2026-03-28,quantile,0.15,0.0
2026-03-07,11,3,wk inc flu hosp,2026-03-28,quantile,0.2,0.0
2026-03-07,11,3,wk inc flu hosp,2026-03-28,quantile,0.25,0.5231740567768511
2026-03-07,11,3,wk inc flu hosp,2026-03-28,quantile,0.3,0.7730042204459591
2026-03-07,11,3,wk inc flu hosp,2026-03-28,quantile,0.35,0.9336780309677124
2026-03-07,11,3,wk inc flu hosp,2026-03-28,quantile,0.4,1.3616716933698236
2026-03-07,11,3,wk inc flu hosp,2026-03-28,quantile,0.45,1.5528460144996643
2026-03-07,11,3,wk inc flu hosp,2026-03-28,quantile,0.5,1.591526448726654
2026-03-07,11,3,wk inc flu hosp,2026-03-28,quantile,0.55,1.6363975405693054
2026-03-07,11,3,wk inc flu hosp,2026-03-28,quantile,0.6,1.6986185908317566
2026-03-07,11,3,wk inc flu hosp,2026-03-28,quantile,0.65,2.6172568079036314
2026-03-07,11,3,wk inc flu hosp,2026-03-28,quantile,0.7,3.1958687877813774
2026-03-07,11,3,wk inc flu hosp,2026-03-28,quantile,0.75,3.9552391689559854
2026-03-07,11,3,wk inc flu hosp,2026-03-28,quantile,0.8,4.965693522499296
2026-03-07,11,3,wk inc flu hosp,2026-03-28,quantile,0.85,6.509619705049388
2026-03-07,11,3,wk inc flu hosp,2026-03-28,quantile,0.9,9.2063791983161
2026-03-07,11,3,wk inc flu hosp,2026-03-28,quantile,0.95,15.31315905639821
2026-03-07,11,3,wk inc flu hosp,2026-03-28,quantile,0.975,24.0
2026-03-07,11,3,wk inc flu hosp,2026-03-28,quantile,0.99,30.0
2026-03-07,12,0,wk inc flu hosp,2026-03-07,quantile,0.01,577.454345703125
2026-03-07,12,0,wk inc flu hosp,2026-03-07,quantile,0.025,628.3659057617188
2026-03-07,12,0,wk inc flu hosp,2026-03-07,quantile,0.05,671.0068359375
2026-03-07,12,0,wk inc flu hosp,2026-03-07,quantile,0.1,720.0
2026-03-07,12,0,wk inc flu hosp,2026-03-07,quantile,0.15,758.0
2026-03-07,12,0,wk inc flu hosp,2026-03-07,quantile,0.2,785.0
2026-03-07,12,0,wk inc flu hosp,2026-03-07,quantile,0.25,789.1699599376651
2026-03-07,12,0,wk inc flu hosp,2026-03-07,quantile,0.3,836.5001516921599
2026-03-07,12,0,wk inc flu hosp,2026-03-07,quantile,0.35,874.2772827148438
2026-03-07,12,0,wk inc flu hosp,2026-03-07,quantile,0.4,898.0158081054688
2026-03-07,12,0,wk inc flu hosp,2026-03-07,quantile,0.45,919.787353515625
2026-03-07,12,0,wk inc flu hosp,2026-03-07,quantile,0.5,970.414422944942
2026-03-07,12,0,wk inc flu hosp,2026-03-07,quantile,0.55,1004.0
2026-03-07,12,0,wk inc flu hosp,2026-03-07,quantile,0.6,1034.0
2026-03-07,12,0,wk inc flu hosp,2026-03-07,quantile,0.65,1053.0
2026-03-07,12,0,wk inc flu hosp,2026-03-07,quantile,0.7,1074.0
2026-03-07,12,0,wk inc flu hosp,2026-03-07,quantile,0.75,1097.0
2026-03-07,12,0,wk inc flu hosp,2026-03-07,quantile,0.8,1122.0
2026-03-07,12,0,wk inc flu hosp,2026-03-07,quantile,0.85,1152.0
2026-03-07,12,0,wk inc flu hosp,2026-03-07,quantile,0.9,1191.0
2026-03-07,12,0,wk inc flu hosp,2026-03-07,quantile,0.95,1274.0
2026-03-07,12,0,wk inc flu hosp,2026-03-07,quantile,0.975,1331.30319008839
2026-03-07,12,0,wk inc flu hosp,2026-03-07,quantile,0.99,1394.0
2026-03-07,12,1,wk inc flu hosp,2026-03-14,quantile,0.01,394.0
2026-03-07,12,1,wk inc flu hosp,2026-03-14,quantile,0.025,447.0
2026-03-07,12,1,wk inc flu hosp,2026-03-14,quantile,0.05,489.0
2026-03-07,12,1,wk inc flu hosp,2026-03-14,quantile,0.1,513.0
2026-03-07,12,1,wk inc flu hosp,2026-03-14,quantile,0.15,547.0
2026-03-07,12,1,wk inc flu hosp,2026-03-14,quantile,0.2,581.0
2026-03-07,12,1,wk inc flu hosp,2026-03-14,quantile,0.25,595.0
2026-03-07,12,1,wk inc flu hosp,2026-03-14,quantile,0.3,610.5178254482071
2026-03-07,12,1,wk inc flu hosp,2026-03-14,quantile,0.35,659.4760414335417
2026-03-07,12,1,wk inc flu hosp,2026-03-14,quantile,0.4,685.0
2026-03-07,12,1,wk inc flu hosp,2026-03-14,quantile,0.45,712.0
2026-03-07,12,1,wk inc flu hosp,2026-03-14,quantile,0.5,736.0
2026-03-07,12,1,wk inc flu hosp,2026-03-14,quantile,0.55,766.0
2026-03-07,12,1,wk inc flu hosp,2026-03-14,quantile,0.6,803.1240234375
2026-03-07,12,1,wk inc flu hosp,2026-03-14,quantile,0.65,822.8042602539062
2026-03-07,12,1,wk inc flu hosp,2026-03-14,quantile,0.7,854.0
2026-03-07,12,1,wk inc flu hosp,2026-03-14,quantile,0.75,893.0
2026-03-07,12,1,wk inc flu hosp,2026-03-14,quantile,0.8,938.0
2026-03-07,12,1,wk inc flu hosp,2026-03-14,quantile,0.85,974.0
2026-03-07,12,1,wk inc flu hosp,2026-03-14,quantile,0.9,1025.0
2026-03-07,12,1,wk inc flu hosp,2026-03-14,quantile,0.95,1127.0
2026-03-07,12,1,wk inc flu hosp,2026-03-14,quantile,0.975,1225.0
2026-03-07,12,1,wk inc flu hosp,2026-03-14,quantile,0.99,1368.0
2026-03-07,12,2,wk inc flu hosp,2026-03-21,quantile,0.01,229.0
2026-03-07,12,2,wk inc flu hosp,2026-03-21,quantile,0.025,269.0
2026-03-07,12,2,wk inc flu hosp,2026-03-21,quantile,0.05,319.0
2026-03-07,12,2,wk inc flu hosp,2026-03-21,quantile,0.1,377.0
2026-03-07,12,2,wk inc flu hosp,2026-03-21,quantile,0.15,413.8737074793556
2026-03-07,12,2,wk inc flu hosp,2026-03-21,quantile,0.2,432.0
2026-03-07,12,2,wk inc flu hosp,2026-03-21,quantile,0.25,454.0
2026-03-07,12,2,wk inc flu hosp,2026-03-21,quantile,0.3,481.3550369924884
2026-03-07,12,2,wk inc flu hosp,2026-03-21,quantile,0.35,523.0617952903007
2026-03-07,12,2,wk inc flu hosp,2026-03-21,quantile,0.4,567.9825119294163
2026-03-07,12,2,wk inc flu hosp,2026-03-21,quantile,0.45,615.591627834356
2026-03-07,12,2,wk inc flu hosp,2026-03-21,quantile,0.5,635.6590576171875
2026-03-07,12,2,wk inc flu hosp,2026-03-21,quantile,0.55,653.172607421875
2026-03-07,12,2,wk inc flu hosp,2026-03-21,quantile,0.6,669.6492309570312
2026-03-07,12,2,wk inc flu hosp,2026-03-21,quantile,0.65,688.216796875
2026-03-07,12,2,wk inc flu hosp,2026-03-21,quantile,0.7,708.5834350585938
2026-03-07,12,2,wk inc flu hosp,2026-03-21,quantile,0.75,729.7182006835938
2026-03-07,12,2,wk inc flu hosp,2026-03-21,quantile,0.8,753.8692016601562
2026-03-07,12,2,wk inc flu hosp,2026-03-21,quantile,0.85,793.0
2026-03-07,12,2,wk inc flu hosp,2026-03-21,quantile,0.9,847.0
2026-03-07,12,2,wk inc flu hosp,2026-03-21,quantile,0.95,973.0
2026-03-07,12,2,wk inc flu hosp,2026-03-21,quantile,0.975,1065.0
2026-03-07,12,2,wk inc flu hosp,2026-03-21,quantile,0.99,1200.0
2026-03-07,12,3,wk inc flu hosp,2026-03-28,quantile,0.01,175.97744232927204
2026-03-07,12,3,wk inc flu hosp,2026-03-28,quantile,0.025,204.8436510848992
2026-03-07,12,3,wk inc flu hosp,2026-03-28,quantile,0.05,249.0
2026-03-07,12,3,wk inc flu hosp,2026-03-28,quantile,0.1,284.2749322508062
2026-03-07,12,3,wk inc flu hosp,2026-03-28,quantile,0.15,327.6968720381903
2026-03-07,12,3,wk inc flu hosp,2026-03-28,quantile,0.2,370.5089559901584
2026-03-07,12,3,wk inc flu hosp,2026-03-28,quantile,0.25,385.0
2026-03-07,12,3,wk inc flu hosp,2026-03-28,quantile,0.3,393.0
2026-03-07,12,3,wk inc flu hosp,2026-03-28,quantile,0.35,408.0
2026-03-07,12,3,wk inc flu hosp,2026-03-28,quantile,0.4,420.8161007884206
2026-03-07,12,3,wk inc flu hosp,2026-03-28,quantile,0.45,455.3909955137032
2026-03-07,12,3,wk inc flu hosp,2026-03-28,quantile,0.5,494.2224491531744
2026-03-07,12,3,wk inc flu hosp,2026-03-28,quantile,0.55,538.4413796277379
2026-03-07,12,3,wk inc flu hosp,2026-03-28,quantile,0.6,561.7299194335938
2026-03-07,12,3,wk inc flu hosp,2026-03-28,quantile,0.65,576.8746948242188
2026-03-07,12,3,wk inc flu hosp,2026-03-28,quantile,0.7,594.0995483398438
2026-03-07,12,3,wk inc flu hosp,2026-03-28,quantile,0.75,612.031982421875
2026-03-07,12,3,wk inc flu hosp,2026-03-28,quantile,0.8,632.7269287109375
2026-03-07,12,3,wk inc flu hosp,2026-03-28,quantile,0.85,657.4244384765625
2026-03-07,12,3,wk inc flu hosp,2026-03-28,quantile,0.9,715.0
2026-03-07,12,3,wk inc flu hosp,2026-03-28,quantile,0.95,845.0
2026-03-07,12,3,wk inc flu hosp,2026-03-28,quantile,0.975,1016.0
2026-03-07,12,3,wk inc flu hosp,2026-03-28,quantile,0.99,1208.0
2026-03-07,13,0,wk inc flu hosp,2026-03-07,quantile,0.01,116.0
2026-03-07,13,0,wk inc flu hosp,2026-03-07,quantile,0.025,124.0
2026-03-07,13,0,wk inc flu hosp,2026-03-07,quantile,0.05,131.0
2026-03-07,13,0,wk inc flu hosp,2026-03-07,quantile,0.1,146.0
2026-03-07,13,0,wk inc flu hosp,2026-03-07,quantile,0.15,158.0
2026-03-07,13,0,wk inc flu hosp,2026-03-07,quantile,0.2,167.0
2026-03-07,13,0,wk inc flu hosp,2026-03-07,quantile,0.25,176.0
2026-03-07,13,0,wk inc flu hosp,2026-03-07,quantile,0.3,184.0
2026-03-07,13,0,wk inc flu hosp,2026-03-07,quantile,0.35,194.0
2026-03-07,13,0,wk inc flu hosp,2026-03-07,quantile,0.4,198.0
2026-03-07,13,0,wk inc flu hosp,2026-03-07,quantile,0.45,206.0
2026-03-07,13,0,wk inc flu hosp,2026-03-07,quantile,0.5,212.0
2026-03-07,13,0,wk inc flu hosp,2026-03-07,quantile,0.55,220.0
2026-03-07,13,0,wk inc flu hosp,2026-03-07,quantile,0.6,229.2178497314453
2026-03-07,13,0,wk inc flu hosp,2026-03-07,quantile,0.65,235.0
2026-03-07,13,0,wk inc flu hosp,2026-03-07,quantile,0.7,243.0
2026-03-07,13,0,wk inc flu hosp,2026-03-07,quantile,0.75,252.0
2026-03-07,13,0,wk inc flu hosp,2026-03-07,quantile,0.8,263.0
2026-03-07,13,0,wk inc flu hosp,2026-03-07,quantile,0.85,275.0
2026-03-07,13,0,wk inc flu hosp,2026-03-07,quantile,0.9,291.0
2026-03-07,13,0,wk inc flu hosp,2026-03-07,quantile,0.95,316.0
2026-03-07,13,0,wk inc flu hosp,2026-03-07,quantile,0.975,338.0
2026-03-07,13,0,wk inc flu hosp,2026-03-07,quantile,0.99,365.0
2026-03-07,13,1,wk inc flu hosp,2026-03-14,quantile,0.01,70.0
2026-03-07,13,1,wk inc flu hosp,2026-03-14,quantile,0.025,82.38648985695133
2026-03-07,13,1,wk inc flu hosp,2026-03-14,quantile,0.05,95.0
2026-03-07,13,1,wk inc flu hosp,2026-03-14,quantile,0.1,111.0
2026-03-07,13,1,wk inc flu hosp,2026-03-14,quantile,0.15,120.0
2026-03-07,13,1,wk inc flu hosp,2026-03-14,quantile,0.2,129.0
2026-03-07,13,1,wk inc flu hosp,2026-03-14,quantile,0.25,139.0
2026-03-07,13,1,wk inc flu hosp,2026-03-14,quantile,0.3,147.0
2026-03-07,13,1,wk inc flu hosp,2026-03-14,quantile,0.35,156.0
2026-03-07,13,1,wk inc flu hosp,2026-03-14,quantile,0.4,165.0
2026-03-07,13,1,wk inc flu hosp,2026-03-14,quantile,0.45,174.0
2026-03-07,13,1,wk inc flu hosp,2026-03-14,quantile,0.5,183.0
2026-03-07,13,1,wk inc flu hosp,2026-03-14,quantile,0.55,192.0
2026-03-07,13,1,wk inc flu hosp,2026-03-14,quantile,0.6,201.0
2026-03-07,13,1,wk inc flu hosp,2026-03-14,quantile,0.65,210.0
2026-03-07,13,1,wk inc flu hosp,2026-03-14,quantile,0.7,218.95411682128903
2026-03-07,13,1,wk inc flu hosp,2026-03-14,quantile,0.75,230.0
2026-03-07,13,1,wk inc flu hosp,2026-03-14,quantile,0.8,245.0
2026-03-07,13,1,wk inc flu hosp,2026-03-14,quantile,0.85,262.0
2026-03-07,13,1,wk inc flu hosp,2026-03-14,quantile,0.9,286.0
2026-03-07,13,1,wk inc flu hosp,2026-03-14,quantile,0.95,322.0
2026-03-07,13,1,wk inc flu hosp,2026-03-14,quantile,0.975,354.0
2026-03-07,13,1,wk inc flu hosp,2026-03-14,quantile,0.99,395.0
2026-03-07,13,2,wk inc flu hosp,2026-03-21,quantile,0.01,43.0
2026-03-07,13,2,wk inc flu hosp,2026-03-21,quantile,0.025,48.0
2026-03-07,13,2,wk inc flu hosp,2026-03-21,quantile,0.05,59.0
2026-03-07,13,2,wk inc flu hosp,2026-03-21,quantile,0.1,76.0
2026-03-07,13,2,wk inc flu hosp,2026-03-21,quantile,0.15,86.0
2026-03-07,13,2,wk inc flu hosp,2026-03-21,quantile,0.2,95.0
2026-03-07,13,2,wk inc flu hosp,2026-03-21,quantile,0.25,105.0
2026-03-07,13,2,wk inc flu hosp,2026-03-21,quantile,0.3,118.0
2026-03-07,13,2,wk inc flu hosp,2026-03-21,quantile,0.35,133.0
2026-03-07,13,2,wk inc flu hosp,2026-03-21,quantile,0.4,136.0
2026-03-07,13,2,wk inc flu hosp,2026-03-21,quantile,0.45,143.0
2026-03-07,13,2,wk inc flu hosp,2026-03-21,quantile,0.5,150.0
2026-03-07,13,2,wk inc flu hosp,2026-03-21,quantile,0.55,160.0
2026-03-07,13,2,wk inc flu hosp,2026-03-21,quantile,0.6,171.0
2026-03-07,13,2,wk inc flu hosp,2026-03-21,quantile,0.65,182.0
2026-03-07,13,2,wk inc flu hosp,2026-03-21,quantile,0.7,195.0
2026-03-07,13,2,wk inc flu hosp,2026-03-21,quantile,0.75,207.0
2026-03-07,13,2,wk inc flu hosp,2026-03-21,quantile,0.8,225.0
2026-03-07,13,2,wk inc flu hosp,2026-03-21,quantile,0.85,245.0
2026-03-07,13,2,wk inc flu hosp,2026-03-21,quantile,0.9,271.0
2026-03-07,13,2,wk inc flu hosp,2026-03-21,quantile,0.95,312.0
2026-03-07,13,2,wk inc flu hosp,2026-03-21,quantile,0.975,350.0
2026-03-07,13,2,wk inc flu hosp,2026-03-21,quantile,0.99,396.0
2026-03-07,13,3,wk inc flu hosp,2026-03-28,quantile,0.01,25.0
2026-03-07,13,3,wk inc flu hosp,2026-03-28,quantile,0.025,30.0
2026-03-07,13,3,wk inc flu hosp,2026-03-28,quantile,0.05,36.0
2026-03-07,13,3,wk inc flu hosp,2026-03-28,quantile,0.1,61.0
2026-03-07,13,3,wk inc flu hosp,2026-03-28,quantile,0.15,67.0
2026-03-07,13,3,wk inc flu hosp,2026-03-28,quantile,0.2,77.0
2026-03-07,13,3,wk inc flu hosp,2026-03-28,quantile,0.25,89.78322273398676
2026-03-07,13,3,wk inc flu hosp,2026-03-28,quantile,0.3,103.0
2026-03-07,13,3,wk inc flu hosp,2026-03-28,quantile,0.35,114.0
2026-03-07,13,3,wk inc flu hosp,2026-03-28,quantile,0.4,124.0
2026-03-07,13,3,wk inc flu hosp,2026-03-28,quantile,0.45,135.0
2026-03-07,13,3,wk inc flu hosp,2026-03-28,quantile,0.5,147.0
2026-03-07,13,3,wk inc flu hosp,2026-03-28,quantile,0.55,154.96044921875
2026-03-07,13,3,wk inc flu hosp,2026-03-28,quantile,0.6,158.96258544921875
2026-03-07,13,3,wk inc flu hosp,2026-03-28,quantile,0.65,163.90283203125
2026-03-07,13,3,wk inc flu hosp,2026-03-28,quantile,0.7,169.5897979736328
2026-03-07,13,3,wk inc flu hosp,2026-03-28,quantile,0.75,179.0
2026-03-07,13,3,wk inc flu hosp,2026-03-28,quantile,0.8,197.0
2026-03-07,13,3,wk inc flu hosp,2026-03-28,quantile,0.85,230.0
2026-03-07,13,3,wk inc flu hosp,2026-03-28,quantile,0.9,265.0
2026-03-07,13,3,wk inc flu hosp,2026-03-28,quantile,0.95,335.0
2026-03-07,13,3,wk inc flu hosp,2026-03-28,quantile,0.975,379.0
2026-03-07,13,3,wk inc flu hosp,2026-03-28,quantile,0.99,435.0
2026-03-07,15,0,wk inc flu hosp,2026-03-07,quantile,0.01,2.0
2026-03-07,15,0,wk inc flu hosp,2026-03-07,quantile,0.025,3.0
2026-03-07,15,0,wk inc flu hosp,2026-03-07,quantile,0.05,3.0444162372318955
2026-03-07,15,0,wk inc flu hosp,2026-03-07,quantile,0.1,4.102756069363224
2026-03-07,15,0,wk inc flu hosp,2026-03-07,quantile,0.15,5.036098237246623
2026-03-07,15,0,wk inc flu hosp,2026-03-07,quantile,0.2,6.02572024454146
2026-03-07,15,0,wk inc flu hosp,2026-03-07,quantile,0.25,6.885828755900609
2026-03-07,15,0,wk inc flu hosp,2026-03-07,quantile,0.3,7.7340576391839715
2026-03-07,15,0,wk inc flu hosp,2026-03-07,quantile,0.35,8.630858765390728
2026-03-07,15,0,wk inc flu hosp,2026-03-07,quantile,0.4,9.397963781003169
2026-03-07,15,0,wk inc flu hosp,2026-03-07,quantile,0.45,10.0
2026-03-07,15,0,wk inc flu hosp,2026-03-07,quantile,0.5,10.234643936157228
2026-03-07,15,0,wk inc flu hosp,2026-03-07,quantile,0.55,10.707417488098145
2026-03-07,15,0,wk inc flu hosp,2026-03-07,quantile,0.6,11.238489151000977
2026-03-07,15,0,wk inc flu hosp,2026-03-07,quantile,0.65,11.793837547302246
2026-03-07,15,0,wk inc flu hosp,2026-03-07,quantile,0.7,12.436878204345703
2026-03-07,15,0,wk inc flu hosp,2026-03-07,quantile,0.75,13.05215072631836
2026-03-07,15,0,wk inc flu hosp,2026-03-07,quantile,0.8,13.875696182250977
2026-03-07,15,0,wk inc flu hosp,2026-03-07,quantile,0.85,15.0
2026-03-07,15,0,wk inc flu hosp,2026-03-07,quantile,0.9,17.0
2026-03-07,15,0,wk inc flu hosp,2026-03-07,quantile,0.95,19.0
2026-03-07,15,0,wk inc flu hosp,2026-03-07,quantile,0.975,21.0
2026-03-07,15,0,wk inc flu hosp,2026-03-07,quantile,0.99,24.0
2026-03-07,15,1,wk inc flu hosp,2026-03-14,quantile,0.01,0.0
2026-03-07,15,1,wk inc flu hosp,2026-03-14,quantile,0.025,1.0
2026-03-07,15,1,wk inc flu hosp,2026-03-14,quantile,0.05,1.0
2026-03-07,15,1,wk inc flu hosp,2026-03-14,quantile,0.1,2.0
2026-03-07,15,1,wk inc flu hosp,2026-03-14,quantile,0.15,2.569693756504328
2026-03-07,15,1,wk inc flu hosp,2026-03-14,quantile,0.2,3.5611357685516847
2026-03-07,15,1,wk inc flu hosp,2026-03-14,quantile,0.25,4.464661174715081
2026-03-07,15,1,wk inc flu hosp,2026-03-14,quantile,0.3,5.335815831210875
2026-03-07,15,1,wk inc flu hosp,2026-03-14,quantile,0.35,6.2612155346686125
2026-03-07,15,1,wk inc flu hosp,2026-03-14,quantile,0.4,7.207718378705794
2026-03-07,15,1,wk inc flu hosp,2026-03-14,quantile,0.45,8.186856529254301
2026-03-07,15,1,wk inc flu hosp,2026-03-14,quantile,0.5,9.21133514878897
2026-03-07,15,1,wk inc flu hosp,2026-03-14,quantile,0.55,9.913164138793944
2026-03-07,15,1,wk inc flu hosp,2026-03-14,quantile,0.6,10.382847785949709
2026-03-07,15,1,wk inc flu hosp,2026-03-14,quantile,0.65,10.921530723571776
2026-03-07,15,1,wk inc flu hosp,2026-03-14,quantile,0.7,11.480486869812012
2026-03-07,15,1,wk inc flu hosp,2026-03-14,quantile,0.75,12.126171112060549
2026-03-07,15,1,wk inc flu hosp,2026-03-14,quantile,0.8,12.754189491271973
2026-03-07,15,1,wk inc flu hosp,2026-03-14,quantile,0.85,13.604167938232422
2026-03-07,15,1,wk inc flu hosp,2026-03-14,quantile,0.9,14.692977905273438
2026-03-07,15,1,wk inc flu hosp,2026-03-14,quantile,0.95,16.462507247924805
2026-03-07,15,1,wk inc flu hosp,2026-03-14,quantile,0.975,18.103525161743164
2026-03-07,15,1,wk inc flu hosp,2026-03-14,quantile,0.99,21.0
2026-03-07,15,2,wk inc flu hosp,2026-03-21,quantile,0.01,0.0
2026-03-07,15,2,wk inc flu hosp,2026-03-21,quantile,0.025,0.0
2026-03-07,15,2,wk inc flu hosp,2026-03-21,quantile,0.05,0.0682722119313744
2026-03-07,15,2,wk inc flu hosp,2026-03-21,quantile,0.1,1.0285539263644905
2026-03-07,15,2,wk inc flu hosp,2026-03-21,quantile,0.15,2.0
2026-03-07,15,2,wk inc flu hosp,2026-03-21,quantile,0.2,3.0
2026-03-07,15,2,wk inc flu hosp,2026-03-21,quantile,0.25,4.0
2026-03-07,15,2,wk inc flu hosp,2026-03-21,quantile,0.3,4.633450290287639
2026-03-07,15,2,wk inc flu hosp,2026-03-21,quantile,0.35,5.6992184243000565
2026-03-07,15,2,wk inc flu hosp,2026-03-21,quantile,0.4,6.812446941829762
2026-03-07,15,2,wk inc flu hosp,2026-03-21,quantile,0.45,7.98397084088058
2026-03-07,15,2,wk inc flu hosp,2026-03-21,quantile,0.5,8.991601943969727
2026-03-07,15,2,wk inc flu hosp,2026-03-21,quantile,0.55,9.0
2026-03-07,15,2,wk inc flu hosp,2026-03-21,quantile,0.6,9.0
2026-03-07,15,2,wk inc flu hosp,2026-03-21,quantile,0.65,10.0
2026-03-07,15,2,wk inc flu hosp,2026-03-21,quantile,0.7,10.0
2026-03-07,15,2,wk inc flu hosp,2026-03-21,quantile,0.75,11.0
2026-03-07,15,2,wk inc flu hosp,2026-03-21,quantile,0.8,12.0
2026-03-07,15,2,wk inc flu hosp,2026-03-21,quantile,0.85,12.854930877685549
2026-03-07,15,2,wk inc flu hosp,2026-03-21,quantile,0.9,13.958605766296388
2026-03-07,15,2,wk inc flu hosp,2026-03-21,quantile,0.95,15.573698043823242
2026-03-07,15,2,wk inc flu hosp,2026-03-21,quantile,0.975,16.962766647338867
2026-03-07,15,2,wk inc flu hosp,2026-03-21,quantile,0.99,18.76385307312012
2026-03-07,15,3,wk inc flu hosp,2026-03-28,quantile,0.01,0.0
2026-03-07,15,3,wk inc flu hosp,2026-03-28,quantile,0.025,0.0128405855541751
2026-03-07,15,3,wk inc flu hosp,2026-03-28,quantile,0.05,0.1720372849520497
2026-03-07,15,3,wk inc flu hosp,2026-03-28,quantile,0.1,1.2143608343633496
2026-03-07,15,3,wk inc flu hosp,2026-03-28,quantile,0.15,2.0
2026-03-07,15,3,wk inc flu hosp,2026-03-28,quantile,0.2,3.0
2026-03-07,15,3,wk inc flu hosp,2026-03-28,quantile,0.25,3.0190042343816144
2026-03-07,15,3,wk inc flu hosp,2026-03-28,quantile,0.3,4.094632748159027
2026-03-07,15,3,wk inc flu hosp,2026-03-28,quantile,0.35,5.237387029296164
2026-03-07,15,3,wk inc flu hosp,2026-03-28,quantile,0.4,6.451631070871905
2026-03-07,15,3,wk inc flu hosp,2026-03-28,quantile,0.45,7.427070036977962
2026-03-07,15,3,wk inc flu hosp,2026-03-28,quantile,0.5,7.988953001265178
2026-03-07,15,3,wk inc flu hosp,2026-03-28,quantile,0.55,8.756358279748591
2026-03-07,15,3,wk inc flu hosp,2026-03-28,quantile,0.6,9.0
2026-03-07,15,3,wk inc flu hosp,2026-03-28,quantile,0.65,9.805264472961426
2026-03-07,15,3,wk inc flu hosp,2026-03-28,quantile,0.7,10.0
2026-03-07,15,3,wk inc flu hosp,2026-03-28,quantile,0.75,10.864999771118164
2026-03-07,15,3,wk inc flu hosp,2026-03-28,quantile,0.8,11.47958755493164
2026-03-07,15,3,wk inc flu hosp,2026-03-28,quantile,0.85,12.230111122131348
2026-03-07,15,3,wk inc flu hosp,2026-03-28,quantile,0.9,13.137421607971191
2026-03-07,15,3,wk inc flu hosp,2026-03-28,quantile,0.95,14.73414421081543
2026-03-07,15,3,wk inc flu hosp,2026-03-28,quantile,0.975,16.20791244506836
2026-03-07,15,3,wk inc flu hosp,2026-03-28,quantile,0.99,18.099639892578125
2026-03-07,16,0,wk inc flu hosp,2026-03-07,quantile,0.01,43.62018327995469
2026-03-07,16,0,wk inc flu hosp,2026-03-07,quantile,0.025,49.18181091069005
2026-03-07,16,0,wk inc flu hosp,2026-03-07,quantile,0.05,53.0
2026-03-07,16,0,wk inc flu hosp,2026-03-07,quantile,0.1,58.5
2026-03-07,16,0,wk inc flu hosp,2026-03-07,quantile,0.15,62.0
2026-03-07,16,0,wk inc flu hosp,2026-03-07,quantile,0.2,65.5
2026-03-07,16,0,wk inc flu hosp,2026-03-07,quantile,0.25,68.0
2026-03-07,16,0,wk inc flu hosp,2026-03-07,quantile,0.3,70.0
2026-03-07,16,0,wk inc flu hosp,2026-03-07,quantile,0.35,72.0
2026-03-07,16,0,wk inc flu hosp,2026-03-07,quantile,0.4,74.0
2026-03-07,16,0,wk inc flu hosp,2026-03-07,quantile,0.45,76.0
2026-03-07,16,0,wk inc flu hosp,2026-03-07,quantile,0.5,78.5
2026-03-07,16,0,wk inc flu hosp,2026-03-07,quantile,0.55,81.3291599827202
2026-03-07,16,0,wk inc flu hosp,2026-03-07,quantile,0.6,86.74262647560633
2026-03-07,16,0,wk inc flu hosp,2026-03-07,quantile,0.65,90.82430879477062
2026-03-07,16,0,wk inc flu hosp,2026-03-07,quantile,0.7,95.08857208140506
2026-03-07,16,0,wk inc flu hosp,2026-03-07,quantile,0.75,98.88930130004883
2026-03-07,16,0,wk inc flu hosp,2026-03-07,quantile,0.8,101.97927856445312
2026-03-07,16,0,wk inc flu hosp,2026-03-07,quantile,0.85,105.77196884155273
2026-03-07,16,0,wk inc flu hosp,2026-03-07,quantile,0.9,112.5
2026-03-07,16,0,wk inc flu hosp,2026-03-07,quantile,0.95,123.5
2026-03-07,16,0,wk inc flu hosp,2026-03-07,quantile,0.975,132.5
2026-03-07,16,0,wk inc flu hosp,2026-03-07,quantile,0.99,143.0
2026-03-07,16,1,wk inc flu hosp,2026-03-14,quantile,0.01,18.60947289822449
2026-03-07,16,1,wk inc flu hosp,2026-03-14,quantile,0.025,23.202357935127395
2026-03-07,16,1,wk inc flu hosp,2026-03-14,quantile,0.05,28.741323306659474
2026-03-07,16,1,wk inc flu hosp,2026-03-14,quantile,0.1,36.17994331403437
2026-03-07,16,1,wk inc flu hosp,2026-03-14,quantile,0.15,41.60045615841797
2026-03-07,16,1,wk inc flu hosp,2026-03-14,quantile,0.2,46.07280929494689
2026-03-07,16,1,wk inc flu hosp,2026-03-14,quantile,0.25,50.300605035169276
2026-03-07,16,1,wk inc flu hosp,2026-03-14,quantile,0.3,53.0
2026-03-07,16,1,wk inc flu hosp,2026-03-14,quantile,0.35,55.5
2026-03-07,16,1,wk inc flu hosp,2026-03-14,quantile,0.4,58.0
2026-03-07,16,1,wk inc flu hosp,2026-03-14,quantile,0.45,61.5
2026-03-07,16,1,wk inc flu hosp,2026-03-14,quantile,0.5,65.50966175130716
2026-03-07,16,1,wk inc flu hosp,2026-03-14,quantile,0.55,69.5
2026-03-07,16,1,wk inc flu hosp,2026-03-14,quantile,0.6,72.5
2026-03-07,16,1,wk inc flu hosp,2026-03-14,quantile,0.65,76.0
2026-03-07,16,1,wk inc flu hosp,2026-03-14,quantile,0.7,80.62056156354309
2026-03-07,16,1,wk inc flu hosp,2026-03-14,quantile,0.75,84.35971069335938
2026-03-07,16,1,wk inc flu hosp,2026-03-14,quantile,0.8,88.5
2026-03-07,16,1,wk inc flu hosp,2026-03-14,quantile,0.85,95.0
2026-03-07,16,1,wk inc flu hosp,2026-03-14,quantile,0.9,103.0
2026-03-07,16,1,wk inc flu hosp,2026-03-14,quantile,0.95,115.0
2026-03-07,16,1,wk inc flu hosp,2026-03-14,quantile,0.975,128.0
2026-03-07,16,1,wk inc flu hosp,2026-03-14,quantile,0.99,142.5
2026-03-07,16,2,wk inc flu hosp,2026-03-21,quantile,0.01,9.836515775331865
2026-03-07,16,2,wk inc flu hosp,2026-03-21,quantile,0.025,15.17236065006535
2026-03-07,16,2,wk inc flu hosp,2026-03-21,quantile,0.05,20.23182514117752
2026-03-07,16,2,wk inc flu hosp,2026-03-21,quantile,0.1,27.931917585404975
2026-03-07,16,2,wk inc flu hosp,2026-03-21,quantile,0.15,33.0
2026-03-07,16,2,wk inc flu hosp,2026-03-21,quantile,0.2,37.0
2026-03-07,16,2,wk inc flu hosp,2026-03-21,quantile,0.25,40.0
2026-03-07,16,2,wk inc flu hosp,2026-03-21,quantile,0.3,42.5
2026-03-07,16,2,wk inc flu hosp,2026-03-21,quantile,0.35,46.0
2026-03-07,16,2,wk inc flu hosp,2026-03-21,quantile,0.4,48.5
2026-03-07,16,2,wk inc flu hosp,2026-03-21,quantile,0.45,52.0
2026-03-07,16,2,wk inc flu hosp,2026-03-21,quantile,0.5,55.438186708773905
2026-03-07,16,2,wk inc flu hosp,2026-03-21,quantile,0.55,59.86586731493744
2026-03-07,16,2,wk inc flu hosp,2026-03-21,quantile,0.6,63.86212348937988
2026-03-07,16,2,wk inc flu hosp,2026-03-21,quantile,0.65,66.57114028930664
2026-03-07,16,2,wk inc flu hosp,2026-03-21,quantile,0.7,69.87571716308594
2026-03-07,16,2,wk inc flu hosp,2026-03-21,quantile,0.75,73.5
2026-03-07,16,2,wk inc flu hosp,2026-03-21,quantile,0.8,78.5
2026-03-07,16,2,wk inc flu hosp,2026-03-21,quantile,0.85,84.5
2026-03-07,16,2,wk inc flu hosp,2026-03-21,quantile,0.9,92.5
2026-03-07,16,2,wk inc flu hosp,2026-03-21,quantile,0.95,107.5
2026-03-07,16,2,wk inc flu hosp,2026-03-21,quantile,0.975,122.0
2026-03-07,16,2,wk inc flu hosp,2026-03-21,quantile,0.99,139.5
2026-03-07,16,3,wk inc flu hosp,2026-03-28,quantile,0.01,4.989936017660815
2026-03-07,16,3,wk inc flu hosp,2026-03-28,quantile,0.025,9.126732785884013
2026-03-07,16,3,wk inc flu hosp,2026-03-28,quantile,0.05,14.551460310678538
2026-03-07,16,3,wk inc flu hosp,2026-03-28,quantile,0.1,20.0
2026-03-07,16,3,wk inc flu hosp,2026-03-28,quantile,0.15,23.5
2026-03-07,16,3,wk inc flu hosp,2026-03-28,quantile,0.2,26.0
2026-03-07,16,3,wk inc flu hosp,2026-03-28,quantile,0.25,28.5
2026-03-07,16,3,wk inc flu hosp,2026-03-28,quantile,0.3,30.5
2026-03-07,16,3,wk inc flu hosp,2026-03-28,quantile,0.35,32.5
2026-03-07,16,3,wk inc flu hosp,2026-03-28,quantile,0.4,36.146592213609225
2026-03-07,16,3,wk inc flu hosp,2026-03-28,quantile,0.45,40.1811898932143
2026-03-07,16,3,wk inc flu hosp,2026-03-28,quantile,0.5,42.5933780670166
2026-03-07,16,3,wk inc flu hosp,2026-03-28,quantile,0.55,44.17277717590332
2026-03-07,16,3,wk inc flu hosp,2026-03-28,quantile,0.6,46.29048728942871
2026-03-07,16,3,wk inc flu hosp,2026-03-28,quantile,0.65,48.43265342712402
2026-03-07,16,3,wk inc flu hosp,2026-03-28,quantile,0.7,52.311937306448556
2026-03-07,16,3,wk inc flu hosp,2026-03-28,quantile,0.75,58.473289015600585
2026-03-07,16,3,wk inc flu hosp,2026-03-28,quantile,0.8,66.83200280286869
2026-03-07,16,3,wk inc flu hosp,2026-03-28,quantile,0.85,77.84908354107893
2026-03-07,16,3,wk inc flu hosp,2026-03-28,quantile,0.9,87.5
2026-03-07,16,3,wk inc flu hosp,2026-03-28,quantile,0.95,102.5
2026-03-07,16,3,wk inc flu hosp,2026-03-28,quantile,0.975,119.0
2026-03-07,16,3,wk inc flu hosp,2026-03-28,quantile,0.99,137.0
2026-03-07,17,0,wk inc flu hosp,2026-03-07,quantile,0.01,172.0
2026-03-07,17,0,wk inc flu hosp,2026-03-07,quantile,0.025,192.0
2026-03-07,17,0,wk inc flu hosp,2026-03-07,quantile,0.05,200.0
2026-03-07,17,0,wk inc flu hosp,2026-03-07,quantile,0.1,217.0
2026-03-07,17,0,wk inc flu hosp,2026-03-07,quantile,0.15,232.0
2026-03-07,17,0,wk inc flu hosp,2026-03-07,quantile,0.2,241.82769775390625
2026-03-07,17,0,wk inc flu hosp,2026-03-07,quantile,0.25,246.99888610839844
2026-03-07,17,0,wk inc flu hosp,2026-03-07,quantile,0.3,256.3808699099206
2026-03-07,17,0,wk inc flu hosp,2026-03-07,quantile,0.35,268.0
2026-03-07,17,0,wk inc flu hosp,2026-03-07,quantile,0.4,272.376986060858
2026-03-07,17,0,wk inc flu hosp,2026-03-07,quantile,0.45,288.4907239089044
2026-03-07,17,0,wk inc flu hosp,2026-03-07,quantile,0.5,301.0
2026-03-07,17,0,wk inc flu hosp,2026-03-07,quantile,0.55,310.0
2026-03-07,17,0,wk inc flu hosp,2026-03-07,quantile,0.6,319.0
2026-03-07,17,0,wk inc flu hosp,2026-03-07,quantile,0.65,329.0
2026-03-07,17,0,wk inc flu hosp,2026-03-07,quantile,0.7,339.0
2026-03-07,17,0,wk inc flu hosp,2026-03-07,quantile,0.75,350.0
2026-03-07,17,0,wk inc flu hosp,2026-03-07,quantile,0.8,363.0
2026-03-07,17,0,wk inc flu hosp,2026-03-07,quantile,0.85,379.0
2026-03-07,17,0,wk inc flu hosp,2026-03-07,quantile,0.9,400.0
2026-03-07,17,0,wk inc flu hosp,2026-03-07,quantile,0.95,431.0
2026-03-07,17,0,wk inc flu hosp,2026-03-07,quantile,0.975,487.0
2026-03-07,17,0,wk inc flu hosp,2026-03-07,quantile,0.99,519.0
2026-03-07,17,1,wk inc flu hosp,2026-03-14,quantile,0.01,69.0
2026-03-07,17,1,wk inc flu hosp,2026-03-14,quantile,0.025,85.1797879836376
2026-03-07,17,1,wk inc flu hosp,2026-03-14,quantile,0.05,99.85209155859847
2026-03-07,17,1,wk inc flu hosp,2026-03-14,quantile,0.1,137.39975384653246
2026-03-07,17,1,wk inc flu hosp,2026-03-14,quantile,0.15,161.0
2026-03-07,17,1,wk inc flu hosp,2026-03-14,quantile,0.2,173.0
2026-03-07,17,1,wk inc flu hosp,2026-03-14,quantile,0.25,189.0
2026-03-07,17,1,wk inc flu hosp,2026-03-14,quantile,0.3,201.14474487304688
2026-03-07,17,1,wk inc flu hosp,2026-03-14,quantile,0.35,210.0
2026-03-07,17,1,wk inc flu hosp,2026-03-14,quantile,0.4,216.0
2026-03-07,17,1,wk inc flu hosp,2026-03-14,quantile,0.45,220.0
2026-03-07,17,1,wk inc flu hosp,2026-03-14,quantile,0.5,225.0
2026-03-07,17,1,wk inc flu hosp,2026-03-14,quantile,0.55,231.0
2026-03-07,17,1,wk inc flu hosp,2026-03-14,quantile,0.6,244.0
2026-03-07,17,1,wk inc flu hosp,2026-03-14,quantile,0.65,252.0
2026-03-07,17,1,wk inc flu hosp,2026-03-14,quantile,0.7,265.0
2026-03-07,17,1,wk inc flu hosp,2026-03-14,quantile,0.75,277.0
2026-03-07,17,1,wk inc flu hosp,2026-03-14,quantile,0.8,298.0
2026-03-07,17,1,wk inc flu hosp,2026-03-14,quantile,0.85,325.0
2026-03-07,17,1,wk inc flu hosp,2026-03-14,quantile,0.9,361.0
2026-03-07,17,1,wk inc flu hosp,2026-03-14,quantile,0.95,419.0
2026-03-07,17,1,wk inc flu hosp,2026-03-14,quantile,0.975,468.0
2026-03-07,17,1,wk inc flu hosp,2026-03-14,quantile,0.99,540.0
2026-03-07,17,2,wk inc flu hosp,2026-03-21,quantile,0.01,42.0
2026-03-07,17,2,wk inc flu hosp,2026-03-21,quantile,0.025,49.0
2026-03-07,17,2,wk inc flu hosp,2026-03-21,quantile,0.05,61.0
2026-03-07,17,2,wk inc flu hosp,2026-03-21,quantile,0.1,102.0
2026-03-07,17,2,wk inc flu hosp,2026-03-21,quantile,0.15,109.0
2026-03-07,17,2,wk inc flu hosp,2026-03-21,quantile,0.2,125.0
2026-03-07,17,2,wk inc flu hosp,2026-03-21,quantile,0.25,141.0
2026-03-07,17,2,wk inc flu hosp,2026-03-21,quantile,0.3,156.0
2026-03-07,17,2,wk inc flu hosp,2026-03-21,quantile,0.35,165.33412170410156
2026-03-07,17,2,wk inc flu hosp,2026-03-21,quantile,0.4,169.29502868652344
2026-03-07,17,2,wk inc flu hosp,2026-03-21,quantile,0.45,172.97328186035156
2026-03-07,17,2,wk inc flu hosp,2026-03-21,quantile,0.5,176.77914428710938
2026-03-07,17,2,wk inc flu hosp,2026-03-21,quantile,0.55,181.0
2026-03-07,17,2,wk inc flu hosp,2026-03-21,quantile,0.6,190.0
2026-03-07,17,2,wk inc flu hosp,2026-03-21,quantile,0.65,201.0
2026-03-07,17,2,wk inc flu hosp,2026-03-21,quantile,0.7,215.0
2026-03-07,17,2,wk inc flu hosp,2026-03-21,quantile,0.75,233.0
2026-03-07,17,2,wk inc flu hosp,2026-03-21,quantile,0.8,239.0
2026-03-07,17,2,wk inc flu hosp,2026-03-21,quantile,0.85,258.0
2026-03-07,17,2,wk inc flu hosp,2026-03-21,quantile,0.9,299.0
2026-03-07,17,2,wk inc flu hosp,2026-03-21,quantile,0.95,371.0
2026-03-07,17,2,wk inc flu hosp,2026-03-21,quantile,0.975,438.0
2026-03-07,17,2,wk inc flu hosp,2026-03-21,quantile,0.99,521.0
2026-03-07,17,3,wk inc flu hosp,2026-03-28,quantile,0.01,19.664691209173423
2026-03-07,17,3,wk inc flu hosp,2026-03-28,quantile,0.025,26.0
2026-03-07,17,3,wk inc flu hosp,2026-03-28,quantile,0.05,34.0
2026-03-07,17,3,wk inc flu hosp,2026-03-28,quantile,0.1,71.0
2026-03-07,17,3,wk inc flu hosp,2026-03-28,quantile,0.15,79.0
2026-03-07,17,3,wk inc flu hosp,2026-03-28,quantile,0.2,98.0
2026-03-07,17,3,wk inc flu hosp,2026-03-28,quantile,0.25,112.0
2026-03-07,17,3,wk inc flu hosp,2026-03-28,quantile,0.3,128.81600952148438
2026-03-07,17,3,wk inc flu hosp,2026-03-28,quantile,0.35,132.47262573242188
2026-03-07,17,3,wk inc flu hosp,2026-03-28,quantile,0.4,136.2689208984375
2026-03-07,17,3,wk inc flu hosp,2026-03-28,quantile,0.45,139.94976806640625
2026-03-07,17,3,wk inc flu hosp,2026-03-28,quantile,0.5,143.58370971679688
2026-03-07,17,3,wk inc flu hosp,2026-03-28,quantile,0.55,147.77906799316406
2026-03-07,17,3,wk inc flu hosp,2026-03-28,quantile,0.6,154.0
2026-03-07,17,3,wk inc flu hosp,2026-03-28,quantile,0.65,160.0
2026-03-07,17,3,wk inc flu hosp,2026-03-28,quantile,0.7,170.0
2026-03-07,17,3,wk inc flu hosp,2026-03-28,quantile,0.75,185.0
2026-03-07,17,3,wk inc flu hosp,2026-03-28,quantile,0.8,201.0
2026-03-07,17,3,wk inc flu hosp,2026-03-28,quantile,0.85,219.0
2026-03-07,17,3,wk inc flu hosp,2026-03-28,quantile,0.9,251.0
2026-03-07,17,3,wk inc flu hosp,2026-03-28,quantile,0.95,321.0
2026-03-07,17,3,wk inc flu hosp,2026-03-28,quantile,0.975,373.0
2026-03-07,17,3,wk inc flu hosp,2026-03-28,quantile,0.99,457.0
2026-03-07,18,0,wk inc flu hosp,2026-03-07,quantile,0.01,123.0
2026-03-07,18,0,wk inc flu hosp,2026-03-07,quantile,0.025,139.0
2026-03-07,18,0,wk inc flu hosp,2026-03-07,quantile,0.05,154.0
2026-03-07,18,0,wk inc flu hosp,2026-03-07,quantile,0.1,165.73094177246094
2026-03-07,18,0,wk inc flu hosp,2026-03-07,quantile,0.15,177.0
2026-03-07,18,0,wk inc flu hosp,2026-03-07,quantile,0.2,185.0
2026-03-07,18,0,wk inc flu hosp,2026-03-07,quantile,0.25,199.0
2026-03-07,18,0,wk inc flu hosp,2026-03-07,quantile,0.3,205.34771110824695
2026-03-07,18,0,wk inc flu hosp,2026-03-07,quantile,0.35,219.24336733176327
2026-03-07,18,0,wk inc flu hosp,2026-03-07,quantile,0.4,229.0
2026-03-07,18,0,wk inc flu hosp,2026-03-07,quantile,0.45,236.0
2026-03-07,18,0,wk inc flu hosp,2026-03-07,quantile,0.5,244.0
2026-03-07,18,0,wk inc flu hosp,2026-03-07,quantile,0.55,251.0
2026-03-07,18,0,wk inc flu hosp,2026-03-07,quantile,0.6,259.0
2026-03-07,18,0,wk inc flu hosp,2026-03-07,quantile,0.65,268.0
2026-03-07,18,0,wk inc flu hosp,2026-03-07,quantile,0.7,277.0
2026-03-07,18,0,wk inc flu hosp,2026-03-07,quantile,0.75,286.0
2026-03-07,18,0,wk inc flu hosp,2026-03-07,quantile,0.8,298.0
2026-03-07,18,0,wk inc flu hosp,2026-03-07,quantile,0.85,311.0
2026-03-07,18,0,wk inc flu hosp,2026-03-07,quantile,0.9,328.0
2026-03-07,18,0,wk inc flu hosp,2026-03-07,quantile,0.95,354.0
2026-03-07,18,0,wk inc flu hosp,2026-03-07,quantile,0.975,377.0
2026-03-07,18,0,wk inc flu hosp,2026-03-07,quantile,0.99,406.0
2026-03-07,18,1,wk inc flu hosp,2026-03-14,quantile,0.01,69.97073616471553
2026-03-07,18,1,wk inc flu hosp,2026-03-14,quantile,0.025,86.0
2026-03-07,18,1,wk inc flu hosp,2026-03-14,quantile,0.05,101.0
2026-03-07,18,1,wk inc flu hosp,2026-03-14,quantile,0.1,120.11024332995068
2026-03-07,18,1,wk inc flu hosp,2026-03-14,quantile,0.15,134.03428649902344
2026-03-07,18,1,wk inc flu hosp,2026-03-14,quantile,0.2,140.0
2026-03-07,18,1,wk inc flu hosp,2026-03-14,quantile,0.25,152.0
2026-03-07,18,1,wk inc flu hosp,2026-03-14,quantile,0.3,163.0
2026-03-07,18,1,wk inc flu hosp,2026-03-14,quantile,0.35,173.0
2026-03-07,18,1,wk inc flu hosp,2026-03-14,quantile,0.4,183.0
2026-03-07,18,1,wk inc flu hosp,2026-03-14,quantile,0.45,193.0
2026-03-07,18,1,wk inc flu hosp,2026-03-14,quantile,0.5,203.0
2026-03-07,18,1,wk inc flu hosp,2026-03-14,quantile,0.55,214.0
2026-03-07,18,1,wk inc flu hosp,2026-03-14,quantile,0.6,224.0
2026-03-07,18,1,wk inc flu hosp,2026-03-14,quantile,0.65,236.0
2026-03-07,18,1,wk inc flu hosp,2026-03-14,quantile,0.7,248.0
2026-03-07,18,1,wk inc flu hosp,2026-03-14,quantile,0.75,262.0
2026-03-07,18,1,wk inc flu hosp,2026-03-14,quantile,0.8,278.0
2026-03-07,18,1,wk inc flu hosp,2026-03-14,quantile,0.85,296.0
2026-03-07,18,1,wk inc flu hosp,2026-03-14,quantile,0.9,321.0
2026-03-07,18,1,wk inc flu hosp,2026-03-14,quantile,0.95,359.0
2026-03-07,18,1,wk inc flu hosp,2026-03-14,quantile,0.975,394.0
2026-03-07,18,1,wk inc flu hosp,2026-03-14,quantile,0.99,437.0
2026-03-07,18,2,wk inc flu hosp,2026-03-21,quantile,0.01,35.0815344632831
2026-03-07,18,2,wk inc flu hosp,2026-03-21,quantile,0.025,48.0073727648021
2026-03-07,18,2,wk inc flu hosp,2026-03-21,quantile,0.05,64.45532108183315
2026-03-07,18,2,wk inc flu hosp,2026-03-21,quantile,0.1,88.73677199971482
2026-03-07,18,2,wk inc flu hosp,2026-03-21,quantile,0.15,104.03701782226562
2026-03-07,18,2,wk inc flu hosp,2026-03-21,quantile,0.2,115.0
2026-03-07,18,2,wk inc flu hosp,2026-03-21,quantile,0.25,127.0
2026-03-07,18,2,wk inc flu hosp,2026-03-21,quantile,0.3,139.0
2026-03-07,18,2,wk inc flu hosp,2026-03-21,quantile,0.35,150.0
2026-03-07,18,2,wk inc flu hosp,2026-03-21,quantile,0.4,161.0
2026-03-07,18,2,wk inc flu hosp,2026-03-21,quantile,0.45,168.0
2026-03-07,18,2,wk inc flu hosp,2026-03-21,quantile,0.5,176.0
2026-03-07,18,2,wk inc flu hosp,2026-03-21,quantile,0.55,183.0
2026-03-07,18,2,wk inc flu hosp,2026-03-21,quantile,0.6,191.0
2026-03-07,18,2,wk inc flu hosp,2026-03-21,quantile,0.65,197.0
2026-03-07,18,2,wk inc flu hosp,2026-03-21,quantile,0.7,205.0
2026-03-07,18,2,wk inc flu hosp,2026-03-21,quantile,0.75,218.0
2026-03-07,18,2,wk inc flu hosp,2026-03-21,quantile,0.8,242.0
2026-03-07,18,2,wk inc flu hosp,2026-03-21,quantile,0.85,272.0
2026-03-07,18,2,wk inc flu hosp,2026-03-21,quantile,0.9,313.0
2026-03-07,18,2,wk inc flu hosp,2026-03-21,quantile,0.95,363.0
2026-03-07,18,2,wk inc flu hosp,2026-03-21,quantile,0.975,405.0
2026-03-07,18,2,wk inc flu hosp,2026-03-21,quantile,0.99,456.0
2026-03-07,18,3,wk inc flu hosp,2026-03-28,quantile,0.01,17.86233828188205
2026-03-07,18,3,wk inc flu hosp,2026-03-28,quantile,0.025,33.123458944970686
2026-03-07,18,3,wk inc flu hosp,2026-03-28,quantile,0.05,45.31568384679936
2026-03-07,18,3,wk inc flu hosp,2026-03-28,quantile,0.1,68.72583770751953
2026-03-07,18,3,wk inc flu hosp,2026-03-28,quantile,0.15,81.0
2026-03-07,18,3,wk inc flu hosp,2026-03-28,quantile,0.2,96.0
2026-03-07,18,3,wk inc flu hosp,2026-03-28,quantile,0.25,110.0
2026-03-07,18,3,wk inc flu hosp,2026-03-28,quantile,0.3,119.0
2026-03-07,18,3,wk inc flu hosp,2026-03-28,quantile,0.35,124.0
2026-03-07,18,3,wk inc flu hosp,2026-03-28,quantile,0.4,129.0
2026-03-07,18,3,wk inc flu hosp,2026-03-28,quantile,0.45,137.0
2026-03-07,18,3,wk inc flu hosp,2026-03-28,quantile,0.5,144.0
2026-03-07,18,3,wk inc flu hosp,2026-03-28,quantile,0.55,151.0
2026-03-07,18,3,wk inc flu hosp,2026-03-28,quantile,0.6,156.0
2026-03-07,18,3,wk inc flu hosp,2026-03-28,quantile,0.65,164.0
2026-03-07,18,3,wk inc flu hosp,2026-03-28,quantile,0.7,173.0
2026-03-07,18,3,wk inc flu hosp,2026-03-28,quantile,0.75,180.0
2026-03-07,18,3,wk inc flu hosp,2026-03-28,quantile,0.8,191.0
2026-03-07,18,3,wk inc flu hosp,2026-03-28,quantile,0.85,216.0
2026-03-07,18,3,wk inc flu hosp,2026-03-28,quantile,0.9,254.0
2026-03-07,18,3,wk inc flu hosp,2026-03-28,quantile,0.95,327.0
2026-03-07,18,3,wk inc flu hosp,2026-03-28,quantile,0.975,392.0
2026-03-07,18,3,wk inc flu hosp,2026-03-28,quantile,0.99,462.0
2026-03-07,19,0,wk inc flu hosp,2026-03-07,quantile,0.01,45.0
2026-03-07,19,0,wk inc flu hosp,2026-03-07,quantile,0.025,49.0
2026-03-07,19,0,wk inc flu hosp,2026-03-07,quantile,0.05,55.0
2026-03-07,19,0,wk inc flu hosp,2026-03-07,quantile,0.1,63.0
2026-03-07,19,0,wk inc flu hosp,2026-03-07,quantile,0.15,68.0
2026-03-07,19,0,wk inc flu hosp,2026-03-07,quantile,0.2,72.0
2026-03-07,19,0,wk inc flu hosp,2026-03-07,quantile,0.25,76.0
2026-03-07,19,0,wk inc flu hosp,2026-03-07,quantile,0.3,80.0
2026-03-07,19,0,wk inc flu hosp,2026-03-07,quantile,0.35,84.0
2026-03-07,19,0,wk inc flu hosp,2026-03-07,quantile,0.4,87.0
2026-03-07,19,0,wk inc flu hosp,2026-03-07,quantile,0.45,89.25510754927592
2026-03-07,19,0,wk inc flu hosp,2026-03-07,quantile,0.5,94.8156280517578
2026-03-07,19,0,wk inc flu hosp,2026-03-07,quantile,0.55,96.64481353759766
2026-03-07,19,0,wk inc flu hosp,2026-03-07,quantile,0.6,99.0
2026-03-07,19,0,wk inc flu hosp,2026-03-07,quantile,0.65,103.0
2026-03-07,19,0,wk inc flu hosp,2026-03-07,quantile,0.7,107.0
2026-03-07,19,0,wk inc flu hosp,2026-03-07,quantile,0.75,111.0
2026-03-07,19,0,wk inc flu hosp,2026-03-07,quantile,0.8,115.0
2026-03-07,19,0,wk inc flu hosp,2026-03-07,quantile,0.85,121.0
2026-03-07,19,0,wk inc flu hosp,2026-03-07,quantile,0.9,128.0
2026-03-07,19,0,wk inc flu hosp,2026-03-07,quantile,0.95,140.0
2026-03-07,19,0,wk inc flu hosp,2026-03-07,quantile,0.975,151.0
2026-03-07,19,0,wk inc flu hosp,2026-03-07,quantile,0.99,177.0
2026-03-07,19,1,wk inc flu hosp,2026-03-14,quantile,0.01,19.0
2026-03-07,19,1,wk inc flu hosp,2026-03-14,quantile,0.025,24.0
2026-03-07,19,1,wk inc flu hosp,2026-03-14,quantile,0.05,28.98320602038344
2026-03-07,19,1,wk inc flu hosp,2026-03-14,quantile,0.1,38.0
2026-03-07,19,1,wk inc flu hosp,2026-03-14,quantile,0.15,43.0
2026-03-07,19,1,wk inc flu hosp,2026-03-14,quantile,0.2,48.0
2026-03-07,19,1,wk inc flu hosp,2026-03-14,quantile,0.25,53.0
2026-03-07,19,1,wk inc flu hosp,2026-03-14,quantile,0.3,57.0
2026-03-07,19,1,wk inc flu hosp,2026-03-14,quantile,0.35,61.0
2026-03-07,19,1,wk inc flu hosp,2026-03-14,quantile,0.4,65.0
2026-03-07,19,1,wk inc flu hosp,2026-03-14,quantile,0.45,68.0
2026-03-07,19,1,wk inc flu hosp,2026-03-14,quantile,0.5,71.0
2026-03-07,19,1,wk inc flu hosp,2026-03-14,quantile,0.55,76.67165144721338
2026-03-07,19,1,wk inc flu hosp,2026-03-14,quantile,0.6,79.0
2026-03-07,19,1,wk inc flu hosp,2026-03-14,quantile,0.65,83.0
2026-03-07,19,1,wk inc flu hosp,2026-03-14,quantile,0.7,86.0
2026-03-07,19,1,wk inc flu hosp,2026-03-14,quantile,0.75,91.0
2026-03-07,19,1,wk inc flu hosp,2026-03-14,quantile,0.8,96.0
2026-03-07,19,1,wk inc flu hosp,2026-03-14,quantile,0.85,104.0
2026-03-07,19,1,wk inc flu hosp,2026-03-14,quantile,0.9,117.0
2026-03-07,19,1,wk inc flu hosp,2026-03-14,quantile,0.95,129.0
2026-03-07,19,1,wk inc flu hosp,2026-03-14,quantile,0.975,145.0
2026-03-07,19,1,wk inc flu hosp,2026-03-14,quantile,0.99,166.0
2026-03-07,19,2,wk inc flu hosp,2026-03-21,quantile,0.01,10.0
2026-03-07,19,2,wk inc flu hosp,2026-03-21,quantile,0.025,14.0
2026-03-07,19,2,wk inc flu hosp,2026-03-21,quantile,0.05,17.884102798156494
2026-03-07,19,2,wk inc flu hosp,2026-03-21,quantile,0.1,27.0
2026-03-07,19,2,wk inc flu hosp,2026-03-21,quantile,0.15,30.0
2026-03-07,19,2,wk inc flu hosp,2026-03-21,quantile,0.2,34.0
2026-03-07,19,2,wk inc flu hosp,2026-03-21,quantile,0.25,37.40208433551894
2026-03-07,19,2,wk inc flu hosp,2026-03-21,quantile,0.3,43.25197859283589
2026-03-07,19,2,wk inc flu hosp,2026-03-21,quantile,0.35,49.38988896159453
2026-03-07,19,2,wk inc flu hosp,2026-03-21,quantile,0.4,51.74478912353515
2026-03-07,19,2,wk inc flu hosp,2026-03-21,quantile,0.45,53.05765151977539
2026-03-07,19,2,wk inc flu hosp,2026-03-21,quantile,0.5,57.28834527731037
2026-03-07,19,2,wk inc flu hosp,2026-03-21,quantile,0.55,63.0
2026-03-07,19,2,wk inc flu hosp,2026-03-21,quantile,0.6,65.0
2026-03-07,19,2,wk inc flu hosp,2026-03-21,quantile,0.65,66.0
2026-03-07,19,2,wk inc flu hosp,2026-03-21,quantile,0.7,69.0
2026-03-07,19,2,wk inc flu hosp,2026-03-21,quantile,0.75,72.0
2026-03-07,19,2,wk inc flu hosp,2026-03-21,quantile,0.8,79.0
2026-03-07,19,2,wk inc flu hosp,2026-03-21,quantile,0.85,87.0
2026-03-07,19,2,wk inc flu hosp,2026-03-21,quantile,0.9,99.0
2026-03-07,19,2,wk inc flu hosp,2026-03-21,quantile,0.95,120.0
2026-03-07,19,2,wk inc flu hosp,2026-03-21,quantile,0.975,141.0
2026-03-07,19,2,wk inc flu hosp,2026-03-21,quantile,0.99,155.0
2026-03-07,19,3,wk inc flu hosp,2026-03-28,quantile,0.01,4.0
2026-03-07,19,3,wk inc flu hosp,2026-03-28,quantile,0.025,5.636518984959421
2026-03-07,19,3,wk inc flu hosp,2026-03-28,quantile,0.05,9.549707592489357
2026-03-07,19,3,wk inc flu hosp,2026-03-28,quantile,0.1,15.218041953738377
2026-03-07,19,3,wk inc flu hosp,2026-03-28,quantile,0.15,20.203718754696457
2026-03-07,19,3,wk inc flu hosp,2026-03-28,quantile,0.2,24.88328551718068
2026-03-07,19,3,wk inc flu hosp,2026-03-28,quantile,0.25,29.370375437832504
2026-03-07,19,3,wk inc flu hosp,2026-03-28,quantile,0.3,31.08756256103516
2026-03-07,19,3,wk inc flu hosp,2026-03-28,quantile,0.35,32.131370544433594
2026-03-07,19,3,wk inc flu hosp,2026-03-28,quantile,0.4,33.952911726603645
2026-03-07,19,3,wk inc flu hosp,2026-03-28,quantile,0.45,37.48033925509923
2026-03-07,19,3,wk inc flu hosp,2026-03-28,quantile,0.5,41.1753649924262
2026-03-07,19,3,wk inc flu hosp,2026-03-28,quantile,0.55,45.569145100249216
2026-03-07,19,3,wk inc flu hosp,2026-03-28,quantile,0.6,49.0
2026-03-07,19,3,wk inc flu hosp,2026-03-28,quantile,0.65,52.0
2026-03-07,19,3,wk inc flu hosp,2026-03-28,quantile,0.7,54.0
2026-03-07,19,3,wk inc flu hosp,2026-03-28,quantile,0.75,56.0
2026-03-07,19,3,wk inc flu hosp,2026-03-28,quantile,0.8,59.0
2026-03-07,19,3,wk inc flu hosp,2026-03-28,quantile,0.85,64.0
2026-03-07,19,3,wk inc flu hosp,2026-03-28,quantile,0.9,74.0
2026-03-07,19,3,wk inc flu hosp,2026-03-28,quantile,0.95,95.0
2026-03-07,19,3,wk inc flu hosp,2026-03-28,quantile,0.975,113.0
2026-03-07,19,3,wk inc flu hosp,2026-03-28,quantile,0.99,130.0
2026-03-07,20,0,wk inc flu hosp,2026-03-07,quantile,0.01,53.0
2026-03-07,20,0,wk inc flu hosp,2026-03-07,quantile,0.025,57.0
2026-03-07,20,0,wk inc flu hosp,2026-03-07,quantile,0.05,64.0
2026-03-07,20,0,wk inc flu hosp,2026-03-07,quantile,0.1,75.0
2026-03-07,20,0,wk inc flu hosp,2026-03-07,quantile,0.15,80.0
2026-03-07,20,0,wk inc flu hosp,2026-03-07,quantile,0.2,83.0
2026-03-07,20,0,wk inc flu hosp,2026-03-07,quantile,0.25,86.0
2026-03-07,20,0,wk inc flu hosp,2026-03-07,quantile,0.3,88.0
2026-03-07,20,0,wk inc flu hosp,2026-03-07,quantile,0.35,91.0
2026-03-07,20,0,wk inc flu hosp,2026-03-07,quantile,0.4,95.0
2026-03-07,20,0,wk inc flu hosp,2026-03-07,quantile,0.45,98.17753305767732
2026-03-07,20,0,wk inc flu hosp,2026-03-07,quantile,0.5,104.5317865037337
2026-03-07,20,0,wk inc flu hosp,2026-03-07,quantile,0.55,109.88524627685548
2026-03-07,20,0,wk inc flu hosp,2026-03-07,quantile,0.6,111.9810791015625
2026-03-07,20,0,wk inc flu hosp,2026-03-07,quantile,0.65,114.47443389892578
2026-03-07,20,0,wk inc flu hosp,2026-03-07,quantile,0.7,116.8233413696289
2026-03-07,20,0,wk inc flu hosp,2026-03-07,quantile,0.75,120.0
2026-03-07,20,0,wk inc flu hosp,2026-03-07,quantile,0.8,124.0
2026-03-07,20,0,wk inc flu hosp,2026-03-07,quantile,0.85,130.0
2026-03-07,20,0,wk inc flu hosp,2026-03-07,quantile,0.9,138.0
2026-03-07,20,0,wk inc flu hosp,2026-03-07,quantile,0.95,149.0
2026-03-07,20,0,wk inc flu hosp,2026-03-07,quantile,0.975,159.0
2026-03-07,20,0,wk inc flu hosp,2026-03-07,quantile,0.99,171.0
2026-03-07,20,1,wk inc flu hosp,2026-03-14,quantile,0.01,26.77177634968324
2026-03-07,20,1,wk inc flu hosp,2026-03-14,quantile,0.025,32.62632712301347
2026-03-07,20,1,wk inc flu hosp,2026-03-14,quantile,0.05,39.0
2026-03-07,20,1,wk inc flu hosp,2026-03-14,quantile,0.1,48.0
2026-03-07,20,1,wk inc flu hosp,2026-03-14,quantile,0.15,54.99112788415509
2026-03-07,20,1,wk inc flu hosp,2026-03-14,quantile,0.2,61.61731277121391
2026-03-07,20,1,wk inc flu hosp,2026-03-14,quantile,0.25,67.0
2026-03-07,20,1,wk inc flu hosp,2026-03-14,quantile,0.3,72.0
2026-03-07,20,1,wk inc flu hosp,2026-03-14,quantile,0.35,76.0
2026-03-07,20,1,wk inc flu hosp,2026-03-14,quantile,0.4,80.60437774658203
2026-03-07,20,1,wk inc flu hosp,2026-03-14,quantile,0.45,82.49899291992188
2026-03-07,20,1,wk inc flu hosp,2026-03-14,quantile,0.5,85.0
2026-03-07,20,1,wk inc flu hosp,2026-03-14,quantile,0.55,90.0
2026-03-07,20,1,wk inc flu hosp,2026-03-14,quantile,0.6,94.0
2026-03-07,20,1,wk inc flu hosp,2026-03-14,quantile,0.65,99.0
2026-03-07,20,1,wk inc flu hosp,2026-03-14,quantile,0.7,104.0
2026-03-07,20,1,wk inc flu hosp,2026-03-14,quantile,0.75,109.0
2026-03-07,20,1,wk inc flu hosp,2026-03-14,quantile,0.8,116.0
2026-03-07,20,1,wk inc flu hosp,2026-03-14,quantile,0.85,124.0
2026-03-07,20,1,wk inc flu hosp,2026-03-14,quantile,0.9,134.0
2026-03-07,20,1,wk inc flu hosp,2026-03-14,quantile,0.95,149.0
2026-03-07,20,1,wk inc flu hosp,2026-03-14,quantile,0.975,164.0
2026-03-07,20,1,wk inc flu hosp,2026-03-14,quantile,0.99,181.0
2026-03-07,20,2,wk inc flu hosp,2026-03-21,quantile,0.01,18.0
2026-03-07,20,2,wk inc flu hosp,2026-03-21,quantile,0.025,22.0
2026-03-07,20,2,wk inc flu hosp,2026-03-21,quantile,0.05,26.0
2026-03-07,20,2,wk inc flu hosp,2026-03-21,quantile,0.1,35.0
2026-03-07,20,2,wk inc flu hosp,2026-03-21,quantile,0.15,41.0
2026-03-07,20,2,wk inc flu hosp,2026-03-21,quantile,0.2,46.0
2026-03-07,20,2,wk inc flu hosp,2026-03-21,quantile,0.25,51.0
2026-03-07,20,2,wk inc flu hosp,2026-03-21,quantile,0.3,55.0
2026-03-07,20,2,wk inc flu hosp,2026-03-21,quantile,0.35,58.87819290161133
2026-03-07,20,2,wk inc flu hosp,2026-03-21,quantile,0.4,60.66260147094727
2026-03-07,20,2,wk inc flu hosp,2026-03-21,quantile,0.45,62.4250373840332
2026-03-07,20,2,wk inc flu hosp,2026-03-21,quantile,0.5,65.0
2026-03-07,20,2,wk inc flu hosp,2026-03-21,quantile,0.55,71.0
2026-03-07,20,2,wk inc flu hosp,2026-03-21,quantile,0.6,76.0
2026-03-07,20,2,wk inc flu hosp,2026-03-21,quantile,0.65,83.0
2026-03-07,20,2,wk inc flu hosp,2026-03-21,quantile,0.7,88.0
2026-03-07,20,2,wk inc flu hosp,2026-03-21,quantile,0.75,95.0
2026-03-07,20,2,wk inc flu hosp,2026-03-21,quantile,0.8,104.0
2026-03-07,20,2,wk inc flu hosp,2026-03-21,quantile,0.85,114.0
2026-03-07,20,2,wk inc flu hosp,2026-03-21,quantile,0.9,125.0
2026-03-07,20,2,wk inc flu hosp,2026-03-21,quantile,0.95,143.0
2026-03-07,20,2,wk inc flu hosp,2026-03-21,quantile,0.975,159.0
2026-03-07,20,2,wk inc flu hosp,2026-03-21,quantile,0.99,178.0
2026-03-07,20,3,wk inc flu hosp,2026-03-28,quantile,0.01,8.0
2026-03-07,20,3,wk inc flu hosp,2026-03-28,quantile,0.025,13.0
2026-03-07,20,3,wk inc flu hosp,2026-03-28,quantile,0.05,19.0
2026-03-07,20,3,wk inc flu hosp,2026-03-28,quantile,0.1,27.0
2026-03-07,20,3,wk inc flu hosp,2026-03-28,quantile,0.15,32.77366638183594
2026-03-07,20,3,wk inc flu hosp,2026-03-28,quantile,0.2,34.52116012573242
2026-03-07,20,3,wk inc flu hosp,2026-03-28,quantile,0.25,35.972251892089844
2026-03-07,20,3,wk inc flu hosp,2026-03-28,quantile,0.3,37.47569274902344
2026-03-07,20,3,wk inc flu hosp,2026-03-28,quantile,0.35,38.820091247558594
2026-03-07,20,3,wk inc flu hosp,2026-03-28,quantile,0.4,40.128047943115234
2026-03-07,20,3,wk inc flu hosp,2026-03-28,quantile,0.45,41.482330322265625
2026-03-07,20,3,wk inc flu hosp,2026-03-28,quantile,0.5,43.0
2026-03-07,20,3,wk inc flu hosp,2026-03-28,quantile,0.55,45.0
2026-03-07,20,3,wk inc flu hosp,2026-03-28,quantile,0.6,47.0
2026-03-07,20,3,wk inc flu hosp,2026-03-28,quantile,0.65,52.0
2026-03-07,20,3,wk inc flu hosp,2026-03-28,quantile,0.7,57.0
2026-03-07,20,3,wk inc flu hosp,2026-03-28,quantile,0.75,65.0
2026-03-07,20,3,wk inc flu hosp,2026-03-28,quantile,0.8,72.0
2026-03-07,20,3,wk inc flu hosp,2026-03-28,quantile,0.85,81.0
2026-03-07,20,3,wk inc flu hosp,2026-03-28,quantile,0.9,92.0
2026-03-07,20,3,wk inc flu hosp,2026-03-28,quantile,0.95,117.0
2026-03-07,20,3,wk inc flu hosp,2026-03-28,quantile,0.975,138.0
2026-03-07,20,3,wk inc flu hosp,2026-03-28,quantile,0.99,151.0
2026-03-07,21,0,wk inc flu hosp,2026-03-07,quantile,0.01,73.0
2026-03-07,21,0,wk inc flu hosp,2026-03-07,quantile,0.025,80.0
2026-03-07,21,0,wk inc flu hosp,2026-03-07,quantile,0.05,87.0
2026-03-07,21,0,wk inc flu hosp,2026-03-07,quantile,0.1,100.0
2026-03-07,21,0,wk inc flu hosp,2026-03-07,quantile,0.15,109.0
2026-03-07,21,0,wk inc flu hosp,2026-03-07,quantile,0.2,116.0
2026-03-07,21,0,wk inc flu hosp,2026-03-07,quantile,0.25,121.0
2026-03-07,21,0,wk inc flu hosp,2026-03-07,quantile,0.3,124.0
2026-03-07,21,0,wk inc flu hosp,2026-03-07,quantile,0.35,127.0
2026-03-07,21,0,wk inc flu hosp,2026-03-07,quantile,0.4,131.0
2026-03-07,21,0,wk inc flu hosp,2026-03-07,quantile,0.45,133.0
2026-03-07,21,0,wk inc flu hosp,2026-03-07,quantile,0.5,135.0
2026-03-07,21,0,wk inc flu hosp,2026-03-07,quantile,0.55,145.3200587198423
2026-03-07,21,0,wk inc flu hosp,2026-03-07,quantile,0.6,149.0499267578125
2026-03-07,21,0,wk inc flu hosp,2026-03-07,quantile,0.65,152.29710388183594
2026-03-07,21,0,wk inc flu hosp,2026-03-07,quantile,0.7,155.61900329589844
2026-03-07,21,0,wk inc flu hosp,2026-03-07,quantile,0.75,162.34774265119594
2026-03-07,21,0,wk inc flu hosp,2026-03-07,quantile,0.8,176.0
2026-03-07,21,0,wk inc flu hosp,2026-03-07,quantile,0.85,183.0
2026-03-07,21,0,wk inc flu hosp,2026-03-07,quantile,0.9,193.0
2026-03-07,21,0,wk inc flu hosp,2026-03-07,quantile,0.95,209.0
2026-03-07,21,0,wk inc flu hosp,2026-03-07,quantile,0.975,224.0
2026-03-07,21,0,wk inc flu hosp,2026-03-07,quantile,0.99,242.0
2026-03-07,21,1,wk inc flu hosp,2026-03-14,quantile,0.01,32.0
2026-03-07,21,1,wk inc flu hosp,2026-03-14,quantile,0.025,39.0
2026-03-07,21,1,wk inc flu hosp,2026-03-14,quantile,0.05,50.0
2026-03-07,21,1,wk inc flu hosp,2026-03-14,quantile,0.1,61.0
2026-03-07,21,1,wk inc flu hosp,2026-03-14,quantile,0.15,68.0
2026-03-07,21,1,wk inc flu hosp,2026-03-14,quantile,0.2,73.0
2026-03-07,21,1,wk inc flu hosp,2026-03-14,quantile,0.25,77.0
2026-03-07,21,1,wk inc flu hosp,2026-03-14,quantile,0.3,81.0
2026-03-07,21,1,wk inc flu hosp,2026-03-14,quantile,0.35,86.19257999897022
2026-03-07,21,1,wk inc flu hosp,2026-03-14,quantile,0.4,94.82343858042972
2026-03-07,21,1,wk inc flu hosp,2026-03-14,quantile,0.45,104.13845275222234
2026-03-07,21,1,wk inc flu hosp,2026-03-14,quantile,0.5,109.0
2026-03-07,21,1,wk inc flu hosp,2026-03-14,quantile,0.55,111.0
2026-03-07,21,1,wk inc flu hosp,2026-03-14,quantile,0.6,118.0
2026-03-07,21,1,wk inc flu hosp,2026-03-14,quantile,0.65,126.0
2026-03-07,21,1,wk inc flu hosp,2026-03-14,quantile,0.7,134.0
2026-03-07,21,1,wk inc flu hosp,2026-03-14,quantile,0.75,140.79591661050495
2026-03-07,21,1,wk inc flu hosp,2026-03-14,quantile,0.8,156.0
2026-03-07,21,1,wk inc flu hosp,2026-03-14,quantile,0.85,170.0
2026-03-07,21,1,wk inc flu hosp,2026-03-14,quantile,0.9,191.0
2026-03-07,21,1,wk inc flu hosp,2026-03-14,quantile,0.95,223.0
2026-03-07,21,1,wk inc flu hosp,2026-03-14,quantile,0.975,254.0
2026-03-07,21,1,wk inc flu hosp,2026-03-14,quantile,0.99,287.0
2026-03-07,21,2,wk inc flu hosp,2026-03-21,quantile,0.01,21.0
2026-03-07,21,2,wk inc flu hosp,2026-03-21,quantile,0.025,24.913420268943064
2026-03-07,21,2,wk inc flu hosp,2026-03-21,quantile,0.05,28.731875180255702
2026-03-07,21,2,wk inc flu hosp,2026-03-21,quantile,0.1,40.0
2026-03-07,21,2,wk inc flu hosp,2026-03-21,quantile,0.15,47.0
2026-03-07,21,2,wk inc flu hosp,2026-03-21,quantile,0.2,52.71105462046792
2026-03-07,21,2,wk inc flu hosp,2026-03-21,quantile,0.25,58.77431179644613
2026-03-07,21,2,wk inc flu hosp,2026-03-21,quantile,0.3,65.14357640036394
2026-03-07,21,2,wk inc flu hosp,2026-03-21,quantile,0.35,71.96906885111052
2026-03-07,21,2,wk inc flu hosp,2026-03-21,quantile,0.4,79.64209286292657
2026-03-07,21,2,wk inc flu hosp,2026-03-21,quantile,0.45,85.0
2026-03-07,21,2,wk inc flu hosp,2026-03-21,quantile,0.5,89.0
2026-03-07,21,2,wk inc flu hosp,2026-03-21,quantile,0.55,91.0
2026-03-07,21,2,wk inc flu hosp,2026-03-21,quantile,0.6,94.0
2026-03-07,21,2,wk inc flu hosp,2026-03-21,quantile,0.65,101.83160380766456
2026-03-07,21,2,wk inc flu hosp,2026-03-21,quantile,0.7,112.92594736513333
2026-03-07,21,2,wk inc flu hosp,2026-03-21,quantile,0.75,119.69217681884766
2026-03-07,21,2,wk inc flu hosp,2026-03-21,quantile,0.8,127.0
2026-03-07,21,2,wk inc flu hosp,2026-03-21,quantile,0.85,145.0
2026-03-07,21,2,wk inc flu hosp,2026-03-21,quantile,0.9,171.0
2026-03-07,21,2,wk inc flu hosp,2026-03-21,quantile,0.95,213.0
2026-03-07,21,2,wk inc flu hosp,2026-03-21,quantile,0.975,255.0
2026-03-07,21,2,wk inc flu hosp,2026-03-21,quantile,0.99,291.0
2026-03-07,21,3,wk inc flu hosp,2026-03-28,quantile,0.01,10.0
2026-03-07,21,3,wk inc flu hosp,2026-03-28,quantile,0.025,14.0
2026-03-07,21,3,wk inc flu hosp,2026-03-28,quantile,0.05,20.0
2026-03-07,21,3,wk inc flu hosp,2026-03-28,quantile,0.1,32.414466516389325
2026-03-07,21,3,wk inc flu hosp,2026-03-28,quantile,0.15,45.547594379327
2026-03-07,21,3,wk inc flu hosp,2026-03-28,quantile,0.2,50.0
2026-03-07,21,3,wk inc flu hosp,2026-03-28,quantile,0.25,54.0
2026-03-07,21,3,wk inc flu hosp,2026-03-28,quantile,0.3,62.0
2026-03-07,21,3,wk inc flu hosp,2026-03-28,quantile,0.35,70.0
2026-03-07,21,3,wk inc flu hosp,2026-03-28,quantile,0.4,76.89894805063732
2026-03-07,21,3,wk inc flu hosp,2026-03-28,quantile,0.45,82.36882971643685
2026-03-07,21,3,wk inc flu hosp,2026-03-28,quantile,0.5,85.48612976074219
2026-03-07,21,3,wk inc flu hosp,2026-03-28,quantile,0.55,87.74754333496094
2026-03-07,21,3,wk inc flu hosp,2026-03-28,quantile,0.6,90.08712768554688
2026-03-07,21,3,wk inc flu hosp,2026-03-28,quantile,0.65,92.62447357177734
2026-03-07,21,3,wk inc flu hosp,2026-03-28,quantile,0.7,95.49929809570312
2026-03-07,21,3,wk inc flu hosp,2026-03-28,quantile,0.75,99.05750274658205
2026-03-07,21,3,wk inc flu hosp,2026-03-28,quantile,0.8,103.03834533691406
2026-03-07,21,3,wk inc flu hosp,2026-03-28,quantile,0.85,116.0
2026-03-07,21,3,wk inc flu hosp,2026-03-28,quantile,0.9,144.0
2026-03-07,21,3,wk inc flu hosp,2026-03-28,quantile,0.95,185.0
2026-03-07,21,3,wk inc flu hosp,2026-03-28,quantile,0.975,231.0
2026-03-07,21,3,wk inc flu hosp,2026-03-28,quantile,0.99,284.0
2026-03-07,22,0,wk inc flu hosp,2026-03-07,quantile,0.01,96.0
2026-03-07,22,0,wk inc flu hosp,2026-03-07,quantile,0.025,102.0
2026-03-07,22,0,wk inc flu hosp,2026-03-07,quantile,0.05,108.0
2026-03-07,22,0,wk inc flu hosp,2026-03-07,quantile,0.1,113.0
2026-03-07,22,0,wk inc flu hosp,2026-03-07,quantile,0.15,122.0
2026-03-07,22,0,wk inc flu hosp,2026-03-07,quantile,0.2,131.0
2026-03-07,22,0,wk inc flu hosp,2026-03-07,quantile,0.25,138.82578150614515
2026-03-07,22,0,wk inc flu hosp,2026-03-07,quantile,0.3,146.0
2026-03-07,22,0,wk inc flu hosp,2026-03-07,quantile,0.35,150.38418579101562
2026-03-07,22,0,wk inc flu hosp,2026-03-07,quantile,0.4,153.42318725585938
2026-03-07,22,0,wk inc flu hosp,2026-03-07,quantile,0.45,157.0
2026-03-07,22,0,wk inc flu hosp,2026-03-07,quantile,0.5,165.0
2026-03-07,22,0,wk inc flu hosp,2026-03-07,quantile,0.55,171.0
2026-03-07,22,0,wk inc flu hosp,2026-03-07,quantile,0.6,179.0
2026-03-07,22,0,wk inc flu hosp,2026-03-07,quantile,0.65,190.0
2026-03-07,22,0,wk inc flu hosp,2026-03-07,quantile,0.7,197.9810458975315
2026-03-07,22,0,wk inc flu hosp,2026-03-07,quantile,0.75,202.83936174163344
2026-03-07,22,0,wk inc flu hosp,2026-03-07,quantile,0.8,208.31862604007108
2026-03-07,22,0,wk inc flu hosp,2026-03-07,quantile,0.85,214.79754266400755
2026-03-07,22,0,wk inc flu hosp,2026-03-07,quantile,0.9,223.0904501180092
2026-03-07,22,0,wk inc flu hosp,2026-03-07,quantile,0.95,238.0
2026-03-07,22,0,wk inc flu hosp,2026-03-07,quantile,0.975,257.0
2026-03-07,22,0,wk inc flu hosp,2026-03-07,quantile,0.99,269.0
2026-03-07,22,1,wk inc flu hosp,2026-03-14,quantile,0.01,57.0
2026-03-07,22,1,wk inc flu hosp,2026-03-14,quantile,0.025,63.1997648252608
2026-03-07,22,1,wk inc flu hosp,2026-03-14,quantile,0.05,72.81121785427975
2026-03-07,22,1,wk inc flu hosp,2026-03-14,quantile,0.1,88.21446461684258
2026-03-07,22,1,wk inc flu hosp,2026-03-14,quantile,0.15,99.65527431317432
2026-03-07,22,1,wk inc flu hosp,2026-03-14,quantile,0.2,110.34273647748304
2026-03-07,22,1,wk inc flu hosp,2026-03-14,quantile,0.25,118.6357879638672
2026-03-07,22,1,wk inc flu hosp,2026-03-14,quantile,0.3,121.49070739746094
2026-03-07,22,1,wk inc flu hosp,2026-03-14,quantile,0.35,124.07123565673828
2026-03-07,22,1,wk inc flu hosp,2026-03-14,quantile,0.4,126.66194152832033
2026-03-07,22,1,wk inc flu hosp,2026-03-14,quantile,0.45,129.26280212402344
2026-03-07,22,1,wk inc flu hosp,2026-03-14,quantile,0.5,136.0
2026-03-07,22,1,wk inc flu hosp,2026-03-14,quantile,0.55,141.0
2026-03-07,22,1,wk inc flu hosp,2026-03-14,quantile,0.6,149.0
2026-03-07,22,1,wk inc flu hosp,2026-03-14,quantile,0.65,158.0
2026-03-07,22,1,wk inc flu hosp,2026-03-14,quantile,0.7,165.0
2026-03-07,22,1,wk inc flu hosp,2026-03-14,quantile,0.75,170.0
2026-03-07,22,1,wk inc flu hosp,2026-03-14,quantile,0.8,183.0
2026-03-07,22,1,wk inc flu hosp,2026-03-14,quantile,0.85,192.0
2026-03-07,22,1,wk inc flu hosp,2026-03-14,quantile,0.9,221.0
2026-03-07,22,1,wk inc flu hosp,2026-03-14,quantile,0.95,243.0
2026-03-07,22,1,wk inc flu hosp,2026-03-14,quantile,0.975,255.0
2026-03-07,22,1,wk inc flu hosp,2026-03-14,quantile,0.99,302.0
2026-03-07,22,2,wk inc flu hosp,2026-03-21,quantile,0.01,36.547490163694526
2026-03-07,22,2,wk inc flu hosp,2026-03-21,quantile,0.025,48.983500344960966
2026-03-07,22,2,wk inc flu hosp,2026-03-21,quantile,0.05,56.0
2026-03-07,22,2,wk inc flu hosp,2026-03-21,quantile,0.1,68.0
2026-03-07,22,2,wk inc flu hosp,2026-03-21,quantile,0.15,77.0
2026-03-07,22,2,wk inc flu hosp,2026-03-21,quantile,0.2,84.0
2026-03-07,22,2,wk inc flu hosp,2026-03-21,quantile,0.25,91.0
2026-03-07,22,2,wk inc flu hosp,2026-03-21,quantile,0.3,97.0
2026-03-07,22,2,wk inc flu hosp,2026-03-21,quantile,0.35,101.25877380371094
2026-03-07,22,2,wk inc flu hosp,2026-03-21,quantile,0.4,103.81359100341795
2026-03-07,22,2,wk inc flu hosp,2026-03-21,quantile,0.45,106.2855987548828
2026-03-07,22,2,wk inc flu hosp,2026-03-21,quantile,0.5,108.78872680664062
2026-03-07,22,2,wk inc flu hosp,2026-03-21,quantile,0.55,111.34547424316406
2026-03-07,22,2,wk inc flu hosp,2026-03-21,quantile,0.6,116.0
2026-03-07,22,2,wk inc flu hosp,2026-03-21,quantile,0.65,126.0
2026-03-07,22,2,wk inc flu hosp,2026-03-21,quantile,0.7,135.0
2026-03-07,22,2,wk inc flu hosp,2026-03-21,quantile,0.75,145.0
2026-03-07,22,2,wk inc flu hosp,2026-03-21,quantile,0.8,153.0
2026-03-07,22,2,wk inc flu hosp,2026-03-21,quantile,0.85,170.0
2026-03-07,22,2,wk inc flu hosp,2026-03-21,quantile,0.9,184.0
2026-03-07,22,2,wk inc flu hosp,2026-03-21,quantile,0.95,204.0
2026-03-07,22,2,wk inc flu hosp,2026-03-21,quantile,0.975,233.0
2026-03-07,22,2,wk inc flu hosp,2026-03-21,quantile,0.99,259.0
2026-03-07,22,3,wk inc flu hosp,2026-03-28,quantile,0.01,26.74498422018869
2026-03-07,22,3,wk inc flu hosp,2026-03-28,quantile,0.025,36.0
2026-03-07,22,3,wk inc flu hosp,2026-03-28,quantile,0.05,45.0
2026-03-07,22,3,wk inc flu hosp,2026-03-28,quantile,0.1,59.0
2026-03-07,22,3,wk inc flu hosp,2026-03-28,quantile,0.15,69.0
2026-03-07,22,3,wk inc flu hosp,2026-03-28,quantile,0.2,72.94412231445312
2026-03-07,22,3,wk inc flu hosp,2026-03-28,quantile,0.25,75.470458984375
2026-03-07,22,3,wk inc flu hosp,2026-03-28,quantile,0.3,77.8495101928711
2026-03-07,22,3,wk inc flu hosp,2026-03-28,quantile,0.35,80.23802185058594
2026-03-07,22,3,wk inc flu hosp,2026-03-28,quantile,0.4,82.48907470703125
2026-03-07,22,3,wk inc flu hosp,2026-03-28,quantile,0.45,84.58729553222656
2026-03-07,22,3,wk inc flu hosp,2026-03-28,quantile,0.5,86.72535705566406
2026-03-07,22,3,wk inc flu hosp,2026-03-28,quantile,0.55,88.97631072998047
2026-03-07,22,3,wk inc flu hosp,2026-03-28,quantile,0.6,91.36512756347656
2026-03-07,22,3,wk inc flu hosp,2026-03-28,quantile,0.65,97.0
2026-03-07,22,3,wk inc flu hosp,2026-03-28,quantile,0.7,109.0
2026-03-07,22,3,wk inc flu hosp,2026-03-28,quantile,0.75,114.0
2026-03-07,22,3,wk inc flu hosp,2026-03-28,quantile,0.8,124.0
2026-03-07,22,3,wk inc flu hosp,2026-03-28,quantile,0.85,138.0
2026-03-07,22,3,wk inc flu hosp,2026-03-28,quantile,0.9,152.0
2026-03-07,22,3,wk inc flu hosp,2026-03-28,quantile,0.95,188.0
2026-03-07,22,3,wk inc flu hosp,2026-03-28,quantile,0.975,223.0
2026-03-07,22,3,wk inc flu hosp,2026-03-28,quantile,0.99,259.0
2026-03-07,23,0,wk inc flu hosp,2026-03-07,quantile,0.01,12.5
2026-03-07,23,0,wk inc flu hosp,2026-03-07,quantile,0.025,15.5
2026-03-07,23,0,wk inc flu hosp,2026-03-07,quantile,0.05,17.5
2026-03-07,23,0,wk inc flu hosp,2026-03-07,quantile,0.1,20.0
2026-03-07,23,0,wk inc flu hosp,2026-03-07,quantile,0.15,22.319756507873535
2026-03-07,23,0,wk inc flu hosp,2026-03-07,quantile,0.2,23.25398063659668
2026-03-07,23,0,wk inc flu hosp,2026-03-07,quantile,0.25,24.960196818187555
2026-03-07,23,0,wk inc flu hosp,2026-03-07,quantile,0.3,27.287265579195257
2026-03-07,23,0,wk inc flu hosp,2026-03-07,quantile,0.35,28.503665156054822
2026-03-07,23,0,wk inc flu hosp,2026-03-07,quantile,0.4,30.5
2026-03-07,23,0,wk inc flu hosp,2026-03-07,quantile,0.45,31.5
2026-03-07,23,0,wk inc flu hosp,2026-03-07,quantile,0.5,32.0
2026-03-07,23,0,wk inc flu hosp,2026-03-07,quantile,0.55,33.0
2026-03-07,23,0,wk inc flu hosp,2026-03-07,quantile,0.6,33.5
2026-03-07,23,0,wk inc flu hosp,2026-03-07,quantile,0.65,34.5
2026-03-07,23,0,wk inc flu hosp,2026-03-07,quantile,0.7,36.0
2026-03-07,23,0,wk inc flu hosp,2026-03-07,quantile,0.75,38.0
2026-03-07,23,0,wk inc flu hosp,2026-03-07,quantile,0.8,39.5
2026-03-07,23,0,wk inc flu hosp,2026-03-07,quantile,0.85,42.5
2026-03-07,23,0,wk inc flu hosp,2026-03-07,quantile,0.9,46.0
2026-03-07,23,0,wk inc flu hosp,2026-03-07,quantile,0.95,51.5
2026-03-07,23,0,wk inc flu hosp,2026-03-07,quantile,0.975,56.5
2026-03-07,23,0,wk inc flu hosp,2026-03-07,quantile,0.99,65.0
2026-03-07,23,1,wk inc flu hosp,2026-03-14,quantile,0.01,5.219343988875428
2026-03-07,23,1,wk inc flu hosp,2026-03-14,quantile,0.025,7.067586594351724
2026-03-07,23,1,wk inc flu hosp,2026-03-14,quantile,0.05,9.05068242398048
2026-03-07,23,1,wk inc flu hosp,2026-03-14,quantile,0.1,11.95613874810634
2026-03-07,23,1,wk inc flu hosp,2026-03-14,quantile,0.15,14.54749338066916
2026-03-07,23,1,wk inc flu hosp,2026-03-14,quantile,0.2,16.844136493912302
2026-03-07,23,1,wk inc flu hosp,2026-03-14,quantile,0.25,18.14460563659668
2026-03-07,23,1,wk inc flu hosp,2026-03-14,quantile,0.3,19.0
2026-03-07,23,1,wk inc flu hosp,2026-03-14,quantile,0.35,20.5
2026-03-07,23,1,wk inc flu hosp,2026-03-14,quantile,0.4,21.5
2026-03-07,23,1,wk inc flu hosp,2026-03-14,quantile,0.45,23.0
2026-03-07,23,1,wk inc flu hosp,2026-03-14,quantile,0.5,24.0
2026-03-07,23,1,wk inc flu hosp,2026-03-14,quantile,0.55,25.0
2026-03-07,23,1,wk inc flu hosp,2026-03-14,quantile,0.6,26.0
2026-03-07,23,1,wk inc flu hosp,2026-03-14,quantile,0.65,27.5
2026-03-07,23,1,wk inc flu hosp,2026-03-14,quantile,0.7,29.5
2026-03-07,23,1,wk inc flu hosp,2026-03-14,quantile,0.75,31.5
2026-03-07,23,1,wk inc flu hosp,2026-03-14,quantile,0.8,34.5
2026-03-07,23,1,wk inc flu hosp,2026-03-14,quantile,0.85,37.5
2026-03-07,23,1,wk inc flu hosp,2026-03-14,quantile,0.9,42.0
2026-03-07,23,1,wk inc flu hosp,2026-03-14,quantile,0.95,49.0
2026-03-07,23,1,wk inc flu hosp,2026-03-14,quantile,0.975,56.0
2026-03-07,23,1,wk inc flu hosp,2026-03-14,quantile,0.99,64.0
2026-03-07,23,2,wk inc flu hosp,2026-03-21,quantile,0.01,2.5
2026-03-07,23,2,wk inc flu hosp,2026-03-21,quantile,0.025,4.0
2026-03-07,23,2,wk inc flu hosp,2026-03-21,quantile,0.05,6.0
2026-03-07,23,2,wk inc flu hosp,2026-03-21,quantile,0.1,8.5
2026-03-07,23,2,wk inc flu hosp,2026-03-21,quantile,0.15,10.644328320548048
2026-03-07,23,2,wk inc flu hosp,2026-03-21,quantile,0.2,13.1121506690979
2026-03-07,23,2,wk inc flu hosp,2026-03-21,quantile,0.25,13.895567417144775
2026-03-07,23,2,wk inc flu hosp,2026-03-21,quantile,0.3,14.178380012512207
2026-03-07,23,2,wk inc flu hosp,2026-03-21,quantile,0.35,14.931114673614502
2026-03-07,23,2,wk inc flu hosp,2026-03-21,quantile,0.4,15.70386552810669
2026-03-07,23,2,wk inc flu hosp,2026-03-21,quantile,0.45,16.443517684936523
2026-03-07,23,2,wk inc flu hosp,2026-03-21,quantile,0.5,17.0
2026-03-07,23,2,wk inc flu hosp,2026-03-21,quantile,0.55,18.0
2026-03-07,23,2,wk inc flu hosp,2026-03-21,quantile,0.6,19.5
2026-03-07,23,2,wk inc flu hosp,2026-03-21,quantile,0.65,20.5
2026-03-07,23,2,wk inc flu hosp,2026-03-21,quantile,0.7,22.5
2026-03-07,23,2,wk inc flu hosp,2026-03-21,quantile,0.75,25.5
2026-03-07,23,2,wk inc flu hosp,2026-03-21,quantile,0.8,27.5
2026-03-07,23,2,wk inc flu hosp,2026-03-21,quantile,0.85,31.5
2026-03-07,23,2,wk inc flu hosp,2026-03-21,quantile,0.9,36.5
2026-03-07,23,2,wk inc flu hosp,2026-03-21,quantile,0.95,44.5
2026-03-07,23,2,wk inc flu hosp,2026-03-21,quantile,0.975,52.5
2026-03-07,23,2,wk inc flu hosp,2026-03-21,quantile,0.99,62.5
2026-03-07,23,3,wk inc flu hosp,2026-03-28,quantile,0.01,0.5428471121562555
2026-03-07,23,3,wk inc flu hosp,2026-03-28,quantile,0.025,1.5
2026-03-07,23,3,wk inc flu hosp,2026-03-28,quantile,0.05,3.0
2026-03-07,23,3,wk inc flu hosp,2026-03-28,quantile,0.1,5.582232380917129
2026-03-07,23,3,wk inc flu hosp,2026-03-28,quantile,0.15,7.802730168640762
2026-03-07,23,3,wk inc flu hosp,2026-03-28,quantile,0.2,8.978457927703857
2026-03-07,23,3,wk inc flu hosp,2026-03-28,quantile,0.25,9.723936080932617
2026-03-07,23,3,wk inc flu hosp,2026-03-28,quantile,0.3,10.472862243652344
2026-03-07,23,3,wk inc flu hosp,2026-03-28,quantile,0.35,10.697357177734375
2026-03-07,23,3,wk inc flu hosp,2026-03-28,quantile,0.4,11.412331581115723
2026-03-07,23,3,wk inc flu hosp,2026-03-28,quantile,0.45,12.133305549621582
2026-03-07,23,3,wk inc flu hosp,2026-03-28,quantile,0.5,12.345609664916992
2026-03-07,23,3,wk inc flu hosp,2026-03-28,quantile,0.55,13.06607437133789
2026-03-07,23,3,wk inc flu hosp,2026-03-28,quantile,0.6,13.795347213745117
2026-03-07,23,3,wk inc flu hosp,2026-03-28,quantile,0.65,15.5
2026-03-07,23,3,wk inc flu hosp,2026-03-28,quantile,0.7,17.0
2026-03-07,23,3,wk inc flu hosp,2026-03-28,quantile,0.75,19.0
2026-03-07,23,3,wk inc flu hosp,2026-03-28,quantile,0.8,21.5
2026-03-07,23,3,wk inc flu hosp,2026-03-28,quantile,0.85,25.5
2026-03-07,23,3,wk inc flu hosp,2026-03-28,quantile,0.9,30.5
2026-03-07,23,3,wk inc flu hosp,2026-03-28,quantile,0.95,39.0
2026-03-07,23,3,wk inc flu hosp,2026-03-28,quantile,0.975,47.5
2026-03-07,23,3,wk inc flu hosp,2026-03-28,quantile,0.99,57.0
2026-03-07,24,0,wk inc flu hosp,2026-03-07,quantile,0.01,7.271786751464284
2026-03-07,24,0,wk inc flu hosp,2026-03-07,quantile,0.025,9.0
2026-03-07,24,0,wk inc flu hosp,2026-03-07,quantile,0.05,10.072040004153177
2026-03-07,24,0,wk inc flu hosp,2026-03-07,quantile,0.1,12.556778899678
2026-03-07,24,0,wk inc flu hosp,2026-03-07,quantile,0.15,14.390501971951227
2026-03-07,24,0,wk inc flu hosp,2026-03-07,quantile,0.2,16.269773623271426
2026-03-07,24,0,wk inc flu hosp,2026-03-07,quantile,0.25,18.0
2026-03-07,24,0,wk inc flu hosp,2026-03-07,quantile,0.3,19.40638944901044
2026-03-07,24,0,wk inc flu hosp,2026-03-07,quantile,0.35,21.245735454714325
2026-03-07,24,0,wk inc flu hosp,2026-03-07,quantile,0.4,23.0
2026-03-07,24,0,wk inc flu hosp,2026-03-07,quantile,0.45,24.84934819545501
2026-03-07,24,0,wk inc flu hosp,2026-03-07,quantile,0.5,26.90675603038896
2026-03-07,24,0,wk inc flu hosp,2026-03-07,quantile,0.55,28.1638126373291
2026-03-07,24,0,wk inc flu hosp,2026-03-07,quantile,0.6,30.0
2026-03-07,24,0,wk inc flu hosp,2026-03-07,quantile,0.65,32.0
2026-03-07,24,0,wk inc flu hosp,2026-03-07,quantile,0.7,34.0
2026-03-07,24,0,wk inc flu hosp,2026-03-07,quantile,0.75,37.0
2026-03-07,24,0,wk inc flu hosp,2026-03-07,quantile,0.8,40.0
2026-03-07,24,0,wk inc flu hosp,2026-03-07,quantile,0.85,44.62119794897093
2026-03-07,24,0,wk inc flu hosp,2026-03-07,quantile,0.9,50.0
2026-03-07,24,0,wk inc flu hosp,2026-03-07,quantile,0.95,59.0
2026-03-07,24,0,wk inc flu hosp,2026-03-07,quantile,0.975,67.0
2026-03-07,24,0,wk inc flu hosp,2026-03-07,quantile,0.99,76.0
2026-03-07,24,1,wk inc flu hosp,2026-03-14,quantile,0.01,1.3930878354109
2026-03-07,24,1,wk inc flu hosp,2026-03-14,quantile,0.025,2.125564940524078
2026-03-07,24,1,wk inc flu hosp,2026-03-14,quantile,0.05,3.0809028534786225
2026-03-07,24,1,wk inc flu hosp,2026-03-14,quantile,0.1,6.0
2026-03-07,24,1,wk inc flu hosp,2026-03-14,quantile,0.15,9.10092990311723
2026-03-07,24,1,wk inc flu hosp,2026-03-14,quantile,0.2,12.0
2026-03-07,24,1,wk inc flu hosp,2026-03-14,quantile,0.25,15.0
2026-03-07,24,1,wk inc flu hosp,2026-03-14,quantile,0.3,17.90523050118307
2026-03-07,24,1,wk inc flu hosp,2026-03-14,quantile,0.35,20.524208876242326
2026-03-07,24,1,wk inc flu hosp,2026-03-14,quantile,0.4,22.04395294189453
2026-03-07,24,1,wk inc flu hosp,2026-03-14,quantile,0.45,22.871814727783203
2026-03-07,24,1,wk inc flu hosp,2026-03-14,quantile,0.5,27.1333646716578
2026-03-07,24,1,wk inc flu hosp,2026-03-14,quantile,0.55,29.17295139592219
2026-03-07,24,1,wk inc flu hosp,2026-03-14,quantile,0.6,31.21670967944088
2026-03-07,24,1,wk inc flu hosp,2026-03-14,quantile,0.65,33.95090778961845
2026-03-07,24,1,wk inc flu hosp,2026-03-14,quantile,0.7,37.19991498058146
2026-03-07,24,1,wk inc flu hosp,2026-03-14,quantile,0.75,39.0
2026-03-07,24,1,wk inc flu hosp,2026-03-14,quantile,0.8,40.0
2026-03-07,24,1,wk inc flu hosp,2026-03-14,quantile,0.85,45.0
2026-03-07,24,1,wk inc flu hosp,2026-03-14,quantile,0.9,57.0
2026-03-07,24,1,wk inc flu hosp,2026-03-14,quantile,0.95,79.0
2026-03-07,24,1,wk inc flu hosp,2026-03-14,quantile,0.975,102.0
2026-03-07,24,1,wk inc flu hosp,2026-03-14,quantile,0.99,123.0
2026-03-07,24,2,wk inc flu hosp,2026-03-21,quantile,0.01,2.0
2026-03-07,24,2,wk inc flu hosp,2026-03-21,quantile,0.025,2.0
2026-03-07,24,2,wk inc flu hosp,2026-03-21,quantile,0.05,3.0
2026-03-07,24,2,wk inc flu hosp,2026-03-21,quantile,0.1,4.0
2026-03-07,24,2,wk inc flu hosp,2026-03-21,quantile,0.15,5.0
2026-03-07,24,2,wk inc flu hosp,2026-03-21,quantile,0.2,6.0
2026-03-07,24,2,wk inc flu hosp,2026-03-21,quantile,0.25,7.0
2026-03-07,24,2,wk inc flu hosp,2026-03-21,quantile,0.3,10.0
2026-03-07,24,2,wk inc flu hosp,2026-03-21,quantile,0.35,12.0
2026-03-07,24,2,wk inc flu hosp,2026-03-21,quantile,0.4,15.060251754260095
2026-03-07,24,2,wk inc flu hosp,2026-03-21,quantile,0.45,20.38990587338652
2026-03-07,24,2,wk inc flu hosp,2026-03-21,quantile,0.5,22.0
2026-03-07,24,2,wk inc flu hosp,2026-03-21,quantile,0.55,26.0
2026-03-07,24,2,wk inc flu hosp,2026-03-21,quantile,0.6,27.98689929107285
2026-03-07,24,2,wk inc flu hosp,2026-03-21,quantile,0.65,30.45577989869883
2026-03-07,24,2,wk inc flu hosp,2026-03-21,quantile,0.7,33.42208097873716
2026-03-07,24,2,wk inc flu hosp,2026-03-21,quantile,0.75,36.62500050310198
2026-03-07,24,2,wk inc flu hosp,2026-03-21,quantile,0.8,38.0
2026-03-07,24,2,wk inc flu hosp,2026-03-21,quantile,0.85,42.0
2026-03-07,24,2,wk inc flu hosp,2026-03-21,quantile,0.9,57.0
2026-03-07,24,2,wk inc flu hosp,2026-03-21,quantile,0.95,77.84048557255568
2026-03-07,24,2,wk inc flu hosp,2026-03-21,quantile,0.975,111.0
2026-03-07,24,2,wk inc flu hosp,2026-03-21,quantile,0.99,135.0
2026-03-07,24,3,wk inc flu hosp,2026-03-28,quantile,0.01,1.0
2026-03-07,24,3,wk inc flu hosp,2026-03-28,quantile,0.025,1.0
2026-03-07,24,3,wk inc flu hosp,2026-03-28,quantile,0.05,2.0
2026-03-07,24,3,wk inc flu hosp,2026-03-28,quantile,0.1,2.0
2026-03-07,24,3,wk inc flu hosp,2026-03-28,quantile,0.15,3.0
2026-03-07,24,3,wk inc flu hosp,2026-03-28,quantile,0.2,4.0
2026-03-07,24,3,wk inc flu hosp,2026-03-28,quantile,0.25,4.0
2026-03-07,24,3,wk inc flu hosp,2026-03-28,quantile,0.3,7.0
2026-03-07,24,3,wk inc flu hosp,2026-03-28,quantile,0.35,10.0
2026-03-07,24,3,wk inc flu hosp,2026-03-28,quantile,0.4,13.7051024974915
2026-03-07,24,3,wk inc flu hosp,2026-03-28,quantile,0.45,18.982324600219727
2026-03-07,24,3,wk inc flu hosp,2026-03-28,quantile,0.5,20.0
2026-03-07,24,3,wk inc flu hosp,2026-03-28,quantile,0.55,24.0
2026-03-07,24,3,wk inc flu hosp,2026-03-28,quantile,0.6,29.0
2026-03-07,24,3,wk inc flu hosp,2026-03-28,quantile,0.65,31.0
2026-03-07,24,3,wk inc flu hosp,2026-03-28,quantile,0.7,33.0
2026-03-07,24,3,wk inc flu hosp,2026-03-28,quantile,0.75,35.0
2026-03-07,24,3,wk inc flu hosp,2026-03-28,quantile,0.8,37.0
2026-03-07,24,3,wk inc flu hosp,2026-03-28,quantile,0.85,39.0
2026-03-07,24,3,wk inc flu hosp,2026-03-28,quantile,0.9,52.0
2026-03-07,24,3,wk inc flu hosp,2026-03-28,quantile,0.95,86.86705917533436
2026-03-07,24,3,wk inc flu hosp,2026-03-28,quantile,0.975,114.677083153446
2026-03-07,24,3,wk inc flu hosp,2026-03-28,quantile,0.99,142.5050762245239
2026-03-07,25,0,wk inc flu hosp,2026-03-07,quantile,0.01,20.5
2026-03-07,25,0,wk inc flu hosp,2026-03-07,quantile,0.025,25.5
2026-03-07,25,0,wk inc flu hosp,2026-03-07,quantile,0.05,30.0
2026-03-07,25,0,wk inc flu hosp,2026-03-07,quantile,0.1,34.5
2026-03-07,25,0,wk inc flu hosp,2026-03-07,quantile,0.15,37.0
2026-03-07,25,0,wk inc flu hosp,2026-03-07,quantile,0.2,39.5
2026-03-07,25,0,wk inc flu hosp,2026-03-07,quantile,0.25,41.5
2026-03-07,25,0,wk inc flu hosp,2026-03-07,quantile,0.3,44.46371132780081
2026-03-07,25,0,wk inc flu hosp,2026-03-07,quantile,0.35,48.629011332770446
2026-03-07,25,0,wk inc flu hosp,2026-03-07,quantile,0.4,51.8553411571973
2026-03-07,25,0,wk inc flu hosp,2026-03-07,quantile,0.45,54.55115068809874
2026-03-07,25,0,wk inc flu hosp,2026-03-07,quantile,0.5,56.868705987496384
2026-03-07,25,0,wk inc flu hosp,2026-03-07,quantile,0.55,58.67685890197754
2026-03-07,25,0,wk inc flu hosp,2026-03-07,quantile,0.6,60.8704719543457
2026-03-07,25,0,wk inc flu hosp,2026-03-07,quantile,0.65,63.058990478515625
2026-03-07,25,0,wk inc flu hosp,2026-03-07,quantile,0.7,66.5
2026-03-07,25,0,wk inc flu hosp,2026-03-07,quantile,0.75,70.5
2026-03-07,25,0,wk inc flu hosp,2026-03-07,quantile,0.8,75.5
2026-03-07,25,0,wk inc flu hosp,2026-03-07,quantile,0.85,81.0
2026-03-07,25,0,wk inc flu hosp,2026-03-07,quantile,0.9,88.5
2026-03-07,25,0,wk inc flu hosp,2026-03-07,quantile,0.95,99.5
2026-03-07,25,0,wk inc flu hosp,2026-03-07,quantile,0.975,111.5
2026-03-07,25,0,wk inc flu hosp,2026-03-07,quantile,0.99,126.5
2026-03-07,25,1,wk inc flu hosp,2026-03-14,quantile,0.01,10.801440615884179
2026-03-07,25,1,wk inc flu hosp,2026-03-14,quantile,0.025,12.469283121958448
2026-03-07,25,1,wk inc flu hosp,2026-03-14,quantile,0.05,14.469285410254672
2026-03-07,25,1,wk inc flu hosp,2026-03-14,quantile,0.1,20.0
2026-03-07,25,1,wk inc flu hosp,2026-03-14,quantile,0.15,24.679139149218756
2026-03-07,25,1,wk inc flu hosp,2026-03-14,quantile,0.2,28.0
2026-03-07,25,1,wk inc flu hosp,2026-03-14,quantile,0.25,30.0
2026-03-07,25,1,wk inc flu hosp,2026-03-14,quantile,0.3,31.80294632671007
2026-03-07,25,1,wk inc flu hosp,2026-03-14,quantile,0.35,36.409768723322145
2026-03-07,25,1,wk inc flu hosp,2026-03-14,quantile,0.4,41.174801964211284
2026-03-07,25,1,wk inc flu hosp,2026-03-14,quantile,0.45,42.8748664855957
2026-03-07,25,1,wk inc flu hosp,2026-03-14,quantile,0.5,45.026649475097656
2026-03-07,25,1,wk inc flu hosp,2026-03-14,quantile,0.55,47.71048164367676
2026-03-07,25,1,wk inc flu hosp,2026-03-14,quantile,0.6,51.0028133392334
2026-03-07,25,1,wk inc flu hosp,2026-03-14,quantile,0.65,53.69515037536621
2026-03-07,25,1,wk inc flu hosp,2026-03-14,quantile,0.7,58.0
2026-03-07,25,1,wk inc flu hosp,2026-03-14,quantile,0.75,63.5
2026-03-07,25,1,wk inc flu hosp,2026-03-14,quantile,0.8,71.5
2026-03-07,25,1,wk inc flu hosp,2026-03-14,quantile,0.85,80.0
2026-03-07,25,1,wk inc flu hosp,2026-03-14,quantile,0.9,91.5
2026-03-07,25,1,wk inc flu hosp,2026-03-14,quantile,0.95,112.0
2026-03-07,25,1,wk inc flu hosp,2026-03-14,quantile,0.975,131.5
2026-03-07,25,1,wk inc flu hosp,2026-03-14,quantile,0.99,156.5
2026-03-07,25,2,wk inc flu hosp,2026-03-21,quantile,0.01,5.0
2026-03-07,25,2,wk inc flu hosp,2026-03-21,quantile,0.025,7.0
2026-03-07,25,2,wk inc flu hosp,2026-03-21,quantile,0.05,8.5
2026-03-07,25,2,wk inc flu hosp,2026-03-21,quantile,0.1,13.664828593481037
2026-03-07,25,2,wk inc flu hosp,2026-03-21,quantile,0.15,18.0
2026-03-07,25,2,wk inc flu hosp,2026-03-21,quantile,0.2,19.5
2026-03-07,25,2,wk inc flu hosp,2026-03-21,quantile,0.25,20.5
2026-03-07,25,2,wk inc flu hosp,2026-03-21,quantile,0.3,23.137589823183674
2026-03-07,25,2,wk inc flu hosp,2026-03-21,quantile,0.35,26.0
2026-03-07,25,2,wk inc flu hosp,2026-03-21,quantile,0.4,29.0
2026-03-07,25,2,wk inc flu hosp,2026-03-21,quantile,0.45,33.5
2026-03-07,25,2,wk inc flu hosp,2026-03-21,quantile,0.5,37.5
2026-03-07,25,2,wk inc flu hosp,2026-03-21,quantile,0.55,41.5
2026-03-07,25,2,wk inc flu hosp,2026-03-21,quantile,0.6,43.46982002258301
2026-03-07,25,2,wk inc flu hosp,2026-03-21,quantile,0.65,45.67747688293457
2026-03-07,25,2,wk inc flu hosp,2026-03-21,quantile,0.7,48.884910583496094
2026-03-07,25,2,wk inc flu hosp,2026-03-21,quantile,0.75,52.5
2026-03-07,25,2,wk inc flu hosp,2026-03-21,quantile,0.8,60.0
2026-03-07,25,2,wk inc flu hosp,2026-03-21,quantile,0.85,70.0
2026-03-07,25,2,wk inc flu hosp,2026-03-21,quantile,0.9,85.0
2026-03-07,25,2,wk inc flu hosp,2026-03-21,quantile,0.95,110.5
2026-03-07,25,2,wk inc flu hosp,2026-03-21,quantile,0.975,136.5
2026-03-07,25,2,wk inc flu hosp,2026-03-21,quantile,0.99,165.0
2026-03-07,25,3,wk inc flu hosp,2026-03-28,quantile,0.01,2.0
2026-03-07,25,3,wk inc flu hosp,2026-03-28,quantile,0.025,3.0
2026-03-07,25,3,wk inc flu hosp,2026-03-28,quantile,0.05,4.5
2026-03-07,25,3,wk inc flu hosp,2026-03-28,quantile,0.1,7.502323970673806
2026-03-07,25,3,wk inc flu hosp,2026-03-28,quantile,0.15,12.5
2026-03-07,25,3,wk inc flu hosp,2026-03-28,quantile,0.2,14.0
2026-03-07,25,3,wk inc flu hosp,2026-03-28,quantile,0.25,14.5
2026-03-07,25,3,wk inc flu hosp,2026-03-28,quantile,0.3,16.862824228776482
2026-03-07,25,3,wk inc flu hosp,2026-03-28,quantile,0.35,21.0
2026-03-07,25,3,wk inc flu hosp,2026-03-28,quantile,0.4,24.5
2026-03-07,25,3,wk inc flu hosp,2026-03-28,quantile,0.45,27.5
2026-03-07,25,3,wk inc flu hosp,2026-03-28,quantile,0.5,32.0
2026-03-07,25,3,wk inc flu hosp,2026-03-28,quantile,0.55,36.374277114868164
2026-03-07,25,3,wk inc flu hosp,2026-03-28,quantile,0.6,38.0163688659668
2026-03-07,25,3,wk inc flu hosp,2026-03-28,quantile,0.65,41.2119255065918
2026-03-07,25,3,wk inc flu hosp,2026-03-28,quantile,0.7,44.470991134643555
2026-03-07,25,3,wk inc flu hosp,2026-03-28,quantile,0.75,46.756927490234375
2026-03-07,25,3,wk inc flu hosp,2026-03-28,quantile,0.8,51.5
2026-03-07,25,3,wk inc flu hosp,2026-03-28,quantile,0.85,58.5
2026-03-07,25,3,wk inc flu hosp,2026-03-28,quantile,0.9,72.5
2026-03-07,25,3,wk inc flu hosp,2026-03-28,quantile,0.95,100.5
2026-03-07,25,3,wk inc flu hosp,2026-03-28,quantile,0.975,127.5
2026-03-07,25,3,wk inc flu hosp,2026-03-28,quantile,0.99,161.5
2026-03-07,26,0,wk inc flu hosp,2026-03-07,quantile,0.01,102.2421875
2026-03-07,26,0,wk inc flu hosp,2026-03-07,quantile,0.025,119.80814038778924
2026-03-07,26,0,wk inc flu hosp,2026-03-07,quantile,0.05,139.95275311512006
2026-03-07,26,0,wk inc flu hosp,2026-03-07,quantile,0.1,164.20497177173763
2026-03-07,26,0,wk inc flu hosp,2026-03-07,quantile,0.15,183.54351584372156
2026-03-07,26,0,wk inc flu hosp,2026-03-07,quantile,0.2,196.824888135938
2026-03-07,26,0,wk inc flu hosp,2026-03-07,quantile,0.25,210.33986171024367
2026-03-07,26,0,wk inc flu hosp,2026-03-07,quantile,0.3,221.0
2026-03-07,26,0,wk inc flu hosp,2026-03-07,quantile,0.35,227.8487953863881
2026-03-07,26,0,wk inc flu hosp,2026-03-07,quantile,0.4,238.0
2026-03-07,26,0,wk inc flu hosp,2026-03-07,quantile,0.45,244.0
2026-03-07,26,0,wk inc flu hosp,2026-03-07,quantile,0.5,251.0
2026-03-07,26,0,wk inc flu hosp,2026-03-07,quantile,0.55,258.0
2026-03-07,26,0,wk inc flu hosp,2026-03-07,quantile,0.6,265.0
2026-03-07,26,0,wk inc flu hosp,2026-03-07,quantile,0.65,272.0
2026-03-07,26,0,wk inc flu hosp,2026-03-07,quantile,0.7,280.0
2026-03-07,26,0,wk inc flu hosp,2026-03-07,quantile,0.75,289.0
2026-03-07,26,0,wk inc flu hosp,2026-03-07,quantile,0.8,299.0
2026-03-07,26,0,wk inc flu hosp,2026-03-07,quantile,0.85,311.0
2026-03-07,26,0,wk inc flu hosp,2026-03-07,quantile,0.9,327.0
2026-03-07,26,0,wk inc flu hosp,2026-03-07,quantile,0.95,349.0
2026-03-07,26,0,wk inc flu hosp,2026-03-07,quantile,0.975,369.0
2026-03-07,26,0,wk inc flu hosp,2026-03-07,quantile,0.99,392.0
2026-03-07,26,1,wk inc flu hosp,2026-03-14,quantile,0.01,73.0
2026-03-07,26,1,wk inc flu hosp,2026-03-14,quantile,0.025,82.0
2026-03-07,26,1,wk inc flu hosp,2026-03-14,quantile,0.05,94.0
2026-03-07,26,1,wk inc flu hosp,2026-03-14,quantile,0.1,111.4220390165414
2026-03-07,26,1,wk inc flu hosp,2026-03-14,quantile,0.15,134.03619008818188
2026-03-07,26,1,wk inc flu hosp,2026-03-14,quantile,0.2,153.4983092846355
2026-03-07,26,1,wk inc flu hosp,2026-03-14,quantile,0.25,171.2461302143466
2026-03-07,26,1,wk inc flu hosp,2026-03-14,quantile,0.3,179.0
2026-03-07,26,1,wk inc flu hosp,2026-03-14,quantile,0.35,185.0
2026-03-07,26,1,wk inc flu hosp,2026-03-14,quantile,0.4,190.0
2026-03-07,26,1,wk inc flu hosp,2026-03-14,quantile,0.45,196.0
2026-03-07,26,1,wk inc flu hosp,2026-03-14,quantile,0.5,200.0
2026-03-07,26,1,wk inc flu hosp,2026-03-14,quantile,0.55,204.0
2026-03-07,26,1,wk inc flu hosp,2026-03-14,quantile,0.6,215.0
2026-03-07,26,1,wk inc flu hosp,2026-03-14,quantile,0.65,227.0
2026-03-07,26,1,wk inc flu hosp,2026-03-14,quantile,0.7,241.0
2026-03-07,26,1,wk inc flu hosp,2026-03-14,quantile,0.75,256.0
2026-03-07,26,1,wk inc flu hosp,2026-03-14,quantile,0.8,275.0
2026-03-07,26,1,wk inc flu hosp,2026-03-14,quantile,0.85,298.0
2026-03-07,26,1,wk inc flu hosp,2026-03-14,quantile,0.9,330.0
2026-03-07,26,1,wk inc flu hosp,2026-03-14,quantile,0.95,376.0
2026-03-07,26,1,wk inc flu hosp,2026-03-14,quantile,0.975,417.0
2026-03-07,26,1,wk inc flu hosp,2026-03-14,quantile,0.99,463.0
2026-03-07,26,2,wk inc flu hosp,2026-03-21,quantile,0.01,30.0
2026-03-07,26,2,wk inc flu hosp,2026-03-21,quantile,0.025,38.0
2026-03-07,26,2,wk inc flu hosp,2026-03-21,quantile,0.05,57.69047933284269
2026-03-07,26,2,wk inc flu hosp,2026-03-21,quantile,0.1,73.0
2026-03-07,26,2,wk inc flu hosp,2026-03-21,quantile,0.15,88.20876317775745
2026-03-07,26,2,wk inc flu hosp,2026-03-21,quantile,0.2,103.0
2026-03-07,26,2,wk inc flu hosp,2026-03-21,quantile,0.25,116.0
2026-03-07,26,2,wk inc flu hosp,2026-03-21,quantile,0.3,128.0
2026-03-07,26,2,wk inc flu hosp,2026-03-21,quantile,0.35,140.0
2026-03-07,26,2,wk inc flu hosp,2026-03-21,quantile,0.4,152.0
2026-03-07,26,2,wk inc flu hosp,2026-03-21,quantile,0.45,159.0
2026-03-07,26,2,wk inc flu hosp,2026-03-21,quantile,0.5,164.0
2026-03-07,26,2,wk inc flu hosp,2026-03-21,quantile,0.55,169.0
2026-03-07,26,2,wk inc flu hosp,2026-03-21,quantile,0.6,173.0
2026-03-07,26,2,wk inc flu hosp,2026-03-21,quantile,0.65,179.0
2026-03-07,26,2,wk inc flu hosp,2026-03-21,quantile,0.7,189.0
2026-03-07,26,2,wk inc flu hosp,2026-03-21,quantile,0.75,208.0
2026-03-07,26,2,wk inc flu hosp,2026-03-21,quantile,0.8,230.0
2026-03-07,26,2,wk inc flu hosp,2026-03-21,quantile,0.85,256.0
2026-03-07,26,2,wk inc flu hosp,2026-03-21,quantile,0.9,297.0
2026-03-07,26,2,wk inc flu hosp,2026-03-21,quantile,0.95,358.0
2026-03-07,26,2,wk inc flu hosp,2026-03-21,quantile,0.975,418.0
2026-03-07,26,2,wk inc flu hosp,2026-03-21,quantile,0.99,474.0
2026-03-07,26,3,wk inc flu hosp,2026-03-28,quantile,0.01,12.0
2026-03-07,26,3,wk inc flu hosp,2026-03-28,quantile,0.025,16.0
2026-03-07,26,3,wk inc flu hosp,2026-03-28,quantile,0.05,35.204978980750816
2026-03-07,26,3,wk inc flu hosp,2026-03-28,quantile,0.1,57.78642272949219
2026-03-07,26,3,wk inc flu hosp,2026-03-28,quantile,0.15,64.0
2026-03-07,26,3,wk inc flu hosp,2026-03-28,quantile,0.2,83.0
2026-03-07,26,3,wk inc flu hosp,2026-03-28,quantile,0.25,97.0
2026-03-07,26,3,wk inc flu hosp,2026-03-28,quantile,0.3,109.0
2026-03-07,26,3,wk inc flu hosp,2026-03-28,quantile,0.35,113.0
2026-03-07,26,3,wk inc flu hosp,2026-03-28,quantile,0.4,117.0
2026-03-07,26,3,wk inc flu hosp,2026-03-28,quantile,0.45,124.0
2026-03-07,26,3,wk inc flu hosp,2026-03-28,quantile,0.5,129.0
2026-03-07,26,3,wk inc flu hosp,2026-03-28,quantile,0.55,134.0
2026-03-07,26,3,wk inc flu hosp,2026-03-28,quantile,0.6,140.0
2026-03-07,26,3,wk inc flu hosp,2026-03-28,quantile,0.65,145.0
2026-03-07,26,3,wk inc flu hosp,2026-03-28,quantile,0.7,151.0
2026-03-07,26,3,wk inc flu hosp,2026-03-28,quantile,0.75,157.0
2026-03-07,26,3,wk inc flu hosp,2026-03-28,quantile,0.8,176.0
2026-03-07,26,3,wk inc flu hosp,2026-03-28,quantile,0.85,201.0
2026-03-07,26,3,wk inc flu hosp,2026-03-28,quantile,0.9,241.0
2026-03-07,26,3,wk inc flu hosp,2026-03-28,quantile,0.95,306.0
2026-03-07,26,3,wk inc flu hosp,2026-03-28,quantile,0.975,364.0
2026-03-07,26,3,wk inc flu hosp,2026-03-28,quantile,0.99,433.0
2026-03-07,27,0,wk inc flu hosp,2026-03-07,quantile,0.01,58.0
2026-03-07,27,0,wk inc flu hosp,2026-03-07,quantile,0.025,62.0
2026-03-07,27,0,wk inc flu hosp,2026-03-07,quantile,0.05,68.0
2026-03-07,27,0,wk inc flu hosp,2026-03-07,quantile,0.1,76.0
2026-03-07,27,0,wk inc flu hosp,2026-03-07,quantile,0.15,80.0
2026-03-07,27,0,wk inc flu hosp,2026-03-07,quantile,0.2,86.0
2026-03-07,27,0,wk inc flu hosp,2026-03-07,quantile,0.25,93.0
2026-03-07,27,0,wk inc flu hosp,2026-03-07,quantile,0.3,98.64152810640056
2026-03-07,27,0,wk inc flu hosp,2026-03-07,quantile,0.35,102.0
2026-03-07,27,0,wk inc flu hosp,2026-03-07,quantile,0.4,104.0
2026-03-07,27,0,wk inc flu hosp,2026-03-07,quantile,0.45,107.0
2026-03-07,27,0,wk inc flu hosp,2026-03-07,quantile,0.5,111.0
2026-03-07,27,0,wk inc flu hosp,2026-03-07,quantile,0.55,115.0
2026-03-07,27,0,wk inc flu hosp,2026-03-07,quantile,0.6,119.0
2026-03-07,27,0,wk inc flu hosp,2026-03-07,quantile,0.65,122.0
2026-03-07,27,0,wk inc flu hosp,2026-03-07,quantile,0.7,124.0
2026-03-07,27,0,wk inc flu hosp,2026-03-07,quantile,0.75,127.0
2026-03-07,27,0,wk inc flu hosp,2026-03-07,quantile,0.8,130.0
2026-03-07,27,0,wk inc flu hosp,2026-03-07,quantile,0.85,135.0
2026-03-07,27,0,wk inc flu hosp,2026-03-07,quantile,0.9,142.0
2026-03-07,27,0,wk inc flu hosp,2026-03-07,quantile,0.95,151.0
2026-03-07,27,0,wk inc flu hosp,2026-03-07,quantile,0.975,161.0
2026-03-07,27,0,wk inc flu hosp,2026-03-07,quantile,0.99,181.0
2026-03-07,27,1,wk inc flu hosp,2026-03-14,quantile,0.01,27.0
2026-03-07,27,1,wk inc flu hosp,2026-03-14,quantile,0.025,31.0
2026-03-07,27,1,wk inc flu hosp,2026-03-14,quantile,0.05,37.93128423521081
2026-03-07,27,1,wk inc flu hosp,2026-03-14,quantile,0.1,51.0
2026-03-07,27,1,wk inc flu hosp,2026-03-14,quantile,0.15,54.0
2026-03-07,27,1,wk inc flu hosp,2026-03-14,quantile,0.2,60.0
2026-03-07,27,1,wk inc flu hosp,2026-03-14,quantile,0.25,64.0
2026-03-07,27,1,wk inc flu hosp,2026-03-14,quantile,0.3,67.48261260986328
2026-03-07,27,1,wk inc flu hosp,2026-03-14,quantile,0.35,70.0
2026-03-07,27,1,wk inc flu hosp,2026-03-14,quantile,0.4,75.0
2026-03-07,27,1,wk inc flu hosp,2026-03-14,quantile,0.45,80.0
2026-03-07,27,1,wk inc flu hosp,2026-03-14,quantile,0.5,84.0
2026-03-07,27,1,wk inc flu hosp,2026-03-14,quantile,0.55,89.0
2026-03-07,27,1,wk inc flu hosp,2026-03-14,quantile,0.6,92.0
2026-03-07,27,1,wk inc flu hosp,2026-03-14,quantile,0.65,95.0
2026-03-07,27,1,wk inc flu hosp,2026-03-14,quantile,0.7,97.0
2026-03-07,27,1,wk inc flu hosp,2026-03-14,quantile,0.75,100.0
2026-03-07,27,1,wk inc flu hosp,2026-03-14,quantile,0.8,102.0
2026-03-07,27,1,wk inc flu hosp,2026-03-14,quantile,0.85,108.0
2026-03-07,27,1,wk inc flu hosp,2026-03-14,quantile,0.9,118.0
2026-03-07,27,1,wk inc flu hosp,2026-03-14,quantile,0.95,135.0
2026-03-07,27,1,wk inc flu hosp,2026-03-14,quantile,0.975,150.0
2026-03-07,27,1,wk inc flu hosp,2026-03-14,quantile,0.99,169.0
2026-03-07,27,2,wk inc flu hosp,2026-03-21,quantile,0.01,12.0
2026-03-07,27,2,wk inc flu hosp,2026-03-21,quantile,0.025,14.0
2026-03-07,27,2,wk inc flu hosp,2026-03-21,quantile,0.05,17.0
2026-03-07,27,2,wk inc flu hosp,2026-03-21,quantile,0.1,32.0
2026-03-07,27,2,wk inc flu hosp,2026-03-21,quantile,0.15,36.0
2026-03-07,27,2,wk inc flu hosp,2026-03-21,quantile,0.2,40.0
2026-03-07,27,2,wk inc flu hosp,2026-03-21,quantile,0.25,43.0
2026-03-07,27,2,wk inc flu hosp,2026-03-21,quantile,0.3,51.26207733154297
2026-03-07,27,2,wk inc flu hosp,2026-03-21,quantile,0.35,52.7938117980957
2026-03-07,27,2,wk inc flu hosp,2026-03-21,quantile,0.4,54.38268661499024
2026-03-07,27,2,wk inc flu hosp,2026-03-21,quantile,0.45,55.8216438293457
2026-03-07,27,2,wk inc flu hosp,2026-03-21,quantile,0.5,60.0
2026-03-07,27,2,wk inc flu hosp,2026-03-21,quantile,0.55,64.0
2026-03-07,27,2,wk inc flu hosp,2026-03-21,quantile,0.6,66.0
2026-03-07,27,2,wk inc flu hosp,2026-03-21,quantile,0.65,71.0
2026-03-07,27,2,wk inc flu hosp,2026-03-21,quantile,0.7,77.0
2026-03-07,27,2,wk inc flu hosp,2026-03-21,quantile,0.75,80.0
2026-03-07,27,2,wk inc flu hosp,2026-03-21,quantile,0.8,84.0
2026-03-07,27,2,wk inc flu hosp,2026-03-21,quantile,0.85,88.0
2026-03-07,27,2,wk inc flu hosp,2026-03-21,quantile,0.9,91.0
2026-03-07,27,2,wk inc flu hosp,2026-03-21,quantile,0.95,109.0
2026-03-07,27,2,wk inc flu hosp,2026-03-21,quantile,0.975,128.0
2026-03-07,27,2,wk inc flu hosp,2026-03-21,quantile,0.99,173.0
2026-03-07,27,3,wk inc flu hosp,2026-03-28,quantile,0.01,6.0
2026-03-07,27,3,wk inc flu hosp,2026-03-28,quantile,0.025,8.0
2026-03-07,27,3,wk inc flu hosp,2026-03-28,quantile,0.05,10.0
2026-03-07,27,3,wk inc flu hosp,2026-03-28,quantile,0.1,19.0
2026-03-07,27,3,wk inc flu hosp,2026-03-28,quantile,0.15,24.0
2026-03-07,27,3,wk inc flu hosp,2026-03-28,quantile,0.2,27.0
2026-03-07,27,3,wk inc flu hosp,2026-03-28,quantile,0.25,34.023011549108304
2026-03-07,27,3,wk inc flu hosp,2026-03-28,quantile,0.3,39.18383407592773
2026-03-07,27,3,wk inc flu hosp,2026-03-28,quantile,0.35,40.53302764892578
2026-03-07,27,3,wk inc flu hosp,2026-03-28,quantile,0.4,41.87161636352539
2026-03-07,27,3,wk inc flu hosp,2026-03-28,quantile,0.45,43.11536407470703
2026-03-07,27,3,wk inc flu hosp,2026-03-28,quantile,0.5,44.43045425415039
2026-03-07,27,3,wk inc flu hosp,2026-03-28,quantile,0.55,45.81898880004883
2026-03-07,27,3,wk inc flu hosp,2026-03-28,quantile,0.6,47.276668548583984
2026-03-07,27,3,wk inc flu hosp,2026-03-28,quantile,0.65,50.0
2026-03-07,27,3,wk inc flu hosp,2026-03-28,quantile,0.7,57.0
2026-03-07,27,3,wk inc flu hosp,2026-03-28,quantile,0.75,66.0
2026-03-07,27,3,wk inc flu hosp,2026-03-28,quantile,0.8,72.0
2026-03-07,27,3,wk inc flu hosp,2026-03-28,quantile,0.85,77.0
2026-03-07,27,3,wk inc flu hosp,2026-03-28,quantile,0.9,82.0
2026-03-07,27,3,wk inc flu hosp,2026-03-28,quantile,0.95,88.0
2026-03-07,27,3,wk inc flu hosp,2026-03-28,quantile,0.975,117.0
2026-03-07,27,3,wk inc flu hosp,2026-03-28,quantile,0.99,181.0
2026-03-07,28,0,wk inc flu hosp,2026-03-07,quantile,0.01,70.0
2026-03-07,28,0,wk inc flu hosp,2026-03-07,quantile,0.025,78.0
2026-03-07,28,0,wk inc flu hosp,2026-03-07,quantile,0.05,85.0
2026-03-07,28,0,wk inc flu hosp,2026-03-07,quantile,0.1,95.0
2026-03-07,28,0,wk inc flu hosp,2026-03-07,quantile,0.15,104.0
2026-03-07,28,0,wk inc flu hosp,2026-03-07,quantile,0.2,109.0
2026-03-07,28,0,wk inc flu hosp,2026-03-07,quantile,0.25,114.0
2026-03-07,28,0,wk inc flu hosp,2026-03-07,quantile,0.3,119.0
2026-03-07,28,0,wk inc flu hosp,2026-03-07,quantile,0.35,122.0
2026-03-07,28,0,wk inc flu hosp,2026-03-07,quantile,0.4,124.0
2026-03-07,28,0,wk inc flu hosp,2026-03-07,quantile,0.45,126.0
2026-03-07,28,0,wk inc flu hosp,2026-03-07,quantile,0.5,128.0
2026-03-07,28,0,wk inc flu hosp,2026-03-07,quantile,0.55,130.0
2026-03-07,28,0,wk inc flu hosp,2026-03-07,quantile,0.6,134.7382400919248
2026-03-07,28,0,wk inc flu hosp,2026-03-07,quantile,0.65,140.88420273642484
2026-03-07,28,0,wk inc flu hosp,2026-03-07,quantile,0.7,147.18801117553684
2026-03-07,28,0,wk inc flu hosp,2026-03-07,quantile,0.75,154.15091373838058
2026-03-07,28,0,wk inc flu hosp,2026-03-07,quantile,0.8,161.8626389033834
2026-03-07,28,0,wk inc flu hosp,2026-03-07,quantile,0.85,166.39586506635274
2026-03-07,28,0,wk inc flu hosp,2026-03-07,quantile,0.9,172.1886427406183
2026-03-07,28,0,wk inc flu hosp,2026-03-07,quantile,0.95,180.9567296067217
2026-03-07,28,0,wk inc flu hosp,2026-03-07,quantile,0.975,188.7380623312142
2026-03-07,28,0,wk inc flu hosp,2026-03-07,quantile,0.99,197.9914904858446
2026-03-07,28,1,wk inc flu hosp,2026-03-14,quantile,0.01,43.20076650054588
2026-03-07,28,1,wk inc flu hosp,2026-03-14,quantile,0.025,50.0
2026-03-07,28,1,wk inc flu hosp,2026-03-14,quantile,0.05,58.0
2026-03-07,28,1,wk inc flu hosp,2026-03-14,quantile,0.1,68.0
2026-03-07,28,1,wk inc flu hosp,2026-03-14,quantile,0.15,75.0
2026-03-07,28,1,wk inc flu hosp,2026-03-14,quantile,0.2,81.0
2026-03-07,28,1,wk inc flu hosp,2026-03-14,quantile,0.25,88.11557020985218
2026-03-07,28,1,wk inc flu hosp,2026-03-14,quantile,0.3,95.0
2026-03-07,28,1,wk inc flu hosp,2026-03-14,quantile,0.35,100.3308284322034
2026-03-07,28,1,wk inc flu hosp,2026-03-14,quantile,0.4,106.27483804142057
2026-03-07,28,1,wk inc flu hosp,2026-03-14,quantile,0.45,111.8909099519458
2026-03-07,28,1,wk inc flu hosp,2026-03-14,quantile,0.5,117.22098861419802
2026-03-07,28,1,wk inc flu hosp,2026-03-14,quantile,0.55,122.2496867426962
2026-03-07,28,1,wk inc flu hosp,2026-03-14,quantile,0.6,127.0
2026-03-07,28,1,wk inc flu hosp,2026-03-14,quantile,0.65,132.0
2026-03-07,28,1,wk inc flu hosp,2026-03-14,quantile,0.7,137.0
2026-03-07,28,1,wk inc flu hosp,2026-03-14,quantile,0.75,145.0
2026-03-07,28,1,wk inc flu hosp,2026-03-14,quantile,0.8,152.91588556597114
2026-03-07,28,1,wk inc flu hosp,2026-03-14,quantile,0.85,160.04530334472656
2026-03-07,28,1,wk inc flu hosp,2026-03-14,quantile,0.9,166.05601501464844
2026-03-07,28,1,wk inc flu hosp,2026-03-14,quantile,0.95,176.22239685058594
2026-03-07,28,1,wk inc flu hosp,2026-03-14,quantile,0.975,189.0
2026-03-07,28,1,wk inc flu hosp,2026-03-14,quantile,0.99,207.0
2026-03-07,28,2,wk inc flu hosp,2026-03-21,quantile,0.01,26.440513513406422
2026-03-07,28,2,wk inc flu hosp,2026-03-21,quantile,0.025,30.730551914673725
2026-03-07,28,2,wk inc flu hosp,2026-03-21,quantile,0.05,38.0
2026-03-07,28,2,wk inc flu hosp,2026-03-21,quantile,0.1,47.0
2026-03-07,28,2,wk inc flu hosp,2026-03-21,quantile,0.15,54.0
2026-03-07,28,2,wk inc flu hosp,2026-03-21,quantile,0.2,60.0
2026-03-07,28,2,wk inc flu hosp,2026-03-21,quantile,0.25,65.0
2026-03-07,28,2,wk inc flu hosp,2026-03-21,quantile,0.3,70.0
2026-03-07,28,2,wk inc flu hosp,2026-03-21,quantile,0.35,75.04000427762145
2026-03-07,28,2,wk inc flu hosp,2026-03-21,quantile,0.4,80.69123410466631
2026-03-07,28,2,wk inc flu hosp,2026-03-21,quantile,0.45,84.0
2026-03-07,28,2,wk inc flu hosp,2026-03-21,quantile,0.5,89.0
2026-03-07,28,2,wk inc flu hosp,2026-03-21,quantile,0.55,93.0
2026-03-07,28,2,wk inc flu hosp,2026-03-21,quantile,0.6,98.0
2026-03-07,28,2,wk inc flu hosp,2026-03-21,quantile,0.65,104.0
2026-03-07,28,2,wk inc flu hosp,2026-03-21,quantile,0.7,109.0
2026-03-07,28,2,wk inc flu hosp,2026-03-21,quantile,0.75,119.0
2026-03-07,28,2,wk inc flu hosp,2026-03-21,quantile,0.8,124.0
2026-03-07,28,2,wk inc flu hosp,2026-03-21,quantile,0.85,133.76730346679688
2026-03-07,28,2,wk inc flu hosp,2026-03-21,quantile,0.9,143.0
2026-03-07,28,2,wk inc flu hosp,2026-03-21,quantile,0.95,161.0
2026-03-07,28,2,wk inc flu hosp,2026-03-21,quantile,0.975,177.0
2026-03-07,28,2,wk inc flu hosp,2026-03-21,quantile,0.99,197.0
2026-03-07,28,3,wk inc flu hosp,2026-03-28,quantile,0.01,18.83147407194977
2026-03-07,28,3,wk inc flu hosp,2026-03-28,quantile,0.025,24.0
2026-03-07,28,3,wk inc flu hosp,2026-03-28,quantile,0.05,31.0
2026-03-07,28,3,wk inc flu hosp,2026-03-28,quantile,0.1,41.0
2026-03-07,28,3,wk inc flu hosp,2026-03-28,quantile,0.15,48.0
2026-03-07,28,3,wk inc flu hosp,2026-03-28,quantile,0.2,51.32223124460578
2026-03-07,28,3,wk inc flu hosp,2026-03-28,quantile,0.25,56.91089981229655
2026-03-07,28,3,wk inc flu hosp,2026-03-28,quantile,0.3,62.1068250633457
2026-03-07,28,3,wk inc flu hosp,2026-03-28,quantile,0.35,67.99625633434387
2026-03-07,28,3,wk inc flu hosp,2026-03-28,quantile,0.4,74.18662012596792
2026-03-07,28,3,wk inc flu hosp,2026-03-28,quantile,0.45,80.75721356487776
2026-03-07,28,3,wk inc flu hosp,2026-03-28,quantile,0.5,87.0
2026-03-07,28,3,wk inc flu hosp,2026-03-28,quantile,0.55,91.0
2026-03-07,28,3,wk inc flu hosp,2026-03-28,quantile,0.6,93.0
2026-03-07,28,3,wk inc flu hosp,2026-03-28,quantile,0.65,95.0
2026-03-07,28,3,wk inc flu hosp,2026-03-28,quantile,0.7,99.0
2026-03-07,28,3,wk inc flu hosp,2026-03-28,quantile,0.75,103.03060150146484
2026-03-07,28,3,wk inc flu hosp,2026-03-28,quantile,0.8,107.0
2026-03-07,28,3,wk inc flu hosp,2026-03-28,quantile,0.85,111.0
2026-03-07,28,3,wk inc flu hosp,2026-03-28,quantile,0.9,115.66519927978516
2026-03-07,28,3,wk inc flu hosp,2026-03-28,quantile,0.95,130.0
2026-03-07,28,3,wk inc flu hosp,2026-03-28,quantile,0.975,158.0
2026-03-07,28,3,wk inc flu hosp,2026-03-28,quantile,0.99,191.0
2026-03-07,29,0,wk inc flu hosp,2026-03-07,quantile,0.01,145.0
2026-03-07,29,0,wk inc flu hosp,2026-03-07,quantile,0.025,162.0
2026-03-07,29,0,wk inc flu hosp,2026-03-07,quantile,0.05,175.0
2026-03-07,29,0,wk inc flu hosp,2026-03-07,quantile,0.1,189.0
2026-03-07,29,0,wk inc flu hosp,2026-03-07,quantile,0.15,200.0
2026-03-07,29,0,wk inc flu hosp,2026-03-07,quantile,0.2,209.0
2026-03-07,29,0,wk inc flu hosp,2026-03-07,quantile,0.25,215.0
2026-03-07,29,0,wk inc flu hosp,2026-03-07,quantile,0.3,223.34999878301656
2026-03-07,29,0,wk inc flu hosp,2026-03-07,quantile,0.35,232.0
2026-03-07,29,0,wk inc flu hosp,2026-03-07,quantile,0.4,238.0
2026-03-07,29,0,wk inc flu hosp,2026-03-07,quantile,0.45,249.96121215820312
2026-03-07,29,0,wk inc flu hosp,2026-03-07,quantile,0.5,255.165771484375
2026-03-07,29,0,wk inc flu hosp,2026-03-07,quantile,0.55,261.0
2026-03-07,29,0,wk inc flu hosp,2026-03-07,quantile,0.6,268.0
2026-03-07,29,0,wk inc flu hosp,2026-03-07,quantile,0.65,277.0
2026-03-07,29,0,wk inc flu hosp,2026-03-07,quantile,0.7,285.0
2026-03-07,29,0,wk inc flu hosp,2026-03-07,quantile,0.75,294.0
2026-03-07,29,0,wk inc flu hosp,2026-03-07,quantile,0.8,305.0
2026-03-07,29,0,wk inc flu hosp,2026-03-07,quantile,0.85,318.0
2026-03-07,29,0,wk inc flu hosp,2026-03-07,quantile,0.9,334.0
2026-03-07,29,0,wk inc flu hosp,2026-03-07,quantile,0.95,364.0
2026-03-07,29,0,wk inc flu hosp,2026-03-07,quantile,0.975,393.0
2026-03-07,29,0,wk inc flu hosp,2026-03-07,quantile,0.99,437.0
2026-03-07,29,1,wk inc flu hosp,2026-03-14,quantile,0.01,67.0
2026-03-07,29,1,wk inc flu hosp,2026-03-14,quantile,0.025,81.47715703473523
2026-03-07,29,1,wk inc flu hosp,2026-03-14,quantile,0.05,96.75513057338895
2026-03-07,29,1,wk inc flu hosp,2026-03-14,quantile,0.1,118.21594614501116
2026-03-07,29,1,wk inc flu hosp,2026-03-14,quantile,0.15,139.34044660765682
2026-03-07,29,1,wk inc flu hosp,2026-03-14,quantile,0.2,154.0
2026-03-07,29,1,wk inc flu hosp,2026-03-14,quantile,0.25,166.82891935368107
2026-03-07,29,1,wk inc flu hosp,2026-03-14,quantile,0.3,181.44609502165565
2026-03-07,29,1,wk inc flu hosp,2026-03-14,quantile,0.35,195.53896469617305
2026-03-07,29,1,wk inc flu hosp,2026-03-14,quantile,0.4,200.9133148193359
2026-03-07,29,1,wk inc flu hosp,2026-03-14,quantile,0.45,205.71823120117188
2026-03-07,29,1,wk inc flu hosp,2026-03-14,quantile,0.5,210.4766540527344
2026-03-07,29,1,wk inc flu hosp,2026-03-14,quantile,0.55,215.5957489013672
2026-03-07,29,1,wk inc flu hosp,2026-03-14,quantile,0.6,220.59808349609372
2026-03-07,29,1,wk inc flu hosp,2026-03-14,quantile,0.65,225.88182067871097
2026-03-07,29,1,wk inc flu hosp,2026-03-14,quantile,0.7,232.0207366943359
2026-03-07,29,1,wk inc flu hosp,2026-03-14,quantile,0.75,239.74127197265625
2026-03-07,29,1,wk inc flu hosp,2026-03-14,quantile,0.8,249.0
2026-03-07,29,1,wk inc flu hosp,2026-03-14,quantile,0.85,267.0
2026-03-07,29,1,wk inc flu hosp,2026-03-14,quantile,0.9,296.0
2026-03-07,29,1,wk inc flu hosp,2026-03-14,quantile,0.95,344.0
2026-03-07,29,1,wk inc flu hosp,2026-03-14,quantile,0.975,383.0
2026-03-07,29,1,wk inc flu hosp,2026-03-14,quantile,0.99,434.0
2026-03-07,29,2,wk inc flu hosp,2026-03-21,quantile,0.01,44.0
2026-03-07,29,2,wk inc flu hosp,2026-03-21,quantile,0.025,52.0
2026-03-07,29,2,wk inc flu hosp,2026-03-21,quantile,0.05,57.0
2026-03-07,29,2,wk inc flu hosp,2026-03-21,quantile,0.1,82.80304625190726
2026-03-07,29,2,wk inc flu hosp,2026-03-21,quantile,0.15,102.0
2026-03-07,29,2,wk inc flu hosp,2026-03-21,quantile,0.2,110.0
2026-03-07,29,2,wk inc flu hosp,2026-03-21,quantile,0.25,114.0
2026-03-07,29,2,wk inc flu hosp,2026-03-21,quantile,0.3,118.0
2026-03-07,29,2,wk inc flu hosp,2026-03-21,quantile,0.35,122.0
2026-03-07,29,2,wk inc flu hosp,2026-03-21,quantile,0.4,126.0
2026-03-07,29,2,wk inc flu hosp,2026-03-21,quantile,0.45,135.0
2026-03-07,29,2,wk inc flu hosp,2026-03-21,quantile,0.5,144.0
2026-03-07,29,2,wk inc flu hosp,2026-03-21,quantile,0.55,154.0
2026-03-07,29,2,wk inc flu hosp,2026-03-21,quantile,0.6,165.0
2026-03-07,29,2,wk inc flu hosp,2026-03-21,quantile,0.65,176.0
2026-03-07,29,2,wk inc flu hosp,2026-03-21,quantile,0.7,186.7369079589844
2026-03-07,29,2,wk inc flu hosp,2026-03-21,quantile,0.75,193.07272338867188
2026-03-07,29,2,wk inc flu hosp,2026-03-21,quantile,0.8,199.763671875
2026-03-07,29,2,wk inc flu hosp,2026-03-21,quantile,0.85,207.6389617919922
2026-03-07,29,2,wk inc flu hosp,2026-03-21,quantile,0.9,237.0
2026-03-07,29,2,wk inc flu hosp,2026-03-21,quantile,0.95,290.0
2026-03-07,29,2,wk inc flu hosp,2026-03-21,quantile,0.975,339.0
2026-03-07,29,2,wk inc flu hosp,2026-03-21,quantile,0.99,384.0
2026-03-07,29,3,wk inc flu hosp,2026-03-28,quantile,0.01,21.64095148998135
2026-03-07,29,3,wk inc flu hosp,2026-03-28,quantile,0.025,31.0
2026-03-07,29,3,wk inc flu hosp,2026-03-28,quantile,0.05,39.18520782129547
2026-03-07,29,3,wk inc flu hosp,2026-03-28,quantile,0.1,64.0
2026-03-07,29,3,wk inc flu hosp,2026-03-28,quantile,0.15,68.0
2026-03-07,29,3,wk inc flu hosp,2026-03-28,quantile,0.2,72.0
2026-03-07,29,3,wk inc flu hosp,2026-03-28,quantile,0.25,80.0
2026-03-07,29,3,wk inc flu hosp,2026-03-28,quantile,0.3,91.0
2026-03-07,29,3,wk inc flu hosp,2026-03-28,quantile,0.35,101.0
2026-03-07,29,3,wk inc flu hosp,2026-03-28,quantile,0.4,109.23069763183594
2026-03-07,29,3,wk inc flu hosp,2026-03-28,quantile,0.45,112.35090637207033
2026-03-07,29,3,wk inc flu hosp,2026-03-28,quantile,0.5,115.56999969482422
2026-03-07,29,3,wk inc flu hosp,2026-03-28,quantile,0.55,118.8241729736328
2026-03-07,29,3,wk inc flu hosp,2026-03-28,quantile,0.6,122.35467529296876
2026-03-07,29,3,wk inc flu hosp,2026-03-28,quantile,0.65,126.3022003173828
2026-03-07,29,3,wk inc flu hosp,2026-03-28,quantile,0.7,130.62721252441406
2026-03-07,29,3,wk inc flu hosp,2026-03-28,quantile,0.75,135.41143798828125
2026-03-07,29,3,wk inc flu hosp,2026-03-28,quantile,0.8,140.40171813964844
2026-03-07,29,3,wk inc flu hosp,2026-03-28,quantile,0.85,147.0
2026-03-07,29,3,wk inc flu hosp,2026-03-28,quantile,0.9,172.0
2026-03-07,29,3,wk inc flu hosp,2026-03-28,quantile,0.95,224.0
2026-03-07,29,3,wk inc flu hosp,2026-03-28,quantile,0.975,269.0
2026-03-07,29,3,wk inc flu hosp,2026-03-28,quantile,0.99,317.0
2026-03-07,30,0,wk inc flu hosp,2026-03-07,quantile,0.01,16.0
2026-03-07,30,0,wk inc flu hosp,2026-03-07,quantile,0.025,19.0
2026-03-07,30,0,wk inc flu hosp,2026-03-07,quantile,0.05,22.0
2026-03-07,30,0,wk inc flu hosp,2026-03-07,quantile,0.1,26.0
2026-03-07,30,0,wk inc flu hosp,2026-03-07,quantile,0.15,28.0
2026-03-07,30,0,wk inc flu hosp,2026-03-07,quantile,0.2,29.0
2026-03-07,30,0,wk inc flu hosp,2026-03-07,quantile,0.25,30.0
2026-03-07,30,0,wk inc flu hosp,2026-03-07,quantile,0.3,31.0
2026-03-07,30,0,wk inc flu hosp,2026-03-07,quantile,0.35,33.05473474052935
2026-03-07,30,0,wk inc flu hosp,2026-03-07,quantile,0.4,34.59566936099055
2026-03-07,30,0,wk inc flu hosp,2026-03-07,quantile,0.45,36.0
2026-03-07,30,0,wk inc flu hosp,2026-03-07,quantile,0.5,37.0
2026-03-07,30,0,wk inc flu hosp,2026-03-07,quantile,0.55,38.0
2026-03-07,30,0,wk inc flu hosp,2026-03-07,quantile,0.6,40.0
2026-03-07,30,0,wk inc flu hosp,2026-03-07,quantile,0.65,42.0
2026-03-07,30,0,wk inc flu hosp,2026-03-07,quantile,0.7,44.0
2026-03-07,30,0,wk inc flu hosp,2026-03-07,quantile,0.75,47.0
2026-03-07,30,0,wk inc flu hosp,2026-03-07,quantile,0.8,50.0
2026-03-07,30,0,wk inc flu hosp,2026-03-07,quantile,0.85,53.0
2026-03-07,30,0,wk inc flu hosp,2026-03-07,quantile,0.9,56.0
2026-03-07,30,0,wk inc flu hosp,2026-03-07,quantile,0.95,64.0
2026-03-07,30,0,wk inc flu hosp,2026-03-07,quantile,0.975,71.0
2026-03-07,30,0,wk inc flu hosp,2026-03-07,quantile,0.99,76.0
2026-03-07,30,1,wk inc flu hosp,2026-03-14,quantile,0.01,7.0
2026-03-07,30,1,wk inc flu hosp,2026-03-14,quantile,0.025,10.0
2026-03-07,30,1,wk inc flu hosp,2026-03-14,quantile,0.05,13.0
2026-03-07,30,1,wk inc flu hosp,2026-03-14,quantile,0.1,16.0
2026-03-07,30,1,wk inc flu hosp,2026-03-14,quantile,0.15,19.0
2026-03-07,30,1,wk inc flu hosp,2026-03-14,quantile,0.2,21.0
2026-03-07,30,1,wk inc flu hosp,2026-03-14,quantile,0.25,22.0
2026-03-07,30,1,wk inc flu hosp,2026-03-14,quantile,0.3,23.0
2026-03-07,30,1,wk inc flu hosp,2026-03-14,quantile,0.35,25.0
2026-03-07,30,1,wk inc flu hosp,2026-03-14,quantile,0.4,27.24632453918457
2026-03-07,30,1,wk inc flu hosp,2026-03-14,quantile,0.45,28.0
2026-03-07,30,1,wk inc flu hosp,2026-03-14,quantile,0.5,30.0
2026-03-07,30,1,wk inc flu hosp,2026-03-14,quantile,0.55,32.0
2026-03-07,30,1,wk inc flu hosp,2026-03-14,quantile,0.6,33.0
2026-03-07,30,1,wk inc flu hosp,2026-03-14,quantile,0.65,35.0
2026-03-07,30,1,wk inc flu hosp,2026-03-14,quantile,0.7,37.0
2026-03-07,30,1,wk inc flu hosp,2026-03-14,quantile,0.75,40.0
2026-03-07,30,1,wk inc flu hosp,2026-03-14,quantile,0.8,44.0
2026-03-07,30,1,wk inc flu hosp,2026-03-14,quantile,0.85,47.0
2026-03-07,30,1,wk inc flu hosp,2026-03-14,quantile,0.9,52.0
2026-03-07,30,1,wk inc flu hosp,2026-03-14,quantile,0.95,58.0
2026-03-07,30,1,wk inc flu hosp,2026-03-14,quantile,0.975,63.0
2026-03-07,30,1,wk inc flu hosp,2026-03-14,quantile,0.99,73.0
2026-03-07,30,2,wk inc flu hosp,2026-03-21,quantile,0.01,5.0
2026-03-07,30,2,wk inc flu hosp,2026-03-21,quantile,0.025,7.0
2026-03-07,30,2,wk inc flu hosp,2026-03-21,quantile,0.05,8.0
2026-03-07,30,2,wk inc flu hosp,2026-03-21,quantile,0.1,12.0
2026-03-07,30,2,wk inc flu hosp,2026-03-21,quantile,0.15,13.783899774180572
2026-03-07,30,2,wk inc flu hosp,2026-03-21,quantile,0.2,16.733561352596297
2026-03-07,30,2,wk inc flu hosp,2026-03-21,quantile,0.25,18.33708400461748
2026-03-07,30,2,wk inc flu hosp,2026-03-21,quantile,0.3,19.802335739135746
2026-03-07,30,2,wk inc flu hosp,2026-03-21,quantile,0.35,20.50369071960449
2026-03-07,30,2,wk inc flu hosp,2026-03-21,quantile,0.4,21.24217414855957
2026-03-07,30,2,wk inc flu hosp,2026-03-21,quantile,0.45,22.0
2026-03-07,30,2,wk inc flu hosp,2026-03-21,quantile,0.5,23.0
2026-03-07,30,2,wk inc flu hosp,2026-03-21,quantile,0.55,24.0
2026-03-07,30,2,wk inc flu hosp,2026-03-21,quantile,0.6,25.0
2026-03-07,30,2,wk inc flu hosp,2026-03-21,quantile,0.65,27.0
2026-03-07,30,2,wk inc flu hosp,2026-03-21,quantile,0.7,30.0
2026-03-07,30,2,wk inc flu hosp,2026-03-21,quantile,0.75,32.0
2026-03-07,30,2,wk inc flu hosp,2026-03-21,quantile,0.8,35.0
2026-03-07,30,2,wk inc flu hosp,2026-03-21,quantile,0.85,39.0
2026-03-07,30,2,wk inc flu hosp,2026-03-21,quantile,0.9,45.0
2026-03-07,30,2,wk inc flu hosp,2026-03-21,quantile,0.95,54.0
2026-03-07,30,2,wk inc flu hosp,2026-03-21,quantile,0.975,61.0
2026-03-07,30,2,wk inc flu hosp,2026-03-21,quantile,0.99,75.0
2026-03-07,30,3,wk inc flu hosp,2026-03-28,quantile,0.01,2.460108558501082
2026-03-07,30,3,wk inc flu hosp,2026-03-28,quantile,0.025,3.943739997156375
2026-03-07,30,3,wk inc flu hosp,2026-03-28,quantile,0.05,5.450178123936304
2026-03-07,30,3,wk inc flu hosp,2026-03-28,quantile,0.1,8.688846508475882
2026-03-07,30,3,wk inc flu hosp,2026-03-28,quantile,0.15,11.315420193275587
2026-03-07,30,3,wk inc flu hosp,2026-03-28,quantile,0.2,13.0
2026-03-07,30,3,wk inc flu hosp,2026-03-28,quantile,0.25,14.0
2026-03-07,30,3,wk inc flu hosp,2026-03-28,quantile,0.3,15.0
2026-03-07,30,3,wk inc flu hosp,2026-03-28,quantile,0.35,16.0
2026-03-07,30,3,wk inc flu hosp,2026-03-28,quantile,0.4,17.0
2026-03-07,30,3,wk inc flu hosp,2026-03-28,quantile,0.45,18.0
2026-03-07,30,3,wk inc flu hosp,2026-03-28,quantile,0.5,18.0
2026-03-07,30,3,wk inc flu hosp,2026-03-28,quantile,0.55,19.0
2026-03-07,30,3,wk inc flu hosp,2026-03-28,quantile,0.6,20.0
2026-03-07,30,3,wk inc flu hosp,2026-03-28,quantile,0.65,21.0
2026-03-07,30,3,wk inc flu hosp,2026-03-28,quantile,0.7,24.0
2026-03-07,30,3,wk inc flu hosp,2026-03-28,quantile,0.75,26.0
2026-03-07,30,3,wk inc flu hosp,2026-03-28,quantile,0.8,29.0
2026-03-07,30,3,wk inc flu hosp,2026-03-28,quantile,0.85,33.0
2026-03-07,30,3,wk inc flu hosp,2026-03-28,quantile,0.9,39.0
2026-03-07,30,3,wk inc flu hosp,2026-03-28,quantile,0.95,47.0
2026-03-07,30,3,wk inc flu hosp,2026-03-28,quantile,0.975,56.0
2026-03-07,30,3,wk inc flu hosp,2026-03-28,quantile,0.99,65.0
2026-03-07,31,0,wk inc flu hosp,2026-03-07,quantile,0.01,32.0
2026-03-07,31,0,wk inc flu hosp,2026-03-07,quantile,0.025,38.0
2026-03-07,31,0,wk inc flu hosp,2026-03-07,quantile,0.05,42.0
2026-03-07,31,0,wk inc flu hosp,2026-03-07,quantile,0.1,46.0
2026-03-07,31,0,wk inc flu hosp,2026-03-07,quantile,0.15,49.0
2026-03-07,31,0,wk inc flu hosp,2026-03-07,quantile,0.2,51.0
2026-03-07,31,0,wk inc flu hosp,2026-03-07,quantile,0.25,54.0
2026-03-07,31,0,wk inc flu hosp,2026-03-07,quantile,0.3,57.0
2026-03-07,31,0,wk inc flu hosp,2026-03-07,quantile,0.35,60.483673095703125
2026-03-07,31,0,wk inc flu hosp,2026-03-07,quantile,0.4,62.0
2026-03-07,31,0,wk inc flu hosp,2026-03-07,quantile,0.45,65.7075048076054
2026-03-07,31,0,wk inc flu hosp,2026-03-07,quantile,0.5,71.0
2026-03-07,31,0,wk inc flu hosp,2026-03-07,quantile,0.55,74.0
2026-03-07,31,0,wk inc flu hosp,2026-03-07,quantile,0.6,77.0
2026-03-07,31,0,wk inc flu hosp,2026-03-07,quantile,0.65,80.0
2026-03-07,31,0,wk inc flu hosp,2026-03-07,quantile,0.7,81.0
2026-03-07,31,0,wk inc flu hosp,2026-03-07,quantile,0.75,83.0
2026-03-07,31,0,wk inc flu hosp,2026-03-07,quantile,0.8,85.0
2026-03-07,31,0,wk inc flu hosp,2026-03-07,quantile,0.85,88.0
2026-03-07,31,0,wk inc flu hosp,2026-03-07,quantile,0.9,94.0
2026-03-07,31,0,wk inc flu hosp,2026-03-07,quantile,0.95,102.0
2026-03-07,31,0,wk inc flu hosp,2026-03-07,quantile,0.975,110.0
2026-03-07,31,0,wk inc flu hosp,2026-03-07,quantile,0.99,119.0
2026-03-07,31,1,wk inc flu hosp,2026-03-14,quantile,0.01,14.36987725440988
2026-03-07,31,1,wk inc flu hosp,2026-03-14,quantile,0.025,19.0
2026-03-07,31,1,wk inc flu hosp,2026-03-14,quantile,0.05,24.0
2026-03-07,31,1,wk inc flu hosp,2026-03-14,quantile,0.1,29.0
2026-03-07,31,1,wk inc flu hosp,2026-03-14,quantile,0.15,34.0
2026-03-07,31,1,wk inc flu hosp,2026-03-14,quantile,0.2,37.0
2026-03-07,31,1,wk inc flu hosp,2026-03-14,quantile,0.25,41.571871604391454
2026-03-07,31,1,wk inc flu hosp,2026-03-14,quantile,0.3,44.0
2026-03-07,31,1,wk inc flu hosp,2026-03-14,quantile,0.35,47.0
2026-03-07,31,1,wk inc flu hosp,2026-03-14,quantile,0.4,50.0
2026-03-07,31,1,wk inc flu hosp,2026-03-14,quantile,0.45,52.0
2026-03-07,31,1,wk inc flu hosp,2026-03-14,quantile,0.5,55.0
2026-03-07,31,1,wk inc flu hosp,2026-03-14,quantile,0.55,58.0
2026-03-07,31,1,wk inc flu hosp,2026-03-14,quantile,0.6,62.0
2026-03-07,31,1,wk inc flu hosp,2026-03-14,quantile,0.65,64.0
2026-03-07,31,1,wk inc flu hosp,2026-03-14,quantile,0.7,68.0
2026-03-07,31,1,wk inc flu hosp,2026-03-14,quantile,0.75,72.0
2026-03-07,31,1,wk inc flu hosp,2026-03-14,quantile,0.8,76.0
2026-03-07,31,1,wk inc flu hosp,2026-03-14,quantile,0.85,81.0
2026-03-07,31,1,wk inc flu hosp,2026-03-14,quantile,0.9,88.0
2026-03-07,31,1,wk inc flu hosp,2026-03-14,quantile,0.95,99.0
2026-03-07,31,1,wk inc flu hosp,2026-03-14,quantile,0.975,109.0
2026-03-07,31,1,wk inc flu hosp,2026-03-14,quantile,0.99,122.0
2026-03-07,31,2,wk inc flu hosp,2026-03-21,quantile,0.01,8.817785578237531
2026-03-07,31,2,wk inc flu hosp,2026-03-21,quantile,0.025,11.185631507104684
2026-03-07,31,2,wk inc flu hosp,2026-03-21,quantile,0.05,14.0
2026-03-07,31,2,wk inc flu hosp,2026-03-21,quantile,0.1,21.379084937940245
2026-03-07,31,2,wk inc flu hosp,2026-03-21,quantile,0.15,26.234140521298883
2026-03-07,31,2,wk inc flu hosp,2026-03-21,quantile,0.2,29.337913513183597
2026-03-07,31,2,wk inc flu hosp,2026-03-21,quantile,0.25,33.63322536896846
2026-03-07,31,2,wk inc flu hosp,2026-03-21,quantile,0.3,37.379254794561206
2026-03-07,31,2,wk inc flu hosp,2026-03-21,quantile,0.35,40.140194308337286
2026-03-07,31,2,wk inc flu hosp,2026-03-21,quantile,0.4,42.4638216408469
2026-03-07,31,2,wk inc flu hosp,2026-03-21,quantile,0.45,44.0
2026-03-07,31,2,wk inc flu hosp,2026-03-21,quantile,0.5,45.0
2026-03-07,31,2,wk inc flu hosp,2026-03-21,quantile,0.55,47.0
2026-03-07,31,2,wk inc flu hosp,2026-03-21,quantile,0.6,49.0
2026-03-07,31,2,wk inc flu hosp,2026-03-21,quantile,0.65,50.0
2026-03-07,31,2,wk inc flu hosp,2026-03-21,quantile,0.7,52.0
2026-03-07,31,2,wk inc flu hosp,2026-03-21,quantile,0.75,56.0
2026-03-07,31,2,wk inc flu hosp,2026-03-21,quantile,0.8,59.0
2026-03-07,31,2,wk inc flu hosp,2026-03-21,quantile,0.85,63.0
2026-03-07,31,2,wk inc flu hosp,2026-03-21,quantile,0.9,68.0
2026-03-07,31,2,wk inc flu hosp,2026-03-21,quantile,0.95,84.0
2026-03-07,31,2,wk inc flu hosp,2026-03-21,quantile,0.975,97.0
2026-03-07,31,2,wk inc flu hosp,2026-03-21,quantile,0.99,118.0
2026-03-07,31,3,wk inc flu hosp,2026-03-28,quantile,0.01,5.419335926298567
2026-03-07,31,3,wk inc flu hosp,2026-03-28,quantile,0.025,8.919632568130881
2026-03-07,31,3,wk inc flu hosp,2026-03-28,quantile,0.05,14.191774857071506
2026-03-07,31,3,wk inc flu hosp,2026-03-28,quantile,0.1,19.223655700683597
2026-03-07,31,3,wk inc flu hosp,2026-03-28,quantile,0.15,24.483060394690177
2026-03-07,31,3,wk inc flu hosp,2026-03-28,quantile,0.2,27.0
2026-03-07,31,3,wk inc flu hosp,2026-03-28,quantile,0.25,28.0
2026-03-07,31,3,wk inc flu hosp,2026-03-28,quantile,0.3,30.0
2026-03-07,31,3,wk inc flu hosp,2026-03-28,quantile,0.35,31.0
2026-03-07,31,3,wk inc flu hosp,2026-03-28,quantile,0.4,32.0
2026-03-07,31,3,wk inc flu hosp,2026-03-28,quantile,0.45,34.0
2026-03-07,31,3,wk inc flu hosp,2026-03-28,quantile,0.5,35.0
2026-03-07,31,3,wk inc flu hosp,2026-03-28,quantile,0.55,36.0
2026-03-07,31,3,wk inc flu hosp,2026-03-28,quantile,0.6,38.0
2026-03-07,31,3,wk inc flu hosp,2026-03-28,quantile,0.65,40.0
2026-03-07,31,3,wk inc flu hosp,2026-03-28,quantile,0.7,43.0
2026-03-07,31,3,wk inc flu hosp,2026-03-28,quantile,0.75,45.0
2026-03-07,31,3,wk inc flu hosp,2026-03-28,quantile,0.8,48.0
2026-03-07,31,3,wk inc flu hosp,2026-03-28,quantile,0.85,50.0
2026-03-07,31,3,wk inc flu hosp,2026-03-28,quantile,0.9,57.0
2026-03-07,31,3,wk inc flu hosp,2026-03-28,quantile,0.95,70.0
2026-03-07,31,3,wk inc flu hosp,2026-03-28,quantile,0.975,83.0
2026-03-07,31,3,wk inc flu hosp,2026-03-28,quantile,0.99,95.0
2026-03-07,32,0,wk inc flu hosp,2026-03-07,quantile,0.01,23.0
2026-03-07,32,0,wk inc flu hosp,2026-03-07,quantile,0.025,25.26346595388191
2026-03-07,32,0,wk inc flu hosp,2026-03-07,quantile,0.05,31.0
2026-03-07,32,0,wk inc flu hosp,2026-03-07,quantile,0.1,37.0
2026-03-07,32,0,wk inc flu hosp,2026-03-07,quantile,0.15,41.0
2026-03-07,32,0,wk inc flu hosp,2026-03-07,quantile,0.2,43.459260751038514
2026-03-07,32,0,wk inc flu hosp,2026-03-07,quantile,0.25,46.8712913847733
2026-03-07,32,0,wk inc flu hosp,2026-03-07,quantile,0.3,49.27826988117123
2026-03-07,32,0,wk inc flu hosp,2026-03-07,quantile,0.35,52.20738615110493
2026-03-07,32,0,wk inc flu hosp,2026-03-07,quantile,0.4,54.85018918520949
2026-03-07,32,0,wk inc flu hosp,2026-03-07,quantile,0.45,56.98208502615871
2026-03-07,32,0,wk inc flu hosp,2026-03-07,quantile,0.5,59.66761951208582
2026-03-07,32,0,wk inc flu hosp,2026-03-07,quantile,0.55,61.26968002319336
2026-03-07,32,0,wk inc flu hosp,2026-03-07,quantile,0.6,62.69716644287109
2026-03-07,32,0,wk inc flu hosp,2026-03-07,quantile,0.65,64.18396759033203
2026-03-07,32,0,wk inc flu hosp,2026-03-07,quantile,0.7,65.73299407958984
2026-03-07,32,0,wk inc flu hosp,2026-03-07,quantile,0.75,69.0
2026-03-07,32,0,wk inc flu hosp,2026-03-07,quantile,0.8,74.0
2026-03-07,32,0,wk inc flu hosp,2026-03-07,quantile,0.85,79.0
2026-03-07,32,0,wk inc flu hosp,2026-03-07,quantile,0.9,86.0
2026-03-07,32,0,wk inc flu hosp,2026-03-07,quantile,0.95,101.0
2026-03-07,32,0,wk inc flu hosp,2026-03-07,quantile,0.975,108.41411904690294
2026-03-07,32,0,wk inc flu hosp,2026-03-07,quantile,0.99,116.85941949424074
2026-03-07,32,1,wk inc flu hosp,2026-03-14,quantile,0.01,13.0
2026-03-07,32,1,wk inc flu hosp,2026-03-14,quantile,0.025,16.0
2026-03-07,32,1,wk inc flu hosp,2026-03-14,quantile,0.05,22.0
2026-03-07,32,1,wk inc flu hosp,2026-03-14,quantile,0.1,26.0
2026-03-07,32,1,wk inc flu hosp,2026-03-14,quantile,0.15,30.0
2026-03-07,32,1,wk inc flu hosp,2026-03-14,quantile,0.2,34.0
2026-03-07,32,1,wk inc flu hosp,2026-03-14,quantile,0.25,38.0
2026-03-07,32,1,wk inc flu hosp,2026-03-14,quantile,0.3,41.0
2026-03-07,32,1,wk inc flu hosp,2026-03-14,quantile,0.35,44.0
2026-03-07,32,1,wk inc flu hosp,2026-03-14,quantile,0.4,46.89067310906011
2026-03-07,32,1,wk inc flu hosp,2026-03-14,quantile,0.45,50.56513371506498
2026-03-07,32,1,wk inc flu hosp,2026-03-14,quantile,0.5,53.0
2026-03-07,32,1,wk inc flu hosp,2026-03-14,quantile,0.55,55.0
2026-03-07,32,1,wk inc flu hosp,2026-03-14,quantile,0.6,55.0
2026-03-07,32,1,wk inc flu hosp,2026-03-14,quantile,0.65,58.0
2026-03-07,32,1,wk inc flu hosp,2026-03-14,quantile,0.7,59.0
2026-03-07,32,1,wk inc flu hosp,2026-03-14,quantile,0.75,61.0
2026-03-07,32,1,wk inc flu hosp,2026-03-14,quantile,0.8,64.0
2026-03-07,32,1,wk inc flu hosp,2026-03-14,quantile,0.85,68.0
2026-03-07,32,1,wk inc flu hosp,2026-03-14,quantile,0.9,75.0
2026-03-07,32,1,wk inc flu hosp,2026-03-14,quantile,0.95,81.0
2026-03-07,32,1,wk inc flu hosp,2026-03-14,quantile,0.975,93.0
2026-03-07,32,1,wk inc flu hosp,2026-03-14,quantile,0.99,100.0
2026-03-07,32,2,wk inc flu hosp,2026-03-21,quantile,0.01,8.0
2026-03-07,32,2,wk inc flu hosp,2026-03-21,quantile,0.025,10.0
2026-03-07,32,2,wk inc flu hosp,2026-03-21,quantile,0.05,15.65774914051238
2026-03-07,32,2,wk inc flu hosp,2026-03-21,quantile,0.1,20.0
2026-03-07,32,2,wk inc flu hosp,2026-03-21,quantile,0.15,21.0
2026-03-07,32,2,wk inc flu hosp,2026-03-21,quantile,0.2,25.962621070567245
2026-03-07,32,2,wk inc flu hosp,2026-03-21,quantile,0.25,30.766534453001043
2026-03-07,32,2,wk inc flu hosp,2026-03-21,quantile,0.3,35.296756744384766
2026-03-07,32,2,wk inc flu hosp,2026-03-21,quantile,0.35,36.4140625
2026-03-07,32,2,wk inc flu hosp,2026-03-21,quantile,0.4,37.49705505371094
2026-03-07,32,2,wk inc flu hosp,2026-03-21,quantile,0.45,38.57378768920898
2026-03-07,32,2,wk inc flu hosp,2026-03-21,quantile,0.5,42.0
2026-03-07,32,2,wk inc flu hosp,2026-03-21,quantile,0.55,45.0
2026-03-07,32,2,wk inc flu hosp,2026-03-21,quantile,0.6,48.0
2026-03-07,32,2,wk inc flu hosp,2026-03-21,quantile,0.65,52.0
2026-03-07,32,2,wk inc flu hosp,2026-03-21,quantile,0.7,55.0
2026-03-07,32,2,wk inc flu hosp,2026-03-21,quantile,0.75,58.0
2026-03-07,32,2,wk inc flu hosp,2026-03-21,quantile,0.8,60.0
2026-03-07,32,2,wk inc flu hosp,2026-03-21,quantile,0.85,64.0
2026-03-07,32,2,wk inc flu hosp,2026-03-21,quantile,0.9,67.0
2026-03-07,32,2,wk inc flu hosp,2026-03-21,quantile,0.95,77.0
2026-03-07,32,2,wk inc flu hosp,2026-03-21,quantile,0.975,81.0
2026-03-07,32,2,wk inc flu hosp,2026-03-21,quantile,0.99,96.0
2026-03-07,32,3,wk inc flu hosp,2026-03-28,quantile,0.01,3.0
2026-03-07,32,3,wk inc flu hosp,2026-03-28,quantile,0.025,6.424707113756795
2026-03-07,32,3,wk inc flu hosp,2026-03-28,quantile,0.05,9.0
2026-03-07,32,3,wk inc flu hosp,2026-03-28,quantile,0.1,12.0
2026-03-07,32,3,wk inc flu hosp,2026-03-28,quantile,0.15,16.541274751110848
2026-03-07,32,3,wk inc flu hosp,2026-03-28,quantile,0.2,21.946028519659816
2026-03-07,32,3,wk inc flu hosp,2026-03-28,quantile,0.25,24.0
2026-03-07,32,3,wk inc flu hosp,2026-03-28,quantile,0.3,27.0
2026-03-07,32,3,wk inc flu hosp,2026-03-28,quantile,0.35,30.0
2026-03-07,32,3,wk inc flu hosp,2026-03-28,quantile,0.4,34.0
2026-03-07,32,3,wk inc flu hosp,2026-03-28,quantile,0.45,36.0
2026-03-07,32,3,wk inc flu hosp,2026-03-28,quantile,0.5,39.0
2026-03-07,32,3,wk inc flu hosp,2026-03-28,quantile,0.55,42.0
2026-03-07,32,3,wk inc flu hosp,2026-03-28,quantile,0.6,43.0
2026-03-07,32,3,wk inc flu hosp,2026-03-28,quantile,0.65,44.0
2026-03-07,32,3,wk inc flu hosp,2026-03-28,quantile,0.7,46.0
2026-03-07,32,3,wk inc flu hosp,2026-03-28,quantile,0.75,50.0
2026-03-07,32,3,wk inc flu hosp,2026-03-28,quantile,0.8,53.0
2026-03-07,32,3,wk inc flu hosp,2026-03-28,quantile,0.85,57.0
2026-03-07,32,3,wk inc flu hosp,2026-03-28,quantile,0.9,64.0
2026-03-07,32,3,wk inc flu hosp,2026-03-28,quantile,0.95,78.0
2026-03-07,32,3,wk inc flu hosp,2026-03-28,quantile,0.975,84.0
2026-03-07,32,3,wk inc flu hosp,2026-03-28,quantile,0.99,89.0
2026-03-07,33,0,wk inc flu hosp,2026-03-07,quantile,0.01,5.0
2026-03-07,33,0,wk inc flu hosp,2026-03-07,quantile,0.025,6.0
2026-03-07,33,0,wk inc flu hosp,2026-03-07,quantile,0.05,8.191838783101819
2026-03-07,33,0,wk inc flu hosp,2026-03-07,quantile,0.1,11.227414463813709
2026-03-07,33,0,wk inc flu hosp,2026-03-07,quantile,0.15,13.0
2026-03-07,33,0,wk inc flu hosp,2026-03-07,quantile,0.2,14.0
2026-03-07,33,0,wk inc flu hosp,2026-03-07,quantile,0.25,15.74183404518108
2026-03-07,33,0,wk inc flu hosp,2026-03-07,quantile,0.3,17.0
2026-03-07,33,0,wk inc flu hosp,2026-03-07,quantile,0.35,18.0
2026-03-07,33,0,wk inc flu hosp,2026-03-07,quantile,0.4,19.0
2026-03-07,33,0,wk inc flu hosp,2026-03-07,quantile,0.45,19.0
2026-03-07,33,0,wk inc flu hosp,2026-03-07,quantile,0.5,20.0
2026-03-07,33,0,wk inc flu hosp,2026-03-07,quantile,0.55,21.0
2026-03-07,33,0,wk inc flu hosp,2026-03-07,quantile,0.6,22.0
2026-03-07,33,0,wk inc flu hosp,2026-03-07,quantile,0.65,23.0
2026-03-07,33,0,wk inc flu hosp,2026-03-07,quantile,0.7,24.0
2026-03-07,33,0,wk inc flu hosp,2026-03-07,quantile,0.75,26.0
2026-03-07,33,0,wk inc flu hosp,2026-03-07,quantile,0.8,27.0
2026-03-07,33,0,wk inc flu hosp,2026-03-07,quantile,0.85,29.0
2026-03-07,33,0,wk inc flu hosp,2026-03-07,quantile,0.9,31.0
2026-03-07,33,0,wk inc flu hosp,2026-03-07,quantile,0.95,35.0
2026-03-07,33,0,wk inc flu hosp,2026-03-07,quantile,0.975,38.0
2026-03-07,33,0,wk inc flu hosp,2026-03-07,quantile,0.99,43.0
2026-03-07,33,1,wk inc flu hosp,2026-03-14,quantile,0.01,2.0
2026-03-07,33,1,wk inc flu hosp,2026-03-14,quantile,0.025,2.1999444801543278
2026-03-07,33,1,wk inc flu hosp,2026-03-14,quantile,0.05,5.0
2026-03-07,33,1,wk inc flu hosp,2026-03-14,quantile,0.1,6.707385784368327
2026-03-07,33,1,wk inc flu hosp,2026-03-14,quantile,0.15,7.843055371783649
2026-03-07,33,1,wk inc flu hosp,2026-03-14,quantile,0.2,8.0
2026-03-07,33,1,wk inc flu hosp,2026-03-14,quantile,0.25,9.0
2026-03-07,33,1,wk inc flu hosp,2026-03-14,quantile,0.3,10.0
2026-03-07,33,1,wk inc flu hosp,2026-03-14,quantile,0.35,11.0
2026-03-07,33,1,wk inc flu hosp,2026-03-14,quantile,0.4,12.0
2026-03-07,33,1,wk inc flu hosp,2026-03-14,quantile,0.45,12.0
2026-03-07,33,1,wk inc flu hosp,2026-03-14,quantile,0.5,13.0
2026-03-07,33,1,wk inc flu hosp,2026-03-14,quantile,0.55,14.0
2026-03-07,33,1,wk inc flu hosp,2026-03-14,quantile,0.6,15.0
2026-03-07,33,1,wk inc flu hosp,2026-03-14,quantile,0.65,16.0
2026-03-07,33,1,wk inc flu hosp,2026-03-14,quantile,0.7,17.0
2026-03-07,33,1,wk inc flu hosp,2026-03-14,quantile,0.75,19.0
2026-03-07,33,1,wk inc flu hosp,2026-03-14,quantile,0.8,20.0
2026-03-07,33,1,wk inc flu hosp,2026-03-14,quantile,0.85,23.0
2026-03-07,33,1,wk inc flu hosp,2026-03-14,quantile,0.9,28.0
2026-03-07,33,1,wk inc flu hosp,2026-03-14,quantile,0.95,35.0
2026-03-07,33,1,wk inc flu hosp,2026-03-14,quantile,0.975,41.0
2026-03-07,33,1,wk inc flu hosp,2026-03-14,quantile,0.99,49.0
2026-03-07,33,2,wk inc flu hosp,2026-03-21,quantile,0.01,0.0
2026-03-07,33,2,wk inc flu hosp,2026-03-21,quantile,0.025,1.0
2026-03-07,33,2,wk inc flu hosp,2026-03-21,quantile,0.05,1.573466438490126
2026-03-07,33,2,wk inc flu hosp,2026-03-21,quantile,0.1,3.0
2026-03-07,33,2,wk inc flu hosp,2026-03-21,quantile,0.15,4.0
2026-03-07,33,2,wk inc flu hosp,2026-03-21,quantile,0.2,5.0
2026-03-07,33,2,wk inc flu hosp,2026-03-21,quantile,0.25,6.0
2026-03-07,33,2,wk inc flu hosp,2026-03-21,quantile,0.3,7.0
2026-03-07,33,2,wk inc flu hosp,2026-03-21,quantile,0.35,8.0
2026-03-07,33,2,wk inc flu hosp,2026-03-21,quantile,0.4,8.0
2026-03-07,33,2,wk inc flu hosp,2026-03-21,quantile,0.45,9.0
2026-03-07,33,2,wk inc flu hosp,2026-03-21,quantile,0.5,10.0
2026-03-07,33,2,wk inc flu hosp,2026-03-21,quantile,0.55,11.0
2026-03-07,33,2,wk inc flu hosp,2026-03-21,quantile,0.6,12.0
2026-03-07,33,2,wk inc flu hosp,2026-03-21,quantile,0.65,13.0
2026-03-07,33,2,wk inc flu hosp,2026-03-21,quantile,0.7,13.0
2026-03-07,33,2,wk inc flu hosp,2026-03-21,quantile,0.75,15.0
2026-03-07,33,2,wk inc flu hosp,2026-03-21,quantile,0.8,16.0
2026-03-07,33,2,wk inc flu hosp,2026-03-21,quantile,0.85,18.0
2026-03-07,33,2,wk inc flu hosp,2026-03-21,quantile,0.9,22.0
2026-03-07,33,2,wk inc flu hosp,2026-03-21,quantile,0.95,30.0
2026-03-07,33,2,wk inc flu hosp,2026-03-21,quantile,0.975,39.0
2026-03-07,33,2,wk inc flu hosp,2026-03-21,quantile,0.99,49.0
2026-03-07,33,3,wk inc flu hosp,2026-03-28,quantile,0.01,0.0
2026-03-07,33,3,wk inc flu hosp,2026-03-28,quantile,0.025,0.0140191523017154
2026-03-07,33,3,wk inc flu hosp,2026-03-28,quantile,0.05,0.9015060663223268
2026-03-07,33,3,wk inc flu hosp,2026-03-28,quantile,0.1,1.8055480326064863
2026-03-07,33,3,wk inc flu hosp,2026-03-28,quantile,0.15,2.0
2026-03-07,33,3,wk inc flu hosp,2026-03-28,quantile,0.2,3.0
2026-03-07,33,3,wk inc flu hosp,2026-03-28,quantile,0.25,4.0
2026-03-07,33,3,wk inc flu hosp,2026-03-28,quantile,0.3,4.0
2026-03-07,33,3,wk inc flu hosp,2026-03-28,quantile,0.35,5.0
2026-03-07,33,3,wk inc flu hosp,2026-03-28,quantile,0.4,6.0
2026-03-07,33,3,wk inc flu hosp,2026-03-28,quantile,0.45,7.0
2026-03-07,33,3,wk inc flu hosp,2026-03-28,quantile,0.5,7.0
2026-03-07,33,3,wk inc flu hosp,2026-03-28,quantile,0.55,8.0
2026-03-07,33,3,wk inc flu hosp,2026-03-28,quantile,0.6,9.0
2026-03-07,33,3,wk inc flu hosp,2026-03-28,quantile,0.65,10.0
2026-03-07,33,3,wk inc flu hosp,2026-03-28,quantile,0.7,11.0
2026-03-07,33,3,wk inc flu hosp,2026-03-28,quantile,0.75,12.0
2026-03-07,33,3,wk inc flu hosp,2026-03-28,quantile,0.8,13.0
2026-03-07,33,3,wk inc flu hosp,2026-03-28,quantile,0.85,15.0
2026-03-07,33,3,wk inc flu hosp,2026-03-28,quantile,0.9,18.0
2026-03-07,33,3,wk inc flu hosp,2026-03-28,quantile,0.95,24.0
2026-03-07,33,3,wk inc flu hosp,2026-03-28,quantile,0.975,33.0
2026-03-07,33,3,wk inc flu hosp,2026-03-28,quantile,0.99,44.0
2026-03-07,34,0,wk inc flu hosp,2026-03-07,quantile,0.01,98.0
2026-03-07,34,0,wk inc flu hosp,2026-03-07,quantile,0.025,107.41722869873048
2026-03-07,34,0,wk inc flu hosp,2026-03-07,quantile,0.05,111.0712890625
2026-03-07,34,0,wk inc flu hosp,2026-03-07,quantile,0.1,118.0
2026-03-07,34,0,wk inc flu hosp,2026-03-07,quantile,0.15,128.43498292689327
2026-03-07,34,0,wk inc flu hosp,2026-03-07,quantile,0.2,136.0
2026-03-07,34,0,wk inc flu hosp,2026-03-07,quantile,0.25,146.3078568444363
2026-03-07,34,0,wk inc flu hosp,2026-03-07,quantile,0.3,156.40698556646848
2026-03-07,34,0,wk inc flu hosp,2026-03-07,quantile,0.35,165.6696047459109
2026-03-07,34,0,wk inc flu hosp,2026-03-07,quantile,0.4,174.44928871854177
2026-03-07,34,0,wk inc flu hosp,2026-03-07,quantile,0.45,182.84225897935227
2026-03-07,34,0,wk inc flu hosp,2026-03-07,quantile,0.5,189.41198674101705
2026-03-07,34,0,wk inc flu hosp,2026-03-07,quantile,0.55,198.22420182180332
2026-03-07,34,0,wk inc flu hosp,2026-03-07,quantile,0.6,210.2585380085158
2026-03-07,34,0,wk inc flu hosp,2026-03-07,quantile,0.65,220.0
2026-03-07,34,0,wk inc flu hosp,2026-03-07,quantile,0.7,226.0
2026-03-07,34,0,wk inc flu hosp,2026-03-07,quantile,0.75,233.0
2026-03-07,34,0,wk inc flu hosp,2026-03-07,quantile,0.8,240.0
2026-03-07,34,0,wk inc flu hosp,2026-03-07,quantile,0.85,248.0
2026-03-07,34,0,wk inc flu hosp,2026-03-07,quantile,0.9,259.0
2026-03-07,34,0,wk inc flu hosp,2026-03-07,quantile,0.95,275.0
2026-03-07,34,0,wk inc flu hosp,2026-03-07,quantile,0.975,287.0
2026-03-07,34,0,wk inc flu hosp,2026-03-07,quantile,0.99,301.0
2026-03-07,34,1,wk inc flu hosp,2026-03-14,quantile,0.01,51.78339180816554
2026-03-07,34,1,wk inc flu hosp,2026-03-14,quantile,0.025,55.0
2026-03-07,34,1,wk inc flu hosp,2026-03-14,quantile,0.05,68.82982137824696
2026-03-07,34,1,wk inc flu hosp,2026-03-14,quantile,0.1,86.14775946479546
2026-03-07,34,1,wk inc flu hosp,2026-03-14,quantile,0.15,97.92733764648438
2026-03-07,34,1,wk inc flu hosp,2026-03-14,quantile,0.2,103.67419786799591
2026-03-07,34,1,wk inc flu hosp,2026-03-14,quantile,0.25,114.28783817390332
2026-03-07,34,1,wk inc flu hosp,2026-03-14,quantile,0.3,123.77645477450662
2026-03-07,34,1,wk inc flu hosp,2026-03-14,quantile,0.35,134.09265066048567
2026-03-07,34,1,wk inc flu hosp,2026-03-14,quantile,0.4,144.32225935479718
2026-03-07,34,1,wk inc flu hosp,2026-03-14,quantile,0.45,154.2905469657523
2026-03-07,34,1,wk inc flu hosp,2026-03-14,quantile,0.5,162.0
2026-03-07,34,1,wk inc flu hosp,2026-03-14,quantile,0.55,170.0
2026-03-07,34,1,wk inc flu hosp,2026-03-14,quantile,0.6,178.0
2026-03-07,34,1,wk inc flu hosp,2026-03-14,quantile,0.65,186.0
2026-03-07,34,1,wk inc flu hosp,2026-03-14,quantile,0.7,196.0
2026-03-07,34,1,wk inc flu hosp,2026-03-14,quantile,0.75,207.0
2026-03-07,34,1,wk inc flu hosp,2026-03-14,quantile,0.8,220.0
2026-03-07,34,1,wk inc flu hosp,2026-03-14,quantile,0.85,235.0
2026-03-07,34,1,wk inc flu hosp,2026-03-14,quantile,0.9,255.0
2026-03-07,34,1,wk inc flu hosp,2026-03-14,quantile,0.95,287.0
2026-03-07,34,1,wk inc flu hosp,2026-03-14,quantile,0.975,314.0
2026-03-07,34,1,wk inc flu hosp,2026-03-14,quantile,0.99,342.0
2026-03-07,34,2,wk inc flu hosp,2026-03-21,quantile,0.01,31.0
2026-03-07,34,2,wk inc flu hosp,2026-03-21,quantile,0.025,39.0
2026-03-07,34,2,wk inc flu hosp,2026-03-21,quantile,0.05,46.0
2026-03-07,34,2,wk inc flu hosp,2026-03-21,quantile,0.1,58.0
2026-03-07,34,2,wk inc flu hosp,2026-03-21,quantile,0.15,66.0
2026-03-07,34,2,wk inc flu hosp,2026-03-21,quantile,0.2,78.0
2026-03-07,34,2,wk inc flu hosp,2026-03-21,quantile,0.25,87.449184410001
2026-03-07,34,2,wk inc flu hosp,2026-03-21,quantile,0.3,98.0
2026-03-07,34,2,wk inc flu hosp,2026-03-21,quantile,0.35,104.0
2026-03-07,34,2,wk inc flu hosp,2026-03-21,quantile,0.4,109.0
2026-03-07,34,2,wk inc flu hosp,2026-03-21,quantile,0.45,114.0
2026-03-07,34,2,wk inc flu hosp,2026-03-21,quantile,0.5,118.0
2026-03-07,34,2,wk inc flu hosp,2026-03-21,quantile,0.55,123.0
2026-03-07,34,2,wk inc flu hosp,2026-03-21,quantile,0.6,131.0
2026-03-07,34,2,wk inc flu hosp,2026-03-21,quantile,0.65,140.0
2026-03-07,34,2,wk inc flu hosp,2026-03-21,quantile,0.7,150.0
2026-03-07,34,2,wk inc flu hosp,2026-03-21,quantile,0.75,162.0
2026-03-07,34,2,wk inc flu hosp,2026-03-21,quantile,0.8,177.0
2026-03-07,34,2,wk inc flu hosp,2026-03-21,quantile,0.85,194.0
2026-03-07,34,2,wk inc flu hosp,2026-03-21,quantile,0.9,217.0
2026-03-07,34,2,wk inc flu hosp,2026-03-21,quantile,0.95,255.0
2026-03-07,34,2,wk inc flu hosp,2026-03-21,quantile,0.975,287.0
2026-03-07,34,2,wk inc flu hosp,2026-03-21,quantile,0.99,388.0
2026-03-07,34,3,wk inc flu hosp,2026-03-28,quantile,0.01,19.0
2026-03-07,34,3,wk inc flu hosp,2026-03-28,quantile,0.025,22.0
2026-03-07,34,3,wk inc flu hosp,2026-03-28,quantile,0.05,26.0
2026-03-07,34,3,wk inc flu hosp,2026-03-28,quantile,0.1,35.0
2026-03-07,34,3,wk inc flu hosp,2026-03-28,quantile,0.15,46.0
2026-03-07,34,3,wk inc flu hosp,2026-03-28,quantile,0.2,58.0
2026-03-07,34,3,wk inc flu hosp,2026-03-28,quantile,0.25,69.07015693113846
2026-03-07,34,3,wk inc flu hosp,2026-03-28,quantile,0.3,82.0
2026-03-07,34,3,wk inc flu hosp,2026-03-28,quantile,0.35,91.0
2026-03-07,34,3,wk inc flu hosp,2026-03-28,quantile,0.4,95.0
2026-03-07,34,3,wk inc flu hosp,2026-03-28,quantile,0.45,97.0
2026-03-07,34,3,wk inc flu hosp,2026-03-28,quantile,0.5,102.0
2026-03-07,34,3,wk inc flu hosp,2026-03-28,quantile,0.55,108.0
2026-03-07,34,3,wk inc flu hosp,2026-03-28,quantile,0.6,114.0
2026-03-07,34,3,wk inc flu hosp,2026-03-28,quantile,0.65,117.0
2026-03-07,34,3,wk inc flu hosp,2026-03-28,quantile,0.7,120.0
2026-03-07,34,3,wk inc flu hosp,2026-03-28,quantile,0.75,127.0
2026-03-07,34,3,wk inc flu hosp,2026-03-28,quantile,0.8,133.0
2026-03-07,34,3,wk inc flu hosp,2026-03-28,quantile,0.85,156.0
2026-03-07,34,3,wk inc flu hosp,2026-03-28,quantile,0.9,190.0
2026-03-07,34,3,wk inc flu hosp,2026-03-28,quantile,0.95,242.0
2026-03-07,34,3,wk inc flu hosp,2026-03-28,quantile,0.975,300.0
2026-03-07,34,3,wk inc flu hosp,2026-03-28,quantile,0.99,381.0
2026-03-07,35,0,wk inc flu hosp,2026-03-07,quantile,0.01,33.0
2026-03-07,35,0,wk inc flu hosp,2026-03-07,quantile,0.025,37.0
2026-03-07,35,0,wk inc flu hosp,2026-03-07,quantile,0.05,41.0
2026-03-07,35,0,wk inc flu hosp,2026-03-07,quantile,0.1,47.0
2026-03-07,35,0,wk inc flu hosp,2026-03-07,quantile,0.15,49.0
2026-03-07,35,0,wk inc flu hosp,2026-03-07,quantile,0.2,52.278219727857376
2026-03-07,35,0,wk inc flu hosp,2026-03-07,quantile,0.25,55.25327629058875
2026-03-07,35,0,wk inc flu hosp,2026-03-07,quantile,0.3,58.46323390312666
2026-03-07,35,0,wk inc flu hosp,2026-03-07,quantile,0.35,62.0
2026-03-07,35,0,wk inc flu hosp,2026-03-07,quantile,0.4,64.0
2026-03-07,35,0,wk inc flu hosp,2026-03-07,quantile,0.45,67.0
2026-03-07,35,0,wk inc flu hosp,2026-03-07,quantile,0.5,70.0
2026-03-07,35,0,wk inc flu hosp,2026-03-07,quantile,0.55,72.0
2026-03-07,35,0,wk inc flu hosp,2026-03-07,quantile,0.6,75.0
2026-03-07,35,0,wk inc flu hosp,2026-03-07,quantile,0.65,78.0
2026-03-07,35,0,wk inc flu hosp,2026-03-07,quantile,0.7,82.0
2026-03-07,35,0,wk inc flu hosp,2026-03-07,quantile,0.75,86.0
2026-03-07,35,0,wk inc flu hosp,2026-03-07,quantile,0.8,90.0
2026-03-07,35,0,wk inc flu hosp,2026-03-07,quantile,0.85,94.0
2026-03-07,35,0,wk inc flu hosp,2026-03-07,quantile,0.9,101.0
2026-03-07,35,0,wk inc flu hosp,2026-03-07,quantile,0.95,112.0
2026-03-07,35,0,wk inc flu hosp,2026-03-07,quantile,0.975,121.0
2026-03-07,35,0,wk inc flu hosp,2026-03-07,quantile,0.99,131.0
2026-03-07,35,1,wk inc flu hosp,2026-03-14,quantile,0.01,13.382918090283829
2026-03-07,35,1,wk inc flu hosp,2026-03-14,quantile,0.025,19.0
2026-03-07,35,1,wk inc flu hosp,2026-03-14,quantile,0.05,24.0
2026-03-07,35,1,wk inc flu hosp,2026-03-14,quantile,0.1,30.579655249188217
2026-03-07,35,1,wk inc flu hosp,2026-03-14,quantile,0.15,36.5824877317433
2026-03-07,35,1,wk inc flu hosp,2026-03-14,quantile,0.2,41.0
2026-03-07,35,1,wk inc flu hosp,2026-03-14,quantile,0.25,45.0
2026-03-07,35,1,wk inc flu hosp,2026-03-14,quantile,0.3,48.53942108154297
2026-03-07,35,1,wk inc flu hosp,2026-03-14,quantile,0.35,50.015625
2026-03-07,35,1,wk inc flu hosp,2026-03-14,quantile,0.4,52.0
2026-03-07,35,1,wk inc flu hosp,2026-03-14,quantile,0.45,55.0
2026-03-07,35,1,wk inc flu hosp,2026-03-14,quantile,0.5,57.0
2026-03-07,35,1,wk inc flu hosp,2026-03-14,quantile,0.55,60.0
2026-03-07,35,1,wk inc flu hosp,2026-03-14,quantile,0.6,64.0
2026-03-07,35,1,wk inc flu hosp,2026-03-14,quantile,0.65,68.0
2026-03-07,35,1,wk inc flu hosp,2026-03-14,quantile,0.7,74.0
2026-03-07,35,1,wk inc flu hosp,2026-03-14,quantile,0.75,82.0
2026-03-07,35,1,wk inc flu hosp,2026-03-14,quantile,0.8,90.0
2026-03-07,35,1,wk inc flu hosp,2026-03-14,quantile,0.85,99.0
2026-03-07,35,1,wk inc flu hosp,2026-03-14,quantile,0.9,108.0
2026-03-07,35,1,wk inc flu hosp,2026-03-14,quantile,0.95,123.0
2026-03-07,35,1,wk inc flu hosp,2026-03-14,quantile,0.975,136.0
2026-03-07,35,1,wk inc flu hosp,2026-03-14,quantile,0.99,152.0
2026-03-07,35,2,wk inc flu hosp,2026-03-21,quantile,0.01,11.0
2026-03-07,35,2,wk inc flu hosp,2026-03-21,quantile,0.025,11.80677645556302
2026-03-07,35,2,wk inc flu hosp,2026-03-21,quantile,0.05,18.0
2026-03-07,35,2,wk inc flu hosp,2026-03-21,quantile,0.1,21.0
2026-03-07,35,2,wk inc flu hosp,2026-03-21,quantile,0.15,24.85318809240153
2026-03-07,35,2,wk inc flu hosp,2026-03-21,quantile,0.2,29.0
2026-03-07,35,2,wk inc flu hosp,2026-03-21,quantile,0.25,31.0
2026-03-07,35,2,wk inc flu hosp,2026-03-21,quantile,0.3,34.0
2026-03-07,35,2,wk inc flu hosp,2026-03-21,quantile,0.35,38.0
2026-03-07,35,2,wk inc flu hosp,2026-03-21,quantile,0.4,40.36547088623047
2026-03-07,35,2,wk inc flu hosp,2026-03-21,quantile,0.45,42.0
2026-03-07,35,2,wk inc flu hosp,2026-03-21,quantile,0.5,44.0
2026-03-07,35,2,wk inc flu hosp,2026-03-21,quantile,0.55,47.0
2026-03-07,35,2,wk inc flu hosp,2026-03-21,quantile,0.6,51.0
2026-03-07,35,2,wk inc flu hosp,2026-03-21,quantile,0.65,55.0
2026-03-07,35,2,wk inc flu hosp,2026-03-21,quantile,0.7,62.0
2026-03-07,35,2,wk inc flu hosp,2026-03-21,quantile,0.75,69.0
2026-03-07,35,2,wk inc flu hosp,2026-03-21,quantile,0.8,75.0
2026-03-07,35,2,wk inc flu hosp,2026-03-21,quantile,0.85,82.0
2026-03-07,35,2,wk inc flu hosp,2026-03-21,quantile,0.9,91.0
2026-03-07,35,2,wk inc flu hosp,2026-03-21,quantile,0.95,110.0
2026-03-07,35,2,wk inc flu hosp,2026-03-21,quantile,0.975,122.0
2026-03-07,35,2,wk inc flu hosp,2026-03-21,quantile,0.99,142.0
2026-03-07,35,3,wk inc flu hosp,2026-03-28,quantile,0.01,5.0
2026-03-07,35,3,wk inc flu hosp,2026-03-28,quantile,0.025,7.0
2026-03-07,35,3,wk inc flu hosp,2026-03-28,quantile,0.05,9.0
2026-03-07,35,3,wk inc flu hosp,2026-03-28,quantile,0.1,13.0
2026-03-07,35,3,wk inc flu hosp,2026-03-28,quantile,0.15,18.0
2026-03-07,35,3,wk inc flu hosp,2026-03-28,quantile,0.2,22.532201766967773
2026-03-07,35,3,wk inc flu hosp,2026-03-28,quantile,0.25,23.596540451049805
2026-03-07,35,3,wk inc flu hosp,2026-03-28,quantile,0.3,24.58969497680664
2026-03-07,35,3,wk inc flu hosp,2026-03-28,quantile,0.35,25.56648635864257
2026-03-07,35,3,wk inc flu hosp,2026-03-28,quantile,0.4,26.497333526611328
2026-03-07,35,3,wk inc flu hosp,2026-03-28,quantile,0.45,27.467554092407227
2026-03-07,35,3,wk inc flu hosp,2026-03-28,quantile,0.5,29.0
2026-03-07,35,3,wk inc flu hosp,2026-03-28,quantile,0.55,32.0
2026-03-07,35,3,wk inc flu hosp,2026-03-28,quantile,0.6,35.0
2026-03-07,35,3,wk inc flu hosp,2026-03-28,quantile,0.65,40.0
2026-03-07,35,3,wk inc flu hosp,2026-03-28,quantile,0.7,47.0
2026-03-07,35,3,wk inc flu hosp,2026-03-28,quantile,0.75,55.0
2026-03-07,35,3,wk inc flu hosp,2026-03-28,quantile,0.8,66.0
2026-03-07,35,3,wk inc flu hosp,2026-03-28,quantile,0.85,81.0
2026-03-07,35,3,wk inc flu hosp,2026-03-28,quantile,0.9,99.0
2026-03-07,35,3,wk inc flu hosp,2026-03-28,quantile,0.95,118.0
2026-03-07,35,3,wk inc flu hosp,2026-03-28,quantile,0.975,135.0
2026-03-07,35,3,wk inc flu hosp,2026-03-28,quantile,0.99,157.0
2026-03-07,36,0,wk inc flu hosp,2026-03-07,quantile,0.01,91.0
2026-03-07,36,0,wk inc flu hosp,2026-03-07,quantile,0.025,109.0
2026-03-07,36,0,wk inc flu hosp,2026-03-07,quantile,0.05,128.0
2026-03-07,36,0,wk inc flu hosp,2026-03-07,quantile,0.1,140.0
2026-03-07,36,0,wk inc flu hosp,2026-03-07,quantile,0.15,152.98090252185833
2026-03-07,36,0,wk inc flu hosp,2026-03-07,quantile,0.2,166.32376161567075
2026-03-07,36,0,wk inc flu hosp,2026-03-07,quantile,0.25,179.15103149414062
2026-03-07,36,0,wk inc flu hosp,2026-03-07,quantile,0.3,188.74378016655692
2026-03-07,36,0,wk inc flu hosp,2026-03-07,quantile,0.35,197.89451829029568
2026-03-07,36,0,wk inc flu hosp,2026-03-07,quantile,0.4,207.19331435816704
2026-03-07,36,0,wk inc flu hosp,2026-03-07,quantile,0.45,218.5390836516684
2026-03-07,36,0,wk inc flu hosp,2026-03-07,quantile,0.5,230.34935531076133
2026-03-07,36,0,wk inc flu hosp,2026-03-07,quantile,0.55,244.91360204573976
2026-03-07,36,0,wk inc flu hosp,2026-03-07,quantile,0.6,259.8165064087744
2026-03-07,36,0,wk inc flu hosp,2026-03-07,quantile,0.65,272.4819750889833
2026-03-07,36,0,wk inc flu hosp,2026-03-07,quantile,0.7,291.26140535910355
2026-03-07,36,0,wk inc flu hosp,2026-03-07,quantile,0.75,306.10824523907115
2026-03-07,36,0,wk inc flu hosp,2026-03-07,quantile,0.8,323.31682539176745
2026-03-07,36,0,wk inc flu hosp,2026-03-07,quantile,0.85,353.0
2026-03-07,36,0,wk inc flu hosp,2026-03-07,quantile,0.9,382.0
2026-03-07,36,0,wk inc flu hosp,2026-03-07,quantile,0.95,426.0
2026-03-07,36,0,wk inc flu hosp,2026-03-07,quantile,0.975,463.0
2026-03-07,36,0,wk inc flu hosp,2026-03-07,quantile,0.99,499.0
2026-03-07,36,1,wk inc flu hosp,2026-03-14,quantile,0.01,59.0
2026-03-07,36,1,wk inc flu hosp,2026-03-14,quantile,0.025,67.0
2026-03-07,36,1,wk inc flu hosp,2026-03-14,quantile,0.05,74.0
2026-03-07,36,1,wk inc flu hosp,2026-03-14,quantile,0.1,89.0
2026-03-07,36,1,wk inc flu hosp,2026-03-14,quantile,0.15,98.0
2026-03-07,36,1,wk inc flu hosp,2026-03-14,quantile,0.2,115.0
2026-03-07,36,1,wk inc flu hosp,2026-03-14,quantile,0.25,124.0
2026-03-07,36,1,wk inc flu hosp,2026-03-14,quantile,0.3,138.0
2026-03-07,36,1,wk inc flu hosp,2026-03-14,quantile,0.35,153.0
2026-03-07,36,1,wk inc flu hosp,2026-03-14,quantile,0.4,176.0
2026-03-07,36,1,wk inc flu hosp,2026-03-14,quantile,0.45,183.0
2026-03-07,36,1,wk inc flu hosp,2026-03-14,quantile,0.5,199.0
2026-03-07,36,1,wk inc flu hosp,2026-03-14,quantile,0.55,216.0
2026-03-07,36,1,wk inc flu hosp,2026-03-14,quantile,0.6,230.73128253265207
2026-03-07,36,1,wk inc flu hosp,2026-03-14,quantile,0.65,247.38379503317577
2026-03-07,36,1,wk inc flu hosp,2026-03-14,quantile,0.7,267.90667365527673
2026-03-07,36,1,wk inc flu hosp,2026-03-14,quantile,0.75,286.37100047316505
2026-03-07,36,1,wk inc flu hosp,2026-03-14,quantile,0.8,312.62134171584967
2026-03-07,36,1,wk inc flu hosp,2026-03-14,quantile,0.85,344.12630233523555
2026-03-07,36,1,wk inc flu hosp,2026-03-14,quantile,0.9,394.0
2026-03-07,36,1,wk inc flu hosp,2026-03-14,quantile,0.95,458.0
2026-03-07,36,1,wk inc flu hosp,2026-03-14,quantile,0.975,518.0
2026-03-07,36,1,wk inc flu hosp,2026-03-14,quantile,0.99,592.0
2026-03-07,36,2,wk inc flu hosp,2026-03-21,quantile,0.01,36.0
2026-03-07,36,2,wk inc flu hosp,2026-03-21,quantile,0.025,42.0
2026-03-07,36,2,wk inc flu hosp,2026-03-21,quantile,0.05,49.0
2026-03-07,36,2,wk inc flu hosp,2026-03-21,quantile,0.1,54.255878728059386
2026-03-07,36,2,wk inc flu hosp,2026-03-21,quantile,0.15,69.0
2026-03-07,36,2,wk inc flu hosp,2026-03-21,quantile,0.2,88.0
2026-03-07,36,2,wk inc flu hosp,2026-03-21,quantile,0.25,105.0
2026-03-07,36,2,wk inc flu hosp,2026-03-21,quantile,0.3,114.0
2026-03-07,36,2,wk inc flu hosp,2026-03-21,quantile,0.35,126.61611729514422
2026-03-07,36,2,wk inc flu hosp,2026-03-21,quantile,0.4,157.0
2026-03-07,36,2,wk inc flu hosp,2026-03-21,quantile,0.45,168.1584014892578
2026-03-07,36,2,wk inc flu hosp,2026-03-21,quantile,0.5,172.3450469970703
2026-03-07,36,2,wk inc flu hosp,2026-03-21,quantile,0.55,176.37071228027344
2026-03-07,36,2,wk inc flu hosp,2026-03-21,quantile,0.6,180.5375061035156
2026-03-07,36,2,wk inc flu hosp,2026-03-21,quantile,0.65,189.0
2026-03-07,36,2,wk inc flu hosp,2026-03-21,quantile,0.7,210.0
2026-03-07,36,2,wk inc flu hosp,2026-03-21,quantile,0.75,237.0
2026-03-07,36,2,wk inc flu hosp,2026-03-21,quantile,0.8,271.0
2026-03-07,36,2,wk inc flu hosp,2026-03-21,quantile,0.85,316.0
2026-03-07,36,2,wk inc flu hosp,2026-03-21,quantile,0.9,373.0
2026-03-07,36,2,wk inc flu hosp,2026-03-21,quantile,0.95,465.0134913252416
2026-03-07,36,2,wk inc flu hosp,2026-03-21,quantile,0.975,544.6656609091054
2026-03-07,36,2,wk inc flu hosp,2026-03-21,quantile,0.99,617.2972055264518
2026-03-07,36,3,wk inc flu hosp,2026-03-28,quantile,0.01,21.0
2026-03-07,36,3,wk inc flu hosp,2026-03-28,quantile,0.025,25.0
2026-03-07,36,3,wk inc flu hosp,2026-03-28,quantile,0.05,28.0
2026-03-07,36,3,wk inc flu hosp,2026-03-28,quantile,0.1,33.0
2026-03-07,36,3,wk inc flu hosp,2026-03-28,quantile,0.15,41.0
2026-03-07,36,3,wk inc flu hosp,2026-03-28,quantile,0.2,56.0
2026-03-07,36,3,wk inc flu hosp,2026-03-28,quantile,0.25,75.0
2026-03-07,36,3,wk inc flu hosp,2026-03-28,quantile,0.3,93.0
2026-03-07,36,3,wk inc flu hosp,2026-03-28,quantile,0.35,107.7511908745709
2026-03-07,36,3,wk inc flu hosp,2026-03-28,quantile,0.4,131.0
2026-03-07,36,3,wk inc flu hosp,2026-03-28,quantile,0.45,149.167724609375
2026-03-07,36,3,wk inc flu hosp,2026-03-28,quantile,0.5,152.63333129882812
2026-03-07,36,3,wk inc flu hosp,2026-03-28,quantile,0.55,156.46670532226562
2026-03-07,36,3,wk inc flu hosp,2026-03-28,quantile,0.6,160.47845458984375
2026-03-07,36,3,wk inc flu hosp,2026-03-28,quantile,0.65,164.6118927001953
2026-03-07,36,3,wk inc flu hosp,2026-03-28,quantile,0.7,169.34866333007812
2026-03-07,36,3,wk inc flu hosp,2026-03-28,quantile,0.75,175.21600341796875
2026-03-07,36,3,wk inc flu hosp,2026-03-28,quantile,0.8,185.0
2026-03-07,36,3,wk inc flu hosp,2026-03-28,quantile,0.85,217.0
2026-03-07,36,3,wk inc flu hosp,2026-03-28,quantile,0.9,269.0
2026-03-07,36,3,wk inc flu hosp,2026-03-28,quantile,0.95,361.0
2026-03-07,36,3,wk inc flu hosp,2026-03-28,quantile,0.975,478.0
2026-03-07,36,3,wk inc flu hosp,2026-03-28,quantile,0.99,628.0
2026-03-07,37,0,wk inc flu hosp,2026-03-07,quantile,0.01,113.0
2026-03-07,37,0,wk inc flu hosp,2026-03-07,quantile,0.025,126.0
2026-03-07,37,0,wk inc flu hosp,2026-03-07,quantile,0.05,131.0
2026-03-07,37,0,wk inc flu hosp,2026-03-07,quantile,0.1,138.0
2026-03-07,37,0,wk inc flu hosp,2026-03-07,quantile,0.15,142.0
2026-03-07,37,0,wk inc flu hosp,2026-03-07,quantile,0.2,154.51123046875
2026-03-07,37,0,wk inc flu hosp,2026-03-07,quantile,0.25,164.39143781426623
2026-03-07,37,0,wk inc flu hosp,2026-03-07,quantile,0.3,172.0
2026-03-07,37,0,wk inc flu hosp,2026-03-07,quantile,0.35,182.0
2026-03-07,37,0,wk inc flu hosp,2026-03-07,quantile,0.4,190.0
2026-03-07,37,0,wk inc flu hosp,2026-03-07,quantile,0.45,196.0
2026-03-07,37,0,wk inc flu hosp,2026-03-07,quantile,0.5,202.0
2026-03-07,37,0,wk inc flu hosp,2026-03-07,quantile,0.55,208.0
2026-03-07,37,0,wk inc flu hosp,2026-03-07,quantile,0.6,214.0
2026-03-07,37,0,wk inc flu hosp,2026-03-07,quantile,0.65,221.0
2026-03-07,37,0,wk inc flu hosp,2026-03-07,quantile,0.7,229.0
2026-03-07,37,0,wk inc flu hosp,2026-03-07,quantile,0.75,237.0
2026-03-07,37,0,wk inc flu hosp,2026-03-07,quantile,0.8,247.0
2026-03-07,37,0,wk inc flu hosp,2026-03-07,quantile,0.85,258.0
2026-03-07,37,0,wk inc flu hosp,2026-03-07,quantile,0.9,272.0
2026-03-07,37,0,wk inc flu hosp,2026-03-07,quantile,0.95,295.0
2026-03-07,37,0,wk inc flu hosp,2026-03-07,quantile,0.975,315.0
2026-03-07,37,0,wk inc flu hosp,2026-03-07,quantile,0.99,336.0
2026-03-07,37,1,wk inc flu hosp,2026-03-14,quantile,0.01,47.0
2026-03-07,37,1,wk inc flu hosp,2026-03-14,quantile,0.025,55.0
2026-03-07,37,1,wk inc flu hosp,2026-03-14,quantile,0.05,64.0
2026-03-07,37,1,wk inc flu hosp,2026-03-14,quantile,0.1,77.0
2026-03-07,37,1,wk inc flu hosp,2026-03-14,quantile,0.15,87.0
2026-03-07,37,1,wk inc flu hosp,2026-03-14,quantile,0.2,100.0
2026-03-07,37,1,wk inc flu hosp,2026-03-14,quantile,0.25,109.0
2026-03-07,37,1,wk inc flu hosp,2026-03-14,quantile,0.3,123.0
2026-03-07,37,1,wk inc flu hosp,2026-03-14,quantile,0.35,134.0
2026-03-07,37,1,wk inc flu hosp,2026-03-14,quantile,0.4,138.945068359375
2026-03-07,37,1,wk inc flu hosp,2026-03-14,quantile,0.45,142.49693298339844
2026-03-07,37,1,wk inc flu hosp,2026-03-14,quantile,0.5,148.0
2026-03-07,37,1,wk inc flu hosp,2026-03-14,quantile,0.55,158.0
2026-03-07,37,1,wk inc flu hosp,2026-03-14,quantile,0.6,168.0
2026-03-07,37,1,wk inc flu hosp,2026-03-14,quantile,0.65,178.0
2026-03-07,37,1,wk inc flu hosp,2026-03-14,quantile,0.7,191.0
2026-03-07,37,1,wk inc flu hosp,2026-03-14,quantile,0.75,205.0
2026-03-07,37,1,wk inc flu hosp,2026-03-14,quantile,0.8,222.0
2026-03-07,37,1,wk inc flu hosp,2026-03-14,quantile,0.85,242.0
2026-03-07,37,1,wk inc flu hosp,2026-03-14,quantile,0.9,271.0
2026-03-07,37,1,wk inc flu hosp,2026-03-14,quantile,0.95,316.0
2026-03-07,37,1,wk inc flu hosp,2026-03-14,quantile,0.975,359.0
2026-03-07,37,1,wk inc flu hosp,2026-03-14,quantile,0.99,404.0
2026-03-07,37,2,wk inc flu hosp,2026-03-21,quantile,0.01,24.41636499615992
2026-03-07,37,2,wk inc flu hosp,2026-03-21,quantile,0.025,30.0
2026-03-07,37,2,wk inc flu hosp,2026-03-21,quantile,0.05,35.0
2026-03-07,37,2,wk inc flu hosp,2026-03-21,quantile,0.1,50.0
2026-03-07,37,2,wk inc flu hosp,2026-03-21,quantile,0.15,65.0
2026-03-07,37,2,wk inc flu hosp,2026-03-21,quantile,0.2,74.0
2026-03-07,37,2,wk inc flu hosp,2026-03-21,quantile,0.25,80.0
2026-03-07,37,2,wk inc flu hosp,2026-03-21,quantile,0.3,90.92346566134452
2026-03-07,37,2,wk inc flu hosp,2026-03-21,quantile,0.35,106.57559204101562
2026-03-07,37,2,wk inc flu hosp,2026-03-21,quantile,0.4,110.21611785888672
2026-03-07,37,2,wk inc flu hosp,2026-03-21,quantile,0.45,113.40380859375
2026-03-07,37,2,wk inc flu hosp,2026-03-21,quantile,0.5,117.01301574707033
2026-03-07,37,2,wk inc flu hosp,2026-03-21,quantile,0.55,120.5543975830078
2026-03-07,37,2,wk inc flu hosp,2026-03-21,quantile,0.6,124.47544860839844
2026-03-07,37,2,wk inc flu hosp,2026-03-21,quantile,0.65,132.0
2026-03-07,37,2,wk inc flu hosp,2026-03-21,quantile,0.7,145.0
2026-03-07,37,2,wk inc flu hosp,2026-03-21,quantile,0.75,161.0
2026-03-07,37,2,wk inc flu hosp,2026-03-21,quantile,0.8,180.0
2026-03-07,37,2,wk inc flu hosp,2026-03-21,quantile,0.85,205.0
2026-03-07,37,2,wk inc flu hosp,2026-03-21,quantile,0.9,240.0
2026-03-07,37,2,wk inc flu hosp,2026-03-21,quantile,0.95,297.0
2026-03-07,37,2,wk inc flu hosp,2026-03-21,quantile,0.975,357.0
2026-03-07,37,2,wk inc flu hosp,2026-03-21,quantile,0.99,414.0
2026-03-07,37,3,wk inc flu hosp,2026-03-28,quantile,0.01,6.272927225932671
2026-03-07,37,3,wk inc flu hosp,2026-03-28,quantile,0.025,9.30310817314403
2026-03-07,37,3,wk inc flu hosp,2026-03-28,quantile,0.05,18.0
2026-03-07,37,3,wk inc flu hosp,2026-03-28,quantile,0.1,33.0
2026-03-07,37,3,wk inc flu hosp,2026-03-28,quantile,0.15,43.37491705494288
2026-03-07,37,3,wk inc flu hosp,2026-03-28,quantile,0.2,48.0
2026-03-07,37,3,wk inc flu hosp,2026-03-28,quantile,0.25,54.03773751516599
2026-03-07,37,3,wk inc flu hosp,2026-03-28,quantile,0.3,79.0023912137684
2026-03-07,37,3,wk inc flu hosp,2026-03-28,quantile,0.35,82.83305358886719
2026-03-07,37,3,wk inc flu hosp,2026-03-28,quantile,0.4,86.11970520019531
2026-03-07,37,3,wk inc flu hosp,2026-03-28,quantile,0.45,89.45849609375
2026-03-07,37,3,wk inc flu hosp,2026-03-28,quantile,0.5,92.69349670410156
2026-03-07,37,3,wk inc flu hosp,2026-03-28,quantile,0.55,96.17684936523438
2026-03-07,37,3,wk inc flu hosp,2026-03-28,quantile,0.6,99.58618927001952
2026-03-07,37,3,wk inc flu hosp,2026-03-28,quantile,0.65,103.58042907714844
2026-03-07,37,3,wk inc flu hosp,2026-03-28,quantile,0.7,107.62924194335938
2026-03-07,37,3,wk inc flu hosp,2026-03-28,quantile,0.75,115.0
2026-03-07,37,3,wk inc flu hosp,2026-03-28,quantile,0.8,133.0
2026-03-07,37,3,wk inc flu hosp,2026-03-28,quantile,0.85,155.0
2026-03-07,37,3,wk inc flu hosp,2026-03-28,quantile,0.9,190.0
2026-03-07,37,3,wk inc flu hosp,2026-03-28,quantile,0.95,245.0
2026-03-07,37,3,wk inc flu hosp,2026-03-28,quantile,0.975,304.0
2026-03-07,37,3,wk inc flu hosp,2026-03-28,quantile,0.99,367.0
2026-03-07,38,0,wk inc flu hosp,2026-03-07,quantile,0.01,5.0
2026-03-07,38,0,wk inc flu hosp,2026-03-07,quantile,0.025,6.0
2026-03-07,38,0,wk inc flu hosp,2026-03-07,quantile,0.05,6.933077812194824
2026-03-07,38,0,wk inc flu hosp,2026-03-07,quantile,0.1,7.844509601593018
2026-03-07,38,0,wk inc flu hosp,2026-03-07,quantile,0.15,8.547663688659668
2026-03-07,38,0,wk inc flu hosp,2026-03-07,quantile,0.2,9.122604370117188
2026-03-07,38,0,wk inc flu hosp,2026-03-07,quantile,0.25,9.733209256319393
2026-03-07,38,0,wk inc flu hosp,2026-03-07,quantile,0.3,10.889654667698668
2026-03-07,38,0,wk inc flu hosp,2026-03-07,quantile,0.35,11.892184023336196
2026-03-07,38,0,wk inc flu hosp,2026-03-07,quantile,0.4,12.29657832723144
2026-03-07,38,0,wk inc flu hosp,2026-03-07,quantile,0.45,13.181129713759526
2026-03-07,38,0,wk inc flu hosp,2026-03-07,quantile,0.5,13.789495365110552
2026-03-07,38,0,wk inc flu hosp,2026-03-07,quantile,0.55,14.990738609220136
2026-03-07,38,0,wk inc flu hosp,2026-03-07,quantile,0.6,16.0
2026-03-07,38,0,wk inc flu hosp,2026-03-07,quantile,0.65,17.0
2026-03-07,38,0,wk inc flu hosp,2026-03-07,quantile,0.7,17.0
2026-03-07,38,0,wk inc flu hosp,2026-03-07,quantile,0.75,19.0
2026-03-07,38,0,wk inc flu hosp,2026-03-07,quantile,0.8,20.0
2026-03-07,38,0,wk inc flu hosp,2026-03-07,quantile,0.85,21.0
2026-03-07,38,0,wk inc flu hosp,2026-03-07,quantile,0.9,24.0
2026-03-07,38,0,wk inc flu hosp,2026-03-07,quantile,0.95,27.0
2026-03-07,38,0,wk inc flu hosp,2026-03-07,quantile,0.975,30.0
2026-03-07,38,0,wk inc flu hosp,2026-03-07,quantile,0.99,35.0
2026-03-07,38,1,wk inc flu hosp,2026-03-14,quantile,0.01,2.0
2026-03-07,38,1,wk inc flu hosp,2026-03-14,quantile,0.025,3.0
2026-03-07,38,1,wk inc flu hosp,2026-03-14,quantile,0.05,3.711462015399405
2026-03-07,38,1,wk inc flu hosp,2026-03-14,quantile,0.1,5.0
2026-03-07,38,1,wk inc flu hosp,2026-03-14,quantile,0.15,6.018768295404654
2026-03-07,38,1,wk inc flu hosp,2026-03-14,quantile,0.2,7.426888656499671
2026-03-07,38,1,wk inc flu hosp,2026-03-14,quantile,0.25,8.220705032348633
2026-03-07,38,1,wk inc flu hosp,2026-03-14,quantile,0.3,9.0
2026-03-07,38,1,wk inc flu hosp,2026-03-14,quantile,0.35,9.050920486450195
2026-03-07,38,1,wk inc flu hosp,2026-03-14,quantile,0.4,10.0
2026-03-07,38,1,wk inc flu hosp,2026-03-14,quantile,0.45,10.0
2026-03-07,38,1,wk inc flu hosp,2026-03-14,quantile,0.5,11.0
2026-03-07,38,1,wk inc flu hosp,2026-03-14,quantile,0.55,11.0
2026-03-07,38,1,wk inc flu hosp,2026-03-14,quantile,0.6,12.0
2026-03-07,38,1,wk inc flu hosp,2026-03-14,quantile,0.65,13.0
2026-03-07,38,1,wk inc flu hosp,2026-03-14,quantile,0.7,13.0
2026-03-07,38,1,wk inc flu hosp,2026-03-14,quantile,0.75,15.0
2026-03-07,38,1,wk inc flu hosp,2026-03-14,quantile,0.8,17.0
2026-03-07,38,1,wk inc flu hosp,2026-03-14,quantile,0.85,18.0
2026-03-07,38,1,wk inc flu hosp,2026-03-14,quantile,0.9,21.0
2026-03-07,38,1,wk inc flu hosp,2026-03-14,quantile,0.95,26.0
2026-03-07,38,1,wk inc flu hosp,2026-03-14,quantile,0.975,29.0
2026-03-07,38,1,wk inc flu hosp,2026-03-14,quantile,0.99,35.0
2026-03-07,38,2,wk inc flu hosp,2026-03-21,quantile,0.01,1.0
2026-03-07,38,2,wk inc flu hosp,2026-03-21,quantile,0.025,1.7490123386877647
2026-03-07,38,2,wk inc flu hosp,2026-03-21,quantile,0.05,2.4917752220438736
2026-03-07,38,2,wk inc flu hosp,2026-03-21,quantile,0.1,3.0
2026-03-07,38,2,wk inc flu hosp,2026-03-21,quantile,0.15,4.0
2026-03-07,38,2,wk inc flu hosp,2026-03-21,quantile,0.2,5.0
2026-03-07,38,2,wk inc flu hosp,2026-03-21,quantile,0.25,6.649494444080163
2026-03-07,38,2,wk inc flu hosp,2026-03-21,quantile,0.3,7.23021936416626
2026-03-07,38,2,wk inc flu hosp,2026-03-21,quantile,0.35,7.597894191741943
2026-03-07,38,2,wk inc flu hosp,2026-03-21,quantile,0.4,7.989906787872315
2026-03-07,38,2,wk inc flu hosp,2026-03-21,quantile,0.45,8.35363483428955
2026-03-07,38,2,wk inc flu hosp,2026-03-21,quantile,0.5,8.709040641784668
2026-03-07,38,2,wk inc flu hosp,2026-03-21,quantile,0.55,9.086435317993164
2026-03-07,38,2,wk inc flu hosp,2026-03-21,quantile,0.6,9.449326515197754
2026-03-07,38,2,wk inc flu hosp,2026-03-21,quantile,0.65,10.0
2026-03-07,38,2,wk inc flu hosp,2026-03-21,quantile,0.7,11.0
2026-03-07,38,2,wk inc flu hosp,2026-03-21,quantile,0.75,12.0
2026-03-07,38,2,wk inc flu hosp,2026-03-21,quantile,0.8,14.0
2026-03-07,38,2,wk inc flu hosp,2026-03-21,quantile,0.85,16.0
2026-03-07,38,2,wk inc flu hosp,2026-03-21,quantile,0.9,19.0
2026-03-07,38,2,wk inc flu hosp,2026-03-21,quantile,0.95,22.0
2026-03-07,38,2,wk inc flu hosp,2026-03-21,quantile,0.975,28.0
2026-03-07,38,2,wk inc flu hosp,2026-03-21,quantile,0.99,35.0
2026-03-07,38,3,wk inc flu hosp,2026-03-28,quantile,0.01,0.0
2026-03-07,38,3,wk inc flu hosp,2026-03-28,quantile,0.025,0.9610836735439324
2026-03-07,38,3,wk inc flu hosp,2026-03-28,quantile,0.05,1.0
2026-03-07,38,3,wk inc flu hosp,2026-03-28,quantile,0.1,2.0
2026-03-07,38,3,wk inc flu hosp,2026-03-28,quantile,0.15,3.0
2026-03-07,38,3,wk inc flu hosp,2026-03-28,quantile,0.2,4.0
2026-03-07,38,3,wk inc flu hosp,2026-03-28,quantile,0.25,5.413058757781982
2026-03-07,38,3,wk inc flu hosp,2026-03-28,quantile,0.3,5.755433082580566
2026-03-07,38,3,wk inc flu hosp,2026-03-28,quantile,0.35,6.090274333953857
2026-03-07,38,3,wk inc flu hosp,2026-03-28,quantile,0.4,6.4037065505981445
2026-03-07,38,3,wk inc flu hosp,2026-03-28,quantile,0.45,6.711862564086914
2026-03-07,38,3,wk inc flu hosp,2026-03-28,quantile,0.5,7.048995971679688
2026-03-07,38,3,wk inc flu hosp,2026-03-28,quantile,0.55,7.396193504333496
2026-03-07,38,3,wk inc flu hosp,2026-03-28,quantile,0.6,7.719837665557861
2026-03-07,38,3,wk inc flu hosp,2026-03-28,quantile,0.65,8.094086647033691
2026-03-07,38,3,wk inc flu hosp,2026-03-28,quantile,0.7,8.48495101928711
2026-03-07,38,3,wk inc flu hosp,2026-03-28,quantile,0.75,8.982076644897461
2026-03-07,38,3,wk inc flu hosp,2026-03-28,quantile,0.8,10.0
2026-03-07,38,3,wk inc flu hosp,2026-03-28,quantile,0.85,12.0
2026-03-07,38,3,wk inc flu hosp,2026-03-28,quantile,0.9,15.0
2026-03-07,38,3,wk inc flu hosp,2026-03-28,quantile,0.95,20.0
2026-03-07,38,3,wk inc flu hosp,2026-03-28,quantile,0.975,26.0
2026-03-07,38,3,wk inc flu hosp,2026-03-28,quantile,0.99,31.0
2026-03-07,39,0,wk inc flu hosp,2026-03-07,quantile,0.01,229.0
2026-03-07,39,0,wk inc flu hosp,2026-03-07,quantile,0.025,243.0
2026-03-07,39,0,wk inc flu hosp,2026-03-07,quantile,0.05,271.0
2026-03-07,39,0,wk inc flu hosp,2026-03-07,quantile,0.1,304.0
2026-03-07,39,0,wk inc flu hosp,2026-03-07,quantile,0.15,328.0
2026-03-07,39,0,wk inc flu hosp,2026-03-07,quantile,0.2,341.48443603515625
2026-03-07,39,0,wk inc flu hosp,2026-03-07,quantile,0.25,350.29962158203125
2026-03-07,39,0,wk inc flu hosp,2026-03-07,quantile,0.3,358.12994384765625
2026-03-07,39,0,wk inc flu hosp,2026-03-07,quantile,0.35,365.8423461914063
2026-03-07,39,0,wk inc flu hosp,2026-03-07,quantile,0.4,373.3800354003906
2026-03-07,39,0,wk inc flu hosp,2026-03-07,quantile,0.45,395.88491903449255
2026-03-07,39,0,wk inc flu hosp,2026-03-07,quantile,0.5,407.0
2026-03-07,39,0,wk inc flu hosp,2026-03-07,quantile,0.55,415.0
2026-03-07,39,0,wk inc flu hosp,2026-03-07,quantile,0.6,419.4832399637097
2026-03-07,39,0,wk inc flu hosp,2026-03-07,quantile,0.65,444.18474028570574
2026-03-07,39,0,wk inc flu hosp,2026-03-07,quantile,0.7,478.93235730754975
2026-03-07,39,0,wk inc flu hosp,2026-03-07,quantile,0.75,518.0
2026-03-07,39,0,wk inc flu hosp,2026-03-07,quantile,0.8,539.0
2026-03-07,39,0,wk inc flu hosp,2026-03-07,quantile,0.85,563.0
2026-03-07,39,0,wk inc flu hosp,2026-03-07,quantile,0.9,595.0
2026-03-07,39,0,wk inc flu hosp,2026-03-07,quantile,0.95,646.0
2026-03-07,39,0,wk inc flu hosp,2026-03-07,quantile,0.975,691.0
2026-03-07,39,0,wk inc flu hosp,2026-03-07,quantile,0.99,742.0
2026-03-07,39,1,wk inc flu hosp,2026-03-14,quantile,0.01,107.0
2026-03-07,39,1,wk inc flu hosp,2026-03-14,quantile,0.025,126.0
2026-03-07,39,1,wk inc flu hosp,2026-03-14,quantile,0.05,156.0
2026-03-07,39,1,wk inc flu hosp,2026-03-14,quantile,0.1,186.0
2026-03-07,39,1,wk inc flu hosp,2026-03-14,quantile,0.15,219.85989602382048
2026-03-07,39,1,wk inc flu hosp,2026-03-14,quantile,0.2,245.0
2026-03-07,39,1,wk inc flu hosp,2026-03-14,quantile,0.25,266.0
2026-03-07,39,1,wk inc flu hosp,2026-03-14,quantile,0.3,279.7890014648437
2026-03-07,39,1,wk inc flu hosp,2026-03-14,quantile,0.35,287.2998046875
2026-03-07,39,1,wk inc flu hosp,2026-03-14,quantile,0.4,295.53131103515625
2026-03-07,39,1,wk inc flu hosp,2026-03-14,quantile,0.45,314.0
2026-03-07,39,1,wk inc flu hosp,2026-03-14,quantile,0.5,320.0
2026-03-07,39,1,wk inc flu hosp,2026-03-14,quantile,0.55,328.0
2026-03-07,39,1,wk inc flu hosp,2026-03-14,quantile,0.6,338.0
2026-03-07,39,1,wk inc flu hosp,2026-03-14,quantile,0.65,370.58845779083447
2026-03-07,39,1,wk inc flu hosp,2026-03-14,quantile,0.7,409.800804727933
2026-03-07,39,1,wk inc flu hosp,2026-03-14,quantile,0.75,454.372747156736
2026-03-07,39,1,wk inc flu hosp,2026-03-14,quantile,0.8,497.0
2026-03-07,39,1,wk inc flu hosp,2026-03-14,quantile,0.85,532.0
2026-03-07,39,1,wk inc flu hosp,2026-03-14,quantile,0.9,577.0
2026-03-07,39,1,wk inc flu hosp,2026-03-14,quantile,0.95,648.0
2026-03-07,39,1,wk inc flu hosp,2026-03-14,quantile,0.975,763.0
2026-03-07,39,1,wk inc flu hosp,2026-03-14,quantile,0.99,839.0
2026-03-07,39,2,wk inc flu hosp,2026-03-21,quantile,0.01,56.0
2026-03-07,39,2,wk inc flu hosp,2026-03-21,quantile,0.025,66.0
2026-03-07,39,2,wk inc flu hosp,2026-03-21,quantile,0.05,82.0
2026-03-07,39,2,wk inc flu hosp,2026-03-21,quantile,0.1,117.0
2026-03-07,39,2,wk inc flu hosp,2026-03-21,quantile,0.15,137.0
2026-03-07,39,2,wk inc flu hosp,2026-03-21,quantile,0.2,155.88834597624347
2026-03-07,39,2,wk inc flu hosp,2026-03-21,quantile,0.25,178.50864876851415
2026-03-07,39,2,wk inc flu hosp,2026-03-21,quantile,0.3,200.2582532575284
2026-03-07,39,2,wk inc flu hosp,2026-03-21,quantile,0.35,219.0
2026-03-07,39,2,wk inc flu hosp,2026-03-21,quantile,0.4,225.91458129882807
2026-03-07,39,2,wk inc flu hosp,2026-03-21,quantile,0.45,236.1467763937597
2026-03-07,39,2,wk inc flu hosp,2026-03-21,quantile,0.5,257.0
2026-03-07,39,2,wk inc flu hosp,2026-03-21,quantile,0.55,278.0
2026-03-07,39,2,wk inc flu hosp,2026-03-21,quantile,0.6,298.0
2026-03-07,39,2,wk inc flu hosp,2026-03-21,quantile,0.65,322.0
2026-03-07,39,2,wk inc flu hosp,2026-03-21,quantile,0.7,349.0
2026-03-07,39,2,wk inc flu hosp,2026-03-21,quantile,0.75,381.0
2026-03-07,39,2,wk inc flu hosp,2026-03-21,quantile,0.8,418.0
2026-03-07,39,2,wk inc flu hosp,2026-03-21,quantile,0.85,465.0
2026-03-07,39,2,wk inc flu hosp,2026-03-21,quantile,0.9,529.0
2026-03-07,39,2,wk inc flu hosp,2026-03-21,quantile,0.95,611.0
2026-03-07,39,2,wk inc flu hosp,2026-03-21,quantile,0.975,688.0
2026-03-07,39,2,wk inc flu hosp,2026-03-21,quantile,0.99,840.0
2026-03-07,39,3,wk inc flu hosp,2026-03-28,quantile,0.01,23.0
2026-03-07,39,3,wk inc flu hosp,2026-03-28,quantile,0.025,32.0
2026-03-07,39,3,wk inc flu hosp,2026-03-28,quantile,0.05,49.0
2026-03-07,39,3,wk inc flu hosp,2026-03-28,quantile,0.1,84.0
2026-03-07,39,3,wk inc flu hosp,2026-03-28,quantile,0.15,106.97009917150204
2026-03-07,39,3,wk inc flu hosp,2026-03-28,quantile,0.2,125.72936296639436
2026-03-07,39,3,wk inc flu hosp,2026-03-28,quantile,0.25,143.0
2026-03-07,39,3,wk inc flu hosp,2026-03-28,quantile,0.3,153.0
2026-03-07,39,3,wk inc flu hosp,2026-03-28,quantile,0.35,160.0
2026-03-07,39,3,wk inc flu hosp,2026-03-28,quantile,0.4,166.55210876464844
2026-03-07,39,3,wk inc flu hosp,2026-03-28,quantile,0.45,173.0
2026-03-07,39,3,wk inc flu hosp,2026-03-28,quantile,0.5,181.0
2026-03-07,39,3,wk inc flu hosp,2026-03-28,quantile,0.55,192.0
2026-03-07,39,3,wk inc flu hosp,2026-03-28,quantile,0.6,207.0
2026-03-07,39,3,wk inc flu hosp,2026-03-28,quantile,0.65,225.0
2026-03-07,39,3,wk inc flu hosp,2026-03-28,quantile,0.7,248.0
2026-03-07,39,3,wk inc flu hosp,2026-03-28,quantile,0.75,278.0
2026-03-07,39,3,wk inc flu hosp,2026-03-28,quantile,0.8,313.0
2026-03-07,39,3,wk inc flu hosp,2026-03-28,quantile,0.85,359.0
2026-03-07,39,3,wk inc flu hosp,2026-03-28,quantile,0.9,423.0
2026-03-07,39,3,wk inc flu hosp,2026-03-28,quantile,0.95,531.0
2026-03-07,39,3,wk inc flu hosp,2026-03-28,quantile,0.975,692.0
2026-03-07,39,3,wk inc flu hosp,2026-03-28,quantile,0.99,845.0
2026-03-07,40,0,wk inc flu hosp,2026-03-07,quantile,0.01,62.0
2026-03-07,40,0,wk inc flu hosp,2026-03-07,quantile,0.025,69.0
2026-03-07,40,0,wk inc flu hosp,2026-03-07,quantile,0.05,75.0
2026-03-07,40,0,wk inc flu hosp,2026-03-07,quantile,0.1,85.0
2026-03-07,40,0,wk inc flu hosp,2026-03-07,quantile,0.15,90.0
2026-03-07,40,0,wk inc flu hosp,2026-03-07,quantile,0.2,95.52367693813392
2026-03-07,40,0,wk inc flu hosp,2026-03-07,quantile,0.25,102.44608163746176
2026-03-07,40,0,wk inc flu hosp,2026-03-07,quantile,0.3,108.82960370994653
2026-03-07,40,0,wk inc flu hosp,2026-03-07,quantile,0.35,116.5157077807998
2026-03-07,40,0,wk inc flu hosp,2026-03-07,quantile,0.4,124.09602347117124
2026-03-07,40,0,wk inc flu hosp,2026-03-07,quantile,0.45,131.4202178568461
2026-03-07,40,0,wk inc flu hosp,2026-03-07,quantile,0.5,135.0
2026-03-07,40,0,wk inc flu hosp,2026-03-07,quantile,0.55,139.0
2026-03-07,40,0,wk inc flu hosp,2026-03-07,quantile,0.6,147.22387306494772
2026-03-07,40,0,wk inc flu hosp,2026-03-07,quantile,0.65,156.37412755839372
2026-03-07,40,0,wk inc flu hosp,2026-03-07,quantile,0.7,162.9945831298828
2026-03-07,40,0,wk inc flu hosp,2026-03-07,quantile,0.75,167.1485595703125
2026-03-07,40,0,wk inc flu hosp,2026-03-07,quantile,0.8,171.51747131347656
2026-03-07,40,0,wk inc flu hosp,2026-03-07,quantile,0.85,177.11398315429688
2026-03-07,40,0,wk inc flu hosp,2026-03-07,quantile,0.9,183.6730499267578
2026-03-07,40,0,wk inc flu hosp,2026-03-07,quantile,0.95,195.0
2026-03-07,40,0,wk inc flu hosp,2026-03-07,quantile,0.975,211.0
2026-03-07,40,0,wk inc flu hosp,2026-03-07,quantile,0.99,231.0
2026-03-07,40,1,wk inc flu hosp,2026-03-14,quantile,0.01,34.771097877335805
2026-03-07,40,1,wk inc flu hosp,2026-03-14,quantile,0.025,43.0
2026-03-07,40,1,wk inc flu hosp,2026-03-14,quantile,0.05,48.0
2026-03-07,40,1,wk inc flu hosp,2026-03-14,quantile,0.1,63.0
2026-03-07,40,1,wk inc flu hosp,2026-03-14,quantile,0.15,67.0
2026-03-07,40,1,wk inc flu hosp,2026-03-14,quantile,0.2,75.08504067636473
2026-03-07,40,1,wk inc flu hosp,2026-03-14,quantile,0.25,82.91685970016024
2026-03-07,40,1,wk inc flu hosp,2026-03-14,quantile,0.3,90.386038059629
2026-03-07,40,1,wk inc flu hosp,2026-03-14,quantile,0.35,95.78177978391102
2026-03-07,40,1,wk inc flu hosp,2026-03-14,quantile,0.4,101.02885960770968
2026-03-07,40,1,wk inc flu hosp,2026-03-14,quantile,0.45,106.23864037759132
2026-03-07,40,1,wk inc flu hosp,2026-03-14,quantile,0.5,111.493695099672
2026-03-07,40,1,wk inc flu hosp,2026-03-14,quantile,0.55,116.87560109022688
2026-03-07,40,1,wk inc flu hosp,2026-03-14,quantile,0.6,122.47414290411996
2026-03-07,40,1,wk inc flu hosp,2026-03-14,quantile,0.65,128.39832230496722
2026-03-07,40,1,wk inc flu hosp,2026-03-14,quantile,0.7,134.79293431249397
2026-03-07,40,1,wk inc flu hosp,2026-03-14,quantile,0.75,142.0
2026-03-07,40,1,wk inc flu hosp,2026-03-14,quantile,0.8,149.0
2026-03-07,40,1,wk inc flu hosp,2026-03-14,quantile,0.85,154.2777862548828
2026-03-07,40,1,wk inc flu hosp,2026-03-14,quantile,0.9,169.0
2026-03-07,40,1,wk inc flu hosp,2026-03-14,quantile,0.95,186.0
2026-03-07,40,1,wk inc flu hosp,2026-03-14,quantile,0.975,203.0
2026-03-07,40,1,wk inc flu hosp,2026-03-14,quantile,0.99,221.0
2026-03-07,40,2,wk inc flu hosp,2026-03-21,quantile,0.01,24.13501694706861
2026-03-07,40,2,wk inc flu hosp,2026-03-21,quantile,0.025,30.45469272143127
2026-03-07,40,2,wk inc flu hosp,2026-03-21,quantile,0.05,37.19242364212236
2026-03-07,40,2,wk inc flu hosp,2026-03-21,quantile,0.1,46.43166704634192
2026-03-07,40,2,wk inc flu hosp,2026-03-21,quantile,0.15,55.86519584927044
2026-03-07,40,2,wk inc flu hosp,2026-03-21,quantile,0.2,64.50271478104544
2026-03-07,40,2,wk inc flu hosp,2026-03-21,quantile,0.25,72.01136036149941
2026-03-07,40,2,wk inc flu hosp,2026-03-21,quantile,0.3,79.29025973278884
2026-03-07,40,2,wk inc flu hosp,2026-03-21,quantile,0.35,86.45838620933016
2026-03-07,40,2,wk inc flu hosp,2026-03-21,quantile,0.4,93.52463679616704
2026-03-07,40,2,wk inc flu hosp,2026-03-21,quantile,0.45,100.0133285522461
2026-03-07,40,2,wk inc flu hosp,2026-03-21,quantile,0.5,102.46353149414062
2026-03-07,40,2,wk inc flu hosp,2026-03-21,quantile,0.55,104.89510345458984
2026-03-07,40,2,wk inc flu hosp,2026-03-21,quantile,0.6,107.50940704345705
2026-03-07,40,2,wk inc flu hosp,2026-03-21,quantile,0.65,110.28495025634766
2026-03-07,40,2,wk inc flu hosp,2026-03-21,quantile,0.7,113.2651596069336
2026-03-07,40,2,wk inc flu hosp,2026-03-21,quantile,0.75,116.49327087402344
2026-03-07,40,2,wk inc flu hosp,2026-03-21,quantile,0.8,127.0
2026-03-07,40,2,wk inc flu hosp,2026-03-21,quantile,0.85,137.0
2026-03-07,40,2,wk inc flu hosp,2026-03-21,quantile,0.9,143.0
2026-03-07,40,2,wk inc flu hosp,2026-03-21,quantile,0.95,165.0
2026-03-07,40,2,wk inc flu hosp,2026-03-21,quantile,0.975,185.0
2026-03-07,40,2,wk inc flu hosp,2026-03-21,quantile,0.99,202.0
2026-03-07,40,3,wk inc flu hosp,2026-03-28,quantile,0.01,12.574732187514051
2026-03-07,40,3,wk inc flu hosp,2026-03-28,quantile,0.025,19.348564168984943
2026-03-07,40,3,wk inc flu hosp,2026-03-28,quantile,0.05,30.77430719090399
2026-03-07,40,3,wk inc flu hosp,2026-03-28,quantile,0.1,41.0
2026-03-07,40,3,wk inc flu hosp,2026-03-28,quantile,0.15,47.0
2026-03-07,40,3,wk inc flu hosp,2026-03-28,quantile,0.2,51.0
2026-03-07,40,3,wk inc flu hosp,2026-03-28,quantile,0.25,61.0
2026-03-07,40,3,wk inc flu hosp,2026-03-28,quantile,0.3,66.94688060331063
2026-03-07,40,3,wk inc flu hosp,2026-03-28,quantile,0.35,72.0
2026-03-07,40,3,wk inc flu hosp,2026-03-28,quantile,0.4,75.21177673339844
2026-03-07,40,3,wk inc flu hosp,2026-03-28,quantile,0.45,77.41554260253906
2026-03-07,40,3,wk inc flu hosp,2026-03-28,quantile,0.5,79.66761779785156
2026-03-07,40,3,wk inc flu hosp,2026-03-28,quantile,0.55,83.0
2026-03-07,40,3,wk inc flu hosp,2026-03-28,quantile,0.6,91.0
2026-03-07,40,3,wk inc flu hosp,2026-03-28,quantile,0.65,98.0
2026-03-07,40,3,wk inc flu hosp,2026-03-28,quantile,0.7,99.0
2026-03-07,40,3,wk inc flu hosp,2026-03-28,quantile,0.75,106.0
2026-03-07,40,3,wk inc flu hosp,2026-03-28,quantile,0.8,110.0
2026-03-07,40,3,wk inc flu hosp,2026-03-28,quantile,0.85,113.0
2026-03-07,40,3,wk inc flu hosp,2026-03-28,quantile,0.9,115.0
2026-03-07,40,3,wk inc flu hosp,2026-03-28,quantile,0.95,131.0
2026-03-07,40,3,wk inc flu hosp,2026-03-28,quantile,0.975,155.0
2026-03-07,40,3,wk inc flu hosp,2026-03-28,quantile,0.99,170.0
2026-03-07,41,0,wk inc flu hosp,2026-03-07,quantile,0.01,68.0
2026-03-07,41,0,wk inc flu hosp,2026-03-07,quantile,0.025,78.0
2026-03-07,41,0,wk inc flu hosp,2026-03-07,quantile,0.05,87.0
2026-03-07,41,0,wk inc flu hosp,2026-03-07,quantile,0.1,98.0
2026-03-07,41,0,wk inc flu hosp,2026-03-07,quantile,0.15,105.0
2026-03-07,41,0,wk inc flu hosp,2026-03-07,quantile,0.2,107.0
2026-03-07,41,0,wk inc flu hosp,2026-03-07,quantile,0.25,110.0
2026-03-07,41,0,wk inc flu hosp,2026-03-07,quantile,0.3,114.0
2026-03-07,41,0,wk inc flu hosp,2026-03-07,quantile,0.35,117.0
2026-03-07,41,0,wk inc flu hosp,2026-03-07,quantile,0.4,121.0
2026-03-07,41,0,wk inc flu hosp,2026-03-07,quantile,0.45,123.35138333190304
2026-03-07,41,0,wk inc flu hosp,2026-03-07,quantile,0.5,130.7127984400212
2026-03-07,41,0,wk inc flu hosp,2026-03-07,quantile,0.55,137.6409723658758
2026-03-07,41,0,wk inc flu hosp,2026-03-07,quantile,0.6,142.09495544433594
2026-03-07,41,0,wk inc flu hosp,2026-03-07,quantile,0.65,144.93267822265625
2026-03-07,41,0,wk inc flu hosp,2026-03-07,quantile,0.7,147.9730682373047
2026-03-07,41,0,wk inc flu hosp,2026-03-07,quantile,0.75,155.43127372423274
2026-03-07,41,0,wk inc flu hosp,2026-03-07,quantile,0.8,166.53957531100048
2026-03-07,41,0,wk inc flu hosp,2026-03-07,quantile,0.85,184.304189576212
2026-03-07,41,0,wk inc flu hosp,2026-03-07,quantile,0.9,195.0
2026-03-07,41,0,wk inc flu hosp,2026-03-07,quantile,0.95,212.0
2026-03-07,41,0,wk inc flu hosp,2026-03-07,quantile,0.975,223.0
2026-03-07,41,0,wk inc flu hosp,2026-03-07,quantile,0.99,236.0
2026-03-07,41,1,wk inc flu hosp,2026-03-14,quantile,0.01,35.0
2026-03-07,41,1,wk inc flu hosp,2026-03-14,quantile,0.025,45.0
2026-03-07,41,1,wk inc flu hosp,2026-03-14,quantile,0.05,55.0
2026-03-07,41,1,wk inc flu hosp,2026-03-14,quantile,0.1,66.0
2026-03-07,41,1,wk inc flu hosp,2026-03-14,quantile,0.15,68.0
2026-03-07,41,1,wk inc flu hosp,2026-03-14,quantile,0.2,71.0
2026-03-07,41,1,wk inc flu hosp,2026-03-14,quantile,0.25,75.9468922422619
2026-03-07,41,1,wk inc flu hosp,2026-03-14,quantile,0.3,84.95853672080035
2026-03-07,41,1,wk inc flu hosp,2026-03-14,quantile,0.35,90.0
2026-03-07,41,1,wk inc flu hosp,2026-03-14,quantile,0.4,94.0
2026-03-07,41,1,wk inc flu hosp,2026-03-14,quantile,0.45,98.0
2026-03-07,41,1,wk inc flu hosp,2026-03-14,quantile,0.5,102.0
2026-03-07,41,1,wk inc flu hosp,2026-03-14,quantile,0.55,107.7020255219287
2026-03-07,41,1,wk inc flu hosp,2026-03-14,quantile,0.6,112.8222198486328
2026-03-07,41,1,wk inc flu hosp,2026-03-14,quantile,0.65,115.7210922241211
2026-03-07,41,1,wk inc flu hosp,2026-03-14,quantile,0.7,119.0
2026-03-07,41,1,wk inc flu hosp,2026-03-14,quantile,0.75,124.0
2026-03-07,41,1,wk inc flu hosp,2026-03-14,quantile,0.8,128.0
2026-03-07,41,1,wk inc flu hosp,2026-03-14,quantile,0.85,135.0
2026-03-07,41,1,wk inc flu hosp,2026-03-14,quantile,0.9,144.0
2026-03-07,41,1,wk inc flu hosp,2026-03-14,quantile,0.95,156.0
2026-03-07,41,1,wk inc flu hosp,2026-03-14,quantile,0.975,172.0
2026-03-07,41,1,wk inc flu hosp,2026-03-14,quantile,0.99,183.0
2026-03-07,41,2,wk inc flu hosp,2026-03-21,quantile,0.01,22.58305689472498
2026-03-07,41,2,wk inc flu hosp,2026-03-21,quantile,0.025,31.0
2026-03-07,41,2,wk inc flu hosp,2026-03-21,quantile,0.05,36.0
2026-03-07,41,2,wk inc flu hosp,2026-03-21,quantile,0.1,44.03270931941
2026-03-07,41,2,wk inc flu hosp,2026-03-21,quantile,0.15,50.0
2026-03-07,41,2,wk inc flu hosp,2026-03-21,quantile,0.2,56.0
2026-03-07,41,2,wk inc flu hosp,2026-03-21,quantile,0.25,62.0
2026-03-07,41,2,wk inc flu hosp,2026-03-21,quantile,0.3,69.0
2026-03-07,41,2,wk inc flu hosp,2026-03-21,quantile,0.35,74.0
2026-03-07,41,2,wk inc flu hosp,2026-03-21,quantile,0.4,80.0
2026-03-07,41,2,wk inc flu hosp,2026-03-21,quantile,0.45,82.44243621826172
2026-03-07,41,2,wk inc flu hosp,2026-03-21,quantile,0.5,84.40436553955078
2026-03-07,41,2,wk inc flu hosp,2026-03-21,quantile,0.55,86.5781478881836
2026-03-07,41,2,wk inc flu hosp,2026-03-21,quantile,0.6,88.88146209716797
2026-03-07,41,2,wk inc flu hosp,2026-03-21,quantile,0.65,91.02944946289062
2026-03-07,41,2,wk inc flu hosp,2026-03-21,quantile,0.7,93.40829467773438
2026-03-07,41,2,wk inc flu hosp,2026-03-21,quantile,0.75,101.0
2026-03-07,41,2,wk inc flu hosp,2026-03-21,quantile,0.8,111.0
2026-03-07,41,2,wk inc flu hosp,2026-03-21,quantile,0.85,111.0
2026-03-07,41,2,wk inc flu hosp,2026-03-21,quantile,0.9,111.0
2026-03-07,41,2,wk inc flu hosp,2026-03-21,quantile,0.95,121.0
2026-03-07,41,2,wk inc flu hosp,2026-03-21,quantile,0.975,134.0
2026-03-07,41,2,wk inc flu hosp,2026-03-21,quantile,0.99,161.0
2026-03-07,41,3,wk inc flu hosp,2026-03-28,quantile,0.01,19.0
2026-03-07,41,3,wk inc flu hosp,2026-03-28,quantile,0.025,20.0
2026-03-07,41,3,wk inc flu hosp,2026-03-28,quantile,0.05,21.0
2026-03-07,41,3,wk inc flu hosp,2026-03-28,quantile,0.1,27.0
2026-03-07,41,3,wk inc flu hosp,2026-03-28,quantile,0.15,36.0
2026-03-07,41,3,wk inc flu hosp,2026-03-28,quantile,0.2,44.0
2026-03-07,41,3,wk inc flu hosp,2026-03-28,quantile,0.25,51.0
2026-03-07,41,3,wk inc flu hosp,2026-03-28,quantile,0.3,54.61554718017578
2026-03-07,41,3,wk inc flu hosp,2026-03-28,quantile,0.35,56.28444290161133
2026-03-07,41,3,wk inc flu hosp,2026-03-28,quantile,0.4,57.94445037841797
2026-03-07,41,3,wk inc flu hosp,2026-03-28,quantile,0.45,59.55506896972656
2026-03-07,41,3,wk inc flu hosp,2026-03-28,quantile,0.5,61.16197967529297
2026-03-07,41,3,wk inc flu hosp,2026-03-28,quantile,0.55,62.75579452514648
2026-03-07,41,3,wk inc flu hosp,2026-03-28,quantile,0.6,64.59075927734375
2026-03-07,41,3,wk inc flu hosp,2026-03-28,quantile,0.65,66.43829345703125
2026-03-07,41,3,wk inc flu hosp,2026-03-28,quantile,0.7,68.47161865234375
2026-03-07,41,3,wk inc flu hosp,2026-03-28,quantile,0.75,70.86373901367188
2026-03-07,41,3,wk inc flu hosp,2026-03-28,quantile,0.8,75.0
2026-03-07,41,3,wk inc flu hosp,2026-03-28,quantile,0.85,82.0
2026-03-07,41,3,wk inc flu hosp,2026-03-28,quantile,0.9,88.0
2026-03-07,41,3,wk inc flu hosp,2026-03-28,quantile,0.95,95.0
2026-03-07,41,3,wk inc flu hosp,2026-03-28,quantile,0.975,107.0
2026-03-07,41,3,wk inc flu hosp,2026-03-28,quantile,0.99,127.0
2026-03-07,42,0,wk inc flu hosp,2026-03-07,quantile,0.01,417.0
2026-03-07,42,0,wk inc flu hosp,2026-03-07,quantile,0.025,437.0
2026-03-07,42,0,wk inc flu hosp,2026-03-07,quantile,0.05,506.0
2026-03-07,42,0,wk inc flu hosp,2026-03-07,quantile,0.1,542.0
2026-03-07,42,0,wk inc flu hosp,2026-03-07,quantile,0.15,565.0
2026-03-07,42,0,wk inc flu hosp,2026-03-07,quantile,0.2,586.0
2026-03-07,42,0,wk inc flu hosp,2026-03-07,quantile,0.25,599.0
2026-03-07,42,0,wk inc flu hosp,2026-03-07,quantile,0.3,606.0
2026-03-07,42,0,wk inc flu hosp,2026-03-07,quantile,0.35,608.0
2026-03-07,42,0,wk inc flu hosp,2026-03-07,quantile,0.4,624.7444027715279
2026-03-07,42,0,wk inc flu hosp,2026-03-07,quantile,0.45,660.0829766222096
2026-03-07,42,0,wk inc flu hosp,2026-03-07,quantile,0.5,686.0
2026-03-07,42,0,wk inc flu hosp,2026-03-07,quantile,0.55,703.0
2026-03-07,42,0,wk inc flu hosp,2026-03-07,quantile,0.6,713.0
2026-03-07,42,0,wk inc flu hosp,2026-03-07,quantile,0.65,732.6618533996814
2026-03-07,42,0,wk inc flu hosp,2026-03-07,quantile,0.7,758.0
2026-03-07,42,0,wk inc flu hosp,2026-03-07,quantile,0.75,779.0
2026-03-07,42,0,wk inc flu hosp,2026-03-07,quantile,0.8,803.0
2026-03-07,42,0,wk inc flu hosp,2026-03-07,quantile,0.85,831.0
2026-03-07,42,0,wk inc flu hosp,2026-03-07,quantile,0.9,866.0
2026-03-07,42,0,wk inc flu hosp,2026-03-07,quantile,0.95,919.0
2026-03-07,42,0,wk inc flu hosp,2026-03-07,quantile,0.975,966.0
2026-03-07,42,0,wk inc flu hosp,2026-03-07,quantile,0.99,1008.0
2026-03-07,42,1,wk inc flu hosp,2026-03-14,quantile,0.01,197.3115697703972
2026-03-07,42,1,wk inc flu hosp,2026-03-14,quantile,0.025,255.0
2026-03-07,42,1,wk inc flu hosp,2026-03-14,quantile,0.05,283.0
2026-03-07,42,1,wk inc flu hosp,2026-03-14,quantile,0.1,326.0
2026-03-07,42,1,wk inc flu hosp,2026-03-14,quantile,0.15,360.8913968998674
2026-03-07,42,1,wk inc flu hosp,2026-03-14,quantile,0.2,402.5724417128331
2026-03-07,42,1,wk inc flu hosp,2026-03-14,quantile,0.25,444.5704611501205
2026-03-07,42,1,wk inc flu hosp,2026-03-14,quantile,0.3,476.0
2026-03-07,42,1,wk inc flu hosp,2026-03-14,quantile,0.35,492.0
2026-03-07,42,1,wk inc flu hosp,2026-03-14,quantile,0.4,501.6228801021924
2026-03-07,42,1,wk inc flu hosp,2026-03-14,quantile,0.45,535.8672121353402
2026-03-07,42,1,wk inc flu hosp,2026-03-14,quantile,0.5,573.01247881525
2026-03-07,42,1,wk inc flu hosp,2026-03-14,quantile,0.55,591.0
2026-03-07,42,1,wk inc flu hosp,2026-03-14,quantile,0.6,602.0
2026-03-07,42,1,wk inc flu hosp,2026-03-14,quantile,0.65,612.0
2026-03-07,42,1,wk inc flu hosp,2026-03-14,quantile,0.7,645.0
2026-03-07,42,1,wk inc flu hosp,2026-03-14,quantile,0.75,680.0
2026-03-07,42,1,wk inc flu hosp,2026-03-14,quantile,0.8,721.0
2026-03-07,42,1,wk inc flu hosp,2026-03-14,quantile,0.85,771.0
2026-03-07,42,1,wk inc flu hosp,2026-03-14,quantile,0.9,835.0
2026-03-07,42,1,wk inc flu hosp,2026-03-14,quantile,0.95,943.0
2026-03-07,42,1,wk inc flu hosp,2026-03-14,quantile,0.975,1033.0
2026-03-07,42,1,wk inc flu hosp,2026-03-14,quantile,0.99,1120.0
2026-03-07,42,2,wk inc flu hosp,2026-03-21,quantile,0.01,102.0
2026-03-07,42,2,wk inc flu hosp,2026-03-21,quantile,0.025,127.0
2026-03-07,42,2,wk inc flu hosp,2026-03-21,quantile,0.05,175.60809425183928
2026-03-07,42,2,wk inc flu hosp,2026-03-21,quantile,0.1,275.51741107590493
2026-03-07,42,2,wk inc flu hosp,2026-03-21,quantile,0.15,330.0
2026-03-07,42,2,wk inc flu hosp,2026-03-21,quantile,0.2,336.0
2026-03-07,42,2,wk inc flu hosp,2026-03-21,quantile,0.25,349.0
2026-03-07,42,2,wk inc flu hosp,2026-03-21,quantile,0.3,385.0
2026-03-07,42,2,wk inc flu hosp,2026-03-21,quantile,0.35,391.0
2026-03-07,42,2,wk inc flu hosp,2026-03-21,quantile,0.4,394.0
2026-03-07,42,2,wk inc flu hosp,2026-03-21,quantile,0.45,413.0
2026-03-07,42,2,wk inc flu hosp,2026-03-21,quantile,0.5,438.0
2026-03-07,42,2,wk inc flu hosp,2026-03-21,quantile,0.55,464.0
2026-03-07,42,2,wk inc flu hosp,2026-03-21,quantile,0.6,481.0
2026-03-07,42,2,wk inc flu hosp,2026-03-21,quantile,0.65,486.0
2026-03-07,42,2,wk inc flu hosp,2026-03-21,quantile,0.7,494.0
2026-03-07,42,2,wk inc flu hosp,2026-03-21,quantile,0.75,527.0
2026-03-07,42,2,wk inc flu hosp,2026-03-21,quantile,0.8,573.0
2026-03-07,42,2,wk inc flu hosp,2026-03-21,quantile,0.85,630.0
2026-03-07,42,2,wk inc flu hosp,2026-03-21,quantile,0.9,708.0
2026-03-07,42,2,wk inc flu hosp,2026-03-21,quantile,0.95,837.0
2026-03-07,42,2,wk inc flu hosp,2026-03-21,quantile,0.975,935.0
2026-03-07,42,2,wk inc flu hosp,2026-03-21,quantile,0.99,1049.0
2026-03-07,42,3,wk inc flu hosp,2026-03-28,quantile,0.01,58.0
2026-03-07,42,3,wk inc flu hosp,2026-03-28,quantile,0.025,83.373313290025
2026-03-07,42,3,wk inc flu hosp,2026-03-28,quantile,0.05,145.4763758012757
2026-03-07,42,3,wk inc flu hosp,2026-03-28,quantile,0.1,215.05280369642384
2026-03-07,42,3,wk inc flu hosp,2026-03-28,quantile,0.15,254.0
2026-03-07,42,3,wk inc flu hosp,2026-03-28,quantile,0.2,261.0
2026-03-07,42,3,wk inc flu hosp,2026-03-28,quantile,0.25,279.0
2026-03-07,42,3,wk inc flu hosp,2026-03-28,quantile,0.3,299.0
2026-03-07,42,3,wk inc flu hosp,2026-03-28,quantile,0.35,312.0
2026-03-07,42,3,wk inc flu hosp,2026-03-28,quantile,0.4,339.0
2026-03-07,42,3,wk inc flu hosp,2026-03-28,quantile,0.45,366.0
2026-03-07,42,3,wk inc flu hosp,2026-03-28,quantile,0.5,394.0
2026-03-07,42,3,wk inc flu hosp,2026-03-28,quantile,0.55,401.0
2026-03-07,42,3,wk inc flu hosp,2026-03-28,quantile,0.6,404.0
2026-03-07,42,3,wk inc flu hosp,2026-03-28,quantile,0.65,415.0
2026-03-07,42,3,wk inc flu hosp,2026-03-28,quantile,0.7,419.0
2026-03-07,42,3,wk inc flu hosp,2026-03-28,quantile,0.75,431.0
2026-03-07,42,3,wk inc flu hosp,2026-03-28,quantile,0.8,435.0
2026-03-07,42,3,wk inc flu hosp,2026-03-28,quantile,0.85,461.0
2026-03-07,42,3,wk inc flu hosp,2026-03-28,quantile,0.9,535.0
2026-03-07,42,3,wk inc flu hosp,2026-03-28,quantile,0.95,653.0
2026-03-07,42,3,wk inc flu hosp,2026-03-28,quantile,0.975,752.0
2026-03-07,42,3,wk inc flu hosp,2026-03-28,quantile,0.99,944.0
2026-03-07,44,0,wk inc flu hosp,2026-03-07,quantile,0.01,4.0
2026-03-07,44,0,wk inc flu hosp,2026-03-07,quantile,0.025,5.0
2026-03-07,44,0,wk inc flu hosp,2026-03-07,quantile,0.05,6.0
2026-03-07,44,0,wk inc flu hosp,2026-03-07,quantile,0.1,7.0
2026-03-07,44,0,wk inc flu hosp,2026-03-07,quantile,0.15,8.0
2026-03-07,44,0,wk inc flu hosp,2026-03-07,quantile,0.2,9.312753860775285
2026-03-07,44,0,wk inc flu hosp,2026-03-07,quantile,0.25,10.736324876978388
2026-03-07,44,0,wk inc flu hosp,2026-03-07,quantile,0.3,12.062000075948529
2026-03-07,44,0,wk inc flu hosp,2026-03-07,quantile,0.35,13.372733354656251
2026-03-07,44,0,wk inc flu hosp,2026-03-07,quantile,0.4,14.132956338538428
2026-03-07,44,0,wk inc flu hosp,2026-03-07,quantile,0.45,15.40847953694974
2026-03-07,44,0,wk inc flu hosp,2026-03-07,quantile,0.5,16.57131447362964
2026-03-07,44,0,wk inc flu hosp,2026-03-07,quantile,0.55,17.770584489229346
2026-03-07,44,0,wk inc flu hosp,2026-03-07,quantile,0.6,19.0
2026-03-07,44,0,wk inc flu hosp,2026-03-07,quantile,0.65,20.0
2026-03-07,44,0,wk inc flu hosp,2026-03-07,quantile,0.7,21.0
2026-03-07,44,0,wk inc flu hosp,2026-03-07,quantile,0.75,22.0
2026-03-07,44,0,wk inc flu hosp,2026-03-07,quantile,0.8,23.0
2026-03-07,44,0,wk inc flu hosp,2026-03-07,quantile,0.85,24.0
2026-03-07,44,0,wk inc flu hosp,2026-03-07,quantile,0.9,25.0
2026-03-07,44,0,wk inc flu hosp,2026-03-07,quantile,0.95,28.0
2026-03-07,44,0,wk inc flu hosp,2026-03-07,quantile,0.975,33.0
2026-03-07,44,0,wk inc flu hosp,2026-03-07,quantile,0.99,44.0
2026-03-07,44,1,wk inc flu hosp,2026-03-14,quantile,0.01,1.0
2026-03-07,44,1,wk inc flu hosp,2026-03-14,quantile,0.025,3.0
2026-03-07,44,1,wk inc flu hosp,2026-03-14,quantile,0.05,3.0
2026-03-07,44,1,wk inc flu hosp,2026-03-14,quantile,0.1,4.0
2026-03-07,44,1,wk inc flu hosp,2026-03-14,quantile,0.15,5.0
2026-03-07,44,1,wk inc flu hosp,2026-03-14,quantile,0.2,6.0
2026-03-07,44,1,wk inc flu hosp,2026-03-14,quantile,0.25,6.835773756468544
2026-03-07,44,1,wk inc flu hosp,2026-03-14,quantile,0.3,8.032392627349358
2026-03-07,44,1,wk inc flu hosp,2026-03-14,quantile,0.35,9.39564838497632
2026-03-07,44,1,wk inc flu hosp,2026-03-14,quantile,0.4,10.923549419951865
2026-03-07,44,1,wk inc flu hosp,2026-03-14,quantile,0.45,11.326827049255373
2026-03-07,44,1,wk inc flu hosp,2026-03-14,quantile,0.5,12.399999972208285
2026-03-07,44,1,wk inc flu hosp,2026-03-14,quantile,0.55,13.423703543929244
2026-03-07,44,1,wk inc flu hosp,2026-03-14,quantile,0.6,14.922752916001372
2026-03-07,44,1,wk inc flu hosp,2026-03-14,quantile,0.65,16.67814393487335
2026-03-07,44,1,wk inc flu hosp,2026-03-14,quantile,0.7,19.171522781617405
2026-03-07,44,1,wk inc flu hosp,2026-03-14,quantile,0.75,22.0
2026-03-07,44,1,wk inc flu hosp,2026-03-14,quantile,0.8,24.0
2026-03-07,44,1,wk inc flu hosp,2026-03-14,quantile,0.85,26.0
2026-03-07,44,1,wk inc flu hosp,2026-03-14,quantile,0.9,29.0
2026-03-07,44,1,wk inc flu hosp,2026-03-14,quantile,0.95,35.0
2026-03-07,44,1,wk inc flu hosp,2026-03-14,quantile,0.975,40.0
2026-03-07,44,1,wk inc flu hosp,2026-03-14,quantile,0.99,47.0
2026-03-07,44,2,wk inc flu hosp,2026-03-21,quantile,0.01,1.0
2026-03-07,44,2,wk inc flu hosp,2026-03-21,quantile,0.025,2.0
2026-03-07,44,2,wk inc flu hosp,2026-03-21,quantile,0.05,2.0
2026-03-07,44,2,wk inc flu hosp,2026-03-21,quantile,0.1,3.376274366523471
2026-03-07,44,2,wk inc flu hosp,2026-03-21,quantile,0.15,5.0
2026-03-07,44,2,wk inc flu hosp,2026-03-21,quantile,0.2,6.0
2026-03-07,44,2,wk inc flu hosp,2026-03-21,quantile,0.25,6.755464097252627
2026-03-07,44,2,wk inc flu hosp,2026-03-21,quantile,0.3,7.33206230820246
2026-03-07,44,2,wk inc flu hosp,2026-03-21,quantile,0.35,8.094030942059172
2026-03-07,44,2,wk inc flu hosp,2026-03-21,quantile,0.4,9.0
2026-03-07,44,2,wk inc flu hosp,2026-03-21,quantile,0.45,10.0
2026-03-07,44,2,wk inc flu hosp,2026-03-21,quantile,0.5,11.0
2026-03-07,44,2,wk inc flu hosp,2026-03-21,quantile,0.55,12.0
2026-03-07,44,2,wk inc flu hosp,2026-03-21,quantile,0.6,14.0
2026-03-07,44,2,wk inc flu hosp,2026-03-21,quantile,0.65,15.0
2026-03-07,44,2,wk inc flu hosp,2026-03-21,quantile,0.7,17.0
2026-03-07,44,2,wk inc flu hosp,2026-03-21,quantile,0.75,19.0
2026-03-07,44,2,wk inc flu hosp,2026-03-21,quantile,0.8,21.0
2026-03-07,44,2,wk inc flu hosp,2026-03-21,quantile,0.85,24.0
2026-03-07,44,2,wk inc flu hosp,2026-03-21,quantile,0.9,29.0
2026-03-07,44,2,wk inc flu hosp,2026-03-21,quantile,0.95,36.0
2026-03-07,44,2,wk inc flu hosp,2026-03-21,quantile,0.975,43.0
2026-03-07,44,2,wk inc flu hosp,2026-03-21,quantile,0.99,49.0
2026-03-07,44,3,wk inc flu hosp,2026-03-28,quantile,0.01,0.0
2026-03-07,44,3,wk inc flu hosp,2026-03-28,quantile,0.025,1.0
2026-03-07,44,3,wk inc flu hosp,2026-03-28,quantile,0.05,1.0
2026-03-07,44,3,wk inc flu hosp,2026-03-28,quantile,0.1,2.0
2026-03-07,44,3,wk inc flu hosp,2026-03-28,quantile,0.15,3.0
2026-03-07,44,3,wk inc flu hosp,2026-03-28,quantile,0.2,4.0
2026-03-07,44,3,wk inc flu hosp,2026-03-28,quantile,0.25,4.693606547317111
2026-03-07,44,3,wk inc flu hosp,2026-03-28,quantile,0.3,5.7098002433776855
2026-03-07,44,3,wk inc flu hosp,2026-03-28,quantile,0.35,5.9705023765563965
2026-03-07,44,3,wk inc flu hosp,2026-03-28,quantile,0.4,6.210293769836426
2026-03-07,44,3,wk inc flu hosp,2026-03-28,quantile,0.45,7.0
2026-03-07,44,3,wk inc flu hosp,2026-03-28,quantile,0.5,8.0
2026-03-07,44,3,wk inc flu hosp,2026-03-28,quantile,0.55,9.0
2026-03-07,44,3,wk inc flu hosp,2026-03-28,quantile,0.6,10.0
2026-03-07,44,3,wk inc flu hosp,2026-03-28,quantile,0.65,11.0
2026-03-07,44,3,wk inc flu hosp,2026-03-28,quantile,0.7,13.0
2026-03-07,44,3,wk inc flu hosp,2026-03-28,quantile,0.75,15.0
2026-03-07,44,3,wk inc flu hosp,2026-03-28,quantile,0.8,17.0
2026-03-07,44,3,wk inc flu hosp,2026-03-28,quantile,0.85,20.0
2026-03-07,44,3,wk inc flu hosp,2026-03-28,quantile,0.9,24.0
2026-03-07,44,3,wk inc flu hosp,2026-03-28,quantile,0.95,31.0
2026-03-07,44,3,wk inc flu hosp,2026-03-28,quantile,0.975,38.0
2026-03-07,44,3,wk inc flu hosp,2026-03-28,quantile,0.99,49.0
2026-03-07,45,0,wk inc flu hosp,2026-03-07,quantile,0.01,89.66239929199219
2026-03-07,45,0,wk inc flu hosp,2026-03-07,quantile,0.025,95.91513061523438
2026-03-07,45,0,wk inc flu hosp,2026-03-07,quantile,0.05,101.3960952758789
2026-03-07,45,0,wk inc flu hosp,2026-03-07,quantile,0.1,108.18528747558594
2026-03-07,45,0,wk inc flu hosp,2026-03-07,quantile,0.15,115.0
2026-03-07,45,0,wk inc flu hosp,2026-03-07,quantile,0.2,122.0
2026-03-07,45,0,wk inc flu hosp,2026-03-07,quantile,0.25,126.0
2026-03-07,45,0,wk inc flu hosp,2026-03-07,quantile,0.3,129.0
2026-03-07,45,0,wk inc flu hosp,2026-03-07,quantile,0.35,131.0
2026-03-07,45,0,wk inc flu hosp,2026-03-07,quantile,0.4,135.6223252897413
2026-03-07,45,0,wk inc flu hosp,2026-03-07,quantile,0.45,142.96388808675067
2026-03-07,45,0,wk inc flu hosp,2026-03-07,quantile,0.5,152.73317677686802
2026-03-07,45,0,wk inc flu hosp,2026-03-07,quantile,0.55,158.0
2026-03-07,45,0,wk inc flu hosp,2026-03-07,quantile,0.6,164.0
2026-03-07,45,0,wk inc flu hosp,2026-03-07,quantile,0.65,169.0
2026-03-07,45,0,wk inc flu hosp,2026-03-07,quantile,0.7,175.0
2026-03-07,45,0,wk inc flu hosp,2026-03-07,quantile,0.75,181.0
2026-03-07,45,0,wk inc flu hosp,2026-03-07,quantile,0.8,188.0
2026-03-07,45,0,wk inc flu hosp,2026-03-07,quantile,0.85,197.0
2026-03-07,45,0,wk inc flu hosp,2026-03-07,quantile,0.9,206.0
2026-03-07,45,0,wk inc flu hosp,2026-03-07,quantile,0.95,221.0
2026-03-07,45,0,wk inc flu hosp,2026-03-07,quantile,0.975,235.0
2026-03-07,45,0,wk inc flu hosp,2026-03-07,quantile,0.99,251.0
2026-03-07,45,1,wk inc flu hosp,2026-03-14,quantile,0.01,32.0
2026-03-07,45,1,wk inc flu hosp,2026-03-14,quantile,0.025,43.0
2026-03-07,45,1,wk inc flu hosp,2026-03-14,quantile,0.05,51.0
2026-03-07,45,1,wk inc flu hosp,2026-03-14,quantile,0.1,60.0
2026-03-07,45,1,wk inc flu hosp,2026-03-14,quantile,0.15,67.0
2026-03-07,45,1,wk inc flu hosp,2026-03-14,quantile,0.2,74.0
2026-03-07,45,1,wk inc flu hosp,2026-03-14,quantile,0.25,82.53685146770574
2026-03-07,45,1,wk inc flu hosp,2026-03-14,quantile,0.3,93.7830768878186
2026-03-07,45,1,wk inc flu hosp,2026-03-14,quantile,0.35,101.0
2026-03-07,45,1,wk inc flu hosp,2026-03-14,quantile,0.4,104.0
2026-03-07,45,1,wk inc flu hosp,2026-03-14,quantile,0.45,108.36233520507812
2026-03-07,45,1,wk inc flu hosp,2026-03-14,quantile,0.5,112.43172653912733
2026-03-07,45,1,wk inc flu hosp,2026-03-14,quantile,0.55,118.38178229305704
2026-03-07,45,1,wk inc flu hosp,2026-03-14,quantile,0.6,126.21435652406478
2026-03-07,45,1,wk inc flu hosp,2026-03-14,quantile,0.65,134.09307688153535
2026-03-07,45,1,wk inc flu hosp,2026-03-14,quantile,0.7,144.10590357864393
2026-03-07,45,1,wk inc flu hosp,2026-03-14,quantile,0.75,156.51645617397998
2026-03-07,45,1,wk inc flu hosp,2026-03-14,quantile,0.8,164.0
2026-03-07,45,1,wk inc flu hosp,2026-03-14,quantile,0.85,175.0
2026-03-07,45,1,wk inc flu hosp,2026-03-14,quantile,0.9,196.0
2026-03-07,45,1,wk inc flu hosp,2026-03-14,quantile,0.95,224.0
2026-03-07,45,1,wk inc flu hosp,2026-03-14,quantile,0.975,253.0
2026-03-07,45,1,wk inc flu hosp,2026-03-14,quantile,0.99,282.0
2026-03-07,45,2,wk inc flu hosp,2026-03-21,quantile,0.01,16.194020146964213
2026-03-07,45,2,wk inc flu hosp,2026-03-21,quantile,0.025,25.0
2026-03-07,45,2,wk inc flu hosp,2026-03-21,quantile,0.05,29.0
2026-03-07,45,2,wk inc flu hosp,2026-03-21,quantile,0.1,41.0
2026-03-07,45,2,wk inc flu hosp,2026-03-21,quantile,0.15,47.41623573965178
2026-03-07,45,2,wk inc flu hosp,2026-03-21,quantile,0.2,53.70278583604463
2026-03-07,45,2,wk inc flu hosp,2026-03-21,quantile,0.25,66.69573100376297
2026-03-07,45,2,wk inc flu hosp,2026-03-21,quantile,0.3,74.0
2026-03-07,45,2,wk inc flu hosp,2026-03-21,quantile,0.35,77.0
2026-03-07,45,2,wk inc flu hosp,2026-03-21,quantile,0.4,83.46899129983437
2026-03-07,45,2,wk inc flu hosp,2026-03-21,quantile,0.45,87.31481170654297
2026-03-07,45,2,wk inc flu hosp,2026-03-21,quantile,0.5,91.7435264007604
2026-03-07,45,2,wk inc flu hosp,2026-03-21,quantile,0.55,99.63249617527364
2026-03-07,45,2,wk inc flu hosp,2026-03-21,quantile,0.6,108.66965740680946
2026-03-07,45,2,wk inc flu hosp,2026-03-21,quantile,0.65,119.0673004722776
2026-03-07,45,2,wk inc flu hosp,2026-03-21,quantile,0.7,129.0
2026-03-07,45,2,wk inc flu hosp,2026-03-21,quantile,0.75,137.0
2026-03-07,45,2,wk inc flu hosp,2026-03-21,quantile,0.8,144.0
2026-03-07,45,2,wk inc flu hosp,2026-03-21,quantile,0.85,152.0
2026-03-07,45,2,wk inc flu hosp,2026-03-21,quantile,0.9,168.0
2026-03-07,45,2,wk inc flu hosp,2026-03-21,quantile,0.95,206.0
2026-03-07,45,2,wk inc flu hosp,2026-03-21,quantile,0.975,243.0
2026-03-07,45,2,wk inc flu hosp,2026-03-21,quantile,0.99,284.0
2026-03-07,45,3,wk inc flu hosp,2026-03-28,quantile,0.01,7.428116783360502
2026-03-07,45,3,wk inc flu hosp,2026-03-28,quantile,0.025,14.0
2026-03-07,45,3,wk inc flu hosp,2026-03-28,quantile,0.05,21.0
2026-03-07,45,3,wk inc flu hosp,2026-03-28,quantile,0.1,34.0
2026-03-07,45,3,wk inc flu hosp,2026-03-28,quantile,0.15,43.01532848526646
2026-03-07,45,3,wk inc flu hosp,2026-03-28,quantile,0.2,49.0
2026-03-07,45,3,wk inc flu hosp,2026-03-28,quantile,0.25,59.64020526709405
2026-03-07,45,3,wk inc flu hosp,2026-03-28,quantile,0.3,64.09248352050781
2026-03-07,45,3,wk inc flu hosp,2026-03-28,quantile,0.35,69.0
2026-03-07,45,3,wk inc flu hosp,2026-03-28,quantile,0.4,75.0
2026-03-07,45,3,wk inc flu hosp,2026-03-28,quantile,0.45,79.0
2026-03-07,45,3,wk inc flu hosp,2026-03-28,quantile,0.5,84.0
2026-03-07,45,3,wk inc flu hosp,2026-03-28,quantile,0.55,89.0
2026-03-07,45,3,wk inc flu hosp,2026-03-28,quantile,0.6,93.0
2026-03-07,45,3,wk inc flu hosp,2026-03-28,quantile,0.65,98.0
2026-03-07,45,3,wk inc flu hosp,2026-03-28,quantile,0.7,104.0
2026-03-07,45,3,wk inc flu hosp,2026-03-28,quantile,0.75,110.0
2026-03-07,45,3,wk inc flu hosp,2026-03-28,quantile,0.8,118.0
2026-03-07,45,3,wk inc flu hosp,2026-03-28,quantile,0.85,128.0
2026-03-07,45,3,wk inc flu hosp,2026-03-28,quantile,0.9,137.0
2026-03-07,45,3,wk inc flu hosp,2026-03-28,quantile,0.95,171.0
2026-03-07,45,3,wk inc flu hosp,2026-03-28,quantile,0.975,211.0
2026-03-07,45,3,wk inc flu hosp,2026-03-28,quantile,0.99,249.0
2026-03-07,46,0,wk inc flu hosp,2026-03-07,quantile,0.01,21.0
2026-03-07,46,0,wk inc flu hosp,2026-03-07,quantile,0.025,23.56343650817871
2026-03-07,46,0,wk inc flu hosp,2026-03-07,quantile,0.05,25.0
2026-03-07,46,0,wk inc flu hosp,2026-03-07,quantile,0.1,26.0
2026-03-07,46,0,wk inc flu hosp,2026-03-07,quantile,0.15,27.0
2026-03-07,46,0,wk inc flu hosp,2026-03-07,quantile,0.2,29.0
2026-03-07,46,0,wk inc flu hosp,2026-03-07,quantile,0.25,31.0
2026-03-07,46,0,wk inc flu hosp,2026-03-07,quantile,0.3,32.0
2026-03-07,46,0,wk inc flu hosp,2026-03-07,quantile,0.35,33.0
2026-03-07,46,0,wk inc flu hosp,2026-03-07,quantile,0.4,34.0
2026-03-07,46,0,wk inc flu hosp,2026-03-07,quantile,0.45,35.38258690264197
2026-03-07,46,0,wk inc flu hosp,2026-03-07,quantile,0.5,37.751138792440656
2026-03-07,46,0,wk inc flu hosp,2026-03-07,quantile,0.55,40.0
2026-03-07,46,0,wk inc flu hosp,2026-03-07,quantile,0.6,42.0
2026-03-07,46,0,wk inc flu hosp,2026-03-07,quantile,0.65,43.0
2026-03-07,46,0,wk inc flu hosp,2026-03-07,quantile,0.7,45.0
2026-03-07,46,0,wk inc flu hosp,2026-03-07,quantile,0.75,47.0
2026-03-07,46,0,wk inc flu hosp,2026-03-07,quantile,0.8,48.0
2026-03-07,46,0,wk inc flu hosp,2026-03-07,quantile,0.85,51.0
2026-03-07,46,0,wk inc flu hosp,2026-03-07,quantile,0.9,54.0
2026-03-07,46,0,wk inc flu hosp,2026-03-07,quantile,0.95,61.0
2026-03-07,46,0,wk inc flu hosp,2026-03-07,quantile,0.975,64.0
2026-03-07,46,0,wk inc flu hosp,2026-03-07,quantile,0.99,73.0
2026-03-07,46,1,wk inc flu hosp,2026-03-14,quantile,0.01,8.400008271375546
2026-03-07,46,1,wk inc flu hosp,2026-03-14,quantile,0.025,11.0
2026-03-07,46,1,wk inc flu hosp,2026-03-14,quantile,0.05,14.0
2026-03-07,46,1,wk inc flu hosp,2026-03-14,quantile,0.1,17.0
2026-03-07,46,1,wk inc flu hosp,2026-03-14,quantile,0.15,19.0
2026-03-07,46,1,wk inc flu hosp,2026-03-14,quantile,0.2,20.0
2026-03-07,46,1,wk inc flu hosp,2026-03-14,quantile,0.25,21.0
2026-03-07,46,1,wk inc flu hosp,2026-03-14,quantile,0.3,23.0
2026-03-07,46,1,wk inc flu hosp,2026-03-14,quantile,0.35,24.0
2026-03-07,46,1,wk inc flu hosp,2026-03-14,quantile,0.4,26.0
2026-03-07,46,1,wk inc flu hosp,2026-03-14,quantile,0.45,28.0
2026-03-07,46,1,wk inc flu hosp,2026-03-14,quantile,0.5,29.0
2026-03-07,46,1,wk inc flu hosp,2026-03-14,quantile,0.55,31.0
2026-03-07,46,1,wk inc flu hosp,2026-03-14,quantile,0.6,33.0
2026-03-07,46,1,wk inc flu hosp,2026-03-14,quantile,0.65,36.20683751346965
2026-03-07,46,1,wk inc flu hosp,2026-03-14,quantile,0.7,38.0
2026-03-07,46,1,wk inc flu hosp,2026-03-14,quantile,0.75,40.0
2026-03-07,46,1,wk inc flu hosp,2026-03-14,quantile,0.8,43.0
2026-03-07,46,1,wk inc flu hosp,2026-03-14,quantile,0.85,48.0
2026-03-07,46,1,wk inc flu hosp,2026-03-14,quantile,0.9,53.0
2026-03-07,46,1,wk inc flu hosp,2026-03-14,quantile,0.95,62.0
2026-03-07,46,1,wk inc flu hosp,2026-03-14,quantile,0.975,68.90893358649518
2026-03-07,46,1,wk inc flu hosp,2026-03-14,quantile,0.99,76.78954901088736
2026-03-07,46,2,wk inc flu hosp,2026-03-21,quantile,0.01,4.25522875728609
2026-03-07,46,2,wk inc flu hosp,2026-03-21,quantile,0.025,6.0
2026-03-07,46,2,wk inc flu hosp,2026-03-21,quantile,0.05,8.0
2026-03-07,46,2,wk inc flu hosp,2026-03-21,quantile,0.1,9.0
2026-03-07,46,2,wk inc flu hosp,2026-03-21,quantile,0.15,12.0
2026-03-07,46,2,wk inc flu hosp,2026-03-21,quantile,0.2,13.0
2026-03-07,46,2,wk inc flu hosp,2026-03-21,quantile,0.25,16.0
2026-03-07,46,2,wk inc flu hosp,2026-03-21,quantile,0.3,17.286209851874865
2026-03-07,46,2,wk inc flu hosp,2026-03-21,quantile,0.35,19.879819481365008
2026-03-07,46,2,wk inc flu hosp,2026-03-21,quantile,0.4,20.92769432067871
2026-03-07,46,2,wk inc flu hosp,2026-03-21,quantile,0.45,21.539419174194336
2026-03-07,46,2,wk inc flu hosp,2026-03-21,quantile,0.5,22.55461800200926
2026-03-07,46,2,wk inc flu hosp,2026-03-21,quantile,0.55,25.085837248299026
2026-03-07,46,2,wk inc flu hosp,2026-03-21,quantile,0.6,27.839090401386727
2026-03-07,46,2,wk inc flu hosp,2026-03-21,quantile,0.65,30.0
2026-03-07,46,2,wk inc flu hosp,2026-03-21,quantile,0.7,32.0
2026-03-07,46,2,wk inc flu hosp,2026-03-21,quantile,0.75,33.0
2026-03-07,46,2,wk inc flu hosp,2026-03-21,quantile,0.8,35.0
2026-03-07,46,2,wk inc flu hosp,2026-03-21,quantile,0.85,41.0
2026-03-07,46,2,wk inc flu hosp,2026-03-21,quantile,0.9,48.0
2026-03-07,46,2,wk inc flu hosp,2026-03-21,quantile,0.95,59.0
2026-03-07,46,2,wk inc flu hosp,2026-03-21,quantile,0.975,70.0
2026-03-07,46,2,wk inc flu hosp,2026-03-21,quantile,0.99,82.0
2026-03-07,46,3,wk inc flu hosp,2026-03-28,quantile,0.01,2.912661015080628
2026-03-07,46,3,wk inc flu hosp,2026-03-28,quantile,0.025,4.0
2026-03-07,46,3,wk inc flu hosp,2026-03-28,quantile,0.05,6.846347149460177
2026-03-07,46,3,wk inc flu hosp,2026-03-28,quantile,0.1,9.80463848614622
2026-03-07,46,3,wk inc flu hosp,2026-03-28,quantile,0.15,11.91032602228086
2026-03-07,46,3,wk inc flu hosp,2026-03-28,quantile,0.2,13.148947715759276
2026-03-07,46,3,wk inc flu hosp,2026-03-28,quantile,0.25,14.076750877859766
2026-03-07,46,3,wk inc flu hosp,2026-03-28,quantile,0.3,15.39036115024366
2026-03-07,46,3,wk inc flu hosp,2026-03-28,quantile,0.35,16.735650630581542
2026-03-07,46,3,wk inc flu hosp,2026-03-28,quantile,0.4,18.182509995921016
2026-03-07,46,3,wk inc flu hosp,2026-03-28,quantile,0.45,19.69270740712054
2026-03-07,46,3,wk inc flu hosp,2026-03-28,quantile,0.5,21.296443333537027
2026-03-07,46,3,wk inc flu hosp,2026-03-28,quantile,0.55,22.0
2026-03-07,46,3,wk inc flu hosp,2026-03-28,quantile,0.6,23.0
2026-03-07,46,3,wk inc flu hosp,2026-03-28,quantile,0.65,24.0
2026-03-07,46,3,wk inc flu hosp,2026-03-28,quantile,0.7,26.0
2026-03-07,46,3,wk inc flu hosp,2026-03-28,quantile,0.75,27.0
2026-03-07,46,3,wk inc flu hosp,2026-03-28,quantile,0.8,29.0
2026-03-07,46,3,wk inc flu hosp,2026-03-28,quantile,0.85,31.0
2026-03-07,46,3,wk inc flu hosp,2026-03-28,quantile,0.9,38.0
2026-03-07,46,3,wk inc flu hosp,2026-03-28,quantile,0.95,51.0
2026-03-07,46,3,wk inc flu hosp,2026-03-28,quantile,0.975,62.0
2026-03-07,46,3,wk inc flu hosp,2026-03-28,quantile,0.99,76.0
2026-03-07,47,0,wk inc flu hosp,2026-03-07,quantile,0.01,125.0
2026-03-07,47,0,wk inc flu hosp,2026-03-07,quantile,0.025,139.0
2026-03-07,47,0,wk inc flu hosp,2026-03-07,quantile,0.05,151.0
2026-03-07,47,0,wk inc flu hosp,2026-03-07,quantile,0.1,166.0
2026-03-07,47,0,wk inc flu hosp,2026-03-07,quantile,0.15,177.0
2026-03-07,47,0,wk inc flu hosp,2026-03-07,quantile,0.2,185.0
2026-03-07,47,0,wk inc flu hosp,2026-03-07,quantile,0.25,191.0
2026-03-07,47,0,wk inc flu hosp,2026-03-07,quantile,0.3,198.0
2026-03-07,47,0,wk inc flu hosp,2026-03-07,quantile,0.35,203.0
2026-03-07,47,0,wk inc flu hosp,2026-03-07,quantile,0.4,206.0
2026-03-07,47,0,wk inc flu hosp,2026-03-07,quantile,0.45,213.5044817473033
2026-03-07,47,0,wk inc flu hosp,2026-03-07,quantile,0.5,218.0
2026-03-07,47,0,wk inc flu hosp,2026-03-07,quantile,0.55,222.0
2026-03-07,47,0,wk inc flu hosp,2026-03-07,quantile,0.6,228.0
2026-03-07,47,0,wk inc flu hosp,2026-03-07,quantile,0.65,234.4044774341072
2026-03-07,47,0,wk inc flu hosp,2026-03-07,quantile,0.7,247.34357582356404
2026-03-07,47,0,wk inc flu hosp,2026-03-07,quantile,0.75,258.0
2026-03-07,47,0,wk inc flu hosp,2026-03-07,quantile,0.8,267.0
2026-03-07,47,0,wk inc flu hosp,2026-03-07,quantile,0.85,278.0
2026-03-07,47,0,wk inc flu hosp,2026-03-07,quantile,0.9,291.0
2026-03-07,47,0,wk inc flu hosp,2026-03-07,quantile,0.95,312.0
2026-03-07,47,0,wk inc flu hosp,2026-03-07,quantile,0.975,330.0
2026-03-07,47,0,wk inc flu hosp,2026-03-07,quantile,0.99,352.0
2026-03-07,47,1,wk inc flu hosp,2026-03-14,quantile,0.01,45.0
2026-03-07,47,1,wk inc flu hosp,2026-03-14,quantile,0.025,56.26046546764993
2026-03-07,47,1,wk inc flu hosp,2026-03-14,quantile,0.05,69.16608117375516
2026-03-07,47,1,wk inc flu hosp,2026-03-14,quantile,0.1,88.82286565320082
2026-03-07,47,1,wk inc flu hosp,2026-03-14,quantile,0.15,106.33439495062052
2026-03-07,47,1,wk inc flu hosp,2026-03-14,quantile,0.2,121.37495016429358
2026-03-07,47,1,wk inc flu hosp,2026-03-14,quantile,0.25,135.07101531818068
2026-03-07,47,1,wk inc flu hosp,2026-03-14,quantile,0.3,147.9943409916073
2026-03-07,47,1,wk inc flu hosp,2026-03-14,quantile,0.35,160.49668646514243
2026-03-07,47,1,wk inc flu hosp,2026-03-14,quantile,0.4,168.0
2026-03-07,47,1,wk inc flu hosp,2026-03-14,quantile,0.45,172.0
2026-03-07,47,1,wk inc flu hosp,2026-03-14,quantile,0.5,179.10701809104168
2026-03-07,47,1,wk inc flu hosp,2026-03-14,quantile,0.55,193.01809575836876
2026-03-07,47,1,wk inc flu hosp,2026-03-14,quantile,0.6,201.0
2026-03-07,47,1,wk inc flu hosp,2026-03-14,quantile,0.65,206.0
2026-03-07,47,1,wk inc flu hosp,2026-03-14,quantile,0.7,210.0
2026-03-07,47,1,wk inc flu hosp,2026-03-14,quantile,0.75,228.27300271407432
2026-03-07,47,1,wk inc flu hosp,2026-03-14,quantile,0.8,252.0029158879527
2026-03-07,47,1,wk inc flu hosp,2026-03-14,quantile,0.85,271.0
2026-03-07,47,1,wk inc flu hosp,2026-03-14,quantile,0.9,291.0
2026-03-07,47,1,wk inc flu hosp,2026-03-14,quantile,0.95,323.0
2026-03-07,47,1,wk inc flu hosp,2026-03-14,quantile,0.975,349.0699462890625
2026-03-07,47,1,wk inc flu hosp,2026-03-14,quantile,0.99,369.5981750488281
2026-03-07,47,2,wk inc flu hosp,2026-03-21,quantile,0.01,37.0
2026-03-07,47,2,wk inc flu hosp,2026-03-21,quantile,0.025,51.0
2026-03-07,47,2,wk inc flu hosp,2026-03-21,quantile,0.05,59.08818299139932
2026-03-07,47,2,wk inc flu hosp,2026-03-21,quantile,0.1,72.01112771138912
2026-03-07,47,2,wk inc flu hosp,2026-03-21,quantile,0.15,90.53280146485174
2026-03-07,47,2,wk inc flu hosp,2026-03-21,quantile,0.2,105.0
2026-03-07,47,2,wk inc flu hosp,2026-03-21,quantile,0.25,115.0
2026-03-07,47,2,wk inc flu hosp,2026-03-21,quantile,0.3,121.0
2026-03-07,47,2,wk inc flu hosp,2026-03-21,quantile,0.35,132.96758739177534
2026-03-07,47,2,wk inc flu hosp,2026-03-21,quantile,0.4,142.0
2026-03-07,47,2,wk inc flu hosp,2026-03-21,quantile,0.45,151.0
2026-03-07,47,2,wk inc flu hosp,2026-03-21,quantile,0.5,159.0
2026-03-07,47,2,wk inc flu hosp,2026-03-21,quantile,0.55,168.0
2026-03-07,47,2,wk inc flu hosp,2026-03-21,quantile,0.6,173.0
2026-03-07,47,2,wk inc flu hosp,2026-03-21,quantile,0.65,182.6418378573102
2026-03-07,47,2,wk inc flu hosp,2026-03-21,quantile,0.7,197.3487509195757
2026-03-07,47,2,wk inc flu hosp,2026-03-21,quantile,0.75,211.0
2026-03-07,47,2,wk inc flu hosp,2026-03-21,quantile,0.8,225.0
2026-03-07,47,2,wk inc flu hosp,2026-03-21,quantile,0.85,241.0
2026-03-07,47,2,wk inc flu hosp,2026-03-21,quantile,0.9,263.0
2026-03-07,47,2,wk inc flu hosp,2026-03-21,quantile,0.95,298.0
2026-03-07,47,2,wk inc flu hosp,2026-03-21,quantile,0.975,329.0
2026-03-07,47,2,wk inc flu hosp,2026-03-21,quantile,0.99,365.56005859375
2026-03-07,47,3,wk inc flu hosp,2026-03-28,quantile,0.01,23.0
2026-03-07,47,3,wk inc flu hosp,2026-03-28,quantile,0.025,29.245039131877743
2026-03-07,47,3,wk inc flu hosp,2026-03-28,quantile,0.05,34.19317601985183
2026-03-07,47,3,wk inc flu hosp,2026-03-28,quantile,0.1,55.78162047185296
2026-03-07,47,3,wk inc flu hosp,2026-03-28,quantile,0.15,76.02627913213882
2026-03-07,47,3,wk inc flu hosp,2026-03-28,quantile,0.2,86.0
2026-03-07,47,3,wk inc flu hosp,2026-03-28,quantile,0.25,92.0
2026-03-07,47,3,wk inc flu hosp,2026-03-28,quantile,0.3,97.0
2026-03-07,47,3,wk inc flu hosp,2026-03-28,quantile,0.35,105.0
2026-03-07,47,3,wk inc flu hosp,2026-03-28,quantile,0.4,108.0
2026-03-07,47,3,wk inc flu hosp,2026-03-28,quantile,0.45,113.0
2026-03-07,47,3,wk inc flu hosp,2026-03-28,quantile,0.5,127.3645758047909
2026-03-07,47,3,wk inc flu hosp,2026-03-28,quantile,0.55,144.74904547187518
2026-03-07,47,3,wk inc flu hosp,2026-03-28,quantile,0.6,154.0
2026-03-07,47,3,wk inc flu hosp,2026-03-28,quantile,0.65,159.0
2026-03-07,47,3,wk inc flu hosp,2026-03-28,quantile,0.7,167.0
2026-03-07,47,3,wk inc flu hosp,2026-03-28,quantile,0.75,174.0
2026-03-07,47,3,wk inc flu hosp,2026-03-28,quantile,0.8,181.0
2026-03-07,47,3,wk inc flu hosp,2026-03-28,quantile,0.85,202.1916091712652
2026-03-07,47,3,wk inc flu hosp,2026-03-28,quantile,0.9,243.67609529159432
2026-03-07,47,3,wk inc flu hosp,2026-03-28,quantile,0.95,296.9000244140625
2026-03-07,47,3,wk inc flu hosp,2026-03-28,quantile,0.975,318.9065856933594
2026-03-07,47,3,wk inc flu hosp,2026-03-28,quantile,0.99,343.7269592285156
2026-03-07,48,0,wk inc flu hosp,2026-03-07,quantile,0.01,307.0
2026-03-07,48,0,wk inc flu hosp,2026-03-07,quantile,0.025,350.0
2026-03-07,48,0,wk inc flu hosp,2026-03-07,quantile,0.05,389.0
2026-03-07,48,0,wk inc flu hosp,2026-03-07,quantile,0.1,431.0
2026-03-07,48,0,wk inc flu hosp,2026-03-07,quantile,0.15,468.0
2026-03-07,48,0,wk inc flu hosp,2026-03-07,quantile,0.2,504.0
2026-03-07,48,0,wk inc flu hosp,2026-03-07,quantile,0.25,531.0612930802112
2026-03-07,48,0,wk inc flu hosp,2026-03-07,quantile,0.3,564.9886517173369
2026-03-07,48,0,wk inc flu hosp,2026-03-07,quantile,0.35,584.0
2026-03-07,48,0,wk inc flu hosp,2026-03-07,quantile,0.4,596.0
2026-03-07,48,0,wk inc flu hosp,2026-03-07,quantile,0.45,617.0
2026-03-07,48,0,wk inc flu hosp,2026-03-07,quantile,0.5,639.0
2026-03-07,48,0,wk inc flu hosp,2026-03-07,quantile,0.55,657.0
2026-03-07,48,0,wk inc flu hosp,2026-03-07,quantile,0.6,681.0
2026-03-07,48,0,wk inc flu hosp,2026-03-07,quantile,0.65,699.0
2026-03-07,48,0,wk inc flu hosp,2026-03-07,quantile,0.7,727.0
2026-03-07,48,0,wk inc flu hosp,2026-03-07,quantile,0.75,760.0
2026-03-07,48,0,wk inc flu hosp,2026-03-07,quantile,0.8,797.0
2026-03-07,48,0,wk inc flu hosp,2026-03-07,quantile,0.85,828.678260361387
2026-03-07,48,0,wk inc flu hosp,2026-03-07,quantile,0.9,860.0
2026-03-07,48,0,wk inc flu hosp,2026-03-07,quantile,0.95,932.4891967773438
2026-03-07,48,0,wk inc flu hosp,2026-03-07,quantile,0.975,982.7374267578124
2026-03-07,48,0,wk inc flu hosp,2026-03-07,quantile,0.99,1041.59375
2026-03-07,48,1,wk inc flu hosp,2026-03-14,quantile,0.01,164.54205129811075
2026-03-07,48,1,wk inc flu hosp,2026-03-14,quantile,0.025,201.75620334977373
2026-03-07,48,1,wk inc flu hosp,2026-03-14,quantile,0.05,247.6478493674386
2026-03-07,48,1,wk inc flu hosp,2026-03-14,quantile,0.1,310.98221051818075
2026-03-07,48,1,wk inc flu hosp,2026-03-14,quantile,0.15,348.98613067184164
2026-03-07,48,1,wk inc flu hosp,2026-03-14,quantile,0.2,387.8497346451183
2026-03-07,48,1,wk inc flu hosp,2026-03-14,quantile,0.25,422.8260096062798
2026-03-07,48,1,wk inc flu hosp,2026-03-14,quantile,0.3,455.5224542310508
2026-03-07,48,1,wk inc flu hosp,2026-03-14,quantile,0.35,486.9074404808509
2026-03-07,48,1,wk inc flu hosp,2026-03-14,quantile,0.4,505.0
2026-03-07,48,1,wk inc flu hosp,2026-03-14,quantile,0.45,513.0
2026-03-07,48,1,wk inc flu hosp,2026-03-14,quantile,0.5,536.0
2026-03-07,48,1,wk inc flu hosp,2026-03-14,quantile,0.55,563.0
2026-03-07,48,1,wk inc flu hosp,2026-03-14,quantile,0.6,592.0
2026-03-07,48,1,wk inc flu hosp,2026-03-14,quantile,0.65,622.0
2026-03-07,48,1,wk inc flu hosp,2026-03-14,quantile,0.7,655.0
2026-03-07,48,1,wk inc flu hosp,2026-03-14,quantile,0.75,691.0
2026-03-07,48,1,wk inc flu hosp,2026-03-14,quantile,0.8,723.9171142578125
2026-03-07,48,1,wk inc flu hosp,2026-03-14,quantile,0.85,749.8865356445312
2026-03-07,48,1,wk inc flu hosp,2026-03-14,quantile,0.9,784.9151000976562
2026-03-07,48,1,wk inc flu hosp,2026-03-14,quantile,0.95,837.6105346679688
2026-03-07,48,1,wk inc flu hosp,2026-03-14,quantile,0.975,878.7536010742188
2026-03-07,48,1,wk inc flu hosp,2026-03-14,quantile,0.99,982.0
2026-03-07,48,2,wk inc flu hosp,2026-03-21,quantile,0.01,96.36668759239926
2026-03-07,48,2,wk inc flu hosp,2026-03-21,quantile,0.025,129.0
2026-03-07,48,2,wk inc flu hosp,2026-03-21,quantile,0.05,170.19854420936068
2026-03-07,48,2,wk inc flu hosp,2026-03-21,quantile,0.1,227.9495233015776
2026-03-07,48,2,wk inc flu hosp,2026-03-21,quantile,0.15,278.7205218846157
2026-03-07,48,2,wk inc flu hosp,2026-03-21,quantile,0.2,322.7093397500611
2026-03-07,48,2,wk inc flu hosp,2026-03-21,quantile,0.25,363.0153773745965
2026-03-07,48,2,wk inc flu hosp,2026-03-21,quantile,0.3,401.2322785824934
2026-03-07,48,2,wk inc flu hosp,2026-03-21,quantile,0.35,418.0
2026-03-07,48,2,wk inc flu hosp,2026-03-21,quantile,0.4,430.0
2026-03-07,48,2,wk inc flu hosp,2026-03-21,quantile,0.45,439.0
2026-03-07,48,2,wk inc flu hosp,2026-03-21,quantile,0.5,447.0
2026-03-07,48,2,wk inc flu hosp,2026-03-21,quantile,0.55,461.0
2026-03-07,48,2,wk inc flu hosp,2026-03-21,quantile,0.6,485.0
2026-03-07,48,2,wk inc flu hosp,2026-03-21,quantile,0.65,513.0
2026-03-07,48,2,wk inc flu hosp,2026-03-21,quantile,0.7,544.0
2026-03-07,48,2,wk inc flu hosp,2026-03-21,quantile,0.75,578.0
2026-03-07,48,2,wk inc flu hosp,2026-03-21,quantile,0.8,607.66357421875
2026-03-07,48,2,wk inc flu hosp,2026-03-21,quantile,0.85,630.3904418945312
2026-03-07,48,2,wk inc flu hosp,2026-03-21,quantile,0.9,660.8128051757812
2026-03-07,48,2,wk inc flu hosp,2026-03-21,quantile,0.95,702.2723388671875
2026-03-07,48,2,wk inc flu hosp,2026-03-21,quantile,0.975,789.0
2026-03-07,48,2,wk inc flu hosp,2026-03-21,quantile,0.99,925.0
2026-03-07,48,3,wk inc flu hosp,2026-03-28,quantile,0.01,56.0
2026-03-07,48,3,wk inc flu hosp,2026-03-28,quantile,0.025,83.45076216355046
2026-03-07,48,3,wk inc flu hosp,2026-03-28,quantile,0.05,135.0
2026-03-07,48,3,wk inc flu hosp,2026-03-28,quantile,0.1,186.34553379499147
2026-03-07,48,3,wk inc flu hosp,2026-03-28,quantile,0.15,238.33964630138337
2026-03-07,48,3,wk inc flu hosp,2026-03-28,quantile,0.2,284.065092981238
2026-03-07,48,3,wk inc flu hosp,2026-03-28,quantile,0.25,319.2535358801164
2026-03-07,48,3,wk inc flu hosp,2026-03-28,quantile,0.3,337.0
2026-03-07,48,3,wk inc flu hosp,2026-03-28,quantile,0.35,347.0
2026-03-07,48,3,wk inc flu hosp,2026-03-28,quantile,0.4,375.0
2026-03-07,48,3,wk inc flu hosp,2026-03-28,quantile,0.45,403.0
2026-03-07,48,3,wk inc flu hosp,2026-03-28,quantile,0.5,428.7768249511719
2026-03-07,48,3,wk inc flu hosp,2026-03-28,quantile,0.55,439.9896545410156
2026-03-07,48,3,wk inc flu hosp,2026-03-28,quantile,0.6,452.0545349121094
2026-03-07,48,3,wk inc flu hosp,2026-03-28,quantile,0.65,464.1058654785156
2026-03-07,48,3,wk inc flu hosp,2026-03-28,quantile,0.7,477.7950134277344
2026-03-07,48,3,wk inc flu hosp,2026-03-28,quantile,0.75,492.82177734375
2026-03-07,48,3,wk inc flu hosp,2026-03-28,quantile,0.8,509.9395446777344
2026-03-07,48,3,wk inc flu hosp,2026-03-28,quantile,0.85,532.1734619140625
2026-03-07,48,3,wk inc flu hosp,2026-03-28,quantile,0.9,560.1084594726562
2026-03-07,48,3,wk inc flu hosp,2026-03-28,quantile,0.95,601.3570556640625
2026-03-07,48,3,wk inc flu hosp,2026-03-28,quantile,0.975,639.68017578125
2026-03-07,48,3,wk inc flu hosp,2026-03-28,quantile,0.99,756.0
2026-03-07,49,0,wk inc flu hosp,2026-03-07,quantile,0.01,13.0
2026-03-07,49,0,wk inc flu hosp,2026-03-07,quantile,0.025,16.0
2026-03-07,49,0,wk inc flu hosp,2026-03-07,quantile,0.05,19.0
2026-03-07,49,0,wk inc flu hosp,2026-03-07,quantile,0.1,24.0
2026-03-07,49,0,wk inc flu hosp,2026-03-07,quantile,0.15,25.402029037475582
2026-03-07,49,0,wk inc flu hosp,2026-03-07,quantile,0.2,26.505321502685547
2026-03-07,49,0,wk inc flu hosp,2026-03-07,quantile,0.25,27.449234008789062
2026-03-07,49,0,wk inc flu hosp,2026-03-07,quantile,0.3,28.313703536987305
2026-03-07,49,0,wk inc flu hosp,2026-03-07,quantile,0.35,29.181041717529297
2026-03-07,49,0,wk inc flu hosp,2026-03-07,quantile,0.4,31.0
2026-03-07,49,0,wk inc flu hosp,2026-03-07,quantile,0.45,33.0
2026-03-07,49,0,wk inc flu hosp,2026-03-07,quantile,0.5,34.66551460195745
2026-03-07,49,0,wk inc flu hosp,2026-03-07,quantile,0.55,37.26274908473116
2026-03-07,49,0,wk inc flu hosp,2026-03-07,quantile,0.6,40.0
2026-03-07,49,0,wk inc flu hosp,2026-03-07,quantile,0.65,41.0
2026-03-07,49,0,wk inc flu hosp,2026-03-07,quantile,0.7,44.0
2026-03-07,49,0,wk inc flu hosp,2026-03-07,quantile,0.75,44.79832491757336
2026-03-07,49,0,wk inc flu hosp,2026-03-07,quantile,0.8,48.0
2026-03-07,49,0,wk inc flu hosp,2026-03-07,quantile,0.85,50.0
2026-03-07,49,0,wk inc flu hosp,2026-03-07,quantile,0.9,53.0
2026-03-07,49,0,wk inc flu hosp,2026-03-07,quantile,0.95,59.0
2026-03-07,49,0,wk inc flu hosp,2026-03-07,quantile,0.975,66.0
2026-03-07,49,0,wk inc flu hosp,2026-03-07,quantile,0.99,72.0
2026-03-07,49,1,wk inc flu hosp,2026-03-14,quantile,0.01,6.074228831734336
2026-03-07,49,1,wk inc flu hosp,2026-03-14,quantile,0.025,8.697954819056434
2026-03-07,49,1,wk inc flu hosp,2026-03-14,quantile,0.05,11.021474459665638
2026-03-07,49,1,wk inc flu hosp,2026-03-14,quantile,0.1,15.038226834700094
2026-03-07,49,1,wk inc flu hosp,2026-03-14,quantile,0.15,18.139341506944948
2026-03-07,49,1,wk inc flu hosp,2026-03-14,quantile,0.2,20.450805574313087
2026-03-07,49,1,wk inc flu hosp,2026-03-14,quantile,0.25,22.81078515135778
2026-03-07,49,1,wk inc flu hosp,2026-03-14,quantile,0.3,24.0
2026-03-07,49,1,wk inc flu hosp,2026-03-14,quantile,0.35,26.0
2026-03-07,49,1,wk inc flu hosp,2026-03-14,quantile,0.4,28.0
2026-03-07,49,1,wk inc flu hosp,2026-03-14,quantile,0.45,28.0
2026-03-07,49,1,wk inc flu hosp,2026-03-14,quantile,0.5,31.0
2026-03-07,49,1,wk inc flu hosp,2026-03-14,quantile,0.55,33.0
2026-03-07,49,1,wk inc flu hosp,2026-03-14,quantile,0.6,35.0
2026-03-07,49,1,wk inc flu hosp,2026-03-14,quantile,0.65,36.0
2026-03-07,49,1,wk inc flu hosp,2026-03-14,quantile,0.7,38.0
2026-03-07,49,1,wk inc flu hosp,2026-03-14,quantile,0.75,41.0
2026-03-07,49,1,wk inc flu hosp,2026-03-14,quantile,0.8,42.0
2026-03-07,49,1,wk inc flu hosp,2026-03-14,quantile,0.85,44.0
2026-03-07,49,1,wk inc flu hosp,2026-03-14,quantile,0.9,49.0
2026-03-07,49,1,wk inc flu hosp,2026-03-14,quantile,0.95,53.0
2026-03-07,49,1,wk inc flu hosp,2026-03-14,quantile,0.975,65.0
2026-03-07,49,1,wk inc flu hosp,2026-03-14,quantile,0.99,72.0
2026-03-07,49,2,wk inc flu hosp,2026-03-21,quantile,0.01,2.0
2026-03-07,49,2,wk inc flu hosp,2026-03-21,quantile,0.025,4.0
2026-03-07,49,2,wk inc flu hosp,2026-03-21,quantile,0.05,6.0
2026-03-07,49,2,wk inc flu hosp,2026-03-21,quantile,0.1,8.0
2026-03-07,49,2,wk inc flu hosp,2026-03-21,quantile,0.15,11.856989990409868
2026-03-07,49,2,wk inc flu hosp,2026-03-21,quantile,0.2,13.928982734680176
2026-03-07,49,2,wk inc flu hosp,2026-03-21,quantile,0.25,14.771380424499512
2026-03-07,49,2,wk inc flu hosp,2026-03-21,quantile,0.3,15.434694290161133
2026-03-07,49,2,wk inc flu hosp,2026-03-21,quantile,0.35,16.16586685180664
2026-03-07,49,2,wk inc flu hosp,2026-03-21,quantile,0.4,17.703221972081472
2026-03-07,49,2,wk inc flu hosp,2026-03-21,quantile,0.45,20.254867381692744
2026-03-07,49,2,wk inc flu hosp,2026-03-21,quantile,0.5,23.45038221279527
2026-03-07,49,2,wk inc flu hosp,2026-03-21,quantile,0.55,26.990447227183964
2026-03-07,49,2,wk inc flu hosp,2026-03-21,quantile,0.6,28.0
2026-03-07,49,2,wk inc flu hosp,2026-03-21,quantile,0.65,30.0
2026-03-07,49,2,wk inc flu hosp,2026-03-21,quantile,0.7,32.0
2026-03-07,49,2,wk inc flu hosp,2026-03-21,quantile,0.75,33.0
2026-03-07,49,2,wk inc flu hosp,2026-03-21,quantile,0.8,34.946386243853
2026-03-07,49,2,wk inc flu hosp,2026-03-21,quantile,0.85,39.0
2026-03-07,49,2,wk inc flu hosp,2026-03-21,quantile,0.9,43.0
2026-03-07,49,2,wk inc flu hosp,2026-03-21,quantile,0.95,50.0
2026-03-07,49,2,wk inc flu hosp,2026-03-21,quantile,0.975,59.0
2026-03-07,49,2,wk inc flu hosp,2026-03-21,quantile,0.99,74.0
2026-03-07,49,3,wk inc flu hosp,2026-03-28,quantile,0.01,1.0
2026-03-07,49,3,wk inc flu hosp,2026-03-28,quantile,0.025,2.0
2026-03-07,49,3,wk inc flu hosp,2026-03-28,quantile,0.05,4.697192665320873
2026-03-07,49,3,wk inc flu hosp,2026-03-28,quantile,0.1,8.042193412780762
2026-03-07,49,3,wk inc flu hosp,2026-03-28,quantile,0.15,9.0
2026-03-07,49,3,wk inc flu hosp,2026-03-28,quantile,0.2,12.0
2026-03-07,49,3,wk inc flu hosp,2026-03-28,quantile,0.25,13.99118230892156
2026-03-07,49,3,wk inc flu hosp,2026-03-28,quantile,0.3,15.29150538843711
2026-03-07,49,3,wk inc flu hosp,2026-03-28,quantile,0.35,16.616772441670282
2026-03-07,49,3,wk inc flu hosp,2026-03-28,quantile,0.4,17.978409180578836
2026-03-07,49,3,wk inc flu hosp,2026-03-28,quantile,0.45,19.0
2026-03-07,49,3,wk inc flu hosp,2026-03-28,quantile,0.5,20.0
2026-03-07,49,3,wk inc flu hosp,2026-03-28,quantile,0.55,21.0
2026-03-07,49,3,wk inc flu hosp,2026-03-28,quantile,0.6,22.0
2026-03-07,49,3,wk inc flu hosp,2026-03-28,quantile,0.65,24.0
2026-03-07,49,3,wk inc flu hosp,2026-03-28,quantile,0.7,25.0
2026-03-07,49,3,wk inc flu hosp,2026-03-28,quantile,0.75,27.0
2026-03-07,49,3,wk inc flu hosp,2026-03-28,quantile,0.8,29.0
2026-03-07,49,3,wk inc flu hosp,2026-03-28,quantile,0.85,34.0
2026-03-07,49,3,wk inc flu hosp,2026-03-28,quantile,0.9,35.0
2026-03-07,49,3,wk inc flu hosp,2026-03-28,quantile,0.95,45.0
2026-03-07,49,3,wk inc flu hosp,2026-03-28,quantile,0.975,52.0
2026-03-07,49,3,wk inc flu hosp,2026-03-28,quantile,0.99,67.0
2026-03-07,50,0,wk inc flu hosp,2026-03-07,quantile,0.01,3.022648621945903
2026-03-07,50,0,wk inc flu hosp,2026-03-07,quantile,0.025,3.439305912331359
2026-03-07,50,0,wk inc flu hosp,2026-03-07,quantile,0.05,3.9474593466321863
2026-03-07,50,0,wk inc flu hosp,2026-03-07,quantile,0.1,5.358585628637089
2026-03-07,50,0,wk inc flu hosp,2026-03-07,quantile,0.15,6.150019096526966
2026-03-07,50,0,wk inc flu hosp,2026-03-07,quantile,0.2,6.514421463012695
2026-03-07,50,0,wk inc flu hosp,2026-03-07,quantile,0.25,7.1912829875946045
2026-03-07,50,0,wk inc flu hosp,2026-03-07,quantile,0.3,7.857311964035034
2026-03-07,50,0,wk inc flu hosp,2026-03-07,quantile,0.35,8.511672019958496
2026-03-07,50,0,wk inc flu hosp,2026-03-07,quantile,0.4,9.159852027893066
2026-03-07,50,0,wk inc flu hosp,2026-03-07,quantile,0.45,9.5
2026-03-07,50,0,wk inc flu hosp,2026-03-07,quantile,0.5,10.0
2026-03-07,50,0,wk inc flu hosp,2026-03-07,quantile,0.55,11.0
2026-03-07,50,0,wk inc flu hosp,2026-03-07,quantile,0.6,12.0
2026-03-07,50,0,wk inc flu hosp,2026-03-07,quantile,0.65,12.5
2026-03-07,50,0,wk inc flu hosp,2026-03-07,quantile,0.7,13.5
2026-03-07,50,0,wk inc flu hosp,2026-03-07,quantile,0.75,15.0
2026-03-07,50,0,wk inc flu hosp,2026-03-07,quantile,0.8,16.0
2026-03-07,50,0,wk inc flu hosp,2026-03-07,quantile,0.85,17.5
2026-03-07,50,0,wk inc flu hosp,2026-03-07,quantile,0.9,19.5
2026-03-07,50,0,wk inc flu hosp,2026-03-07,quantile,0.95,22.65251027877202
2026-03-07,50,0,wk inc flu hosp,2026-03-07,quantile,0.975,24.818357128862246
2026-03-07,50,0,wk inc flu hosp,2026-03-07,quantile,0.99,28.238496567840198
2026-03-07,50,1,wk inc flu hosp,2026-03-14,quantile,0.01,1.0721509708418084
2026-03-07,50,1,wk inc flu hosp,2026-03-14,quantile,0.025,1.3744496649574722
2026-03-07,50,1,wk inc flu hosp,2026-03-14,quantile,0.05,2.2581134603733934
2026-03-07,50,1,wk inc flu hosp,2026-03-14,quantile,0.1,2.943341049510988
2026-03-07,50,1,wk inc flu hosp,2026-03-14,quantile,0.15,3.4484003919564796
2026-03-07,50,1,wk inc flu hosp,2026-03-14,quantile,0.2,4.388630390167236
2026-03-07,50,1,wk inc flu hosp,2026-03-14,quantile,0.25,5.040707111358643
2026-03-07,50,1,wk inc flu hosp,2026-03-14,quantile,0.3,5.673697471618652
2026-03-07,50,1,wk inc flu hosp,2026-03-14,quantile,0.35,6.306077003479004
2026-03-07,50,1,wk inc flu hosp,2026-03-14,quantile,0.4,7.0
2026-03-07,50,1,wk inc flu hosp,2026-03-14,quantile,0.45,7.5443417946496645
2026-03-07,50,1,wk inc flu hosp,2026-03-14,quantile,0.5,8.104053065634822
2026-03-07,50,1,wk inc flu hosp,2026-03-14,quantile,0.55,8.872089609831868
2026-03-07,50,1,wk inc flu hosp,2026-03-14,quantile,0.6,9.351918686523534
2026-03-07,50,1,wk inc flu hosp,2026-03-14,quantile,0.65,10.369427563923242
2026-03-07,50,1,wk inc flu hosp,2026-03-14,quantile,0.7,10.938530188036289
2026-03-07,50,1,wk inc flu hosp,2026-03-14,quantile,0.75,12.0
2026-03-07,50,1,wk inc flu hosp,2026-03-14,quantile,0.8,13.327668563201891
2026-03-07,50,1,wk inc flu hosp,2026-03-14,quantile,0.85,14.7435489059137
2026-03-07,50,1,wk inc flu hosp,2026-03-14,quantile,0.9,16.463804008069744
2026-03-07,50,1,wk inc flu hosp,2026-03-14,quantile,0.95,19.411522925254474
2026-03-07,50,1,wk inc flu hosp,2026-03-14,quantile,0.975,22.735422905744578
2026-03-07,50,1,wk inc flu hosp,2026-03-14,quantile,0.99,27.51324825896509
2026-03-07,50,2,wk inc flu hosp,2026-03-21,quantile,0.01,0.0548972865835375
2026-03-07,50,2,wk inc flu hosp,2026-03-21,quantile,0.025,0.3377494389865122
2026-03-07,50,2,wk inc flu hosp,2026-03-21,quantile,0.05,1.2049664343828768
2026-03-07,50,2,wk inc flu hosp,2026-03-21,quantile,0.1,2.0
2026-03-07,50,2,wk inc flu hosp,2026-03-21,quantile,0.15,2.8336462106558176
2026-03-07,50,2,wk inc flu hosp,2026-03-21,quantile,0.2,3.5421983267098547
2026-03-07,50,2,wk inc flu hosp,2026-03-21,quantile,0.25,4.114904788767701
2026-03-07,50,2,wk inc flu hosp,2026-03-21,quantile,0.3,4.68369833430763
2026-03-07,50,2,wk inc flu hosp,2026-03-21,quantile,0.35,5.246450302169766
2026-03-07,50,2,wk inc flu hosp,2026-03-21,quantile,0.4,5.820104333798743
2026-03-07,50,2,wk inc flu hosp,2026-03-21,quantile,0.45,6.405106554697843
2026-03-07,50,2,wk inc flu hosp,2026-03-21,quantile,0.5,7.0173307164219585
2026-03-07,50,2,wk inc flu hosp,2026-03-21,quantile,0.55,7.6701320060723
2026-03-07,50,2,wk inc flu hosp,2026-03-21,quantile,0.6,8.346149387545776
2026-03-07,50,2,wk inc flu hosp,2026-03-21,quantile,0.65,9.369630528642581
2026-03-07,50,2,wk inc flu hosp,2026-03-21,quantile,0.7,10.063528374484125
2026-03-07,50,2,wk inc flu hosp,2026-03-21,quantile,0.75,11.352592048311315
2026-03-07,50,2,wk inc flu hosp,2026-03-21,quantile,0.8,12.780406345803437
2026-03-07,50,2,wk inc flu hosp,2026-03-21,quantile,0.85,14.427260505149889
2026-03-07,50,2,wk inc flu hosp,2026-03-21,quantile,0.9,16.4702425110181
2026-03-07,50,2,wk inc flu hosp,2026-03-21,quantile,0.95,20.46210864187254
2026-03-07,50,2,wk inc flu hosp,2026-03-21,quantile,0.975,24.321629105359925
2026-03-07,50,2,wk inc flu hosp,2026-03-21,quantile,0.99,29.296576681014457
2026-03-07,50,3,wk inc flu hosp,2026-03-28,quantile,0.01,0.00366426224878075
2026-03-07,50,3,wk inc flu hosp,2026-03-28,quantile,0.025,0.08070347756193146
2026-03-07,50,3,wk inc flu hosp,2026-03-28,quantile,0.05,0.4511820237692944
2026-03-07,50,3,wk inc flu hosp,2026-03-28,quantile,0.1,1.017970760330018
2026-03-07,50,3,wk inc flu hosp,2026-03-28,quantile,0.15,1.985086242727598
2026-03-07,50,3,wk inc flu hosp,2026-03-28,quantile,0.2,2.753193808307433
2026-03-07,50,3,wk inc flu hosp,2026-03-28,quantile,0.25,3.3469130204182367
2026-03-07,50,3,wk inc flu hosp,2026-03-28,quantile,0.3,3.9492020801145524
2026-03-07,50,3,wk inc flu hosp,2026-03-28,quantile,0.35,4.5566090590214445
2026-03-07,50,3,wk inc flu hosp,2026-03-28,quantile,0.4,5.179197175868837
2026-03-07,50,3,wk inc flu hosp,2026-03-28,quantile,0.45,5.797466039657593
2026-03-07,50,3,wk inc flu hosp,2026-03-28,quantile,0.5,6.385660409927368
2026-03-07,50,3,wk inc flu hosp,2026-03-28,quantile,0.55,7.205241042132639
2026-03-07,50,3,wk inc flu hosp,2026-03-28,quantile,0.6,7.977117477024181
2026-03-07,50,3,wk inc flu hosp,2026-03-28,quantile,0.65,8.68465518951416
2026-03-07,50,3,wk inc flu hosp,2026-03-28,quantile,0.7,9.951275111423033
2026-03-07,50,3,wk inc flu hosp,2026-03-28,quantile,0.75,10.891158829103706
2026-03-07,50,3,wk inc flu hosp,2026-03-28,quantile,0.8,12.5
2026-03-07,50,3,wk inc flu hosp,2026-03-28,quantile,0.85,14.387281858331516
2026-03-07,50,3,wk inc flu hosp,2026-03-28,quantile,0.9,17.262051684531194
2026-03-07,50,3,wk inc flu hosp,2026-03-28,quantile,0.95,21.314554310597554
2026-03-07,50,3,wk inc flu hosp,2026-03-28,quantile,0.975,26.5
2026-03-07,50,3,wk inc flu hosp,2026-03-28,quantile,0.99,32.5
2026-03-07,51,0,wk inc flu hosp,2026-03-07,quantile,0.01,93.0
2026-03-07,51,0,wk inc flu hosp,2026-03-07,quantile,0.025,110.30858612060548
2026-03-07,51,0,wk inc flu hosp,2026-03-07,quantile,0.05,117.5031509399414
2026-03-07,51,0,wk inc flu hosp,2026-03-07,quantile,0.1,130.0
2026-03-07,51,0,wk inc flu hosp,2026-03-07,quantile,0.15,135.0
2026-03-07,51,0,wk inc flu hosp,2026-03-07,quantile,0.2,141.0
2026-03-07,51,0,wk inc flu hosp,2026-03-07,quantile,0.25,145.0
2026-03-07,51,0,wk inc flu hosp,2026-03-07,quantile,0.3,153.92604544506878
2026-03-07,51,0,wk inc flu hosp,2026-03-07,quantile,0.35,161.0
2026-03-07,51,0,wk inc flu hosp,2026-03-07,quantile,0.4,163.0
2026-03-07,51,0,wk inc flu hosp,2026-03-07,quantile,0.45,168.0
2026-03-07,51,0,wk inc flu hosp,2026-03-07,quantile,0.5,170.0
2026-03-07,51,0,wk inc flu hosp,2026-03-07,quantile,0.55,178.2746123239706
2026-03-07,51,0,wk inc flu hosp,2026-03-07,quantile,0.6,187.32203877553584
2026-03-07,51,0,wk inc flu hosp,2026-03-07,quantile,0.65,196.17131559507527
2026-03-07,51,0,wk inc flu hosp,2026-03-07,quantile,0.7,206.3007979307152
2026-03-07,51,0,wk inc flu hosp,2026-03-07,quantile,0.75,216.0
2026-03-07,51,0,wk inc flu hosp,2026-03-07,quantile,0.8,225.0
2026-03-07,51,0,wk inc flu hosp,2026-03-07,quantile,0.85,235.0
2026-03-07,51,0,wk inc flu hosp,2026-03-07,quantile,0.9,247.0
2026-03-07,51,0,wk inc flu hosp,2026-03-07,quantile,0.95,267.0
2026-03-07,51,0,wk inc flu hosp,2026-03-07,quantile,0.975,285.0
2026-03-07,51,0,wk inc flu hosp,2026-03-07,quantile,0.99,306.0
2026-03-07,51,1,wk inc flu hosp,2026-03-14,quantile,0.01,49.69890708027137
2026-03-07,51,1,wk inc flu hosp,2026-03-14,quantile,0.025,58.94986791736001
2026-03-07,51,1,wk inc flu hosp,2026-03-14,quantile,0.05,69.0
2026-03-07,51,1,wk inc flu hosp,2026-03-14,quantile,0.1,84.9046371121269
2026-03-07,51,1,wk inc flu hosp,2026-03-14,quantile,0.15,98.0
2026-03-07,51,1,wk inc flu hosp,2026-03-14,quantile,0.2,108.0
2026-03-07,51,1,wk inc flu hosp,2026-03-14,quantile,0.25,117.0
2026-03-07,51,1,wk inc flu hosp,2026-03-14,quantile,0.3,121.16392517089844
2026-03-07,51,1,wk inc flu hosp,2026-03-14,quantile,0.35,127.80252537521456
2026-03-07,51,1,wk inc flu hosp,2026-03-14,quantile,0.4,132.0
2026-03-07,51,1,wk inc flu hosp,2026-03-14,quantile,0.45,140.0
2026-03-07,51,1,wk inc flu hosp,2026-03-14,quantile,0.5,148.0
2026-03-07,51,1,wk inc flu hosp,2026-03-14,quantile,0.55,157.0
2026-03-07,51,1,wk inc flu hosp,2026-03-14,quantile,0.6,166.0
2026-03-07,51,1,wk inc flu hosp,2026-03-14,quantile,0.65,176.0
2026-03-07,51,1,wk inc flu hosp,2026-03-14,quantile,0.7,187.0
2026-03-07,51,1,wk inc flu hosp,2026-03-14,quantile,0.75,199.0
2026-03-07,51,1,wk inc flu hosp,2026-03-14,quantile,0.8,211.0
2026-03-07,51,1,wk inc flu hosp,2026-03-14,quantile,0.85,225.0
2026-03-07,51,1,wk inc flu hosp,2026-03-14,quantile,0.9,244.0
2026-03-07,51,1,wk inc flu hosp,2026-03-14,quantile,0.95,273.0
2026-03-07,51,1,wk inc flu hosp,2026-03-14,quantile,0.975,299.0
2026-03-07,51,1,wk inc flu hosp,2026-03-14,quantile,0.99,331.0
2026-03-07,51,2,wk inc flu hosp,2026-03-21,quantile,0.01,27.0
2026-03-07,51,2,wk inc flu hosp,2026-03-21,quantile,0.025,32.0
2026-03-07,51,2,wk inc flu hosp,2026-03-21,quantile,0.05,42.0
2026-03-07,51,2,wk inc flu hosp,2026-03-21,quantile,0.1,60.97719998221364
2026-03-07,51,2,wk inc flu hosp,2026-03-21,quantile,0.15,71.0
2026-03-07,51,2,wk inc flu hosp,2026-03-21,quantile,0.2,86.03196387068542
2026-03-07,51,2,wk inc flu hosp,2026-03-21,quantile,0.25,94.0
2026-03-07,51,2,wk inc flu hosp,2026-03-21,quantile,0.3,97.0
2026-03-07,51,2,wk inc flu hosp,2026-03-21,quantile,0.35,100.9024658203125
2026-03-07,51,2,wk inc flu hosp,2026-03-21,quantile,0.4,103.48200225830078
2026-03-07,51,2,wk inc flu hosp,2026-03-21,quantile,0.45,106.4464111328125
2026-03-07,51,2,wk inc flu hosp,2026-03-21,quantile,0.5,109.0143585205078
2026-03-07,51,2,wk inc flu hosp,2026-03-21,quantile,0.55,114.0
2026-03-07,51,2,wk inc flu hosp,2026-03-21,quantile,0.6,124.0
2026-03-07,51,2,wk inc flu hosp,2026-03-21,quantile,0.65,135.0
2026-03-07,51,2,wk inc flu hosp,2026-03-21,quantile,0.7,148.0
2026-03-07,51,2,wk inc flu hosp,2026-03-21,quantile,0.75,164.0
2026-03-07,51,2,wk inc flu hosp,2026-03-21,quantile,0.8,181.0
2026-03-07,51,2,wk inc flu hosp,2026-03-21,quantile,0.85,202.0
2026-03-07,51,2,wk inc flu hosp,2026-03-21,quantile,0.9,223.0
2026-03-07,51,2,wk inc flu hosp,2026-03-21,quantile,0.95,255.0
2026-03-07,51,2,wk inc flu hosp,2026-03-21,quantile,0.975,285.0
2026-03-07,51,2,wk inc flu hosp,2026-03-21,quantile,0.99,322.0
2026-03-07,51,3,wk inc flu hosp,2026-03-28,quantile,0.01,15.0
2026-03-07,51,3,wk inc flu hosp,2026-03-28,quantile,0.025,20.0
2026-03-07,51,3,wk inc flu hosp,2026-03-28,quantile,0.05,30.0
2026-03-07,51,3,wk inc flu hosp,2026-03-28,quantile,0.1,43.649524695811856
2026-03-07,51,3,wk inc flu hosp,2026-03-28,quantile,0.15,57.0
2026-03-07,51,3,wk inc flu hosp,2026-03-28,quantile,0.2,68.0
2026-03-07,51,3,wk inc flu hosp,2026-03-28,quantile,0.25,76.0
2026-03-07,51,3,wk inc flu hosp,2026-03-28,quantile,0.3,82.47848510742188
2026-03-07,51,3,wk inc flu hosp,2026-03-28,quantile,0.35,85.2170181274414
2026-03-07,51,3,wk inc flu hosp,2026-03-28,quantile,0.4,87.72074890136719
2026-03-07,51,3,wk inc flu hosp,2026-03-28,quantile,0.45,90.3158721923828
2026-03-07,51,3,wk inc flu hosp,2026-03-28,quantile,0.5,92.81695556640624
2026-03-07,51,3,wk inc flu hosp,2026-03-28,quantile,0.55,95.29969787597656
2026-03-07,51,3,wk inc flu hosp,2026-03-28,quantile,0.6,97.96573638916016
2026-03-07,51,3,wk inc flu hosp,2026-03-28,quantile,0.65,100.65592956542967
2026-03-07,51,3,wk inc flu hosp,2026-03-28,quantile,0.7,109.0
2026-03-07,51,3,wk inc flu hosp,2026-03-28,quantile,0.75,123.0
2026-03-07,51,3,wk inc flu hosp,2026-03-28,quantile,0.8,140.0
2026-03-07,51,3,wk inc flu hosp,2026-03-28,quantile,0.85,163.0
2026-03-07,51,3,wk inc flu hosp,2026-03-28,quantile,0.9,198.0
2026-03-07,51,3,wk inc flu hosp,2026-03-28,quantile,0.95,256.0
2026-03-07,51,3,wk inc flu hosp,2026-03-28,quantile,0.975,309.0
2026-03-07,51,3,wk inc flu hosp,2026-03-28,quantile,0.99,354.0
2026-03-07,53,0,wk inc flu hosp,2026-03-07,quantile,0.01,81.0
2026-03-07,53,0,wk inc flu hosp,2026-03-07,quantile,0.025,90.0
2026-03-07,53,0,wk inc flu hosp,2026-03-07,quantile,0.05,98.29185563391857
2026-03-07,53,0,wk inc flu hosp,2026-03-07,quantile,0.1,110.9926963910621
2026-03-07,53,0,wk inc flu hosp,2026-03-07,quantile,0.15,120.29254857988894
2026-03-07,53,0,wk inc flu hosp,2026-03-07,quantile,0.2,130.2598019775053
2026-03-07,53,0,wk inc flu hosp,2026-03-07,quantile,0.25,137.12760011763754
2026-03-07,53,0,wk inc flu hosp,2026-03-07,quantile,0.3,145.0465238098077
2026-03-07,53,0,wk inc flu hosp,2026-03-07,quantile,0.35,152.0
2026-03-07,53,0,wk inc flu hosp,2026-03-07,quantile,0.4,158.5
2026-03-07,53,0,wk inc flu hosp,2026-03-07,quantile,0.45,163.5
2026-03-07,53,0,wk inc flu hosp,2026-03-07,quantile,0.5,167.5
2026-03-07,53,0,wk inc flu hosp,2026-03-07,quantile,0.55,171.5
2026-03-07,53,0,wk inc flu hosp,2026-03-07,quantile,0.6,178.0
2026-03-07,53,0,wk inc flu hosp,2026-03-07,quantile,0.65,182.5
2026-03-07,53,0,wk inc flu hosp,2026-03-07,quantile,0.7,191.5
2026-03-07,53,0,wk inc flu hosp,2026-03-07,quantile,0.75,196.5
2026-03-07,53,0,wk inc flu hosp,2026-03-07,quantile,0.8,205.0
2026-03-07,53,0,wk inc flu hosp,2026-03-07,quantile,0.85,213.0
2026-03-07,53,0,wk inc flu hosp,2026-03-07,quantile,0.9,225.0
2026-03-07,53,0,wk inc flu hosp,2026-03-07,quantile,0.95,244.0
2026-03-07,53,0,wk inc flu hosp,2026-03-07,quantile,0.975,254.5
2026-03-07,53,0,wk inc flu hosp,2026-03-07,quantile,0.99,273.5
2026-03-07,53,1,wk inc flu hosp,2026-03-14,quantile,0.01,48.28804478824644
2026-03-07,53,1,wk inc flu hosp,2026-03-14,quantile,0.025,58.44452056108897
2026-03-07,53,1,wk inc flu hosp,2026-03-14,quantile,0.05,68.08827028418884
2026-03-07,53,1,wk inc flu hosp,2026-03-14,quantile,0.1,82.17494027121818
2026-03-07,53,1,wk inc flu hosp,2026-03-14,quantile,0.15,92.9891616671676
2026-03-07,53,1,wk inc flu hosp,2026-03-14,quantile,0.2,100.68564224243164
2026-03-07,53,1,wk inc flu hosp,2026-03-14,quantile,0.25,105.95994186401367
2026-03-07,53,1,wk inc flu hosp,2026-03-14,quantile,0.3,111.33333769077521
2026-03-07,53,1,wk inc flu hosp,2026-03-14,quantile,0.35,118.86529951528325
2026-03-07,53,1,wk inc flu hosp,2026-03-14,quantile,0.4,126.79093042855027
2026-03-07,53,1,wk inc flu hosp,2026-03-14,quantile,0.45,134.4168639484697
2026-03-07,53,1,wk inc flu hosp,2026-03-14,quantile,0.5,141.49849151434483
2026-03-07,53,1,wk inc flu hosp,2026-03-14,quantile,0.55,147.5704361198164
2026-03-07,53,1,wk inc flu hosp,2026-03-14,quantile,0.6,153.5
2026-03-07,53,1,wk inc flu hosp,2026-03-14,quantile,0.65,160.0
2026-03-07,53,1,wk inc flu hosp,2026-03-14,quantile,0.7,166.5
2026-03-07,53,1,wk inc flu hosp,2026-03-14,quantile,0.75,174.5
2026-03-07,53,1,wk inc flu hosp,2026-03-14,quantile,0.8,183.5
2026-03-07,53,1,wk inc flu hosp,2026-03-14,quantile,0.85,193.0
2026-03-07,53,1,wk inc flu hosp,2026-03-14,quantile,0.9,207.0
2026-03-07,53,1,wk inc flu hosp,2026-03-14,quantile,0.95,221.66648406586938
2026-03-07,53,1,wk inc flu hosp,2026-03-14,quantile,0.975,236.50094762730856
2026-03-07,53,1,wk inc flu hosp,2026-03-14,quantile,0.99,259.6920713192576
2026-03-07,53,2,wk inc flu hosp,2026-03-21,quantile,0.01,30.366547570717827
2026-03-07,53,2,wk inc flu hosp,2026-03-21,quantile,0.025,37.61744312704642
2026-03-07,53,2,wk inc flu hosp,2026-03-21,quantile,0.05,48.213862566914344
2026-03-07,53,2,wk inc flu hosp,2026-03-21,quantile,0.1,58.09383224534105
2026-03-07,53,2,wk inc flu hosp,2026-03-21,quantile,0.15,67.1179271245216
2026-03-07,53,2,wk inc flu hosp,2026-03-21,quantile,0.2,75.59101447848144
2026-03-07,53,2,wk inc flu hosp,2026-03-21,quantile,0.25,83.0412826538086
2026-03-07,53,2,wk inc flu hosp,2026-03-21,quantile,0.3,87.52083587646484
2026-03-07,53,2,wk inc flu hosp,2026-03-21,quantile,0.35,92.48431396484375
2026-03-07,53,2,wk inc flu hosp,2026-03-21,quantile,0.4,96.96896850781499
2026-03-07,53,2,wk inc flu hosp,2026-03-21,quantile,0.45,104.44366973215244
2026-03-07,53,2,wk inc flu hosp,2026-03-21,quantile,0.5,112.95211210012391
2026-03-07,53,2,wk inc flu hosp,2026-03-21,quantile,0.55,120.02778850778505
2026-03-07,53,2,wk inc flu hosp,2026-03-21,quantile,0.6,129.11271206951147
2026-03-07,53,2,wk inc flu hosp,2026-03-21,quantile,0.65,136.0
2026-03-07,53,2,wk inc flu hosp,2026-03-21,quantile,0.7,142.0
2026-03-07,53,2,wk inc flu hosp,2026-03-21,quantile,0.75,150.0
2026-03-07,53,2,wk inc flu hosp,2026-03-21,quantile,0.8,157.5
2026-03-07,53,2,wk inc flu hosp,2026-03-21,quantile,0.85,167.0
2026-03-07,53,2,wk inc flu hosp,2026-03-21,quantile,0.9,180.0
2026-03-07,53,2,wk inc flu hosp,2026-03-21,quantile,0.95,203.0
2026-03-07,53,2,wk inc flu hosp,2026-03-21,quantile,0.975,223.0
2026-03-07,53,2,wk inc flu hosp,2026-03-21,quantile,0.99,250.0
2026-03-07,53,3,wk inc flu hosp,2026-03-28,quantile,0.01,28.687087817546146
2026-03-07,53,3,wk inc flu hosp,2026-03-28,quantile,0.025,34.92567769052475
2026-03-07,53,3,wk inc flu hosp,2026-03-28,quantile,0.05,41.96566288994535
2026-03-07,53,3,wk inc flu hosp,2026-03-28,quantile,0.1,50.80210611833297
2026-03-07,53,3,wk inc flu hosp,2026-03-28,quantile,0.15,64.07719802856445
2026-03-07,53,3,wk inc flu hosp,2026-03-28,quantile,0.2,73.28077697753906
2026-03-07,53,3,wk inc flu hosp,2026-03-28,quantile,0.25,77.1322250366211
2026-03-07,53,3,wk inc flu hosp,2026-03-28,quantile,0.3,81.4640884399414
2026-03-07,53,3,wk inc flu hosp,2026-03-28,quantile,0.35,85.1462631225586
2026-03-07,53,3,wk inc flu hosp,2026-03-28,quantile,0.4,89.0
2026-03-07,53,3,wk inc flu hosp,2026-03-28,quantile,0.45,95.0
2026-03-07,53,3,wk inc flu hosp,2026-03-28,quantile,0.5,100.0
2026-03-07,53,3,wk inc flu hosp,2026-03-28,quantile,0.55,106.5
2026-03-07,53,3,wk inc flu hosp,2026-03-28,quantile,0.6,113.0
2026-03-07,53,3,wk inc flu hosp,2026-03-28,quantile,0.65,118.5
2026-03-07,53,3,wk inc flu hosp,2026-03-28,quantile,0.7,126.0
2026-03-07,53,3,wk inc flu hosp,2026-03-28,quantile,0.75,133.5
2026-03-07,53,3,wk inc flu hosp,2026-03-28,quantile,0.8,142.5
2026-03-07,53,3,wk inc flu hosp,2026-03-28,quantile,0.85,156.0
2026-03-07,53,3,wk inc flu hosp,2026-03-28,quantile,0.9,169.5
2026-03-07,53,3,wk inc flu hosp,2026-03-28,quantile,0.95,188.0
2026-03-07,53,3,wk inc flu hosp,2026-03-28,quantile,0.975,211.0
2026-03-07,53,3,wk inc flu hosp,2026-03-28,quantile,0.99,239.5
2026-03-07,54,0,wk inc flu hosp,2026-03-07,quantile,0.01,55.0
2026-03-07,54,0,wk inc flu hosp,2026-03-07,quantile,0.025,64.0
2026-03-07,54,0,wk inc flu hosp,2026-03-07,quantile,0.05,71.0
2026-03-07,54,0,wk inc flu hosp,2026-03-07,quantile,0.1,75.83442687988281
2026-03-07,54,0,wk inc flu hosp,2026-03-07,quantile,0.15,78.63790893554688
2026-03-07,54,0,wk inc flu hosp,2026-03-07,quantile,0.2,81.09036254882812
2026-03-07,54,0,wk inc flu hosp,2026-03-07,quantile,0.25,83.28639221191406
2026-03-07,54,0,wk inc flu hosp,2026-03-07,quantile,0.3,85.24238586425781
2026-03-07,54,0,wk inc flu hosp,2026-03-07,quantile,0.35,90.77578206593344
2026-03-07,54,0,wk inc flu hosp,2026-03-07,quantile,0.4,97.37464457206816
2026-03-07,54,0,wk inc flu hosp,2026-03-07,quantile,0.45,104.0
2026-03-07,54,0,wk inc flu hosp,2026-03-07,quantile,0.5,105.0
2026-03-07,54,0,wk inc flu hosp,2026-03-07,quantile,0.55,106.95540146784106
2026-03-07,54,0,wk inc flu hosp,2026-03-07,quantile,0.6,112.02473375284674
2026-03-07,54,0,wk inc flu hosp,2026-03-07,quantile,0.65,120.28145529779576
2026-03-07,54,0,wk inc flu hosp,2026-03-07,quantile,0.7,130.7797767575628
2026-03-07,54,0,wk inc flu hosp,2026-03-07,quantile,0.75,141.0
2026-03-07,54,0,wk inc flu hosp,2026-03-07,quantile,0.8,147.0
2026-03-07,54,0,wk inc flu hosp,2026-03-07,quantile,0.85,154.0
2026-03-07,54,0,wk inc flu hosp,2026-03-07,quantile,0.9,163.0
2026-03-07,54,0,wk inc flu hosp,2026-03-07,quantile,0.95,177.0
2026-03-07,54,0,wk inc flu hosp,2026-03-07,quantile,0.975,190.0
2026-03-07,54,0,wk inc flu hosp,2026-03-07,quantile,0.99,205.0
2026-03-07,54,1,wk inc flu hosp,2026-03-14,quantile,0.01,27.0
2026-03-07,54,1,wk inc flu hosp,2026-03-14,quantile,0.025,34.0
2026-03-07,54,1,wk inc flu hosp,2026-03-14,quantile,0.05,40.0
2026-03-07,54,1,wk inc flu hosp,2026-03-14,quantile,0.1,48.0
2026-03-07,54,1,wk inc flu hosp,2026-03-14,quantile,0.15,55.0
2026-03-07,54,1,wk inc flu hosp,2026-03-14,quantile,0.2,60.65195083618164
2026-03-07,54,1,wk inc flu hosp,2026-03-14,quantile,0.25,62.59738159179688
2026-03-07,54,1,wk inc flu hosp,2026-03-14,quantile,0.3,64.5379409790039
2026-03-07,54,1,wk inc flu hosp,2026-03-14,quantile,0.35,67.76429641291665
2026-03-07,54,1,wk inc flu hosp,2026-03-14,quantile,0.4,75.42018217939093
2026-03-07,54,1,wk inc flu hosp,2026-03-14,quantile,0.45,83.0066732042362
2026-03-07,54,1,wk inc flu hosp,2026-03-14,quantile,0.5,86.0
2026-03-07,54,1,wk inc flu hosp,2026-03-14,quantile,0.55,88.0
2026-03-07,54,1,wk inc flu hosp,2026-03-14,quantile,0.6,90.0
2026-03-07,54,1,wk inc flu hosp,2026-03-14,quantile,0.65,94.22206228018084
2026-03-07,54,1,wk inc flu hosp,2026-03-14,quantile,0.7,104.98778499463836
2026-03-07,54,1,wk inc flu hosp,2026-03-14,quantile,0.75,119.03923125372675
2026-03-07,54,1,wk inc flu hosp,2026-03-14,quantile,0.8,131.0
2026-03-07,54,1,wk inc flu hosp,2026-03-14,quantile,0.85,140.0
2026-03-07,54,1,wk inc flu hosp,2026-03-14,quantile,0.9,152.0
2026-03-07,54,1,wk inc flu hosp,2026-03-14,quantile,0.95,170.0
2026-03-07,54,1,wk inc flu hosp,2026-03-14,quantile,0.975,187.0
2026-03-07,54,1,wk inc flu hosp,2026-03-14,quantile,0.99,207.0
2026-03-07,54,2,wk inc flu hosp,2026-03-21,quantile,0.01,13.606775661360755
2026-03-07,54,2,wk inc flu hosp,2026-03-21,quantile,0.025,17.367023071140046
2026-03-07,54,2,wk inc flu hosp,2026-03-21,quantile,0.05,20.915082363553168
2026-03-07,54,2,wk inc flu hosp,2026-03-21,quantile,0.1,27.18826190457436
2026-03-07,54,2,wk inc flu hosp,2026-03-21,quantile,0.15,33.607423128540965
2026-03-07,54,2,wk inc flu hosp,2026-03-21,quantile,0.2,39.40757479687685
2026-03-07,54,2,wk inc flu hosp,2026-03-21,quantile,0.25,45.36831807141697
2026-03-07,54,2,wk inc flu hosp,2026-03-21,quantile,0.3,48.18741226196289
2026-03-07,54,2,wk inc flu hosp,2026-03-21,quantile,0.35,53.0
2026-03-07,54,2,wk inc flu hosp,2026-03-21,quantile,0.4,59.0
2026-03-07,54,2,wk inc flu hosp,2026-03-21,quantile,0.45,65.0
2026-03-07,54,2,wk inc flu hosp,2026-03-21,quantile,0.5,69.0
2026-03-07,54,2,wk inc flu hosp,2026-03-21,quantile,0.55,71.0
2026-03-07,54,2,wk inc flu hosp,2026-03-21,quantile,0.6,74.0
2026-03-07,54,2,wk inc flu hosp,2026-03-21,quantile,0.65,80.00174755094174
2026-03-07,54,2,wk inc flu hosp,2026-03-21,quantile,0.7,89.59721200045925
2026-03-07,54,2,wk inc flu hosp,2026-03-21,quantile,0.75,101.19314825673032
2026-03-07,54,2,wk inc flu hosp,2026-03-21,quantile,0.8,117.11227347782744
2026-03-07,54,2,wk inc flu hosp,2026-03-21,quantile,0.85,138.7081274233346
2026-03-07,54,2,wk inc flu hosp,2026-03-21,quantile,0.9,155.0
2026-03-07,54,2,wk inc flu hosp,2026-03-21,quantile,0.95,176.0
2026-03-07,54,2,wk inc flu hosp,2026-03-21,quantile,0.975,195.0
2026-03-07,54,2,wk inc flu hosp,2026-03-21,quantile,0.99,219.0
2026-03-07,54,3,wk inc flu hosp,2026-03-28,quantile,0.01,10.0
2026-03-07,54,3,wk inc flu hosp,2026-03-28,quantile,0.025,15.263733022366386
2026-03-07,54,3,wk inc flu hosp,2026-03-28,quantile,0.05,21.109460642461936
2026-03-07,54,3,wk inc flu hosp,2026-03-28,quantile,0.1,28.909223254627594
2026-03-07,54,3,wk inc flu hosp,2026-03-28,quantile,0.15,31.15693473815918
2026-03-07,54,3,wk inc flu hosp,2026-03-28,quantile,0.2,33.08872063899682
2026-03-07,54,3,wk inc flu hosp,2026-03-28,quantile,0.25,36.60222708719227
2026-03-07,54,3,wk inc flu hosp,2026-03-28,quantile,0.3,40.13056070797952
2026-03-07,54,3,wk inc flu hosp,2026-03-28,quantile,0.35,43.67648838420809
2026-03-07,54,3,wk inc flu hosp,2026-03-28,quantile,0.4,47.324188201236986
2026-03-07,54,3,wk inc flu hosp,2026-03-28,quantile,0.45,50.597442470477496
2026-03-07,54,3,wk inc flu hosp,2026-03-28,quantile,0.5,54.854004038862165
2026-03-07,54,3,wk inc flu hosp,2026-03-28,quantile,0.55,59.0
2026-03-07,54,3,wk inc flu hosp,2026-03-28,quantile,0.6,63.0
2026-03-07,54,3,wk inc flu hosp,2026-03-28,quantile,0.65,72.34356374718175
2026-03-07,54,3,wk inc flu hosp,2026-03-28,quantile,0.7,80.41179608595368
2026-03-07,54,3,wk inc flu hosp,2026-03-28,quantile,0.75,90.64046779591192
2026-03-07,54,3,wk inc flu hosp,2026-03-28,quantile,0.8,102.8058826328312
2026-03-07,54,3,wk inc flu hosp,2026-03-28,quantile,0.85,112.1801027546263
2026-03-07,54,3,wk inc flu hosp,2026-03-28,quantile,0.9,123.1655030611413
2026-03-07,54,3,wk inc flu hosp,2026-03-28,quantile,0.95,158.87643661658817
2026-03-07,54,3,wk inc flu hosp,2026-03-28,quantile,0.975,202.8451368652544
2026-03-07,54,3,wk inc flu hosp,2026-03-28,quantile,0.99,241.0
2026-03-07,55,0,wk inc flu hosp,2026-03-07,quantile,0.01,80.0
2026-03-07,55,0,wk inc flu hosp,2026-03-07,quantile,0.025,92.0
2026-03-07,55,0,wk inc flu hosp,2026-03-07,quantile,0.05,104.0
2026-03-07,55,0,wk inc flu hosp,2026-03-07,quantile,0.1,118.0
2026-03-07,55,0,wk inc flu hosp,2026-03-07,quantile,0.15,127.14896392822266
2026-03-07,55,0,wk inc flu hosp,2026-03-07,quantile,0.2,137.0
2026-03-07,55,0,wk inc flu hosp,2026-03-07,quantile,0.25,144.0
2026-03-07,55,0,wk inc flu hosp,2026-03-07,quantile,0.3,151.0
2026-03-07,55,0,wk inc flu hosp,2026-03-07,quantile,0.35,157.0
2026-03-07,55,0,wk inc flu hosp,2026-03-07,quantile,0.4,162.0
2026-03-07,55,0,wk inc flu hosp,2026-03-07,quantile,0.45,167.0
2026-03-07,55,0,wk inc flu hosp,2026-03-07,quantile,0.5,172.0
2026-03-07,55,0,wk inc flu hosp,2026-03-07,quantile,0.55,177.0
2026-03-07,55,0,wk inc flu hosp,2026-03-07,quantile,0.6,182.0
2026-03-07,55,0,wk inc flu hosp,2026-03-07,quantile,0.65,188.0
2026-03-07,55,0,wk inc flu hosp,2026-03-07,quantile,0.7,194.0
2026-03-07,55,0,wk inc flu hosp,2026-03-07,quantile,0.75,200.0
2026-03-07,55,0,wk inc flu hosp,2026-03-07,quantile,0.8,207.0
2026-03-07,55,0,wk inc flu hosp,2026-03-07,quantile,0.85,216.0
2026-03-07,55,0,wk inc flu hosp,2026-03-07,quantile,0.9,227.0
2026-03-07,55,0,wk inc flu hosp,2026-03-07,quantile,0.95,244.0
2026-03-07,55,0,wk inc flu hosp,2026-03-07,quantile,0.975,261.0
2026-03-07,55,0,wk inc flu hosp,2026-03-07,quantile,0.99,276.0
2026-03-07,55,1,wk inc flu hosp,2026-03-14,quantile,0.01,39.0
2026-03-07,55,1,wk inc flu hosp,2026-03-14,quantile,0.025,46.0
2026-03-07,55,1,wk inc flu hosp,2026-03-14,quantile,0.05,56.0
2026-03-07,55,1,wk inc flu hosp,2026-03-14,quantile,0.1,71.0
2026-03-07,55,1,wk inc flu hosp,2026-03-14,quantile,0.15,87.21250569387978
2026-03-07,55,1,wk inc flu hosp,2026-03-14,quantile,0.2,97.19723923413204
2026-03-07,55,1,wk inc flu hosp,2026-03-14,quantile,0.25,106.12332795119116
2026-03-07,55,1,wk inc flu hosp,2026-03-14,quantile,0.3,111.0
2026-03-07,55,1,wk inc flu hosp,2026-03-14,quantile,0.35,115.0
2026-03-07,55,1,wk inc flu hosp,2026-03-14,quantile,0.4,119.0
2026-03-07,55,1,wk inc flu hosp,2026-03-14,quantile,0.45,121.0
2026-03-07,55,1,wk inc flu hosp,2026-03-14,quantile,0.5,124.0
2026-03-07,55,1,wk inc flu hosp,2026-03-14,quantile,0.55,132.0
2026-03-07,55,1,wk inc flu hosp,2026-03-14,quantile,0.6,140.0
2026-03-07,55,1,wk inc flu hosp,2026-03-14,quantile,0.65,148.0
2026-03-07,55,1,wk inc flu hosp,2026-03-14,quantile,0.7,158.0
2026-03-07,55,1,wk inc flu hosp,2026-03-14,quantile,0.75,169.0
2026-03-07,55,1,wk inc flu hosp,2026-03-14,quantile,0.8,181.0
2026-03-07,55,1,wk inc flu hosp,2026-03-14,quantile,0.85,197.0
2026-03-07,55,1,wk inc flu hosp,2026-03-14,quantile,0.9,220.0
2026-03-07,55,1,wk inc flu hosp,2026-03-14,quantile,0.95,253.0
2026-03-07,55,1,wk inc flu hosp,2026-03-14,quantile,0.975,285.0
2026-03-07,55,1,wk inc flu hosp,2026-03-14,quantile,0.99,318.0
2026-03-07,55,2,wk inc flu hosp,2026-03-21,quantile,0.01,21.0
2026-03-07,55,2,wk inc flu hosp,2026-03-21,quantile,0.025,28.0
2026-03-07,55,2,wk inc flu hosp,2026-03-21,quantile,0.05,36.88427331672752
2026-03-07,55,2,wk inc flu hosp,2026-03-21,quantile,0.1,44.0
2026-03-07,55,2,wk inc flu hosp,2026-03-21,quantile,0.15,54.862341063115785
2026-03-07,55,2,wk inc flu hosp,2026-03-21,quantile,0.2,70.80804741425558
2026-03-07,55,2,wk inc flu hosp,2026-03-21,quantile,0.25,77.0
2026-03-07,55,2,wk inc flu hosp,2026-03-21,quantile,0.3,79.0
2026-03-07,55,2,wk inc flu hosp,2026-03-21,quantile,0.35,83.0
2026-03-07,55,2,wk inc flu hosp,2026-03-21,quantile,0.4,86.0
2026-03-07,55,2,wk inc flu hosp,2026-03-21,quantile,0.45,93.0
2026-03-07,55,2,wk inc flu hosp,2026-03-21,quantile,0.5,99.93204498291016
2026-03-07,55,2,wk inc flu hosp,2026-03-21,quantile,0.55,102.3993148803711
2026-03-07,55,2,wk inc flu hosp,2026-03-21,quantile,0.6,105.06944274902344
2026-03-07,55,2,wk inc flu hosp,2026-03-21,quantile,0.65,109.0
2026-03-07,55,2,wk inc flu hosp,2026-03-21,quantile,0.7,118.0
2026-03-07,55,2,wk inc flu hosp,2026-03-21,quantile,0.75,130.0
2026-03-07,55,2,wk inc flu hosp,2026-03-21,quantile,0.8,145.0
2026-03-07,55,2,wk inc flu hosp,2026-03-21,quantile,0.85,164.0
2026-03-07,55,2,wk inc flu hosp,2026-03-21,quantile,0.9,193.0
2026-03-07,55,2,wk inc flu hosp,2026-03-21,quantile,0.95,233.0
2026-03-07,55,2,wk inc flu hosp,2026-03-21,quantile,0.975,276.0
2026-03-07,55,2,wk inc flu hosp,2026-03-21,quantile,0.99,298.0
2026-03-07,55,3,wk inc flu hosp,2026-03-28,quantile,0.01,11.0
2026-03-07,55,3,wk inc flu hosp,2026-03-28,quantile,0.025,13.0
2026-03-07,55,3,wk inc flu hosp,2026-03-28,quantile,0.05,22.0
2026-03-07,55,3,wk inc flu hosp,2026-03-28,quantile,0.1,28.0
2026-03-07,55,3,wk inc flu hosp,2026-03-28,quantile,0.15,41.10541081555963
2026-03-07,55,3,wk inc flu hosp,2026-03-28,quantile,0.2,50.0
2026-03-07,55,3,wk inc flu hosp,2026-03-28,quantile,0.25,53.0
2026-03-07,55,3,wk inc flu hosp,2026-03-28,quantile,0.3,57.0
2026-03-07,55,3,wk inc flu hosp,2026-03-28,quantile,0.35,65.0
2026-03-07,55,3,wk inc flu hosp,2026-03-28,quantile,0.4,73.0
2026-03-07,55,3,wk inc flu hosp,2026-03-28,quantile,0.45,77.30350494384766
2026-03-07,55,3,wk inc flu hosp,2026-03-28,quantile,0.5,79.92658996582031
2026-03-07,55,3,wk inc flu hosp,2026-03-28,quantile,0.55,82.43321228027344
2026-03-07,55,3,wk inc flu hosp,2026-03-28,quantile,0.6,85.15448760986328
2026-03-07,55,3,wk inc flu hosp,2026-03-28,quantile,0.65,89.0
2026-03-07,55,3,wk inc flu hosp,2026-03-28,quantile,0.7,98.0
2026-03-07,55,3,wk inc flu hosp,2026-03-28,quantile,0.75,109.0
2026-03-07,55,3,wk inc flu hosp,2026-03-28,quantile,0.8,122.0
2026-03-07,55,3,wk inc flu hosp,2026-03-28,quantile,0.85,143.0
2026-03-07,55,3,wk inc flu hosp,2026-03-28,quantile,0.9,176.0
2026-03-07,55,3,wk inc flu hosp,2026-03-28,quantile,0.95,240.0
2026-03-07,55,3,wk inc flu hosp,2026-03-28,quantile,0.975,278.0
2026-03-07,55,3,wk inc flu hosp,2026-03-28,quantile,0.99,325.0
2026-03-07,56,0,wk inc flu hosp,2026-03-07,quantile,0.01,2.838690280914306
2026-03-07,56,0,wk inc flu hosp,2026-03-07,quantile,0.025,3.002201361360854
2026-03-07,56,0,wk inc flu hosp,2026-03-07,quantile,0.05,4.0
2026-03-07,56,0,wk inc flu hosp,2026-03-07,quantile,0.1,5.149250666163728
2026-03-07,56,0,wk inc flu hosp,2026-03-07,quantile,0.15,6.20595723342932
2026-03-07,56,0,wk inc flu hosp,2026-03-07,quantile,0.2,6.890496996562497
2026-03-07,56,0,wk inc flu hosp,2026-03-07,quantile,0.25,7.915347229759456
2026-03-07,56,0,wk inc flu hosp,2026-03-07,quantile,0.3,8.822860032336454
2026-03-07,56,0,wk inc flu hosp,2026-03-07,quantile,0.35,9.53264751564148
2026-03-07,56,0,wk inc flu hosp,2026-03-07,quantile,0.4,10.088781538895615
2026-03-07,56,0,wk inc flu hosp,2026-03-07,quantile,0.45,11.0
2026-03-07,56,0,wk inc flu hosp,2026-03-07,quantile,0.5,11.0
2026-03-07,56,0,wk inc flu hosp,2026-03-07,quantile,0.55,11.4396850787228
2026-03-07,56,0,wk inc flu hosp,2026-03-07,quantile,0.6,12.0
2026-03-07,56,0,wk inc flu hosp,2026-03-07,quantile,0.65,12.602306961245224
2026-03-07,56,0,wk inc flu hosp,2026-03-07,quantile,0.7,13.392134056369429
2026-03-07,56,0,wk inc flu hosp,2026-03-07,quantile,0.75,14.759478107952027
2026-03-07,56,0,wk inc flu hosp,2026-03-07,quantile,0.8,17.004288794847056
2026-03-07,56,0,wk inc flu hosp,2026-03-07,quantile,0.85,19.84036335798767
2026-03-07,56,0,wk inc flu hosp,2026-03-07,quantile,0.9,21.0
2026-03-07,56,0,wk inc flu hosp,2026-03-07,quantile,0.95,24.0
2026-03-07,56,0,wk inc flu hosp,2026-03-07,quantile,0.975,25.0
2026-03-07,56,0,wk inc flu hosp,2026-03-07,quantile,0.99,27.0
2026-03-07,56,1,wk inc flu hosp,2026-03-14,quantile,0.01,1.0
2026-03-07,56,1,wk inc flu hosp,2026-03-14,quantile,0.025,2.0
2026-03-07,56,1,wk inc flu hosp,2026-03-14,quantile,0.05,2.1107015657739514
2026-03-07,56,1,wk inc flu hosp,2026-03-14,quantile,0.1,3.370600359503666
2026-03-07,56,1,wk inc flu hosp,2026-03-14,quantile,0.15,4.2570881843566895
2026-03-07,56,1,wk inc flu hosp,2026-03-14,quantile,0.2,4.6022162437438965
2026-03-07,56,1,wk inc flu hosp,2026-03-14,quantile,0.25,5.367542080363172
2026-03-07,56,1,wk inc flu hosp,2026-03-14,quantile,0.3,6.030576914921156
2026-03-07,56,1,wk inc flu hosp,2026-03-14,quantile,0.35,6.731864780641954
2026-03-07,56,1,wk inc flu hosp,2026-03-14,quantile,0.4,7.532975505393513
2026-03-07,56,1,wk inc flu hosp,2026-03-14,quantile,0.45,8.256099151441703
2026-03-07,56,1,wk inc flu hosp,2026-03-14,quantile,0.5,8.99439665447485
2026-03-07,56,1,wk inc flu hosp,2026-03-14,quantile,0.55,9.889025923220752
2026-03-07,56,1,wk inc flu hosp,2026-03-14,quantile,0.6,10.970618450935683
2026-03-07,56,1,wk inc flu hosp,2026-03-14,quantile,0.65,12.318840929679716
2026-03-07,56,1,wk inc flu hosp,2026-03-14,quantile,0.7,13.85617405003318
2026-03-07,56,1,wk inc flu hosp,2026-03-14,quantile,0.75,15.61830146612572
2026-03-07,56,1,wk inc flu hosp,2026-03-14,quantile,0.8,17.0
2026-03-07,56,1,wk inc flu hosp,2026-03-14,quantile,0.85,18.0
2026-03-07,56,1,wk inc flu hosp,2026-03-14,quantile,0.9,19.0
2026-03-07,56,1,wk inc flu hosp,2026-03-14,quantile,0.95,22.0
2026-03-07,56,1,wk inc flu hosp,2026-03-14,quantile,0.975,28.0
2026-03-07,56,1,wk inc flu hosp,2026-03-14,quantile,0.99,33.0
2026-03-07,56,2,wk inc flu hosp,2026-03-21,quantile,0.01,0.2544294054062073
2026-03-07,56,2,wk inc flu hosp,2026-03-21,quantile,0.025,0.9331286219085576
2026-03-07,56,2,wk inc flu hosp,2026-03-21,quantile,0.05,1.3736982497502244
2026-03-07,56,2,wk inc flu hosp,2026-03-21,quantile,0.1,2.7184717537000105
2026-03-07,56,2,wk inc flu hosp,2026-03-21,quantile,0.15,3.640649557113647
2026-03-07,56,2,wk inc flu hosp,2026-03-21,quantile,0.2,4.463588937824614
2026-03-07,56,2,wk inc flu hosp,2026-03-21,quantile,0.25,5.251929744836909
2026-03-07,56,2,wk inc flu hosp,2026-03-21,quantile,0.3,6.0
2026-03-07,56,2,wk inc flu hosp,2026-03-21,quantile,0.35,7.0
2026-03-07,56,2,wk inc flu hosp,2026-03-21,quantile,0.4,8.0
2026-03-07,56,2,wk inc flu hosp,2026-03-21,quantile,0.45,8.951181356496896
2026-03-07,56,2,wk inc flu hosp,2026-03-21,quantile,0.5,9.79842065260938
2026-03-07,56,2,wk inc flu hosp,2026-03-21,quantile,0.55,10.770945704149902
2026-03-07,56,2,wk inc flu hosp,2026-03-21,quantile,0.6,11.0
2026-03-07,56,2,wk inc flu hosp,2026-03-21,quantile,0.65,12.0
2026-03-07,56,2,wk inc flu hosp,2026-03-21,quantile,0.7,13.0
2026-03-07,56,2,wk inc flu hosp,2026-03-21,quantile,0.75,14.0
2026-03-07,56,2,wk inc flu hosp,2026-03-21,quantile,0.8,15.0
2026-03-07,56,2,wk inc flu hosp,2026-03-21,quantile,0.85,17.0
2026-03-07,56,2,wk inc flu hosp,2026-03-21,quantile,0.9,18.0
2026-03-07,56,2,wk inc flu hosp,2026-03-21,quantile,0.95,24.0
2026-03-07,56,2,wk inc flu hosp,2026-03-21,quantile,0.975,28.0
2026-03-07,56,2,wk inc flu hosp,2026-03-21,quantile,0.99,33.0
2026-03-07,56,3,wk inc flu hosp,2026-03-28,quantile,0.01,0.0
2026-03-07,56,3,wk inc flu hosp,2026-03-28,quantile,0.025,0.21099361839959
2026-03-07,56,3,wk inc flu hosp,2026-03-28,quantile,0.05,1.0
2026-03-07,56,3,wk inc flu hosp,2026-03-28,quantile,0.1,1.9055309554085933
2026-03-07,56,3,wk inc flu hosp,2026-03-28,quantile,0.15,3.0
2026-03-07,56,3,wk inc flu hosp,2026-03-28,quantile,0.2,3.4920461505784943
2026-03-07,56,3,wk inc flu hosp,2026-03-28,quantile,0.25,4.186786809758681
2026-03-07,56,3,wk inc flu hosp,2026-03-28,quantile,0.3,4.862899653567717
2026-03-07,56,3,wk inc flu hosp,2026-03-28,quantile,0.35,5.518527935668169
2026-03-07,56,3,wk inc flu hosp,2026-03-28,quantile,0.4,6.147927150776062
2026-03-07,56,3,wk inc flu hosp,2026-03-28,quantile,0.45,6.722348738200121
2026-03-07,56,3,wk inc flu hosp,2026-03-28,quantile,0.5,7.425649798761873
2026-03-07,56,3,wk inc flu hosp,2026-03-28,quantile,0.55,8.230746887702978
2026-03-07,56,3,wk inc flu hosp,2026-03-28,quantile,0.6,9.0
2026-03-07,56,3,wk inc flu hosp,2026-03-28,quantile,0.65,10.0
2026-03-07,56,3,wk inc flu hosp,2026-03-28,quantile,0.7,11.0
2026-03-07,56,3,wk inc flu hosp,2026-03-28,quantile,0.75,12.0
2026-03-07,56,3,wk inc flu hosp,2026-03-28,quantile,0.8,13.0
2026-03-07,56,3,wk inc flu hosp,2026-03-28,quantile,0.85,14.0
2026-03-07,56,3,wk inc flu hosp,2026-03-28,quantile,0.9,15.0
2026-03-07,56,3,wk inc flu hosp,2026-03-28,quantile,0.95,23.0
2026-03-07,56,3,wk inc flu hosp,2026-03-28,quantile,0.975,31.0
2026-03-07,56,3,wk inc flu hosp,2026-03-28,quantile,0.99,37.0
2026-03-07,72,0,wk inc flu hosp,2026-03-07,quantile,0.01,48.36540643342478
2026-03-07,72,0,wk inc flu hosp,2026-03-07,quantile,0.025,55.35631653204415
2026-03-07,72,0,wk inc flu hosp,2026-03-07,quantile,0.05,62.03706583949945
2026-03-07,72,0,wk inc flu hosp,2026-03-07,quantile,0.1,71.2381841332682
2026-03-07,72,0,wk inc flu hosp,2026-03-07,quantile,0.15,76.83982837910105
2026-03-07,72,0,wk inc flu hosp,2026-03-07,quantile,0.2,82.71566996970373
2026-03-07,72,0,wk inc flu hosp,2026-03-07,quantile,0.25,87.19717609194578
2026-03-07,72,0,wk inc flu hosp,2026-03-07,quantile,0.3,91.6742330984807
2026-03-07,72,0,wk inc flu hosp,2026-03-07,quantile,0.35,96.56332094308371
2026-03-07,72,0,wk inc flu hosp,2026-03-07,quantile,0.4,102.1547695796272
2026-03-07,72,0,wk inc flu hosp,2026-03-07,quantile,0.45,108.5835009063254
2026-03-07,72,0,wk inc flu hosp,2026-03-07,quantile,0.5,113.9353877892498
2026-03-07,72,0,wk inc flu hosp,2026-03-07,quantile,0.55,119.13423479641742
2026-03-07,72,0,wk inc flu hosp,2026-03-07,quantile,0.6,124.55561787603834
2026-03-07,72,0,wk inc flu hosp,2026-03-07,quantile,0.65,129.96939825961945
2026-03-07,72,0,wk inc flu hosp,2026-03-07,quantile,0.7,135.5
2026-03-07,72,0,wk inc flu hosp,2026-03-07,quantile,0.75,141.0
2026-03-07,72,0,wk inc flu hosp,2026-03-07,quantile,0.8,147.5
2026-03-07,72,0,wk inc flu hosp,2026-03-07,quantile,0.85,154.0
2026-03-07,72,0,wk inc flu hosp,2026-03-07,quantile,0.9,163.5
2026-03-07,72,0,wk inc flu hosp,2026-03-07,quantile,0.95,178.0
2026-03-07,72,0,wk inc flu hosp,2026-03-07,quantile,0.975,191.79925563301538
2026-03-07,72,0,wk inc flu hosp,2026-03-07,quantile,0.99,208.94461364601835
2026-03-07,72,1,wk inc flu hosp,2026-03-14,quantile,0.01,33.88434153432293
2026-03-07,72,1,wk inc flu hosp,2026-03-14,quantile,0.025,43.51929406898156
2026-03-07,72,1,wk inc flu hosp,2026-03-14,quantile,0.05,52.12881706605798
2026-03-07,72,1,wk inc flu hosp,2026-03-14,quantile,0.1,61.448480984755115
2026-03-07,72,1,wk inc flu hosp,2026-03-14,quantile,0.15,69.5397406984005
2026-03-07,72,1,wk inc flu hosp,2026-03-14,quantile,0.2,76.8318034691955
2026-03-07,72,1,wk inc flu hosp,2026-03-14,quantile,0.25,82.68886746049219
2026-03-07,72,1,wk inc flu hosp,2026-03-14,quantile,0.3,87.5
2026-03-07,72,1,wk inc flu hosp,2026-03-14,quantile,0.35,93.0
2026-03-07,72,1,wk inc flu hosp,2026-03-14,quantile,0.4,98.0
2026-03-07,72,1,wk inc flu hosp,2026-03-14,quantile,0.45,102.5
2026-03-07,72,1,wk inc flu hosp,2026-03-14,quantile,0.5,108.0
2026-03-07,72,1,wk inc flu hosp,2026-03-14,quantile,0.55,112.5
2026-03-07,72,1,wk inc flu hosp,2026-03-14,quantile,0.6,118.0
2026-03-07,72,1,wk inc flu hosp,2026-03-14,quantile,0.65,123.61884129155774
2026-03-07,72,1,wk inc flu hosp,2026-03-14,quantile,0.7,130.0
2026-03-07,72,1,wk inc flu hosp,2026-03-14,quantile,0.75,136.5
2026-03-07,72,1,wk inc flu hosp,2026-03-14,quantile,0.8,145.5
2026-03-07,72,1,wk inc flu hosp,2026-03-14,quantile,0.85,155.0
2026-03-07,72,1,wk inc flu hosp,2026-03-14,quantile,0.9,169.5
2026-03-07,72,1,wk inc flu hosp,2026-03-14,quantile,0.95,194.5
2026-03-07,72,1,wk inc flu hosp,2026-03-14,quantile,0.975,217.5
2026-03-07,72,1,wk inc flu hosp,2026-03-14,quantile,0.99,244.5
2026-03-07,72,2,wk inc flu hosp,2026-03-21,quantile,0.01,23.0
2026-03-07,72,2,wk inc flu hosp,2026-03-21,quantile,0.025,29.5
2026-03-07,72,2,wk inc flu hosp,2026-03-21,quantile,0.05,37.0
2026-03-07,72,2,wk inc flu hosp,2026-03-21,quantile,0.1,47.68312230072593
2026-03-07,72,2,wk inc flu hosp,2026-03-21,quantile,0.15,56.03271390558312
2026-03-07,72,2,wk inc flu hosp,2026-03-21,quantile,0.2,63.256178014222655
2026-03-07,72,2,wk inc flu hosp,2026-03-21,quantile,0.25,69.63871488200996
2026-03-07,72,2,wk inc flu hosp,2026-03-21,quantile,0.3,75.82441339118051
2026-03-07,72,2,wk inc flu hosp,2026-03-21,quantile,0.35,81.40151848018311
2026-03-07,72,2,wk inc flu hosp,2026-03-21,quantile,0.4,87.43264396331861
2026-03-07,72,2,wk inc flu hosp,2026-03-21,quantile,0.45,92.9684073185841
2026-03-07,72,2,wk inc flu hosp,2026-03-21,quantile,0.5,98.55505247334
2026-03-07,72,2,wk inc flu hosp,2026-03-21,quantile,0.55,104.73991913243924
2026-03-07,72,2,wk inc flu hosp,2026-03-21,quantile,0.6,111.07670190226936
2026-03-07,72,2,wk inc flu hosp,2026-03-21,quantile,0.65,117.63210861528842
2026-03-07,72,2,wk inc flu hosp,2026-03-21,quantile,0.7,124.99621635962347
2026-03-07,72,2,wk inc flu hosp,2026-03-21,quantile,0.75,132.80117786322796
2026-03-07,72,2,wk inc flu hosp,2026-03-21,quantile,0.8,142.25984613685776
2026-03-07,72,2,wk inc flu hosp,2026-03-21,quantile,0.85,153.2590753457539
2026-03-07,72,2,wk inc flu hosp,2026-03-21,quantile,0.9,169.1428520388365
2026-03-07,72,2,wk inc flu hosp,2026-03-21,quantile,0.95,205.01525234571582
2026-03-07,72,2,wk inc flu hosp,2026-03-21,quantile,0.975,239.41132359110935
2026-03-07,72,2,wk inc flu hosp,2026-03-21,quantile,0.99,275.9382733497241
2026-03-07,72,3,wk inc flu hosp,2026-03-28,quantile,0.01,13.5
2026-03-07,72,3,wk inc flu hosp,2026-03-28,quantile,0.025,21.408110451711742
2026-03-07,72,3,wk inc flu hosp,2026-03-28,quantile,0.05,29.912665791040126
2026-03-07,72,3,wk inc flu hosp,2026-03-28,quantile,0.1,41.60869062982965
2026-03-07,72,3,wk inc flu hosp,2026-03-28,quantile,0.15,50.895755385822824
2026-03-07,72,3,wk inc flu hosp,2026-03-28,quantile,0.2,59.04898015191239
2026-03-07,72,3,wk inc flu hosp,2026-03-28,quantile,0.25,65.85814136176818
2026-03-07,72,3,wk inc flu hosp,2026-03-28,quantile,0.3,72.97255492354465
2026-03-07,72,3,wk inc flu hosp,2026-03-28,quantile,0.35,79.4854412838121
2026-03-07,72,3,wk inc flu hosp,2026-03-28,quantile,0.4,85.96433607039839
2026-03-07,72,3,wk inc flu hosp,2026-03-28,quantile,0.45,92.965070776817
2026-03-07,72,3,wk inc flu hosp,2026-03-28,quantile,0.5,99.539801777061
2026-03-07,72,3,wk inc flu hosp,2026-03-28,quantile,0.55,106.74299711445258
2026-03-07,72,3,wk inc flu hosp,2026-03-28,quantile,0.6,113.6374364359565
2026-03-07,72,3,wk inc flu hosp,2026-03-28,quantile,0.65,121.80204094696799
2026-03-07,72,3,wk inc flu hosp,2026-03-28,quantile,0.7,130.3442515384878
2026-03-07,72,3,wk inc flu hosp,2026-03-28,quantile,0.75,139.9225540890864
2026-03-07,72,3,wk inc flu hosp,2026-03-28,quantile,0.8,150.79314449067243
2026-03-07,72,3,wk inc flu hosp,2026-03-28,quantile,0.85,164.4228524318321
2026-03-07,72,3,wk inc flu hosp,2026-03-28,quantile,0.9,181.83229339506244
2026-03-07,72,3,wk inc flu hosp,2026-03-28,quantile,0.95,217.177628587849
2026-03-07,72,3,wk inc flu hosp,2026-03-28,quantile,0.975,259.4233150941745
2026-03-07,72,3,wk inc flu hosp,2026-03-28,quantile,0.99,301.4213047971851
2026-03-07,US,0,wk inc flu hosp,2026-03-07,quantile,0.01,5660.738911479712
2026-03-07,US,0,wk inc flu hosp,2026-03-07,quantile,0.025,5991.7130544781685
2026-03-07,US,0,wk inc flu hosp,2026-03-07,quantile,0.05,6186.0
2026-03-07,US,0,wk inc flu hosp,2026-03-07,quantile,0.1,6392.0
2026-03-07,US,0,wk inc flu hosp,2026-03-07,quantile,0.15,6876.0
2026-03-07,US,0,wk inc flu hosp,2026-03-07,quantile,0.2,7251.362331215023
2026-03-07,US,0,wk inc flu hosp,2026-03-07,quantile,0.25,7512.0
2026-03-07,US,0,wk inc flu hosp,2026-03-07,quantile,0.3,7632.0
2026-03-07,US,0,wk inc flu hosp,2026-03-07,quantile,0.35,7736.0
2026-03-07,US,0,wk inc flu hosp,2026-03-07,quantile,0.4,7884.0
2026-03-07,US,0,wk inc flu hosp,2026-03-07,quantile,0.45,8309.847533625398
2026-03-07,US,0,wk inc flu hosp,2026-03-07,quantile,0.5,8480.0
2026-03-07,US,0,wk inc flu hosp,2026-03-07,quantile,0.55,8652.0
2026-03-07,US,0,wk inc flu hosp,2026-03-07,quantile,0.6,8926.0
2026-03-07,US,0,wk inc flu hosp,2026-03-07,quantile,0.65,9217.0
2026-03-07,US,0,wk inc flu hosp,2026-03-07,quantile,0.7,9529.0
2026-03-07,US,0,wk inc flu hosp,2026-03-07,quantile,0.75,9878.0
2026-03-07,US,0,wk inc flu hosp,2026-03-07,quantile,0.8,10282.0
2026-03-07,US,0,wk inc flu hosp,2026-03-07,quantile,0.85,10760.0
2026-03-07,US,0,wk inc flu hosp,2026-03-07,quantile,0.9,11362.0
2026-03-07,US,0,wk inc flu hosp,2026-03-07,quantile,0.95,11809.0
2026-03-07,US,0,wk inc flu hosp,2026-03-07,quantile,0.975,12428.0
2026-03-07,US,0,wk inc flu hosp,2026-03-07,quantile,0.99,13409.0
2026-03-07,US,1,wk inc flu hosp,2026-03-14,quantile,0.01,3219.2010411109013
2026-03-07,US,1,wk inc flu hosp,2026-03-14,quantile,0.025,3436.715692113483
2026-03-07,US,1,wk inc flu hosp,2026-03-14,quantile,0.05,3784.0878055484914
2026-03-07,US,1,wk inc flu hosp,2026-03-14,quantile,0.1,4695.009822510629
2026-03-07,US,1,wk inc flu hosp,2026-03-14,quantile,0.15,5108.118512481676
2026-03-07,US,1,wk inc flu hosp,2026-03-14,quantile,0.2,5831.007927644155
2026-03-07,US,1,wk inc flu hosp,2026-03-14,quantile,0.25,6084.992092728615
2026-03-07,US,1,wk inc flu hosp,2026-03-14,quantile,0.3,6261.0
2026-03-07,US,1,wk inc flu hosp,2026-03-14,quantile,0.35,6549.0
2026-03-07,US,1,wk inc flu hosp,2026-03-14,quantile,0.4,6699.0
2026-03-07,US,1,wk inc flu hosp,2026-03-14,quantile,0.45,6849.0
2026-03-07,US,1,wk inc flu hosp,2026-03-14,quantile,0.5,6989.0
2026-03-07,US,1,wk inc flu hosp,2026-03-14,quantile,0.55,7118.0
2026-03-07,US,1,wk inc flu hosp,2026-03-14,quantile,0.6,7259.0
2026-03-07,US,1,wk inc flu hosp,2026-03-14,quantile,0.65,7417.0
2026-03-07,US,1,wk inc flu hosp,2026-03-14,quantile,0.7,7591.0
2026-03-07,US,1,wk inc flu hosp,2026-03-14,quantile,0.75,7858.0
2026-03-07,US,1,wk inc flu hosp,2026-03-14,quantile,0.8,8501.0
2026-03-07,US,1,wk inc flu hosp,2026-03-14,quantile,0.85,9233.0
2026-03-07,US,1,wk inc flu hosp,2026-03-14,quantile,0.9,9722.0
2026-03-07,US,1,wk inc flu hosp,2026-03-14,quantile,0.95,10471.0
2026-03-07,US,1,wk inc flu hosp,2026-03-14,quantile,0.975,10934.0
2026-03-07,US,1,wk inc flu hosp,2026-03-14,quantile,0.99,11602.0
2026-03-07,US,2,wk inc flu hosp,2026-03-21,quantile,0.01,1872.0
2026-03-07,US,2,wk inc flu hosp,2026-03-21,quantile,0.025,2121.0
2026-03-07,US,2,wk inc flu hosp,2026-03-21,quantile,0.05,2368.0
2026-03-07,US,2,wk inc flu hosp,2026-03-21,quantile,0.1,3308.4470971573387
2026-03-07,US,2,wk inc flu hosp,2026-03-21,quantile,0.15,3820.0
2026-03-07,US,2,wk inc flu hosp,2026-03-21,quantile,0.2,4290.306827543138
2026-03-07,US,2,wk inc flu hosp,2026-03-21,quantile,0.25,4815.0
2026-03-07,US,2,wk inc flu hosp,2026-03-21,quantile,0.3,5035.0
2026-03-07,US,2,wk inc flu hosp,2026-03-21,quantile,0.35,5208.0
2026-03-07,US,2,wk inc flu hosp,2026-03-21,quantile,0.4,5370.0
2026-03-07,US,2,wk inc flu hosp,2026-03-21,quantile,0.45,5520.114634752274
2026-03-07,US,2,wk inc flu hosp,2026-03-21,quantile,0.5,5665.0
2026-03-07,US,2,wk inc flu hosp,2026-03-21,quantile,0.55,5822.0
2026-03-07,US,2,wk inc flu hosp,2026-03-21,quantile,0.6,5966.0
2026-03-07,US,2,wk inc flu hosp,2026-03-21,quantile,0.65,6156.0
2026-03-07,US,2,wk inc flu hosp,2026-03-21,quantile,0.7,6331.0
2026-03-07,US,2,wk inc flu hosp,2026-03-21,quantile,0.75,6551.0
2026-03-07,US,2,wk inc flu hosp,2026-03-21,quantile,0.8,6827.0
2026-03-07,US,2,wk inc flu hosp,2026-03-21,quantile,0.85,7353.0
2026-03-07,US,2,wk inc flu hosp,2026-03-21,quantile,0.9,8006.0
2026-03-07,US,2,wk inc flu hosp,2026-03-21,quantile,0.95,8553.0
2026-03-07,US,2,wk inc flu hosp,2026-03-21,quantile,0.975,9843.0
2026-03-07,US,2,wk inc flu hosp,2026-03-21,quantile,0.99,10234.0
2026-03-07,US,3,wk inc flu hosp,2026-03-28,quantile,0.01,1030.057817098398
2026-03-07,US,3,wk inc flu hosp,2026-03-28,quantile,0.025,1250.0
2026-03-07,US,3,wk inc flu hosp,2026-03-28,quantile,0.05,1441.0
2026-03-07,US,3,wk inc flu hosp,2026-03-28,quantile,0.1,2546.0
2026-03-07,US,3,wk inc flu hosp,2026-03-28,quantile,0.15,2767.0
2026-03-07,US,3,wk inc flu hosp,2026-03-28,quantile,0.2,3507.0
2026-03-07,US,3,wk inc flu hosp,2026-03-28,quantile,0.25,3719.0
2026-03-07,US,3,wk inc flu hosp,2026-03-28,quantile,0.3,3913.0
2026-03-07,US,3,wk inc flu hosp,2026-03-28,quantile,0.35,4061.0
2026-03-07,US,3,wk inc flu hosp,2026-03-28,quantile,0.4,4212.0
2026-03-07,US,3,wk inc flu hosp,2026-03-28,quantile,0.45,4406.2509034872055
2026-03-07,US,3,wk inc flu hosp,2026-03-28,quantile,0.5,4533.570768237114
2026-03-07,US,3,wk inc flu hosp,2026-03-28,quantile,0.55,4665.585434556007
2026-03-07,US,3,wk inc flu hosp,2026-03-28,quantile,0.6,4826.0
2026-03-07,US,3,wk inc flu hosp,2026-03-28,quantile,0.65,4990.0
2026-03-07,US,3,wk inc flu hosp,2026-03-28,quantile,0.7,5187.0
2026-03-07,US,3,wk inc flu hosp,2026-03-28,quantile,0.75,5416.0
2026-03-07,US,3,wk inc flu hosp,2026-03-28,quantile,0.8,5660.0
2026-03-07,US,3,wk inc flu hosp,2026-03-28,quantile,0.85,5944.0
2026-03-07,US,3,wk inc flu hosp,2026-03-28,quantile,0.9,6542.0
2026-03-07,US,3,wk inc flu hosp,2026-03-28,quantile,0.95,7437.0
2026-03-07,US,3,wk inc flu hosp,2026-03-28,quantile,0.975,8806.0
2026-03-07,US,3,wk inc flu hosp,2026-03-28,quantile,0.99,10064.0
2026-03-07,01,0,wk flu hosp rate change,2026-03-07,pmf,stable,0.22517888214285708
2026-03-07,01,0,wk flu hosp rate change,2026-03-07,pmf,increase,0.20376359285714285
2026-03-07,01,0,wk flu hosp rate change,2026-03-07,pmf,large_increase,0.0
2026-03-07,01,0,wk flu hosp rate change,2026-03-07,pmf,decrease,0.5524405472727274
2026-03-07,01,0,wk flu hosp rate change,2026-03-07,pmf,large_decrease,0.01861697772727272
2026-03-07,01,1,wk flu hosp rate change,2026-03-14,pmf,stable,0.23778100931677015
2026-03-07,01,1,wk flu hosp rate change,2026-03-14,pmf,increase,0.067851097826087
2026-03-07,01,1,wk flu hosp rate change,2026-03-14,pmf,large_increase,0.0
2026-03-07,01,1,wk flu hosp rate change,2026-03-14,pmf,decrease,0.6943678928571428
2026-03-07,01,1,wk flu hosp rate change,2026-03-14,pmf,large_decrease,0.0
2026-03-07,01,2,wk flu hosp rate change,2026-03-21,pmf,stable,0.1385697488461538
2026-03-07,01,2,wk flu hosp rate change,2026-03-21,pmf,increase,0.024363138653846206
2026-03-07,01,2,wk flu hosp rate change,2026-03-21,pmf,large_increase,0.0
2026-03-07,01,2,wk flu hosp rate change,2026-03-21,pmf,decrease,0.8370671125
2026-03-07,01,2,wk flu hosp rate change,2026-03-21,pmf,large_decrease,0.0
2026-03-07,01,3,wk flu hosp rate change,2026-03-28,pmf,stable,0.1469785
2026-03-07,01,3,wk flu hosp rate change,2026-03-28,pmf,increase,0.0
2026-03-07,01,3,wk flu hosp rate change,2026-03-28,pmf,large_increase,0.0
2026-03-07,01,3,wk flu hosp rate change,2026-03-28,pmf,decrease,0.8530215
2026-03-07,01,3,wk flu hosp rate change,2026-03-28,pmf,large_decrease,0.0
2026-03-07,02,0,wk flu hosp rate change,2026-03-07,pmf,stable,1.0
2026-03-07,02,0,wk flu hosp rate change,2026-03-07,pmf,increase,0.0
2026-03-07,02,0,wk flu hosp rate change,2026-03-07,pmf,large_increase,0.0
2026-03-07,02,0,wk flu hosp rate change,2026-03-07,pmf,decrease,0.0
2026-03-07,02,0,wk flu hosp rate change,2026-03-07,pmf,large_decrease,0.0
2026-03-07,02,1,wk flu hosp rate change,2026-03-14,pmf,stable,1.0
2026-03-07,02,1,wk flu hosp rate change,2026-03-14,pmf,increase,0.0
2026-03-07,02,1,wk flu hosp rate change,2026-03-14,pmf,large_increase,0.0
2026-03-07,02,1,wk flu hosp rate change,2026-03-14,pmf,decrease,0.0
2026-03-07,02,1,wk flu hosp rate change,2026-03-14,pmf,large_decrease,0.0
2026-03-07,02,2,wk flu hosp rate change,2026-03-21,pmf,stable,1.0
2026-03-07,02,2,wk flu hosp rate change,2026-03-21,pmf,increase,0.0
2026-03-07,02,2,wk flu hosp rate change,2026-03-21,pmf,large_increase,0.0
2026-03-07,02,2,wk flu hosp rate change,2026-03-21,pmf,decrease,0.0
2026-03-07,02,2,wk flu hosp rate change,2026-03-21,pmf,large_decrease,0.0
2026-03-07,02,3,wk flu hosp rate change,2026-03-28,pmf,stable,0.99
2026-03-07,02,3,wk flu hosp rate change,2026-03-28,pmf,increase,0.010000000000000009
2026-03-07,02,3,wk flu hosp rate change,2026-03-28,pmf,large_increase,0.0
2026-03-07,02,3,wk flu hosp rate change,2026-03-28,pmf,decrease,0.0
2026-03-07,02,3,wk flu hosp rate change,2026-03-28,pmf,large_decrease,0.0
2026-03-07,04,0,wk flu hosp rate change,2026-03-07,pmf,stable,0.13884794817813773
2026-03-07,04,0,wk flu hosp rate change,2026-03-07,pmf,increase,0.1458850877192982
2026-03-07,04,0,wk flu hosp rate change,2026-03-07,pmf,large_increase,0.025832933333333363
2026-03-07,04,0,wk flu hosp rate change,2026-03-07,pmf,decrease,0.5659284052799491
2026-03-07,04,0,wk flu hosp rate change,2026-03-07,pmf,large_decrease,0.12350562548928153
2026-03-07,04,1,wk flu hosp rate change,2026-03-14,pmf,stable,0.12905579045716686
2026-03-07,04,1,wk flu hosp rate change,2026-03-14,pmf,increase,0.10072400954283312
2026-03-07,04,1,wk flu hosp rate change,2026-03-14,pmf,large_increase,0.0
2026-03-07,04,1,wk flu hosp rate change,2026-03-14,pmf,decrease,0.7702202
2026-03-07,04,1,wk flu hosp rate change,2026-03-14,pmf,large_decrease,0.0
2026-03-07,04,2,wk flu hosp rate change,2026-03-21,pmf,stable,0.11075940380657767
2026-03-07,04,2,wk flu hosp rate change,2026-03-21,pmf,increase,0.08592454102100844
2026-03-07,04,2,wk flu hosp rate change,2026-03-21,pmf,large_increase,0.0
2026-03-07,04,2,wk flu hosp rate change,2026-03-21,pmf,decrease,0.8033160551724139
2026-03-07,04,2,wk flu hosp rate change,2026-03-21,pmf,large_decrease,0.0
2026-03-07,04,3,wk flu hosp rate change,2026-03-28,pmf,stable,0.1327550969595217
2026-03-07,04,3,wk flu hosp rate change,2026-03-28,pmf,increase,0.05790325598165469
2026-03-07,04,3,wk flu hosp rate change,2026-03-28,pmf,large_increase,0.0
2026-03-07,04,3,wk flu hosp rate change,2026-03-28,pmf,decrease,0.8093416470588236
2026-03-07,04,3,wk flu hosp rate change,2026-03-28,pmf,large_decrease,0.0
2026-03-07,05,0,wk flu hosp rate change,2026-03-07,pmf,stable,0.1827906024072714
2026-03-07,05,0,wk flu hosp rate change,2026-03-07,pmf,increase,0.3101259159961812
2026-03-07,05,0,wk flu hosp rate change,2026-03-07,pmf,large_increase,0.02523754975477599
2026-03-07,05,0,wk flu hosp rate change,2026-03-07,pmf,decrease,0.38955376261100216
2026-03-07,05,0,wk flu hosp rate change,2026-03-07,pmf,large_decrease,0.09229216923076922
2026-03-07,05,1,wk flu hosp rate change,2026-03-14,pmf,stable,0.22739957577641545
2026-03-07,05,1,wk flu hosp rate change,2026-03-14,pmf,increase,0.09674330929266839
2026-03-07,05,1,wk flu hosp rate change,2026-03-14,pmf,large_increase,0.0
2026-03-07,05,1,wk flu hosp rate change,2026-03-14,pmf,decrease,0.6561641640883888
2026-03-07,05,1,wk flu hosp rate change,2026-03-14,pmf,large_decrease,0.019692950842527257
2026-03-07,05,2,wk flu hosp rate change,2026-03-21,pmf,stable,0.1909654173427917
2026-03-07,05,2,wk flu hosp rate change,2026-03-21,pmf,increase,0.028803878709841024
2026-03-07,05,2,wk flu hosp rate change,2026-03-21,pmf,large_increase,0.0
2026-03-07,05,2,wk flu hosp rate change,2026-03-21,pmf,decrease,0.7802307039473673
2026-03-07,05,2,wk flu hosp rate change,2026-03-21,pmf,large_decrease,0.0
2026-03-07,05,3,wk flu hosp rate change,2026-03-28,pmf,stable,0.10781117346907843
2026-03-07,05,3,wk flu hosp rate change,2026-03-28,pmf,increase,0.015050634782608707
2026-03-07,05,3,wk flu hosp rate change,2026-03-28,pmf,large_increase,0.0
2026-03-07,05,3,wk flu hosp rate change,2026-03-28,pmf,decrease,0.8771381917483129
2026-03-07,05,3,wk flu hosp rate change,2026-03-28,pmf,large_decrease,0.0
2026-03-07,06,0,wk flu hosp rate change,2026-03-07,pmf,stable,0.231168029161558
2026-03-07,06,0,wk flu hosp rate change,2026-03-07,pmf,increase,0.030224662164880844
2026-03-07,06,0,wk flu hosp rate change,2026-03-07,pmf,large_increase,0.0
2026-03-07,06,0,wk flu hosp rate change,2026-03-07,pmf,decrease,0.7251658477058193
2026-03-07,06,0,wk flu hosp rate change,2026-03-07,pmf,large_decrease,0.013441460967741937
2026-03-07,06,1,wk flu hosp rate change,2026-03-14,pmf,stable,0.21591526448606224
2026-03-07,06,1,wk flu hosp rate change,2026-03-14,pmf,increase,0.018040004740302762
2026-03-07,06,1,wk flu hosp rate change,2026-03-14,pmf,large_increase,0.0
2026-03-07,06,1,wk flu hosp rate change,2026-03-14,pmf,decrease,0.766044730773635
2026-03-07,06,1,wk flu hosp rate change,2026-03-14,pmf,large_decrease,0.0
2026-03-07,06,2,wk flu hosp rate change,2026-03-21,pmf,stable,0.20024103404750038
2026-03-07,06,2,wk flu hosp rate change,2026-03-21,pmf,increase,0.0
2026-03-07,06,2,wk flu hosp rate change,2026-03-21,pmf,large_increase,0.0
2026-03-07,06,2,wk flu hosp rate change,2026-03-21,pmf,decrease,0.7997589659524996
2026-03-07,06,2,wk flu hosp rate change,2026-03-21,pmf,large_decrease,0.0
2026-03-07,06,3,wk flu hosp rate change,2026-03-28,pmf,stable,0.20929432942653559
2026-03-07,06,3,wk flu hosp rate change,2026-03-28,pmf,increase,0.0
2026-03-07,06,3,wk flu hosp rate change,2026-03-28,pmf,large_increase,0.0
2026-03-07,06,3,wk flu hosp rate change,2026-03-28,pmf,decrease,0.7907056705734644
2026-03-07,06,3,wk flu hosp rate change,2026-03-28,pmf,large_decrease,0.0
2026-03-07,08,0,wk flu hosp rate change,2026-03-07,pmf,stable,0.37885898125000006
2026-03-07,08,0,wk flu hosp rate change,2026-03-07,pmf,increase,0.10704700624999997
2026-03-07,08,0,wk flu hosp rate change,2026-03-07,pmf,large_increase,0.0
2026-03-07,08,0,wk flu hosp rate change,2026-03-07,pmf,decrease,0.5140940125
2026-03-07,08,0,wk flu hosp rate change,2026-03-07,pmf,large_decrease,0.0
2026-03-07,08,1,wk flu hosp rate change,2026-03-14,pmf,stable,0.2844704716666666
2026-03-07,08,1,wk flu hosp rate change,2026-03-14,pmf,increase,0.08042506999999999
2026-03-07,08,1,wk flu hosp rate change,2026-03-14,pmf,large_increase,0.0
2026-03-07,08,1,wk flu hosp rate change,2026-03-14,pmf,decrease,0.6351044583333334
2026-03-07,08,1,wk flu hosp rate change,2026-03-14,pmf,large_decrease,0.0
2026-03-07,08,2,wk flu hosp rate change,2026-03-21,pmf,stable,0.3313390806896551
2026-03-07,08,2,wk flu hosp rate change,2026-03-21,pmf,increase,0.055685429310344814
2026-03-07,08,2,wk flu hosp rate change,2026-03-21,pmf,large_increase,0.0
2026-03-07,08,2,wk flu hosp rate change,2026-03-21,pmf,decrease,0.6129754900000001
2026-03-07,08,2,wk flu hosp rate change,2026-03-21,pmf,large_decrease,0.0
2026-03-07,08,3,wk flu hosp rate change,2026-03-28,pmf,stable,0.42832423
2026-03-07,08,3,wk flu hosp rate change,2026-03-28,pmf,increase,0.03742507000000006
2026-03-07,08,3,wk flu hosp rate change,2026-03-28,pmf,large_increase,0.0
2026-03-07,08,3,wk flu hosp rate change,2026-03-28,pmf,decrease,0.5342507
2026-03-07,08,3,wk flu hosp rate change,2026-03-28,pmf,large_decrease,0.0
2026-03-07,09,0,wk flu hosp rate change,2026-03-07,pmf,stable,0.5856290202402679
2026-03-07,09,0,wk flu hosp rate change,2026-03-07,pmf,increase,0.13291321666666667
2026-03-07,09,0,wk flu hosp rate change,2026-03-07,pmf,large_increase,0.0
2026-03-07,09,0,wk flu hosp rate change,2026-03-07,pmf,decrease,0.28145776309306547
2026-03-07,09,0,wk flu hosp rate change,2026-03-07,pmf,large_decrease,0.0
2026-03-07,09,1,wk flu hosp rate change,2026-03-14,pmf,stable,0.5924999117064071
2026-03-07,09,1,wk flu hosp rate change,2026-03-14,pmf,increase,0.09426939583333327
2026-03-07,09,1,wk flu hosp rate change,2026-03-14,pmf,large_increase,0.0
2026-03-07,09,1,wk flu hosp rate change,2026-03-14,pmf,decrease,0.31323069246025953
2026-03-07,09,1,wk flu hosp rate change,2026-03-14,pmf,large_decrease,0.0
2026-03-07,09,2,wk flu hosp rate change,2026-03-21,pmf,stable,0.6472220183333333
2026-03-07,09,2,wk flu hosp rate change,2026-03-21,pmf,increase,0.07091505666666675
2026-03-07,09,2,wk flu hosp rate change,2026-03-21,pmf,large_increase,0.0
2026-03-07,09,2,wk flu hosp rate change,2026-03-21,pmf,decrease,0.281862925
2026-03-07,09,2,wk flu hosp rate change,2026-03-21,pmf,large_decrease,0.0
2026-03-07,09,3,wk flu hosp rate change,2026-03-28,pmf,stable,0.9209556124999999
2026-03-07,09,3,wk flu hosp rate change,2026-03-28,pmf,increase,0.022811637500000037
2026-03-07,09,3,wk flu hosp rate change,2026-03-28,pmf,large_increase,0.0
2026-03-07,09,3,wk flu hosp rate change,2026-03-28,pmf,decrease,0.056232750000000005
2026-03-07,09,3,wk flu hosp rate change,2026-03-28,pmf,large_decrease,0.0
2026-03-07,10,0,wk flu hosp rate change,2026-03-07,pmf,stable,0.5856707969019268
2026-03-07,10,0,wk flu hosp rate change,2026-03-07,pmf,increase,0.06441294499999994
2026-03-07,10,0,wk flu hosp rate change,2026-03-07,pmf,large_increase,0.010587055000000012
2026-03-07,10,0,wk flu hosp rate change,2026-03-07,pmf,decrease,0.17949850273650683
2026-03-07,10,0,wk flu hosp rate change,2026-03-07,pmf,large_decrease,0.15983070036156635
2026-03-07,10,1,wk flu hosp rate change,2026-03-14,pmf,stable,0.3321428571428572
2026-03-07,10,1,wk flu hosp rate change,2026-03-14,pmf,increase,0.09285714285714286
2026-03-07,10,1,wk flu hosp rate change,2026-03-14,pmf,large_increase,0.0
2026-03-07,10,1,wk flu hosp rate change,2026-03-14,pmf,decrease,0.5399347786153063
2026-03-07,10,1,wk flu hosp rate change,2026-03-14,pmf,large_decrease,0.03506522138469372
2026-03-07,10,2,wk flu hosp rate change,2026-03-21,pmf,stable,0.17500000000000004
2026-03-07,10,2,wk flu hosp rate change,2026-03-21,pmf,increase,0.07499999999999996
2026-03-07,10,2,wk flu hosp rate change,2026-03-21,pmf,large_increase,0.0
2026-03-07,10,2,wk flu hosp rate change,2026-03-21,pmf,decrease,0.75
2026-03-07,10,2,wk flu hosp rate change,2026-03-21,pmf,large_decrease,0.0
2026-03-07,10,3,wk flu hosp rate change,2026-03-28,pmf,stable,0.12148962500000005
2026-03-07,10,3,wk flu hosp rate change,2026-03-28,pmf,increase,0.04370207500000001
2026-03-07,10,3,wk flu hosp rate change,2026-03-28,pmf,large_increase,0.0
2026-03-07,10,3,wk flu hosp rate change,2026-03-28,pmf,decrease,0.8348083
2026-03-07,10,3,wk flu hosp rate change,2026-03-28,pmf,large_decrease,0.0
2026-03-07,11,0,wk flu hosp rate change,2026-03-07,pmf,stable,1.0
2026-03-07,11,0,wk flu hosp rate change,2026-03-07,pmf,increase,0.0
2026-03-07,11,0,wk flu hosp rate change,2026-03-07,pmf,large_increase,0.0
2026-03-07,11,0,wk flu hosp rate change,2026-03-07,pmf,decrease,0.0
2026-03-07,11,0,wk flu hosp rate change,2026-03-07,pmf,large_decrease,0.0
2026-03-07,11,1,wk flu hosp rate change,2026-03-14,pmf,stable,0.9769721275979301
2026-03-07,11,1,wk flu hosp rate change,2026-03-14,pmf,increase,0.023027872402069938
2026-03-07,11,1,wk flu hosp rate change,2026-03-14,pmf,large_increase,0.0
2026-03-07,11,1,wk flu hosp rate change,2026-03-14,pmf,decrease,0.0
2026-03-07,11,1,wk flu hosp rate change,2026-03-14,pmf,large_decrease,0.0
2026-03-07,11,2,wk flu hosp rate change,2026-03-21,pmf,stable,0.9566051185757042
2026-03-07,11,2,wk flu hosp rate change,2026-03-21,pmf,increase,0.04339488142429582
2026-03-07,11,2,wk flu hosp rate change,2026-03-21,pmf,large_increase,0.0
2026-03-07,11,2,wk flu hosp rate change,2026-03-21,pmf,decrease,0.0
2026-03-07,11,2,wk flu hosp rate change,2026-03-21,pmf,large_decrease,0.0
2026-03-07,11,3,wk flu hosp rate change,2026-03-28,pmf,stable,0.9474359722826445
2026-03-07,11,3,wk flu hosp rate change,2026-03-28,pmf,increase,0.052564027717355466
2026-03-07,11,3,wk flu hosp rate change,2026-03-28,pmf,large_increase,0.0
2026-03-07,11,3,wk flu hosp rate change,2026-03-28,pmf,decrease,0.0
2026-03-07,11,3,wk flu hosp rate change,2026-03-28,pmf,large_decrease,0.0
2026-03-07,12,0,wk flu hosp rate change,2026-03-07,pmf,stable,0.059409628090823174
2026-03-07,12,0,wk flu hosp rate change,2026-03-07,pmf,increase,0.01475702552363467
2026-03-07,12,0,wk flu hosp rate change,2026-03-07,pmf,large_increase,0.0
2026-03-07,12,0,wk flu hosp rate change,2026-03-07,pmf,decrease,0.5059529549584525
2026-03-07,12,0,wk flu hosp rate change,2026-03-07,pmf,large_decrease,0.41988039142708966
2026-03-07,12,1,wk flu hosp rate change,2026-03-14,pmf,stable,0.03465843750000008
2026-03-07,12,1,wk flu hosp rate change,2026-03-14,pmf,increase,0.0
2026-03-07,12,1,wk flu hosp rate change,2026-03-14,pmf,large_increase,0.0
2026-03-07,12,1,wk flu hosp rate change,2026-03-14,pmf,decrease,0.6901010736629989
2026-03-07,12,1,wk flu hosp rate change,2026-03-14,pmf,large_decrease,0.2752404888370011
2026-03-07,12,2,wk flu hosp rate change,2026-03-21,pmf,stable,0.016622833888888855
2026-03-07,12,2,wk flu hosp rate change,2026-03-21,pmf,increase,0.0
2026-03-07,12,2,wk flu hosp rate change,2026-03-21,pmf,large_increase,0.0
2026-03-07,12,2,wk flu hosp rate change,2026-03-21,pmf,decrease,0.8901776833524905
2026-03-07,12,2,wk flu hosp rate change,2026-03-21,pmf,large_decrease,0.09319948275862068
2026-03-07,12,3,wk flu hosp rate change,2026-03-28,pmf,stable,0.020759542968750044
2026-03-07,12,3,wk flu hosp rate change,2026-03-28,pmf,increase,0.0
2026-03-07,12,3,wk flu hosp rate change,2026-03-28,pmf,large_increase,0.0
2026-03-07,12,3,wk flu hosp rate change,2026-03-28,pmf,decrease,0.97924045703125
2026-03-07,12,3,wk flu hosp rate change,2026-03-28,pmf,large_decrease,0.0
2026-03-07,13,0,wk flu hosp rate change,2026-03-07,pmf,stable,0.35196219374999993
2026-03-07,13,0,wk flu hosp rate change,2026-03-07,pmf,increase,0.12642926875000005
2026-03-07,13,0,wk flu hosp rate change,2026-03-07,pmf,large_increase,0.0
2026-03-07,13,0,wk flu hosp rate change,2026-03-07,pmf,decrease,0.5216085375
2026-03-07,13,0,wk flu hosp rate change,2026-03-07,pmf,large_decrease,0.0
2026-03-07,13,1,wk flu hosp rate change,2026-03-14,pmf,stable,0.370169375
2026-03-07,13,1,wk flu hosp rate change,2026-03-14,pmf,increase,0.07374390277777776
2026-03-07,13,1,wk flu hosp rate change,2026-03-14,pmf,large_increase,0.0
2026-03-07,13,1,wk flu hosp rate change,2026-03-14,pmf,decrease,0.5560867222222222
2026-03-07,13,1,wk flu hosp rate change,2026-03-14,pmf,large_decrease,0.0
2026-03-07,13,2,wk flu hosp rate change,2026-03-21,pmf,stable,0.36125327165071763
2026-03-07,13,2,wk flu hosp rate change,2026-03-21,pmf,increase,0.039956482894736856
2026-03-07,13,2,wk flu hosp rate change,2026-03-21,pmf,large_increase,0.0
2026-03-07,13,2,wk flu hosp rate change,2026-03-21,pmf,decrease,0.5987902454545455
2026-03-07,13,2,wk flu hosp rate change,2026-03-21,pmf,large_decrease,0.0
2026-03-07,13,3,wk flu hosp rate change,2026-03-28,pmf,stable,0.5055339962121213
2026-03-07,13,3,wk flu hosp rate change,2026-03-28,pmf,increase,0.03533592045454548
2026-03-07,13,3,wk flu hosp rate change,2026-03-28,pmf,large_increase,0.0
2026-03-07,13,3,wk flu hosp rate change,2026-03-28,pmf,decrease,0.4591300833333333
2026-03-07,13,3,wk flu hosp rate change,2026-03-28,pmf,large_decrease,0.0
2026-03-07,15,0,wk flu hosp rate change,2026-03-07,pmf,stable,0.95
2026-03-07,15,0,wk flu hosp rate change,2026-03-07,pmf,increase,0.050000000000000044
2026-03-07,15,0,wk flu hosp rate change,2026-03-07,pmf,large_increase,0.0
2026-03-07,15,0,wk flu hosp rate change,2026-03-07,pmf,decrease,0.0
2026-03-07,15,0,wk flu hosp rate change,2026-03-07,pmf,large_decrease,0.0
2026-03-07,15,1,wk flu hosp rate change,2026-03-14,pmf,stable,0.9796425822162312
2026-03-07,15,1,wk flu hosp rate change,2026-03-14,pmf,increase,0.02035741778376876
2026-03-07,15,1,wk flu hosp rate change,2026-03-14,pmf,large_increase,0.0
2026-03-07,15,1,wk flu hosp rate change,2026-03-14,pmf,decrease,0.0
2026-03-07,15,1,wk flu hosp rate change,2026-03-14,pmf,large_decrease,0.0
2026-03-07,15,2,wk flu hosp rate change,2026-03-21,pmf,stable,1.0
2026-03-07,15,2,wk flu hosp rate change,2026-03-21,pmf,increase,0.0
2026-03-07,15,2,wk flu hosp rate change,2026-03-21,pmf,large_increase,0.0
2026-03-07,15,2,wk flu hosp rate change,2026-03-21,pmf,decrease,0.0
2026-03-07,15,2,wk flu hosp rate change,2026-03-21,pmf,large_decrease,0.0
2026-03-07,15,3,wk flu hosp rate change,2026-03-28,pmf,stable,1.0
2026-03-07,15,3,wk flu hosp rate change,2026-03-28,pmf,increase,0.0
2026-03-07,15,3,wk flu hosp rate change,2026-03-28,pmf,large_increase,0.0
2026-03-07,15,3,wk flu hosp rate change,2026-03-28,pmf,decrease,0.0
2026-03-07,15,3,wk flu hosp rate change,2026-03-28,pmf,large_decrease,0.0
2026-03-07,16,0,wk flu hosp rate change,2026-03-07,pmf,stable,0.20391891920567018
2026-03-07,16,0,wk flu hosp rate change,2026-03-07,pmf,increase,0.06984451337662334
2026-03-07,16,0,wk flu hosp rate change,2026-03-07,pmf,large_increase,0.014246395714285764
2026-03-07,16,0,wk flu hosp rate change,2026-03-07,pmf,decrease,0.36267824670342075
2026-03-07,16,0,wk flu hosp rate change,2026-03-07,pmf,large_decrease,0.34931192499999997
2026-03-07,16,1,wk flu hosp rate change,2026-03-14,pmf,stable,0.09573923798076922
2026-03-07,16,1,wk flu hosp rate change,2026-03-14,pmf,increase,0.04806135576923076
2026-03-07,16,1,wk flu hosp rate change,2026-03-14,pmf,large_increase,0.0
2026-03-07,16,1,wk flu hosp rate change,2026-03-14,pmf,decrease,0.6575564021226593
2026-03-07,16,1,wk flu hosp rate change,2026-03-14,pmf,large_decrease,0.19864300412734068
2026-03-07,16,2,wk flu hosp rate change,2026-03-21,pmf,stable,0.07476709504310342
2026-03-07,16,2,wk flu hosp rate change,2026-03-21,pmf,increase,0.028428736206896565
2026-03-07,16,2,wk flu hosp rate change,2026-03-21,pmf,large_increase,0.0
2026-03-07,16,2,wk flu hosp rate change,2026-03-21,pmf,decrease,0.8097694519583972
2026-03-07,16,2,wk flu hosp rate change,2026-03-21,pmf,large_decrease,0.08703471679160278
2026-03-07,16,3,wk flu hosp rate change,2026-03-28,pmf,stable,0.08870198573242172
2026-03-07,16,3,wk flu hosp rate change,2026-03-28,pmf,increase,0.019153175000000022
2026-03-07,16,3,wk flu hosp rate change,2026-03-28,pmf,large_increase,0.0
2026-03-07,16,3,wk flu hosp rate change,2026-03-28,pmf,decrease,0.8787758776008745
2026-03-07,16,3,wk flu hosp rate change,2026-03-28,pmf,large_decrease,0.013368961666703755
2026-03-07,17,0,wk flu hosp rate change,2026-03-07,pmf,stable,0.29547995238095237
2026-03-07,17,0,wk flu hosp rate change,2026-03-07,pmf,increase,0.1163560142857143
2026-03-07,17,0,wk flu hosp rate change,2026-03-07,pmf,large_increase,0.0
2026-03-07,17,0,wk flu hosp rate change,2026-03-07,pmf,decrease,0.5881640333333333
2026-03-07,17,0,wk flu hosp rate change,2026-03-07,pmf,large_decrease,0.0
2026-03-07,17,1,wk flu hosp rate change,2026-03-14,pmf,stable,0.16520986904761903
2026-03-07,17,1,wk flu hosp rate change,2026-03-14,pmf,increase,0.050387249999999995
2026-03-07,17,1,wk flu hosp rate change,2026-03-14,pmf,large_increase,0.0
2026-03-07,17,1,wk flu hosp rate change,2026-03-14,pmf,decrease,0.784402880952381
2026-03-07,17,1,wk flu hosp rate change,2026-03-14,pmf,large_decrease,0.0
2026-03-07,17,2,wk flu hosp rate change,2026-03-21,pmf,stable,0.11628778139582718
2026-03-07,17,2,wk flu hosp rate change,2026-03-21,pmf,increase,0.02392088445783136
2026-03-07,17,2,wk flu hosp rate change,2026-03-21,pmf,large_increase,0.0
2026-03-07,17,2,wk flu hosp rate change,2026-03-21,pmf,decrease,0.8597913341463415
2026-03-07,17,2,wk flu hosp rate change,2026-03-21,pmf,large_decrease,0.0
2026-03-07,17,3,wk flu hosp rate change,2026-03-28,pmf,stable,0.13609621875
2026-03-07,17,3,wk flu hosp rate change,2026-03-28,pmf,increase,0.0
2026-03-07,17,3,wk flu hosp rate change,2026-03-28,pmf,large_increase,0.0
2026-03-07,17,3,wk flu hosp rate change,2026-03-28,pmf,decrease,0.86390378125
2026-03-07,17,3,wk flu hosp rate change,2026-03-28,pmf,large_decrease,0.0
2026-03-07,18,0,wk flu hosp rate change,2026-03-07,pmf,stable,0.1872854411764706
2026-03-07,18,0,wk flu hosp rate change,2026-03-07,pmf,increase,0.14478580882352943
2026-03-07,18,0,wk flu hosp rate change,2026-03-07,pmf,large_increase,0.0
2026-03-07,18,0,wk flu hosp rate change,2026-03-07,pmf,decrease,0.5299646936663962
2026-03-07,18,0,wk flu hosp rate change,2026-03-07,pmf,large_decrease,0.13796405633360376
2026-03-07,18,1,wk flu hosp rate change,2026-03-14,pmf,stable,0.17390145676691737
2026-03-07,18,1,wk flu hosp rate change,2026-03-14,pmf,increase,0.09260345394736835
2026-03-07,18,1,wk flu hosp rate change,2026-03-14,pmf,large_increase,0.0
2026-03-07,18,1,wk flu hosp rate change,2026-03-14,pmf,decrease,0.7101123656788406
2026-03-07,18,1,wk flu hosp rate change,2026-03-14,pmf,large_decrease,0.023382723606873636
2026-03-07,18,2,wk flu hosp rate change,2026-03-21,pmf,stable,0.12491980000000003
2026-03-07,18,2,wk flu hosp rate change,2026-03-21,pmf,increase,0.07253007499999997
2026-03-07,18,2,wk flu hosp rate change,2026-03-21,pmf,large_increase,0.0
2026-03-07,18,2,wk flu hosp rate change,2026-03-21,pmf,decrease,0.802550125
2026-03-07,18,2,wk flu hosp rate change,2026-03-21,pmf,large_decrease,0.0
2026-03-07,18,3,wk flu hosp rate change,2026-03-28,pmf,stable,0.10427917004048581
2026-03-07,18,3,wk flu hosp rate change,2026-03-28,pmf,increase,0.036829711538461596
2026-03-07,18,3,wk flu hosp rate change,2026-03-28,pmf,large_increase,0.0
2026-03-07,18,3,wk flu hosp rate change,2026-03-28,pmf,decrease,0.8588911184210526
2026-03-07,18,3,wk flu hosp rate change,2026-03-28,pmf,large_decrease,0.0
2026-03-07,19,0,wk flu hosp rate change,2026-03-07,pmf,stable,0.1791666666666667
2026-03-07,19,0,wk flu hosp rate change,2026-03-07,pmf,increase,0.0841633117948718
2026-03-07,19,0,wk flu hosp rate change,2026-03-07,pmf,large_increase,0.011670021538461528
2026-03-07,19,0,wk flu hosp rate change,2026-03-07,pmf,decrease,0.61605296
2026-03-07,19,0,wk flu hosp rate change,2026-03-07,pmf,large_decrease,0.10894704
2026-03-07,19,1,wk flu hosp rate change,2026-03-14,pmf,stable,0.11724562500000002
2026-03-07,19,1,wk flu hosp rate change,2026-03-14,pmf,increase,0.040300875000000014
2026-03-07,19,1,wk flu hosp rate change,2026-03-14,pmf,large_increase,0.0
2026-03-07,19,1,wk flu hosp rate change,2026-03-14,pmf,decrease,0.82418742
2026-03-07,19,1,wk flu hosp rate change,2026-03-14,pmf,large_decrease,0.018266080000000004
2026-03-07,19,2,wk flu hosp rate change,2026-03-21,pmf,stable,0.08694979809523806
2026-03-07,19,2,wk flu hosp rate change,2026-03-21,pmf,increase,0.0242602685714286
2026-03-07,19,2,wk flu hosp rate change,2026-03-21,pmf,large_increase,0.0
2026-03-07,19,2,wk flu hosp rate change,2026-03-21,pmf,decrease,0.8887899333333333
2026-03-07,19,2,wk flu hosp rate change,2026-03-21,pmf,large_decrease,0.0
2026-03-07,19,3,wk flu hosp rate change,2026-03-28,pmf,stable,0.07003542857142864
2026-03-07,19,3,wk flu hosp rate change,2026-03-28,pmf,increase,0.0
2026-03-07,19,3,wk flu hosp rate change,2026-03-28,pmf,large_increase,0.0
2026-03-07,19,3,wk flu hosp rate change,2026-03-28,pmf,decrease,0.9299645714285714
2026-03-07,19,3,wk flu hosp rate change,2026-03-28,pmf,large_decrease,0.0
2026-03-07,20,0,wk flu hosp rate change,2026-03-07,pmf,stable,0.15909090909090906
2026-03-07,20,0,wk flu hosp rate change,2026-03-07,pmf,increase,0.09090909090909094
2026-03-07,20,0,wk flu hosp rate change,2026-03-07,pmf,large_increase,0.0
2026-03-07,20,0,wk flu hosp rate change,2026-03-07,pmf,decrease,0.60500302
2026-03-07,20,0,wk flu hosp rate change,2026-03-07,pmf,large_decrease,0.14499698000000005
2026-03-07,20,1,wk flu hosp rate change,2026-03-14,pmf,stable,0.14226983809523797
2026-03-07,20,1,wk flu hosp rate change,2026-03-14,pmf,increase,0.0638232333333334
2026-03-07,20,1,wk flu hosp rate change,2026-03-14,pmf,large_increase,0.0
2026-03-07,20,1,wk flu hosp rate change,2026-03-14,pmf,decrease,0.7334523730158731
2026-03-07,20,1,wk flu hosp rate change,2026-03-14,pmf,large_decrease,0.060454555555555525
2026-03-07,20,2,wk flu hosp rate change,2026-03-21,pmf,stable,0.1361497131249999
2026-03-07,20,2,wk flu hosp rate change,2026-03-21,pmf,increase,0.03782149687500003
2026-03-07,20,2,wk flu hosp rate change,2026-03-21,pmf,large_increase,0.0
2026-03-07,20,2,wk flu hosp rate change,2026-03-21,pmf,decrease,0.8260287900000001
2026-03-07,20,2,wk flu hosp rate change,2026-03-21,pmf,large_decrease,0.0
2026-03-07,20,3,wk flu hosp rate change,2026-03-28,pmf,stable,0.08341211999999998
2026-03-07,20,3,wk flu hosp rate change,2026-03-28,pmf,increase,0.0
2026-03-07,20,3,wk flu hosp rate change,2026-03-28,pmf,large_increase,0.0
2026-03-07,20,3,wk flu hosp rate change,2026-03-28,pmf,decrease,0.91658788
2026-03-07,20,3,wk flu hosp rate change,2026-03-28,pmf,large_decrease,0.0
2026-03-07,21,0,wk flu hosp rate change,2026-03-07,pmf,stable,0.11187395892857133
2026-03-07,21,0,wk flu hosp rate change,2026-03-07,pmf,increase,0.05073401250000009
2026-03-07,21,0,wk flu hosp rate change,2026-03-07,pmf,large_increase,0.0
2026-03-07,21,0,wk flu hosp rate change,2026-03-07,pmf,decrease,0.6274152685714286
2026-03-07,21,0,wk flu hosp rate change,2026-03-07,pmf,large_decrease,0.20997676
2026-03-07,21,1,wk flu hosp rate change,2026-03-14,pmf,stable,0.08719632291666668
2026-03-07,21,1,wk flu hosp rate change,2026-03-14,pmf,increase,0.05790334375000006
2026-03-07,21,1,wk flu hosp rate change,2026-03-14,pmf,large_increase,0.0
2026-03-07,21,1,wk flu hosp rate change,2026-03-14,pmf,decrease,0.7714965151515151
2026-03-07,21,1,wk flu hosp rate change,2026-03-14,pmf,large_decrease,0.08340381818181819
2026-03-07,21,2,wk flu hosp rate change,2026-03-21,pmf,stable,0.07401663095238098
2026-03-07,21,2,wk flu hosp rate change,2026-03-21,pmf,increase,0.04159606904761903
2026-03-07,21,2,wk flu hosp rate change,2026-03-21,pmf,large_increase,0.0
2026-03-07,21,2,wk flu hosp rate change,2026-03-21,pmf,decrease,0.8843873
2026-03-07,21,2,wk flu hosp rate change,2026-03-21,pmf,large_decrease,0.0
2026-03-07,21,3,wk flu hosp rate change,2026-03-28,pmf,stable,0.07155791339162454
2026-03-07,21,3,wk flu hosp rate change,2026-03-28,pmf,increase,0.022202720754716965
2026-03-07,21,3,wk flu hosp rate change,2026-03-28,pmf,large_increase,0.0
2026-03-07,21,3,wk flu hosp rate change,2026-03-28,pmf,decrease,0.9062393658536585
2026-03-07,21,3,wk flu hosp rate change,2026-03-28,pmf,large_decrease,0.0
2026-03-07,22,0,wk flu hosp rate change,2026-03-07,pmf,stable,0.1859264850475788
2026-03-07,22,0,wk flu hosp rate change,2026-03-07,pmf,increase,0.08087544584803608
2026-03-07,22,0,wk flu hosp rate change,2026-03-07,pmf,large_increase,0.0
2026-03-07,22,0,wk flu hosp rate change,2026-03-07,pmf,decrease,0.4958955965307807
2026-03-07,22,0,wk flu hosp rate change,2026-03-07,pmf,large_decrease,0.23730247257360443
2026-03-07,22,1,wk flu hosp rate change,2026-03-14,pmf,stable,0.08859119905956103
2026-03-07,22,1,wk flu hosp rate change,2026-03-14,pmf,increase,0.06138931818181825
2026-03-07,22,1,wk flu hosp rate change,2026-03-14,pmf,large_increase,0.0
2026-03-07,22,1,wk flu hosp rate change,2026-03-14,pmf,decrease,0.786202323911092
2026-03-07,22,1,wk flu hosp rate change,2026-03-14,pmf,large_decrease,0.0638171588475287
2026-03-07,22,2,wk flu hosp rate change,2026-03-21,pmf,stable,0.08741239505494502
2026-03-07,22,2,wk flu hosp rate change,2026-03-21,pmf,increase,0.016816819230769275
2026-03-07,22,2,wk flu hosp rate change,2026-03-21,pmf,large_increase,0.0
2026-03-07,22,2,wk flu hosp rate change,2026-03-21,pmf,decrease,0.8957707857142857
2026-03-07,22,2,wk flu hosp rate change,2026-03-21,pmf,large_decrease,0.0
2026-03-07,22,3,wk flu hosp rate change,2026-03-28,pmf,stable,0.07635749999999997
2026-03-07,22,3,wk flu hosp rate change,2026-03-28,pmf,increase,0.0
2026-03-07,22,3,wk flu hosp rate change,2026-03-28,pmf,large_increase,0.0
2026-03-07,22,3,wk flu hosp rate change,2026-03-28,pmf,decrease,0.9236425
2026-03-07,22,3,wk flu hosp rate change,2026-03-28,pmf,large_decrease,0.0
2026-03-07,23,0,wk flu hosp rate change,2026-03-07,pmf,stable,0.4075
2026-03-07,23,0,wk flu hosp rate change,2026-03-07,pmf,increase,0.04249999999999998
2026-03-07,23,0,wk flu hosp rate change,2026-03-07,pmf,large_increase,0.0
2026-03-07,23,0,wk flu hosp rate change,2026-03-07,pmf,decrease,0.46770408
2026-03-07,23,0,wk flu hosp rate change,2026-03-07,pmf,large_decrease,0.08229592000000002
2026-03-07,23,1,wk flu hosp rate change,2026-03-14,pmf,stable,0.18928571428571428
2026-03-07,23,1,wk flu hosp rate change,2026-03-14,pmf,increase,0.0357142857142857
2026-03-07,23,1,wk flu hosp rate change,2026-03-14,pmf,large_increase,0.0
2026-03-07,23,1,wk flu hosp rate change,2026-03-14,pmf,decrease,0.775
2026-03-07,23,1,wk flu hosp rate change,2026-03-14,pmf,large_decrease,0.0
2026-03-07,23,2,wk flu hosp rate change,2026-03-21,pmf,stable,0.11075000000000002
2026-03-07,23,2,wk flu hosp rate change,2026-03-21,pmf,increase,0.024249999999999994
2026-03-07,23,2,wk flu hosp rate change,2026-03-21,pmf,large_increase,0.0
2026-03-07,23,2,wk flu hosp rate change,2026-03-21,pmf,decrease,0.865
2026-03-07,23,2,wk flu hosp rate change,2026-03-21,pmf,large_decrease,0.0
2026-03-07,23,3,wk flu hosp rate change,2026-03-28,pmf,stable,0.11550119999999997
2026-03-07,23,3,wk flu hosp rate change,2026-03-28,pmf,increase,0.0
2026-03-07,23,3,wk flu hosp rate change,2026-03-28,pmf,large_increase,0.0
2026-03-07,23,3,wk flu hosp rate change,2026-03-28,pmf,decrease,0.8844988
2026-03-07,23,3,wk flu hosp rate change,2026-03-28,pmf,large_decrease,0.0
2026-03-07,24,0,wk flu hosp rate change,2026-03-07,pmf,stable,0.5997936194404637
2026-03-07,24,0,wk flu hosp rate change,2026-03-07,pmf,increase,0.05116855555555555
2026-03-07,24,0,wk flu hosp rate change,2026-03-07,pmf,large_increase,0.0
2026-03-07,24,0,wk flu hosp rate change,2026-03-07,pmf,decrease,0.34903782500398073
2026-03-07,24,0,wk flu hosp rate change,2026-03-07,pmf,large_decrease,0.0
2026-03-07,24,1,wk flu hosp rate change,2026-03-14,pmf,stable,0.78926086259769
2026-03-07,24,1,wk flu hosp rate change,2026-03-14,pmf,increase,0.06746340909090909
2026-03-07,24,1,wk flu hosp rate change,2026-03-14,pmf,large_increase,0.0
2026-03-07,24,1,wk flu hosp rate change,2026-03-14,pmf,decrease,0.1432757283114009
2026-03-07,24,1,wk flu hosp rate change,2026-03-14,pmf,large_decrease,0.0
2026-03-07,24,2,wk flu hosp rate change,2026-03-21,pmf,stable,0.9545251374538198
2026-03-07,24,2,wk flu hosp rate change,2026-03-21,pmf,increase,0.04547486254618016
2026-03-07,24,2,wk flu hosp rate change,2026-03-21,pmf,large_increase,0.0
2026-03-07,24,2,wk flu hosp rate change,2026-03-21,pmf,decrease,0.0
2026-03-07,24,2,wk flu hosp rate change,2026-03-21,pmf,large_decrease,0.0
2026-03-07,24,3,wk flu hosp rate change,2026-03-28,pmf,stable,0.9641721747858558
2026-03-07,24,3,wk flu hosp rate change,2026-03-28,pmf,increase,0.03582782521414418
2026-03-07,24,3,wk flu hosp rate change,2026-03-28,pmf,large_increase,0.0
2026-03-07,24,3,wk flu hosp rate change,2026-03-28,pmf,decrease,0.0
2026-03-07,24,3,wk flu hosp rate change,2026-03-28,pmf,large_decrease,0.0
2026-03-07,25,0,wk flu hosp rate change,2026-03-07,pmf,stable,0.3852118761936817
2026-03-07,25,0,wk flu hosp rate change,2026-03-07,pmf,increase,0.04394059791666671
2026-03-07,25,0,wk flu hosp rate change,2026-03-07,pmf,large_increase,0.0
2026-03-07,25,0,wk flu hosp rate change,2026-03-07,pmf,decrease,0.5708475258896516
2026-03-07,25,0,wk flu hosp rate change,2026-03-07,pmf,large_decrease,0.0
2026-03-07,25,1,wk flu hosp rate change,2026-03-14,pmf,stable,0.4505518819979327
2026-03-07,25,1,wk flu hosp rate change,2026-03-14,pmf,increase,0.0439989038461539
2026-03-07,25,1,wk flu hosp rate change,2026-03-14,pmf,large_increase,0.0
2026-03-07,25,1,wk flu hosp rate change,2026-03-14,pmf,decrease,0.5054492141559134
2026-03-07,25,1,wk flu hosp rate change,2026-03-14,pmf,large_decrease,0.0
2026-03-07,25,2,wk flu hosp rate change,2026-03-21,pmf,stable,0.5469242800213674
2026-03-07,25,2,wk flu hosp rate change,2026-03-21,pmf,increase,0.03033346442307694
2026-03-07,25,2,wk flu hosp rate change,2026-03-21,pmf,large_increase,0.0
2026-03-07,25,2,wk flu hosp rate change,2026-03-21,pmf,decrease,0.4227422555555556
2026-03-07,25,2,wk flu hosp rate change,2026-03-21,pmf,large_decrease,0.0
2026-03-07,25,3,wk flu hosp rate change,2026-03-28,pmf,stable,0.8645988087159516
2026-03-07,25,3,wk flu hosp rate change,2026-03-28,pmf,increase,0.014031598529411826
2026-03-07,25,3,wk flu hosp rate change,2026-03-28,pmf,large_increase,0.0
2026-03-07,25,3,wk flu hosp rate change,2026-03-28,pmf,decrease,0.12136959275463653
2026-03-07,25,3,wk flu hosp rate change,2026-03-28,pmf,large_decrease,0.0
2026-03-07,26,0,wk flu hosp rate change,2026-03-07,pmf,stable,0.3181659245535714
2026-03-07,26,0,wk flu hosp rate change,2026-03-07,pmf,increase,0.12055819687500002
2026-03-07,26,0,wk flu hosp rate change,2026-03-07,pmf,large_increase,0.0
2026-03-07,26,0,wk flu hosp rate change,2026-03-07,pmf,decrease,0.5381510487388116
2026-03-07,26,0,wk flu hosp rate change,2026-03-07,pmf,large_decrease,0.023124829832616954
2026-03-07,26,1,wk flu hosp rate change,2026-03-14,pmf,stable,0.21771255434782621
2026-03-07,26,1,wk flu hosp rate change,2026-03-14,pmf,increase,0.08836707065217386
2026-03-07,26,1,wk flu hosp rate change,2026-03-14,pmf,large_increase,0.0
2026-03-07,26,1,wk flu hosp rate change,2026-03-14,pmf,decrease,0.6939203749999999
2026-03-07,26,1,wk flu hosp rate change,2026-03-14,pmf,large_decrease,0.0
2026-03-07,26,2,wk flu hosp rate change,2026-03-21,pmf,stable,0.1762048531439393
2026-03-07,26,2,wk flu hosp rate change,2026-03-21,pmf,increase,0.04875699458333338
2026-03-07,26,2,wk flu hosp rate change,2026-03-21,pmf,large_increase,0.0
2026-03-07,26,2,wk flu hosp rate change,2026-03-21,pmf,decrease,0.7750381522727273
2026-03-07,26,2,wk flu hosp rate change,2026-03-21,pmf,large_decrease,0.0
2026-03-07,26,3,wk flu hosp rate change,2026-03-28,pmf,stable,0.15576669956521738
2026-03-07,26,3,wk flu hosp rate change,2026-03-28,pmf,increase,0.019042480434782627
2026-03-07,26,3,wk flu hosp rate change,2026-03-28,pmf,large_increase,0.0
2026-03-07,26,3,wk flu hosp rate change,2026-03-28,pmf,decrease,0.82519082
2026-03-07,26,3,wk flu hosp rate change,2026-03-28,pmf,large_decrease,0.0
2026-03-07,27,0,wk flu hosp rate change,2026-03-07,pmf,stable,0.3606917949999999
2026-03-07,27,0,wk flu hosp rate change,2026-03-07,pmf,increase,0.04405136750000005
2026-03-07,27,0,wk flu hosp rate change,2026-03-07,pmf,large_increase,0.0
2026-03-07,27,0,wk flu hosp rate change,2026-03-07,pmf,decrease,0.5952568375
2026-03-07,27,0,wk flu hosp rate change,2026-03-07,pmf,large_decrease,0.0
2026-03-07,27,1,wk flu hosp rate change,2026-03-14,pmf,stable,0.14486302807017537
2026-03-07,27,1,wk flu hosp rate change,2026-03-14,pmf,increase,0.013184930263157923
2026-03-07,27,1,wk flu hosp rate change,2026-03-14,pmf,large_increase,0.0
2026-03-07,27,1,wk flu hosp rate change,2026-03-14,pmf,decrease,0.8419520416666667
2026-03-07,27,1,wk flu hosp rate change,2026-03-14,pmf,large_decrease,0.0
2026-03-07,27,2,wk flu hosp rate change,2026-03-21,pmf,stable,0.08764460277777775
2026-03-07,27,2,wk flu hosp rate change,2026-03-21,pmf,increase,0.0
2026-03-07,27,2,wk flu hosp rate change,2026-03-21,pmf,large_increase,0.0
2026-03-07,27,2,wk flu hosp rate change,2026-03-21,pmf,decrease,0.9123553972222223
2026-03-07,27,2,wk flu hosp rate change,2026-03-21,pmf,large_decrease,0.0
2026-03-07,27,3,wk flu hosp rate change,2026-03-28,pmf,stable,0.13931510000000014
2026-03-07,27,3,wk flu hosp rate change,2026-03-28,pmf,increase,0.0
2026-03-07,27,3,wk flu hosp rate change,2026-03-28,pmf,large_increase,0.0
2026-03-07,27,3,wk flu hosp rate change,2026-03-28,pmf,decrease,0.8606848999999999
2026-03-07,27,3,wk flu hosp rate change,2026-03-28,pmf,large_decrease,0.0
2026-03-07,28,0,wk flu hosp rate change,2026-03-07,pmf,stable,0.14348849479252757
2026-03-07,28,0,wk flu hosp rate change,2026-03-07,pmf,increase,0.20559303453459554
2026-03-07,28,0,wk flu hosp rate change,2026-03-07,pmf,large_increase,0.0
2026-03-07,28,0,wk flu hosp rate change,2026-03-07,pmf,decrease,0.5177616095617658
2026-03-07,28,0,wk flu hosp rate change,2026-03-07,pmf,large_decrease,0.1331568611111111
2026-03-07,28,1,wk flu hosp rate change,2026-03-14,pmf,stable,0.20431739421783213
2026-03-07,28,1,wk flu hosp rate change,2026-03-14,pmf,increase,0.10283485578216789
2026-03-07,28,1,wk flu hosp rate change,2026-03-14,pmf,large_increase,0.0
2026-03-07,28,1,wk flu hosp rate change,2026-03-14,pmf,decrease,0.6193044999999999
2026-03-07,28,1,wk flu hosp rate change,2026-03-14,pmf,large_decrease,0.07354325000000002
2026-03-07,28,2,wk flu hosp rate change,2026-03-21,pmf,stable,0.1338089173626651
2026-03-07,28,2,wk flu hosp rate change,2026-03-21,pmf,increase,0.03343544531250009
2026-03-07,28,2,wk flu hosp rate change,2026-03-21,pmf,large_increase,0.0
2026-03-07,28,2,wk flu hosp rate change,2026-03-21,pmf,decrease,0.798994146578141
2026-03-07,28,2,wk flu hosp rate change,2026-03-21,pmf,large_decrease,0.0337614907466938
2026-03-07,28,3,wk flu hosp rate change,2026-03-28,pmf,stable,0.06460119518640373
2026-03-07,28,3,wk flu hosp rate change,2026-03-28,pmf,increase,0.014804340909090885
2026-03-07,28,3,wk flu hosp rate change,2026-03-28,pmf,large_increase,0.0
2026-03-07,28,3,wk flu hosp rate change,2026-03-28,pmf,decrease,0.9205944639045054
2026-03-07,28,3,wk flu hosp rate change,2026-03-28,pmf,large_decrease,0.0
2026-03-07,29,0,wk flu hosp rate change,2026-03-07,pmf,stable,0.1609062326388888
2026-03-07,29,0,wk flu hosp rate change,2026-03-07,pmf,increase,0.11326907056818192
2026-03-07,29,0,wk flu hosp rate change,2026-03-07,pmf,large_increase,0.018804685681818145
2026-03-07,29,0,wk flu hosp rate change,2026-03-07,pmf,decrease,0.5623514747474747
2026-03-07,29,0,wk flu hosp rate change,2026-03-07,pmf,large_decrease,0.14466853636363639
2026-03-07,29,1,wk flu hosp rate change,2026-03-14,pmf,stable,0.08022645150862073
2026-03-07,29,1,wk flu hosp rate change,2026-03-14,pmf,increase,0.05809653125000003
2026-03-07,29,1,wk flu hosp rate change,2026-03-14,pmf,large_increase,0.0
2026-03-07,29,1,wk flu hosp rate change,2026-03-14,pmf,decrease,0.7630281451681715
2026-03-07,29,1,wk flu hosp rate change,2026-03-14,pmf,large_decrease,0.09864887207320766
2026-03-07,29,2,wk flu hosp rate change,2026-03-21,pmf,stable,0.055332120666666706
2026-03-07,29,2,wk flu hosp rate change,2026-03-21,pmf,increase,0.021760579333333308
2026-03-07,29,2,wk flu hosp rate change,2026-03-21,pmf,large_increase,0.0
2026-03-07,29,2,wk flu hosp rate change,2026-03-21,pmf,decrease,0.8820004999999999
2026-03-07,29,2,wk flu hosp rate change,2026-03-21,pmf,large_decrease,0.04090680000000009
2026-03-07,29,3,wk flu hosp rate change,2026-03-28,pmf,stable,0.03969703333333341
2026-03-07,29,3,wk flu hosp rate change,2026-03-28,pmf,increase,0.0
2026-03-07,29,3,wk flu hosp rate change,2026-03-28,pmf,large_increase,0.0
2026-03-07,29,3,wk flu hosp rate change,2026-03-28,pmf,decrease,0.9603029666666666
2026-03-07,29,3,wk flu hosp rate change,2026-03-28,pmf,large_decrease,0.0
2026-03-07,30,0,wk flu hosp rate change,2026-03-07,pmf,stable,0.40625
2026-03-07,30,0,wk flu hosp rate change,2026-03-07,pmf,increase,0.05208200357142856
2026-03-07,30,0,wk flu hosp rate change,2026-03-07,pmf,large_increase,0.04166799642857144
2026-03-07,30,0,wk flu hosp rate change,2026-03-07,pmf,decrease,0.358324025
2026-03-07,30,0,wk flu hosp rate change,2026-03-07,pmf,large_decrease,0.141675975
2026-03-07,30,1,wk flu hosp rate change,2026-03-14,pmf,stable,0.2416666666666667
2026-03-07,30,1,wk flu hosp rate change,2026-03-14,pmf,increase,0.05833333333333335
2026-03-07,30,1,wk flu hosp rate change,2026-03-14,pmf,large_increase,0.0
2026-03-07,30,1,wk flu hosp rate change,2026-03-14,pmf,decrease,0.6509749166666666
2026-03-07,30,1,wk flu hosp rate change,2026-03-14,pmf,large_decrease,0.049025083333333344
2026-03-07,30,2,wk flu hosp rate change,2026-03-21,pmf,stable,0.13571428571428568
2026-03-07,30,2,wk flu hosp rate change,2026-03-21,pmf,increase,0.03928571428571437
2026-03-07,30,2,wk flu hosp rate change,2026-03-21,pmf,large_increase,0.0
2026-03-07,30,2,wk flu hosp rate change,2026-03-21,pmf,decrease,0.825
2026-03-07,30,2,wk flu hosp rate change,2026-03-21,pmf,large_decrease,0.0
2026-03-07,30,3,wk flu hosp rate change,2026-03-28,pmf,stable,0.10705663333333337
2026-03-07,30,3,wk flu hosp rate change,2026-03-28,pmf,increase,0.02104611666666667
2026-03-07,30,3,wk flu hosp rate change,2026-03-28,pmf,large_increase,0.0
2026-03-07,30,3,wk flu hosp rate change,2026-03-28,pmf,decrease,0.87189725
2026-03-07,30,3,wk flu hosp rate change,2026-03-28,pmf,large_decrease,0.0
2026-03-07,31,0,wk flu hosp rate change,2026-03-07,pmf,stable,0.35
2026-03-07,31,0,wk flu hosp rate change,2026-03-07,pmf,increase,0.08848817499999995
2026-03-07,31,0,wk flu hosp rate change,2026-03-07,pmf,large_increase,0.011511825000000031
2026-03-07,31,0,wk flu hosp rate change,2026-03-07,pmf,decrease,0.377322625
2026-03-07,31,0,wk flu hosp rate change,2026-03-07,pmf,large_decrease,0.17267737500000005
2026-03-07,31,1,wk flu hosp rate change,2026-03-14,pmf,stable,0.15273849431818187
2026-03-07,31,1,wk flu hosp rate change,2026-03-14,pmf,increase,0.07260306818181816
2026-03-07,31,1,wk flu hosp rate change,2026-03-14,pmf,large_increase,0.0
2026-03-07,31,1,wk flu hosp rate change,2026-03-14,pmf,decrease,0.7254781874999999
2026-03-07,31,1,wk flu hosp rate change,2026-03-14,pmf,large_decrease,0.04918025000000001
2026-03-07,31,2,wk flu hosp rate change,2026-03-21,pmf,stable,0.0696111575892856
2026-03-07,31,2,wk flu hosp rate change,2026-03-21,pmf,increase,0.024258389285714332
2026-03-07,31,2,wk flu hosp rate change,2026-03-21,pmf,large_increase,0.0
2026-03-07,31,2,wk flu hosp rate change,2026-03-21,pmf,decrease,0.9061304531250001
2026-03-07,31,2,wk flu hosp rate change,2026-03-21,pmf,large_decrease,0.0
2026-03-07,31,3,wk flu hosp rate change,2026-03-28,pmf,stable,0.07328711538461541
2026-03-07,31,3,wk flu hosp rate change,2026-03-28,pmf,increase,0.0
2026-03-07,31,3,wk flu hosp rate change,2026-03-28,pmf,large_increase,0.0
2026-03-07,31,3,wk flu hosp rate change,2026-03-28,pmf,decrease,0.9267128846153846
2026-03-07,31,3,wk flu hosp rate change,2026-03-28,pmf,large_decrease,0.0
2026-03-07,32,0,wk flu hosp rate change,2026-03-07,pmf,stable,0.37104818651230453
2026-03-07,32,0,wk flu hosp rate change,2026-03-07,pmf,increase,0.16000000000000003
2026-03-07,32,0,wk flu hosp rate change,2026-03-07,pmf,large_increase,0.0
2026-03-07,32,0,wk flu hosp rate change,2026-03-07,pmf,decrease,0.46895181348769543
2026-03-07,32,0,wk flu hosp rate change,2026-03-07,pmf,large_decrease,0.0
2026-03-07,32,1,wk flu hosp rate change,2026-03-14,pmf,stable,0.4844149669206124
2026-03-07,32,1,wk flu hosp rate change,2026-03-14,pmf,increase,0.04304721875000006
2026-03-07,32,1,wk flu hosp rate change,2026-03-14,pmf,large_increase,0.0
2026-03-07,32,1,wk flu hosp rate change,2026-03-14,pmf,decrease,0.4725378143293875
2026-03-07,32,1,wk flu hosp rate change,2026-03-14,pmf,large_decrease,0.0
2026-03-07,32,2,wk flu hosp rate change,2026-03-21,pmf,stable,0.432743419
2026-03-07,32,2,wk flu hosp rate change,2026-03-21,pmf,increase,0.015127730999999978
2026-03-07,32,2,wk flu hosp rate change,2026-03-21,pmf,large_increase,0.0
2026-03-07,32,2,wk flu hosp rate change,2026-03-21,pmf,decrease,0.55212885
2026-03-07,32,2,wk flu hosp rate change,2026-03-21,pmf,large_decrease,0.0
2026-03-07,32,3,wk flu hosp rate change,2026-03-28,pmf,stable,0.56686675
2026-03-07,32,3,wk flu hosp rate change,2026-03-28,pmf,increase,0.0
2026-03-07,32,3,wk flu hosp rate change,2026-03-28,pmf,large_increase,0.0
2026-03-07,32,3,wk flu hosp rate change,2026-03-28,pmf,decrease,0.43313324999999997
2026-03-07,32,3,wk flu hosp rate change,2026-03-28,pmf,large_decrease,0.0
2026-03-07,33,0,wk flu hosp rate change,2026-03-07,pmf,stable,0.387
2026-03-07,33,0,wk flu hosp rate change,2026-03-07,pmf,increase,0.013000000000000012
2026-03-07,33,0,wk flu hosp rate change,2026-03-07,pmf,large_increase,0.0
2026-03-07,33,0,wk flu hosp rate change,2026-03-07,pmf,decrease,0.5516582285182499
2026-03-07,33,0,wk flu hosp rate change,2026-03-07,pmf,large_decrease,0.048341771481750166
2026-03-07,33,1,wk flu hosp rate change,2026-03-14,pmf,stable,0.14354166666666657
2026-03-07,33,1,wk flu hosp rate change,2026-03-14,pmf,increase,0.023125000000000062
2026-03-07,33,1,wk flu hosp rate change,2026-03-14,pmf,large_increase,0.0
2026-03-07,33,1,wk flu hosp rate change,2026-03-14,pmf,decrease,0.8333333333333334
2026-03-07,33,1,wk flu hosp rate change,2026-03-14,pmf,large_decrease,0.0
2026-03-07,33,2,wk flu hosp rate change,2026-03-21,pmf,stable,0.07950000000000002
2026-03-07,33,2,wk flu hosp rate change,2026-03-21,pmf,increase,0.020499999999999963
2026-03-07,33,2,wk flu hosp rate change,2026-03-21,pmf,large_increase,0.0
2026-03-07,33,2,wk flu hosp rate change,2026-03-21,pmf,decrease,0.9
2026-03-07,33,2,wk flu hosp rate change,2026-03-21,pmf,large_decrease,0.0
2026-03-07,33,3,wk flu hosp rate change,2026-03-28,pmf,stable,0.10150533333333334
2026-03-07,33,3,wk flu hosp rate change,2026-03-28,pmf,increase,0.0
2026-03-07,33,3,wk flu hosp rate change,2026-03-28,pmf,large_increase,0.0
2026-03-07,33,3,wk flu hosp rate change,2026-03-28,pmf,decrease,0.8984946666666667
2026-03-07,33,3,wk flu hosp rate change,2026-03-28,pmf,large_decrease,0.0
2026-03-07,34,0,wk flu hosp rate change,2026-03-07,pmf,stable,0.340451550616949
2026-03-07,34,0,wk flu hosp rate change,2026-03-07,pmf,increase,0.14771566818181825
2026-03-07,34,0,wk flu hosp rate change,2026-03-07,pmf,large_increase,0.0
2026-03-07,34,0,wk flu hosp rate change,2026-03-07,pmf,decrease,0.5118327812012328
2026-03-07,34,0,wk flu hosp rate change,2026-03-07,pmf,large_decrease,0.0
2026-03-07,34,1,wk flu hosp rate change,2026-03-14,pmf,stable,0.3539394921875
2026-03-07,34,1,wk flu hosp rate change,2026-03-14,pmf,increase,0.0804621015625
2026-03-07,34,1,wk flu hosp rate change,2026-03-14,pmf,large_increase,0.0
2026-03-07,34,1,wk flu hosp rate change,2026-03-14,pmf,decrease,0.56559840625
2026-03-07,34,1,wk flu hosp rate change,2026-03-14,pmf,large_decrease,0.0
2026-03-07,34,2,wk flu hosp rate change,2026-03-21,pmf,stable,0.2600555164062499
2026-03-07,34,2,wk flu hosp rate change,2026-03-21,pmf,increase,0.02538597109375007
2026-03-07,34,2,wk flu hosp rate change,2026-03-21,pmf,large_increase,0.0
2026-03-07,34,2,wk flu hosp rate change,2026-03-21,pmf,decrease,0.7145585125
2026-03-07,34,2,wk flu hosp rate change,2026-03-21,pmf,large_decrease,0.0
2026-03-07,34,3,wk flu hosp rate change,2026-03-28,pmf,stable,0.24212585370370376
2026-03-07,34,3,wk flu hosp rate change,2026-03-28,pmf,increase,0.022220646296296276
2026-03-07,34,3,wk flu hosp rate change,2026-03-28,pmf,large_increase,0.0
2026-03-07,34,3,wk flu hosp rate change,2026-03-28,pmf,decrease,0.7356535
2026-03-07,34,3,wk flu hosp rate change,2026-03-28,pmf,large_decrease,0.0
2026-03-07,35,0,wk flu hosp rate change,2026-03-07,pmf,stable,0.1886363636363637
2026-03-07,35,0,wk flu hosp rate change,2026-03-07,pmf,increase,0.07518516436363631
2026-03-07,35,0,wk flu hosp rate change,2026-03-07,pmf,large_increase,0.011178471999999995
2026-03-07,35,0,wk flu hosp rate change,2026-03-07,pmf,decrease,0.4355544369258965
2026-03-07,35,0,wk flu hosp rate change,2026-03-07,pmf,large_decrease,0.28944556307410346
2026-03-07,35,1,wk flu hosp rate change,2026-03-14,pmf,stable,0.12296649999999998
2026-03-07,35,1,wk flu hosp rate change,2026-03-14,pmf,increase,0.11860400000000004
2026-03-07,35,1,wk flu hosp rate change,2026-03-14,pmf,large_increase,0.0
2026-03-07,35,1,wk flu hosp rate change,2026-03-14,pmf,decrease,0.6621328494212964
2026-03-07,35,1,wk flu hosp rate change,2026-03-14,pmf,large_decrease,0.0962966505787036
2026-03-07,35,2,wk flu hosp rate change,2026-03-21,pmf,stable,0.11793480902255626
2026-03-07,35,2,wk flu hosp rate change,2026-03-21,pmf,increase,0.05286370526315798
2026-03-07,35,2,wk flu hosp rate change,2026-03-21,pmf,large_increase,0.0
2026-03-07,35,2,wk flu hosp rate change,2026-03-21,pmf,decrease,0.8292014857142858
2026-03-07,35,2,wk flu hosp rate change,2026-03-21,pmf,large_decrease,0.0
2026-03-07,35,3,wk flu hosp rate change,2026-03-28,pmf,stable,0.12057667368421054
2026-03-07,35,3,wk flu hosp rate change,2026-03-28,pmf,increase,0.05709852631578949
2026-03-07,35,3,wk flu hosp rate change,2026-03-28,pmf,large_increase,0.0
2026-03-07,35,3,wk flu hosp rate change,2026-03-28,pmf,decrease,0.8223248
2026-03-07,35,3,wk flu hosp rate change,2026-03-28,pmf,large_decrease,0.0
2026-03-07,36,0,wk flu hosp rate change,2026-03-07,pmf,stable,0.3036987532061288
2026-03-07,36,0,wk flu hosp rate change,2026-03-07,pmf,increase,0.11447975172413793
2026-03-07,36,0,wk flu hosp rate change,2026-03-07,pmf,large_increase,0.0
2026-03-07,36,0,wk flu hosp rate change,2026-03-07,pmf,decrease,0.5818214950697332
2026-03-07,36,0,wk flu hosp rate change,2026-03-07,pmf,large_decrease,0.0
2026-03-07,36,1,wk flu hosp rate change,2026-03-14,pmf,stable,0.3690365551470588
2026-03-07,36,1,wk flu hosp rate change,2026-03-14,pmf,increase,0.08489356250000002
2026-03-07,36,1,wk flu hosp rate change,2026-03-14,pmf,large_increase,0.0
2026-03-07,36,1,wk flu hosp rate change,2026-03-14,pmf,decrease,0.5460698823529412
2026-03-07,36,1,wk flu hosp rate change,2026-03-14,pmf,large_decrease,0.0
2026-03-07,36,2,wk flu hosp rate change,2026-03-21,pmf,stable,0.41141355441568506
2026-03-07,36,2,wk flu hosp rate change,2026-03-21,pmf,increase,0.05648967621662537
2026-03-07,36,2,wk flu hosp rate change,2026-03-21,pmf,large_increase,0.0
2026-03-07,36,2,wk flu hosp rate change,2026-03-21,pmf,decrease,0.5320967693676896
2026-03-07,36,2,wk flu hosp rate change,2026-03-21,pmf,large_decrease,0.0
2026-03-07,36,3,wk flu hosp rate change,2026-03-28,pmf,stable,0.6121732324989173
2026-03-07,36,3,wk flu hosp rate change,2026-03-28,pmf,increase,0.021532752000000044
2026-03-07,36,3,wk flu hosp rate change,2026-03-28,pmf,large_increase,0.0
2026-03-07,36,3,wk flu hosp rate change,2026-03-28,pmf,decrease,0.3662940155010827
2026-03-07,36,3,wk flu hosp rate change,2026-03-28,pmf,large_decrease,0.0
2026-03-07,37,0,wk flu hosp rate change,2026-03-07,pmf,stable,0.3619580028985506
2026-03-07,37,0,wk flu hosp rate change,2026-03-07,pmf,increase,0.09752593043478264
2026-03-07,37,0,wk flu hosp rate change,2026-03-07,pmf,large_increase,0.0
2026-03-07,37,0,wk flu hosp rate change,2026-03-07,pmf,decrease,0.5405160666666667
2026-03-07,37,0,wk flu hosp rate change,2026-03-07,pmf,large_decrease,0.0
2026-03-07,37,1,wk flu hosp rate change,2026-03-14,pmf,stable,0.25088435555555555
2026-03-07,37,1,wk flu hosp rate change,2026-03-14,pmf,increase,0.07307764444444442
2026-03-07,37,1,wk flu hosp rate change,2026-03-14,pmf,large_increase,0.0
2026-03-07,37,1,wk flu hosp rate change,2026-03-14,pmf,decrease,0.676038
2026-03-07,37,1,wk flu hosp rate change,2026-03-14,pmf,large_decrease,0.0
2026-03-07,37,2,wk flu hosp rate change,2026-03-21,pmf,stable,0.20405222263157885
2026-03-07,37,2,wk flu hosp rate change,2026-03-21,pmf,increase,0.041532430000000065
2026-03-07,37,2,wk flu hosp rate change,2026-03-21,pmf,large_increase,0.0
2026-03-07,37,2,wk flu hosp rate change,2026-03-21,pmf,decrease,0.7544153473684211
2026-03-07,37,2,wk flu hosp rate change,2026-03-21,pmf,large_decrease,0.0
2026-03-07,37,3,wk flu hosp rate change,2026-03-28,pmf,stable,0.19567373968253965
2026-03-07,37,3,wk flu hosp rate change,2026-03-28,pmf,increase,0.013938038095238081
2026-03-07,37,3,wk flu hosp rate change,2026-03-28,pmf,large_increase,0.0
2026-03-07,37,3,wk flu hosp rate change,2026-03-28,pmf,decrease,0.7903882222222223
2026-03-07,37,3,wk flu hosp rate change,2026-03-28,pmf,large_decrease,0.0
2026-03-07,38,0,wk flu hosp rate change,2026-03-07,pmf,stable,0.8472766957295015
2026-03-07,38,0,wk flu hosp rate change,2026-03-07,pmf,increase,0.021291634666666726
2026-03-07,38,0,wk flu hosp rate change,2026-03-07,pmf,large_increase,0.020375032000000015
2026-03-07,38,0,wk flu hosp rate change,2026-03-07,pmf,decrease,0.11105663760383176
2026-03-07,38,0,wk flu hosp rate change,2026-03-07,pmf,large_decrease,0.0
2026-03-07,38,1,wk flu hosp rate change,2026-03-14,pmf,stable,0.7305681833815741
2026-03-07,38,1,wk flu hosp rate change,2026-03-14,pmf,increase,0.033333333333333326
2026-03-07,38,1,wk flu hosp rate change,2026-03-14,pmf,large_increase,0.0
2026-03-07,38,1,wk flu hosp rate change,2026-03-14,pmf,decrease,0.2360984832850925
2026-03-07,38,1,wk flu hosp rate change,2026-03-14,pmf,large_decrease,0.0
2026-03-07,38,2,wk flu hosp rate change,2026-03-21,pmf,stable,0.5736125331511956
2026-03-07,38,2,wk flu hosp rate change,2026-03-21,pmf,increase,0.025000000000000022
2026-03-07,38,2,wk flu hosp rate change,2026-03-21,pmf,large_increase,0.0
2026-03-07,38,2,wk flu hosp rate change,2026-03-21,pmf,decrease,0.40138746684880433
2026-03-07,38,2,wk flu hosp rate change,2026-03-21,pmf,large_decrease,0.0
2026-03-07,38,3,wk flu hosp rate change,2026-03-28,pmf,stable,0.34357006053332007
2026-03-07,38,3,wk flu hosp rate change,2026-03-28,pmf,increase,0.019000000000000017
2026-03-07,38,3,wk flu hosp rate change,2026-03-28,pmf,large_increase,0.0
2026-03-07,38,3,wk flu hosp rate change,2026-03-28,pmf,decrease,0.6374299394666799
2026-03-07,38,3,wk flu hosp rate change,2026-03-28,pmf,large_decrease,0.0
2026-03-07,39,0,wk flu hosp rate change,2026-03-07,pmf,stable,0.12936053788687474
2026-03-07,39,0,wk flu hosp rate change,2026-03-07,pmf,increase,0.14585665431372552
2026-03-07,39,0,wk flu hosp rate change,2026-03-07,pmf,large_increase,0.015289362352941205
2026-03-07,39,0,wk flu hosp rate change,2026-03-07,pmf,decrease,0.5761937954464584
2026-03-07,39,0,wk flu hosp rate change,2026-03-07,pmf,large_decrease,0.13329965000000005
2026-03-07,39,1,wk flu hosp rate change,2026-03-14,pmf,stable,0.14347937619388285
2026-03-07,39,1,wk flu hosp rate change,2026-03-14,pmf,increase,0.09688977464788728
2026-03-07,39,1,wk flu hosp rate change,2026-03-14,pmf,large_increase,0.0
2026-03-07,39,1,wk flu hosp rate change,2026-03-14,pmf,decrease,0.6937960491582299
2026-03-07,39,1,wk flu hosp rate change,2026-03-14,pmf,large_decrease,0.06583479999999998
2026-03-07,39,2,wk flu hosp rate change,2026-03-21,pmf,stable,0.12430751831862985
2026-03-07,39,2,wk flu hosp rate change,2026-03-21,pmf,increase,0.05354687317073181
2026-03-07,39,2,wk flu hosp rate change,2026-03-21,pmf,large_increase,0.0
2026-03-07,39,2,wk flu hosp rate change,2026-03-21,pmf,decrease,0.8221456085106383
2026-03-07,39,2,wk flu hosp rate change,2026-03-21,pmf,large_decrease,0.0
2026-03-07,39,3,wk flu hosp rate change,2026-03-28,pmf,stable,0.08254938237577636
2026-03-07,39,3,wk flu hosp rate change,2026-03-28,pmf,increase,0.03294518012422365
2026-03-07,39,3,wk flu hosp rate change,2026-03-28,pmf,large_increase,0.0
2026-03-07,39,3,wk flu hosp rate change,2026-03-28,pmf,decrease,0.8845054375
2026-03-07,39,3,wk flu hosp rate change,2026-03-28,pmf,large_decrease,0.0
2026-03-07,40,0,wk flu hosp rate change,2026-03-07,pmf,stable,0.15964452877881707
2026-03-07,40,0,wk flu hosp rate change,2026-03-07,pmf,increase,0.04955284531250004
2026-03-07,40,0,wk flu hosp rate change,2026-03-07,pmf,large_increase,0.0
2026-03-07,40,0,wk flu hosp rate change,2026-03-07,pmf,decrease,0.4612121126387494
2026-03-07,40,0,wk flu hosp rate change,2026-03-07,pmf,large_decrease,0.3295905132699335
2026-03-07,40,1,wk flu hosp rate change,2026-03-14,pmf,stable,0.09739472312206654
2026-03-07,40,1,wk flu hosp rate change,2026-03-14,pmf,increase,0.02460252916666672
2026-03-07,40,1,wk flu hosp rate change,2026-03-14,pmf,large_increase,0.0
2026-03-07,40,1,wk flu hosp rate change,2026-03-14,pmf,decrease,0.7875420477112667
2026-03-07,40,1,wk flu hosp rate change,2026-03-14,pmf,large_decrease,0.09046070000000003
2026-03-07,40,2,wk flu hosp rate change,2026-03-21,pmf,stable,0.07424488863636358
2026-03-07,40,2,wk flu hosp rate change,2026-03-21,pmf,increase,0.0
2026-03-07,40,2,wk flu hosp rate change,2026-03-21,pmf,large_increase,0.0
2026-03-07,40,2,wk flu hosp rate change,2026-03-21,pmf,decrease,0.9257551113636364
2026-03-07,40,2,wk flu hosp rate change,2026-03-21,pmf,large_decrease,0.0
2026-03-07,40,3,wk flu hosp rate change,2026-03-28,pmf,stable,0.0384936770833334
2026-03-07,40,3,wk flu hosp rate change,2026-03-28,pmf,increase,0.0
2026-03-07,40,3,wk flu hosp rate change,2026-03-28,pmf,large_increase,0.0
2026-03-07,40,3,wk flu hosp rate change,2026-03-28,pmf,decrease,0.9615063229166666
2026-03-07,40,3,wk flu hosp rate change,2026-03-28,pmf,large_decrease,0.0
2026-03-07,41,0,wk flu hosp rate change,2026-03-07,pmf,stable,0.09392116041411436
2026-03-07,41,0,wk flu hosp rate change,2026-03-07,pmf,increase,0.056420255882353
2026-03-07,41,0,wk flu hosp rate change,2026-03-07,pmf,large_increase,0.0
2026-03-07,41,0,wk flu hosp rate change,2026-03-07,pmf,decrease,0.3927420489534818
2026-03-07,41,0,wk flu hosp rate change,2026-03-07,pmf,large_decrease,0.45691653475005084
2026-03-07,41,1,wk flu hosp rate change,2026-03-14,pmf,stable,0.020038893181818174
2026-03-07,41,1,wk flu hosp rate change,2026-03-14,pmf,increase,0.0
2026-03-07,41,1,wk flu hosp rate change,2026-03-14,pmf,large_increase,0.0
2026-03-07,41,1,wk flu hosp rate change,2026-03-14,pmf,decrease,0.8161466068181819
2026-03-07,41,1,wk flu hosp rate change,2026-03-14,pmf,large_decrease,0.16381449999999997
2026-03-07,41,2,wk flu hosp rate change,2026-03-21,pmf,stable,0.0
2026-03-07,41,2,wk flu hosp rate change,2026-03-21,pmf,increase,0.0
2026-03-07,41,2,wk flu hosp rate change,2026-03-21,pmf,large_increase,0.0
2026-03-07,41,2,wk flu hosp rate change,2026-03-21,pmf,decrease,0.9837231907215798
2026-03-07,41,2,wk flu hosp rate change,2026-03-21,pmf,large_decrease,0.016276809278420214
2026-03-07,41,3,wk flu hosp rate change,2026-03-28,pmf,stable,0.0
2026-03-07,41,3,wk flu hosp rate change,2026-03-28,pmf,increase,0.0
2026-03-07,41,3,wk flu hosp rate change,2026-03-28,pmf,large_increase,0.0
2026-03-07,41,3,wk flu hosp rate change,2026-03-28,pmf,decrease,1.0
2026-03-07,41,3,wk flu hosp rate change,2026-03-28,pmf,large_decrease,0.0
2026-03-07,42,0,wk flu hosp rate change,2026-03-07,pmf,stable,0.14947144000000012
2026-03-07,42,0,wk flu hosp rate change,2026-03-07,pmf,increase,0.12966249571428567
2026-03-07,42,0,wk flu hosp rate change,2026-03-07,pmf,large_increase,0.0
2026-03-07,42,0,wk flu hosp rate change,2026-03-07,pmf,decrease,0.526434557142857
2026-03-07,42,0,wk flu hosp rate change,2026-03-07,pmf,large_decrease,0.19443150714285712
2026-03-07,42,1,wk flu hosp rate change,2026-03-14,pmf,stable,0.09724271564814813
2026-03-07,42,1,wk flu hosp rate change,2026-03-14,pmf,increase,0.08315103935185186
2026-03-07,42,1,wk flu hosp rate change,2026-03-14,pmf,large_increase,0.0
2026-03-07,42,1,wk flu hosp rate change,2026-03-14,pmf,decrease,0.606432971074917
2026-03-07,42,1,wk flu hosp rate change,2026-03-14,pmf,large_decrease,0.213173273925083
2026-03-07,42,2,wk flu hosp rate change,2026-03-21,pmf,stable,0.06294723644399614
2026-03-07,42,2,wk flu hosp rate change,2026-03-21,pmf,increase,0.03455325076530613
2026-03-07,42,2,wk flu hosp rate change,2026-03-21,pmf,large_increase,0.0
2026-03-07,42,2,wk flu hosp rate change,2026-03-21,pmf,decrease,0.7957702538945108
2026-03-07,42,2,wk flu hosp rate change,2026-03-21,pmf,large_decrease,0.10672925889618685
2026-03-07,42,3,wk flu hosp rate change,2026-03-28,pmf,stable,0.0338273095722853
2026-03-07,42,3,wk flu hosp rate change,2026-03-28,pmf,increase,0.010563475781250053
2026-03-07,42,3,wk flu hosp rate change,2026-03-28,pmf,large_increase,0.0
2026-03-07,42,3,wk flu hosp rate change,2026-03-28,pmf,decrease,0.9008762365402521
2026-03-07,42,3,wk flu hosp rate change,2026-03-28,pmf,large_decrease,0.05473297810621259
2026-03-07,44,0,wk flu hosp rate change,2026-03-07,pmf,stable,0.6392185050426025
2026-03-07,44,0,wk flu hosp rate change,2026-03-07,pmf,increase,0.012148958181818159
2026-03-07,44,0,wk flu hosp rate change,2026-03-07,pmf,large_increase,0.012851041818181863
2026-03-07,44,0,wk flu hosp rate change,2026-03-07,pmf,decrease,0.3244200349573975
2026-03-07,44,0,wk flu hosp rate change,2026-03-07,pmf,large_decrease,0.011361460000000025
2026-03-07,44,1,wk flu hosp rate change,2026-03-14,pmf,stable,0.40402797363906906
2026-03-07,44,1,wk flu hosp rate change,2026-03-14,pmf,increase,0.06666666666666665
2026-03-07,44,1,wk flu hosp rate change,2026-03-14,pmf,large_increase,0.0
2026-03-07,44,1,wk flu hosp rate change,2026-03-14,pmf,decrease,0.5293053596942643
2026-03-07,44,1,wk flu hosp rate change,2026-03-14,pmf,large_decrease,0.0
2026-03-07,44,2,wk flu hosp rate change,2026-03-21,pmf,stable,0.35357142857142865
2026-03-07,44,2,wk flu hosp rate change,2026-03-21,pmf,increase,0.0714285714285714
2026-03-07,44,2,wk flu hosp rate change,2026-03-21,pmf,large_increase,0.0
2026-03-07,44,2,wk flu hosp rate change,2026-03-21,pmf,decrease,0.575
2026-03-07,44,2,wk flu hosp rate change,2026-03-21,pmf,large_decrease,0.0
2026-03-07,44,3,wk flu hosp rate change,2026-03-28,pmf,stable,0.289230857142857
2026-03-07,44,3,wk flu hosp rate change,2026-03-28,pmf,increase,0.03884614285714294
2026-03-07,44,3,wk flu hosp rate change,2026-03-28,pmf,large_increase,0.0
2026-03-07,44,3,wk flu hosp rate change,2026-03-28,pmf,decrease,0.671923
2026-03-07,44,3,wk flu hosp rate change,2026-03-28,pmf,large_decrease,0.0
2026-03-07,45,0,wk flu hosp rate change,2026-03-07,pmf,stable,0.23345655777777785
2026-03-07,45,0,wk flu hosp rate change,2026-03-07,pmf,increase,0.13090837222222218
2026-03-07,45,0,wk flu hosp rate change,2026-03-07,pmf,large_increase,0.0
2026-03-07,45,0,wk flu hosp rate change,2026-03-07,pmf,decrease,0.6227623884962625
2026-03-07,45,0,wk flu hosp rate change,2026-03-07,pmf,large_decrease,0.012872681503737382
2026-03-07,45,1,wk flu hosp rate change,2026-03-14,pmf,stable,0.17689232656407072
2026-03-07,45,1,wk flu hosp rate change,2026-03-14,pmf,increase,0.07251043749999997
2026-03-07,45,1,wk flu hosp rate change,2026-03-14,pmf,large_increase,0.0
2026-03-07,45,1,wk flu hosp rate change,2026-03-14,pmf,decrease,0.7505972359359293
2026-03-07,45,1,wk flu hosp rate change,2026-03-14,pmf,large_decrease,0.0
2026-03-07,45,2,wk flu hosp rate change,2026-03-21,pmf,stable,0.15074738124999987
2026-03-07,45,2,wk flu hosp rate change,2026-03-21,pmf,increase,0.03895147500000007
2026-03-07,45,2,wk flu hosp rate change,2026-03-21,pmf,large_increase,0.0
2026-03-07,45,2,wk flu hosp rate change,2026-03-21,pmf,decrease,0.8103011437500001
2026-03-07,45,2,wk flu hosp rate change,2026-03-21,pmf,large_decrease,0.0
2026-03-07,45,3,wk flu hosp rate change,2026-03-28,pmf,stable,0.129237458625731
2026-03-07,45,3,wk flu hosp rate change,2026-03-28,pmf,increase,0.014030930263157937
2026-03-07,45,3,wk flu hosp rate change,2026-03-28,pmf,large_increase,0.0
2026-03-07,45,3,wk flu hosp rate change,2026-03-28,pmf,decrease,0.8567316111111111
2026-03-07,45,3,wk flu hosp rate change,2026-03-28,pmf,large_decrease,0.0
2026-03-07,46,0,wk flu hosp rate change,2026-03-07,pmf,stable,0.40794776096475005
2026-03-07,46,0,wk flu hosp rate change,2026-03-07,pmf,increase,0.04048466928571426
2026-03-07,46,0,wk flu hosp rate change,2026-03-07,pmf,large_increase,0.02380104500000002
2026-03-07,46,0,wk flu hosp rate change,2026-03-07,pmf,decrease,0.1637351747495357
2026-03-07,46,0,wk flu hosp rate change,2026-03-07,pmf,large_decrease,0.36403135
2026-03-07,46,1,wk flu hosp rate change,2026-03-14,pmf,stable,0.20833333333333337
2026-03-07,46,1,wk flu hosp rate change,2026-03-14,pmf,increase,0.05657248808754034
2026-03-07,46,1,wk flu hosp rate change,2026-03-14,pmf,large_increase,0.010094178579126312
2026-03-07,46,1,wk flu hosp rate change,2026-03-14,pmf,decrease,0.46850174999999994
2026-03-07,46,1,wk flu hosp rate change,2026-03-14,pmf,large_decrease,0.25649825000000004
2026-03-07,46,2,wk flu hosp rate change,2026-03-21,pmf,stable,0.11666666666666659
2026-03-07,46,2,wk flu hosp rate change,2026-03-21,pmf,increase,0.050000000000000044
2026-03-07,46,2,wk flu hosp rate change,2026-03-21,pmf,large_increase,0.0
2026-03-07,46,2,wk flu hosp rate change,2026-03-21,pmf,decrease,0.6826713333333336
2026-03-07,46,2,wk flu hosp rate change,2026-03-21,pmf,large_decrease,0.15066199999999969
2026-03-07,46,3,wk flu hosp rate change,2026-03-28,pmf,stable,0.06433566433566429
2026-03-07,46,3,wk flu hosp rate change,2026-03-28,pmf,increase,0.03181818181818186
2026-03-07,46,3,wk flu hosp rate change,2026-03-28,pmf,large_increase,0.0
2026-03-07,46,3,wk flu hosp rate change,2026-03-28,pmf,decrease,0.9038461538461539
2026-03-07,46,3,wk flu hosp rate change,2026-03-28,pmf,large_decrease,0.0
2026-03-07,47,0,wk flu hosp rate change,2026-03-07,pmf,stable,0.2262236742424243
2026-03-07,47,0,wk flu hosp rate change,2026-03-07,pmf,increase,0.1878034090909091
2026-03-07,47,0,wk flu hosp rate change,2026-03-07,pmf,large_increase,0.0
2026-03-07,47,0,wk flu hosp rate change,2026-03-07,pmf,decrease,0.5758355059523809
2026-03-07,47,0,wk flu hosp rate change,2026-03-07,pmf,large_decrease,0.010137410714285724
2026-03-07,47,1,wk flu hosp rate change,2026-03-14,pmf,stable,0.1777539791330104
2026-03-07,47,1,wk flu hosp rate change,2026-03-14,pmf,increase,0.11715312499999997
2026-03-07,47,1,wk flu hosp rate change,2026-03-14,pmf,large_increase,0.0
2026-03-07,47,1,wk flu hosp rate change,2026-03-14,pmf,decrease,0.7050928958669896
2026-03-07,47,1,wk flu hosp rate change,2026-03-14,pmf,large_decrease,0.0
2026-03-07,47,2,wk flu hosp rate change,2026-03-21,pmf,stable,0.25027046513453743
2026-03-07,47,2,wk flu hosp rate change,2026-03-21,pmf,increase,0.049520766129032334
2026-03-07,47,2,wk flu hosp rate change,2026-03-21,pmf,large_increase,0.0
2026-03-07,47,2,wk flu hosp rate change,2026-03-21,pmf,decrease,0.7002087687364302
2026-03-07,47,2,wk flu hosp rate change,2026-03-21,pmf,large_decrease,0.0
2026-03-07,47,3,wk flu hosp rate change,2026-03-28,pmf,stable,0.2135249299866261
2026-03-07,47,3,wk flu hosp rate change,2026-03-28,pmf,increase,0.024171498584802498
2026-03-07,47,3,wk flu hosp rate change,2026-03-28,pmf,large_increase,0.0
2026-03-07,47,3,wk flu hosp rate change,2026-03-28,pmf,decrease,0.7623035714285714
2026-03-07,47,3,wk flu hosp rate change,2026-03-28,pmf,large_decrease,0.0
2026-03-07,48,0,wk flu hosp rate change,2026-03-07,pmf,stable,0.28906152790413464
2026-03-07,48,0,wk flu hosp rate change,2026-03-07,pmf,increase,0.08836206376253197
2026-03-07,48,0,wk flu hosp rate change,2026-03-07,pmf,large_increase,0.0
2026-03-07,48,0,wk flu hosp rate change,2026-03-07,pmf,decrease,0.6225764083333334
2026-03-07,48,0,wk flu hosp rate change,2026-03-07,pmf,large_decrease,0.0
2026-03-07,48,1,wk flu hosp rate change,2026-03-14,pmf,stable,0.3269311460461167
2026-03-07,48,1,wk flu hosp rate change,2026-03-14,pmf,increase,0.016181210014489356
2026-03-07,48,1,wk flu hosp rate change,2026-03-14,pmf,large_increase,0.0
2026-03-07,48,1,wk flu hosp rate change,2026-03-14,pmf,decrease,0.6568876439393939
2026-03-07,48,1,wk flu hosp rate change,2026-03-14,pmf,large_decrease,0.0
2026-03-07,48,2,wk flu hosp rate change,2026-03-21,pmf,stable,0.2706409073529411
2026-03-07,48,2,wk flu hosp rate change,2026-03-21,pmf,increase,0.0
2026-03-07,48,2,wk flu hosp rate change,2026-03-21,pmf,large_increase,0.0
2026-03-07,48,2,wk flu hosp rate change,2026-03-21,pmf,decrease,0.7293590926470589
2026-03-07,48,2,wk flu hosp rate change,2026-03-21,pmf,large_decrease,0.0
2026-03-07,48,3,wk flu hosp rate change,2026-03-28,pmf,stable,0.32813660666211886
2026-03-07,48,3,wk flu hosp rate change,2026-03-28,pmf,increase,0.0
2026-03-07,48,3,wk flu hosp rate change,2026-03-28,pmf,large_increase,0.0
2026-03-07,48,3,wk flu hosp rate change,2026-03-28,pmf,decrease,0.6718633933378811
2026-03-07,48,3,wk flu hosp rate change,2026-03-28,pmf,large_decrease,0.0
2026-03-07,49,0,wk flu hosp rate change,2026-03-07,pmf,stable,0.4670279666666667
2026-03-07,49,0,wk flu hosp rate change,2026-03-07,pmf,increase,0.09574300833333327
2026-03-07,49,0,wk flu hosp rate change,2026-03-07,pmf,large_increase,0.0
2026-03-07,49,0,wk flu hosp rate change,2026-03-07,pmf,decrease,0.43722902500000005
2026-03-07,49,0,wk flu hosp rate change,2026-03-07,pmf,large_decrease,0.0
2026-03-07,49,1,wk flu hosp rate change,2026-03-14,pmf,stable,0.6286142604166667
2026-03-07,49,1,wk flu hosp rate change,2026-03-14,pmf,increase,0.03433736458333336
2026-03-07,49,1,wk flu hosp rate change,2026-03-14,pmf,large_increase,0.0
2026-03-07,49,1,wk flu hosp rate change,2026-03-14,pmf,decrease,0.337048375
2026-03-07,49,1,wk flu hosp rate change,2026-03-14,pmf,large_decrease,0.0
2026-03-07,49,2,wk flu hosp rate change,2026-03-21,pmf,stable,0.5684078490346591
2026-03-07,49,2,wk flu hosp rate change,2026-03-21,pmf,increase,0.016474709000000032
2026-03-07,49,2,wk flu hosp rate change,2026-03-21,pmf,large_increase,0.0
2026-03-07,49,2,wk flu hosp rate change,2026-03-21,pmf,decrease,0.4151174419653408
2026-03-07,49,2,wk flu hosp rate change,2026-03-21,pmf,large_decrease,0.0
2026-03-07,49,3,wk flu hosp rate change,2026-03-28,pmf,stable,0.9011707532926598
2026-03-07,49,3,wk flu hosp rate change,2026-03-28,pmf,increase,0.0
2026-03-07,49,3,wk flu hosp rate change,2026-03-28,pmf,large_increase,0.0
2026-03-07,49,3,wk flu hosp rate change,2026-03-28,pmf,decrease,0.09882924670734017
2026-03-07,49,3,wk flu hosp rate change,2026-03-28,pmf,large_decrease,0.0
2026-03-07,50,0,wk flu hosp rate change,2026-03-07,pmf,stable,0.9136921868572592
2026-03-07,50,0,wk flu hosp rate change,2026-03-07,pmf,increase,0.01034973309293652
2026-03-07,50,0,wk flu hosp rate change,2026-03-07,pmf,large_increase,0.02409642337039053
2026-03-07,50,0,wk flu hosp rate change,2026-03-07,pmf,decrease,0.051861656679413726
2026-03-07,50,0,wk flu hosp rate change,2026-03-07,pmf,large_decrease,0.0
2026-03-07,50,1,wk flu hosp rate change,2026-03-14,pmf,stable,0.7996369169073171
2026-03-07,50,1,wk flu hosp rate change,2026-03-14,pmf,increase,0.021029855632741956
2026-03-07,50,1,wk flu hosp rate change,2026-03-14,pmf,large_increase,0.0
2026-03-07,50,1,wk flu hosp rate change,2026-03-14,pmf,decrease,0.17933322745994099
2026-03-07,50,1,wk flu hosp rate change,2026-03-14,pmf,large_decrease,0.0
2026-03-07,50,2,wk flu hosp rate change,2026-03-21,pmf,stable,0.732948386082238
2026-03-07,50,2,wk flu hosp rate change,2026-03-21,pmf,increase,0.027083348879755054
2026-03-07,50,2,wk flu hosp rate change,2026-03-21,pmf,large_increase,0.0
2026-03-07,50,2,wk flu hosp rate change,2026-03-21,pmf,decrease,0.23996826503800694
2026-03-07,50,2,wk flu hosp rate change,2026-03-21,pmf,large_decrease,0.0
2026-03-07,50,3,wk flu hosp rate change,2026-03-28,pmf,stable,0.6587654950755963
2026-03-07,50,3,wk flu hosp rate change,2026-03-28,pmf,increase,0.037052965886371525
2026-03-07,50,3,wk flu hosp rate change,2026-03-28,pmf,large_increase,0.0
2026-03-07,50,3,wk flu hosp rate change,2026-03-28,pmf,decrease,0.3041815390380322
2026-03-07,50,3,wk flu hosp rate change,2026-03-28,pmf,large_decrease,0.0
2026-03-07,51,0,wk flu hosp rate change,2026-03-07,pmf,stable,0.2780882423816592
2026-03-07,51,0,wk flu hosp rate change,2026-03-07,pmf,increase,0.14819339583333335
2026-03-07,51,0,wk flu hosp rate change,2026-03-07,pmf,large_increase,0.0
2026-03-07,51,0,wk flu hosp rate change,2026-03-07,pmf,decrease,0.5737183617850075
2026-03-07,51,0,wk flu hosp rate change,2026-03-07,pmf,large_decrease,0.0
2026-03-07,51,1,wk flu hosp rate change,2026-03-14,pmf,stable,0.32148027777777777
2026-03-07,51,1,wk flu hosp rate change,2026-03-14,pmf,increase,0.08438625
2026-03-07,51,1,wk flu hosp rate change,2026-03-14,pmf,large_increase,0.0
2026-03-07,51,1,wk flu hosp rate change,2026-03-14,pmf,decrease,0.5941334722222222
2026-03-07,51,1,wk flu hosp rate change,2026-03-14,pmf,large_decrease,0.0
2026-03-07,51,2,wk flu hosp rate change,2026-03-21,pmf,stable,0.2656744003205128
2026-03-07,51,2,wk flu hosp rate change,2026-03-21,pmf,increase,0.03693469583333342
2026-03-07,51,2,wk flu hosp rate change,2026-03-21,pmf,large_increase,0.0
2026-03-07,51,2,wk flu hosp rate change,2026-03-21,pmf,decrease,0.6973909038461538
2026-03-07,51,2,wk flu hosp rate change,2026-03-21,pmf,large_decrease,0.0
2026-03-07,51,3,wk flu hosp rate change,2026-03-28,pmf,stable,0.22693510781671156
2026-03-07,51,3,wk flu hosp rate change,2026-03-28,pmf,increase,0.030607570754716984
2026-03-07,51,3,wk flu hosp rate change,2026-03-28,pmf,large_increase,0.0
2026-03-07,51,3,wk flu hosp rate change,2026-03-28,pmf,decrease,0.7424573214285715
2026-03-07,51,3,wk flu hosp rate change,2026-03-28,pmf,large_decrease,0.0
2026-03-07,53,0,wk flu hosp rate change,2026-03-07,pmf,stable,0.3708256666666666
2026-03-07,53,0,wk flu hosp rate change,2026-03-07,pmf,increase,0.1463560833333334
2026-03-07,53,0,wk flu hosp rate change,2026-03-07,pmf,large_increase,0.0
2026-03-07,53,0,wk flu hosp rate change,2026-03-07,pmf,decrease,0.48281825
2026-03-07,53,0,wk flu hosp rate change,2026-03-07,pmf,large_decrease,0.0
2026-03-07,53,1,wk flu hosp rate change,2026-03-14,pmf,stable,0.391441725529306
2026-03-07,53,1,wk flu hosp rate change,2026-03-14,pmf,increase,0.03630820740419416
2026-03-07,53,1,wk flu hosp rate change,2026-03-14,pmf,large_increase,0.0
2026-03-07,53,1,wk flu hosp rate change,2026-03-14,pmf,decrease,0.5722500670664998
2026-03-07,53,1,wk flu hosp rate change,2026-03-14,pmf,large_decrease,0.0
2026-03-07,53,2,wk flu hosp rate change,2026-03-21,pmf,stable,0.3500094280669014
2026-03-07,53,2,wk flu hosp rate change,2026-03-21,pmf,increase,0.012384855555555574
2026-03-07,53,2,wk flu hosp rate change,2026-03-21,pmf,large_increase,0.0
2026-03-07,53,2,wk flu hosp rate change,2026-03-21,pmf,decrease,0.637605716377543
2026-03-07,53,2,wk flu hosp rate change,2026-03-21,pmf,large_decrease,0.0
2026-03-07,53,3,wk flu hosp rate change,2026-03-28,pmf,stable,0.41986
2026-03-07,53,3,wk flu hosp rate change,2026-03-28,pmf,increase,0.0
2026-03-07,53,3,wk flu hosp rate change,2026-03-28,pmf,large_increase,0.0
2026-03-07,53,3,wk flu hosp rate change,2026-03-28,pmf,decrease,0.58014
2026-03-07,53,3,wk flu hosp rate change,2026-03-28,pmf,large_decrease,0.0
2026-03-07,54,0,wk flu hosp rate change,2026-03-07,pmf,stable,0.10371914590050146
2026-03-07,54,0,wk flu hosp rate change,2026-03-07,pmf,increase,0.13365348690476186
2026-03-07,54,0,wk flu hosp rate change,2026-03-07,pmf,large_increase,0.09967984642857142
2026-03-07,54,0,wk flu hosp rate change,2026-03-07,pmf,decrease,0.2211708003460514
2026-03-07,54,0,wk flu hosp rate change,2026-03-07,pmf,large_decrease,0.44177672042011384
2026-03-07,54,1,wk flu hosp rate change,2026-03-14,pmf,stable,0.09594266647782423
2026-03-07,54,1,wk flu hosp rate change,2026-03-14,pmf,increase,0.11117554411764696
2026-03-07,54,1,wk flu hosp rate change,2026-03-14,pmf,large_increase,0.026324455882352993
2026-03-07,54,1,wk flu hosp rate change,2026-03-14,pmf,decrease,0.3370282152121699
2026-03-07,54,1,wk flu hosp rate change,2026-03-14,pmf,large_decrease,0.4295291183100059
2026-03-07,54,2,wk flu hosp rate change,2026-03-21,pmf,stable,0.06240783155209173
2026-03-07,54,2,wk flu hosp rate change,2026-03-21,pmf,increase,0.10999315951900512
2026-03-07,54,2,wk flu hosp rate change,2026-03-21,pmf,large_increase,0.01950052499999999
2026-03-07,54,2,wk flu hosp rate change,2026-03-21,pmf,decrease,0.3814248172622364
2026-03-07,54,2,wk flu hosp rate change,2026-03-21,pmf,large_decrease,0.42667366666666673
2026-03-07,54,3,wk flu hosp rate change,2026-03-28,pmf,stable,0.07435046611715757
2026-03-07,54,3,wk flu hosp rate change,2026-03-28,pmf,increase,0.04378184071531155
2026-03-07,54,3,wk flu hosp rate change,2026-03-28,pmf,large_increase,0.01766653909796423
2026-03-07,54,3,wk flu hosp rate change,2026-03-28,pmf,decrease,0.5028986667878208
2026-03-07,54,3,wk flu hosp rate change,2026-03-28,pmf,large_decrease,0.3613024872817459
2026-03-07,55,0,wk flu hosp rate change,2026-03-07,pmf,stable,0.23106797348484842
2026-03-07,55,0,wk flu hosp rate change,2026-03-07,pmf,increase,0.10962306818181822
2026-03-07,55,0,wk flu hosp rate change,2026-03-07,pmf,large_increase,0.0
2026-03-07,55,0,wk flu hosp rate change,2026-03-07,pmf,decrease,0.6033681547619048
2026-03-07,55,0,wk flu hosp rate change,2026-03-07,pmf,large_decrease,0.055940803571428575
2026-03-07,55,1,wk flu hosp rate change,2026-03-14,pmf,stable,0.14131557765151515
2026-03-07,55,1,wk flu hosp rate change,2026-03-14,pmf,increase,0.07453806818181818
2026-03-07,55,1,wk flu hosp rate change,2026-03-14,pmf,large_increase,0.0
2026-03-07,55,1,wk flu hosp rate change,2026-03-14,pmf,decrease,0.7841463541666667
2026-03-07,55,1,wk flu hosp rate change,2026-03-14,pmf,large_decrease,0.0
2026-03-07,55,2,wk flu hosp rate change,2026-03-21,pmf,stable,0.1069483735966319
2026-03-07,55,2,wk flu hosp rate change,2026-03-21,pmf,increase,0.0408564970930233
2026-03-07,55,2,wk flu hosp rate change,2026-03-21,pmf,large_increase,0.0
2026-03-07,55,2,wk flu hosp rate change,2026-03-21,pmf,decrease,0.8521951293103448
2026-03-07,55,2,wk flu hosp rate change,2026-03-21,pmf,large_decrease,0.0
2026-03-07,55,3,wk flu hosp rate change,2026-03-28,pmf,stable,0.11085452053429035
2026-03-07,55,3,wk flu hosp rate change,2026-03-28,pmf,increase,0.03249358552631576
2026-03-07,55,3,wk flu hosp rate change,2026-03-28,pmf,large_increase,0.0
2026-03-07,55,3,wk flu hosp rate change,2026-03-28,pmf,decrease,0.8566518939393939
2026-03-07,55,3,wk flu hosp rate change,2026-03-28,pmf,large_decrease,0.0
2026-03-07,56,0,wk flu hosp rate change,2026-03-07,pmf,stable,0.8814933904568415
2026-03-07,56,0,wk flu hosp rate change,2026-03-07,pmf,increase,0.0
2026-03-07,56,0,wk flu hosp rate change,2026-03-07,pmf,large_increase,0.025000000000000022
2026-03-07,56,0,wk flu hosp rate change,2026-03-07,pmf,decrease,0.0
2026-03-07,56,0,wk flu hosp rate change,2026-03-07,pmf,large_decrease,0.09350660954315844
2026-03-07,56,1,wk flu hosp rate change,2026-03-14,pmf,stable,0.7365121307015283
2026-03-07,56,1,wk flu hosp rate change,2026-03-14,pmf,increase,0.02638562000000011
2026-03-07,56,1,wk flu hosp rate change,2026-03-14,pmf,large_increase,0.01111437999999998
2026-03-07,56,1,wk flu hosp rate change,2026-03-14,pmf,decrease,0.22598786929847162
2026-03-07,56,1,wk flu hosp rate change,2026-03-14,pmf,large_decrease,0.0
2026-03-07,56,2,wk flu hosp rate change,2026-03-21,pmf,stable,0.7222284792691176
2026-03-07,56,2,wk flu hosp rate change,2026-03-21,pmf,increase,0.04375000000000007
2026-03-07,56,2,wk flu hosp rate change,2026-03-21,pmf,large_increase,0.0
2026-03-07,56,2,wk flu hosp rate change,2026-03-21,pmf,decrease,0.23402152073088234
2026-03-07,56,2,wk flu hosp rate change,2026-03-21,pmf,large_decrease,0.0
2026-03-07,56,3,wk flu hosp rate change,2026-03-28,pmf,stable,0.6457943538529902
2026-03-07,56,3,wk flu hosp rate change,2026-03-28,pmf,increase,0.04375000000000007
2026-03-07,56,3,wk flu hosp rate change,2026-03-28,pmf,large_increase,0.0
2026-03-07,56,3,wk flu hosp rate change,2026-03-28,pmf,decrease,0.3104556461470097
2026-03-07,56,3,wk flu hosp rate change,2026-03-28,pmf,large_decrease,0.0
2026-03-07,72,0,wk flu hosp rate change,2026-03-07,pmf,stable,0.17691965858963277
2026-03-07,72,0,wk flu hosp rate change,2026-03-07,pmf,increase,0.3510595054501733
2026-03-07,72,0,wk flu hosp rate change,2026-03-07,pmf,large_increase,0.10023150000000003
2026-03-07,72,0,wk flu hosp rate change,2026-03-07,pmf,decrease,0.34853230973739474
2026-03-07,72,0,wk flu hosp rate change,2026-03-07,pmf,large_decrease,0.023257026222799158
2026-03-07,72,1,wk flu hosp rate change,2026-03-14,pmf,stable,0.31110102603643425
2026-03-07,72,1,wk flu hosp rate change,2026-03-14,pmf,increase,0.30056923582127326
2026-03-07,72,1,wk flu hosp rate change,2026-03-14,pmf,large_increase,0.03847951086956525
2026-03-07,72,1,wk flu hosp rate change,2026-03-14,pmf,decrease,0.34985022727272724
2026-03-07,72,1,wk flu hosp rate change,2026-03-14,pmf,large_decrease,0.0
2026-03-07,72,2,wk flu hosp rate change,2026-03-21,pmf,stable,0.34826566564688183
2026-03-07,72,2,wk flu hosp rate change,2026-03-21,pmf,increase,0.23217162139179437
2026-03-07,72,2,wk flu hosp rate change,2026-03-21,pmf,large_increase,0.026656819738834714
2026-03-07,72,2,wk flu hosp rate change,2026-03-21,pmf,decrease,0.3929058932224891
2026-03-07,72,2,wk flu hosp rate change,2026-03-21,pmf,large_decrease,0.0
2026-03-07,72,3,wk flu hosp rate change,2026-03-28,pmf,stable,0.42444125032002733
2026-03-07,72,3,wk flu hosp rate change,2026-03-28,pmf,increase,0.22337191094498376
2026-03-07,72,3,wk flu hosp rate change,2026-03-28,pmf,large_increase,0.021520749573475273
2026-03-07,72,3,wk flu hosp rate change,2026-03-28,pmf,decrease,0.33066608916151363
2026-03-07,72,3,wk flu hosp rate change,2026-03-28,pmf,large_decrease,0.0
2026-03-07,US,0,wk flu hosp rate change,2026-03-07,pmf,stable,0.18227925979382253
2026-03-07,US,0,wk flu hosp rate change,2026-03-07,pmf,increase,0.03484115654281106
2026-03-07,US,0,wk flu hosp rate change,2026-03-07,pmf,large_increase,0.0
2026-03-07,US,0,wk flu hosp rate change,2026-03-07,pmf,decrease,0.7828795836633664
2026-03-07,US,0,wk flu hosp rate change,2026-03-07,pmf,large_decrease,0.0
2026-03-07,US,1,wk flu hosp rate change,2026-03-14,pmf,stable,0.12643711042944783
2026-03-07,US,1,wk flu hosp rate change,2026-03-14,pmf,increase,0.0
2026-03-07,US,1,wk flu hosp rate change,2026-03-14,pmf,large_increase,0.0
2026-03-07,US,1,wk flu hosp rate change,2026-03-14,pmf,decrease,0.8735628895705522
2026-03-07,US,1,wk flu hosp rate change,2026-03-14,pmf,large_decrease,0.0
2026-03-07,US,2,wk flu hosp rate change,2026-03-21,pmf,stable,0.045538312325581476
2026-03-07,US,2,wk flu hosp rate change,2026-03-21,pmf,increase,0.0
2026-03-07,US,2,wk flu hosp rate change,2026-03-21,pmf,large_increase,0.0
2026-03-07,US,2,wk flu hosp rate change,2026-03-21,pmf,decrease,0.9544616876744185
2026-03-07,US,2,wk flu hosp rate change,2026-03-21,pmf,large_decrease,0.0
2026-03-07,US,3,wk flu hosp rate change,2026-03-28,pmf,stable,0.044048756026296654
2026-03-07,US,3,wk flu hosp rate change,2026-03-28,pmf,increase,0.0
2026-03-07,US,3,wk flu hosp rate change,2026-03-28,pmf,large_increase,0.0
2026-03-07,US,3,wk flu hosp rate change,2026-03-28,pmf,decrease,0.9559512439737033
2026-03-07,US,3,wk flu hosp rate change,2026-03-28,pmf,large_decrease,0.0
