reference_date,location,horizon,target,target_end_date,output_type,output_type_id,value
2026-02-14,01,0,wk inc flu hosp,2026-02-14,quantile,0.01,185.0
2026-02-14,01,0,wk inc flu hosp,2026-02-14,quantile,0.025,191.0
2026-02-14,01,0,wk inc flu hosp,2026-02-14,quantile,0.05,208.0
2026-02-14,01,0,wk inc flu hosp,2026-02-14,quantile,0.1,223.0
2026-02-14,01,0,wk inc flu hosp,2026-02-14,quantile,0.15,246.6230124337376
2026-02-14,01,0,wk inc flu hosp,2026-02-14,quantile,0.2,267.5617893761223
2026-02-14,01,0,wk inc flu hosp,2026-02-14,quantile,0.25,291.43178693203595
2026-02-14,01,0,wk inc flu hosp,2026-02-14,quantile,0.3,305.0931443997523
2026-02-14,01,0,wk inc flu hosp,2026-02-14,quantile,0.35,327.3299422125851
2026-02-14,01,0,wk inc flu hosp,2026-02-14,quantile,0.4,349.6222324646452
2026-02-14,01,0,wk inc flu hosp,2026-02-14,quantile,0.45,358.0
2026-02-14,01,0,wk inc flu hosp,2026-02-14,quantile,0.5,367.99377473361176
2026-02-14,01,0,wk inc flu hosp,2026-02-14,quantile,0.55,386.1568030916087
2026-02-14,01,0,wk inc flu hosp,2026-02-14,quantile,0.6,401.7829666052557
2026-02-14,01,0,wk inc flu hosp,2026-02-14,quantile,0.65,407.0
2026-02-14,01,0,wk inc flu hosp,2026-02-14,quantile,0.7,414.5045455606989
2026-02-14,01,0,wk inc flu hosp,2026-02-14,quantile,0.75,421.6341019159259
2026-02-14,01,0,wk inc flu hosp,2026-02-14,quantile,0.8,429.6447404160707
2026-02-14,01,0,wk inc flu hosp,2026-02-14,quantile,0.85,439.0
2026-02-14,01,0,wk inc flu hosp,2026-02-14,quantile,0.9,451.09103576240784
2026-02-14,01,0,wk inc flu hosp,2026-02-14,quantile,0.95,469.1955193378998
2026-02-14,01,0,wk inc flu hosp,2026-02-14,quantile,0.975,485.1869164414033
2026-02-14,01,0,wk inc flu hosp,2026-02-14,quantile,0.99,504.1172893816898
2026-02-14,01,1,wk inc flu hosp,2026-02-21,quantile,0.01,115.1220474243164
2026-02-14,01,1,wk inc flu hosp,2026-02-21,quantile,0.025,124.6692352294922
2026-02-14,01,1,wk inc flu hosp,2026-02-21,quantile,0.05,133.41001892089844
2026-02-14,01,1,wk inc flu hosp,2026-02-21,quantile,0.1,150.0
2026-02-14,01,1,wk inc flu hosp,2026-02-21,quantile,0.15,167.0
2026-02-14,01,1,wk inc flu hosp,2026-02-21,quantile,0.2,182.1940811066096
2026-02-14,01,1,wk inc flu hosp,2026-02-21,quantile,0.25,198.75925106210696
2026-02-14,01,1,wk inc flu hosp,2026-02-21,quantile,0.3,214.42894822891023
2026-02-14,01,1,wk inc flu hosp,2026-02-21,quantile,0.35,229.02053481757503
2026-02-14,01,1,wk inc flu hosp,2026-02-21,quantile,0.4,243.66154555234897
2026-02-14,01,1,wk inc flu hosp,2026-02-21,quantile,0.45,258.6639390375059
2026-02-14,01,1,wk inc flu hosp,2026-02-21,quantile,0.5,274.8339223641444
2026-02-14,01,1,wk inc flu hosp,2026-02-21,quantile,0.55,291.4061682174898
2026-02-14,01,1,wk inc flu hosp,2026-02-21,quantile,0.6,306.8563781284952
2026-02-14,01,1,wk inc flu hosp,2026-02-21,quantile,0.65,319.1200310884269
2026-02-14,01,1,wk inc flu hosp,2026-02-21,quantile,0.7,332.30411432284643
2026-02-14,01,1,wk inc flu hosp,2026-02-21,quantile,0.75,358.29633356927445
2026-02-14,01,1,wk inc flu hosp,2026-02-21,quantile,0.8,390.07668947530505
2026-02-14,01,1,wk inc flu hosp,2026-02-21,quantile,0.85,423.3594740690867
2026-02-14,01,1,wk inc flu hosp,2026-02-21,quantile,0.9,460.0
2026-02-14,01,1,wk inc flu hosp,2026-02-21,quantile,0.95,477.0
2026-02-14,01,1,wk inc flu hosp,2026-02-21,quantile,0.975,523.0
2026-02-14,01,1,wk inc flu hosp,2026-02-21,quantile,0.99,573.0
2026-02-14,01,2,wk inc flu hosp,2026-02-28,quantile,0.01,70.85277557373047
2026-02-14,01,2,wk inc flu hosp,2026-02-28,quantile,0.025,77.85472869873047
2026-02-14,01,2,wk inc flu hosp,2026-02-28,quantile,0.05,85.03926086425781
2026-02-14,01,2,wk inc flu hosp,2026-02-28,quantile,0.1,105.74326234098586
2026-02-14,01,2,wk inc flu hosp,2026-02-28,quantile,0.15,123.5623908157322
2026-02-14,01,2,wk inc flu hosp,2026-02-28,quantile,0.2,136.92185395569922
2026-02-14,01,2,wk inc flu hosp,2026-02-28,quantile,0.25,150.45004835884578
2026-02-14,01,2,wk inc flu hosp,2026-02-28,quantile,0.3,165.39526578324848
2026-02-14,01,2,wk inc flu hosp,2026-02-28,quantile,0.35,180.43352635662623
2026-02-14,01,2,wk inc flu hosp,2026-02-28,quantile,0.4,195.561327862517
2026-02-14,01,2,wk inc flu hosp,2026-02-28,quantile,0.45,211.803356853851
2026-02-14,01,2,wk inc flu hosp,2026-02-28,quantile,0.5,229.175758881096
2026-02-14,01,2,wk inc flu hosp,2026-02-28,quantile,0.55,248.00189915378505
2026-02-14,01,2,wk inc flu hosp,2026-02-28,quantile,0.6,267.62113461280734
2026-02-14,01,2,wk inc flu hosp,2026-02-28,quantile,0.65,286.15761387824216
2026-02-14,01,2,wk inc flu hosp,2026-02-28,quantile,0.7,309.8337132550492
2026-02-14,01,2,wk inc flu hosp,2026-02-28,quantile,0.75,335.9379883602016
2026-02-14,01,2,wk inc flu hosp,2026-02-28,quantile,0.8,366.0
2026-02-14,01,2,wk inc flu hosp,2026-02-28,quantile,0.85,373.0
2026-02-14,01,2,wk inc flu hosp,2026-02-28,quantile,0.9,414.6736806833406
2026-02-14,01,2,wk inc flu hosp,2026-02-28,quantile,0.95,490.0
2026-02-14,01,2,wk inc flu hosp,2026-02-28,quantile,0.975,542.4378621966565
2026-02-14,01,2,wk inc flu hosp,2026-02-28,quantile,0.99,600.1227112253299
2026-02-14,01,3,wk inc flu hosp,2026-03-07,quantile,0.01,43.99451446533203
2026-02-14,01,3,wk inc flu hosp,2026-03-07,quantile,0.025,53.31126541447727
2026-02-14,01,3,wk inc flu hosp,2026-03-07,quantile,0.05,59.75018299959002
2026-02-14,01,3,wk inc flu hosp,2026-03-07,quantile,0.1,79.78922725859451
2026-02-14,01,3,wk inc flu hosp,2026-03-07,quantile,0.15,97.63615682732204
2026-02-14,01,3,wk inc flu hosp,2026-03-07,quantile,0.2,113.70163392542824
2026-02-14,01,3,wk inc flu hosp,2026-03-07,quantile,0.25,125.87287124457366
2026-02-14,01,3,wk inc flu hosp,2026-03-07,quantile,0.3,139.1013014453411
2026-02-14,01,3,wk inc flu hosp,2026-03-07,quantile,0.35,153.22309526799805
2026-02-14,01,3,wk inc flu hosp,2026-03-07,quantile,0.4,168.484288614388
2026-02-14,01,3,wk inc flu hosp,2026-03-07,quantile,0.45,184.8190769643658
2026-02-14,01,3,wk inc flu hosp,2026-03-07,quantile,0.5,203.5033139607409
2026-02-14,01,3,wk inc flu hosp,2026-03-07,quantile,0.55,223.2910168420151
2026-02-14,01,3,wk inc flu hosp,2026-03-07,quantile,0.6,245.01616595224127
2026-02-14,01,3,wk inc flu hosp,2026-03-07,quantile,0.65,268.3479950144346
2026-02-14,01,3,wk inc flu hosp,2026-03-07,quantile,0.7,290.0
2026-02-14,01,3,wk inc flu hosp,2026-03-07,quantile,0.75,295.0
2026-02-14,01,3,wk inc flu hosp,2026-03-07,quantile,0.8,304.0
2026-02-14,01,3,wk inc flu hosp,2026-03-07,quantile,0.85,342.0060247662739
2026-02-14,01,3,wk inc flu hosp,2026-03-07,quantile,0.9,409.39086705463313
2026-02-14,01,3,wk inc flu hosp,2026-03-07,quantile,0.95,515.4519902481926
2026-02-14,01,3,wk inc flu hosp,2026-03-07,quantile,0.975,569.5603532923446
2026-02-14,01,3,wk inc flu hosp,2026-03-07,quantile,0.99,635.8677670950442
2026-02-14,02,0,wk inc flu hosp,2026-02-14,quantile,0.01,1.0766173734233766
2026-02-14,02,0,wk inc flu hosp,2026-02-14,quantile,0.025,2.0
2026-02-14,02,0,wk inc flu hosp,2026-02-14,quantile,0.05,3.0
2026-02-14,02,0,wk inc flu hosp,2026-02-14,quantile,0.1,4.0
2026-02-14,02,0,wk inc flu hosp,2026-02-14,quantile,0.15,5.0
2026-02-14,02,0,wk inc flu hosp,2026-02-14,quantile,0.2,5.2066593851883605
2026-02-14,02,0,wk inc flu hosp,2026-02-14,quantile,0.25,6.0
2026-02-14,02,0,wk inc flu hosp,2026-02-14,quantile,0.3,6.917233219942836
2026-02-14,02,0,wk inc flu hosp,2026-02-14,quantile,0.35,7.743691350961609
2026-02-14,02,0,wk inc flu hosp,2026-02-14,quantile,0.4,8.571032203634187
2026-02-14,02,0,wk inc flu hosp,2026-02-14,quantile,0.45,9.0
2026-02-14,02,0,wk inc flu hosp,2026-02-14,quantile,0.5,9.568590693239502
2026-02-14,02,0,wk inc flu hosp,2026-02-14,quantile,0.55,10.589820405420888
2026-02-14,02,0,wk inc flu hosp,2026-02-14,quantile,0.6,11.591849686850797
2026-02-14,02,0,wk inc flu hosp,2026-02-14,quantile,0.65,12.648304231667847
2026-02-14,02,0,wk inc flu hosp,2026-02-14,quantile,0.7,13.90912786646143
2026-02-14,02,0,wk inc flu hosp,2026-02-14,quantile,0.75,15.0
2026-02-14,02,0,wk inc flu hosp,2026-02-14,quantile,0.8,17.0
2026-02-14,02,0,wk inc flu hosp,2026-02-14,quantile,0.85,18.8667361907467
2026-02-14,02,0,wk inc flu hosp,2026-02-14,quantile,0.9,21.0
2026-02-14,02,0,wk inc flu hosp,2026-02-14,quantile,0.95,23.0
2026-02-14,02,0,wk inc flu hosp,2026-02-14,quantile,0.975,27.0
2026-02-14,02,0,wk inc flu hosp,2026-02-14,quantile,0.99,30.0
2026-02-14,02,1,wk inc flu hosp,2026-02-21,quantile,0.01,1.0
2026-02-14,02,1,wk inc flu hosp,2026-02-21,quantile,0.025,2.0
2026-02-14,02,1,wk inc flu hosp,2026-02-21,quantile,0.05,2.0
2026-02-14,02,1,wk inc flu hosp,2026-02-21,quantile,0.1,3.0
2026-02-14,02,1,wk inc flu hosp,2026-02-21,quantile,0.15,4.0
2026-02-14,02,1,wk inc flu hosp,2026-02-21,quantile,0.2,4.0
2026-02-14,02,1,wk inc flu hosp,2026-02-21,quantile,0.25,5.0
2026-02-14,02,1,wk inc flu hosp,2026-02-21,quantile,0.3,5.0
2026-02-14,02,1,wk inc flu hosp,2026-02-21,quantile,0.35,6.0
2026-02-14,02,1,wk inc flu hosp,2026-02-21,quantile,0.4,7.0
2026-02-14,02,1,wk inc flu hosp,2026-02-21,quantile,0.45,8.0
2026-02-14,02,1,wk inc flu hosp,2026-02-21,quantile,0.5,8.0
2026-02-14,02,1,wk inc flu hosp,2026-02-21,quantile,0.55,9.0
2026-02-14,02,1,wk inc flu hosp,2026-02-21,quantile,0.6,10.0
2026-02-14,02,1,wk inc flu hosp,2026-02-21,quantile,0.65,12.0
2026-02-14,02,1,wk inc flu hosp,2026-02-21,quantile,0.7,13.0
2026-02-14,02,1,wk inc flu hosp,2026-02-21,quantile,0.75,15.0
2026-02-14,02,1,wk inc flu hosp,2026-02-21,quantile,0.8,17.0
2026-02-14,02,1,wk inc flu hosp,2026-02-21,quantile,0.85,19.0
2026-02-14,02,1,wk inc flu hosp,2026-02-21,quantile,0.9,21.66852394010805
2026-02-14,02,1,wk inc flu hosp,2026-02-21,quantile,0.95,26.0
2026-02-14,02,1,wk inc flu hosp,2026-02-21,quantile,0.975,29.0
2026-02-14,02,1,wk inc flu hosp,2026-02-21,quantile,0.99,33.0
2026-02-14,02,2,wk inc flu hosp,2026-02-28,quantile,0.01,0.0
2026-02-14,02,2,wk inc flu hosp,2026-02-28,quantile,0.025,0.1849114656189555
2026-02-14,02,2,wk inc flu hosp,2026-02-28,quantile,0.05,1.0
2026-02-14,02,2,wk inc flu hosp,2026-02-28,quantile,0.1,2.66643137541717
2026-02-14,02,2,wk inc flu hosp,2026-02-28,quantile,0.15,3.0
2026-02-14,02,2,wk inc flu hosp,2026-02-28,quantile,0.2,3.0
2026-02-14,02,2,wk inc flu hosp,2026-02-28,quantile,0.25,3.0
2026-02-14,02,2,wk inc flu hosp,2026-02-28,quantile,0.3,3.5762112536682533
2026-02-14,02,2,wk inc flu hosp,2026-02-28,quantile,0.35,4.55432929352722
2026-02-14,02,2,wk inc flu hosp,2026-02-28,quantile,0.4,5.591668145531161
2026-02-14,02,2,wk inc flu hosp,2026-02-28,quantile,0.45,6.696516889711159
2026-02-14,02,2,wk inc flu hosp,2026-02-28,quantile,0.5,7.88103408001102
2026-02-14,02,2,wk inc flu hosp,2026-02-28,quantile,0.55,8.0
2026-02-14,02,2,wk inc flu hosp,2026-02-28,quantile,0.6,9.0
2026-02-14,02,2,wk inc flu hosp,2026-02-28,quantile,0.65,10.0
2026-02-14,02,2,wk inc flu hosp,2026-02-28,quantile,0.7,11.0
2026-02-14,02,2,wk inc flu hosp,2026-02-28,quantile,0.75,13.0
2026-02-14,02,2,wk inc flu hosp,2026-02-28,quantile,0.8,15.0
2026-02-14,02,2,wk inc flu hosp,2026-02-28,quantile,0.85,17.0
2026-02-14,02,2,wk inc flu hosp,2026-02-28,quantile,0.9,19.0
2026-02-14,02,2,wk inc flu hosp,2026-02-28,quantile,0.95,23.0
2026-02-14,02,2,wk inc flu hosp,2026-02-28,quantile,0.975,26.0
2026-02-14,02,2,wk inc flu hosp,2026-02-28,quantile,0.99,31.0
2026-02-14,02,3,wk inc flu hosp,2026-03-07,quantile,0.01,0.0
2026-02-14,02,3,wk inc flu hosp,2026-03-07,quantile,0.025,0.0
2026-02-14,02,3,wk inc flu hosp,2026-03-07,quantile,0.05,1.0
2026-02-14,02,3,wk inc flu hosp,2026-03-07,quantile,0.1,1.0
2026-02-14,02,3,wk inc flu hosp,2026-03-07,quantile,0.15,2.0
2026-02-14,02,3,wk inc flu hosp,2026-03-07,quantile,0.2,2.0
2026-02-14,02,3,wk inc flu hosp,2026-03-07,quantile,0.25,3.0
2026-02-14,02,3,wk inc flu hosp,2026-03-07,quantile,0.3,3.0
2026-02-14,02,3,wk inc flu hosp,2026-03-07,quantile,0.35,4.0
2026-02-14,02,3,wk inc flu hosp,2026-03-07,quantile,0.4,4.0
2026-02-14,02,3,wk inc flu hosp,2026-03-07,quantile,0.45,5.0
2026-02-14,02,3,wk inc flu hosp,2026-03-07,quantile,0.5,5.0
2026-02-14,02,3,wk inc flu hosp,2026-03-07,quantile,0.55,5.0
2026-02-14,02,3,wk inc flu hosp,2026-03-07,quantile,0.6,6.0
2026-02-14,02,3,wk inc flu hosp,2026-03-07,quantile,0.65,7.0
2026-02-14,02,3,wk inc flu hosp,2026-03-07,quantile,0.7,8.0
2026-02-14,02,3,wk inc flu hosp,2026-03-07,quantile,0.75,10.0
2026-02-14,02,3,wk inc flu hosp,2026-03-07,quantile,0.8,13.0
2026-02-14,02,3,wk inc flu hosp,2026-03-07,quantile,0.85,17.0
2026-02-14,02,3,wk inc flu hosp,2026-03-07,quantile,0.9,23.0
2026-02-14,02,3,wk inc flu hosp,2026-03-07,quantile,0.95,27.0
2026-02-14,02,3,wk inc flu hosp,2026-03-07,quantile,0.975,32.0
2026-02-14,02,3,wk inc flu hosp,2026-03-07,quantile,0.99,37.0
2026-02-14,04,0,wk inc flu hosp,2026-02-14,quantile,0.01,157.71732210683606
2026-02-14,04,0,wk inc flu hosp,2026-02-14,quantile,0.025,178.0
2026-02-14,04,0,wk inc flu hosp,2026-02-14,quantile,0.05,196.0
2026-02-14,04,0,wk inc flu hosp,2026-02-14,quantile,0.1,214.0
2026-02-14,04,0,wk inc flu hosp,2026-02-14,quantile,0.15,230.0
2026-02-14,04,0,wk inc flu hosp,2026-02-14,quantile,0.2,241.0
2026-02-14,04,0,wk inc flu hosp,2026-02-14,quantile,0.25,263.0980834960937
2026-02-14,04,0,wk inc flu hosp,2026-02-14,quantile,0.3,269.3095397949219
2026-02-14,04,0,wk inc flu hosp,2026-02-14,quantile,0.35,274.8853759765625
2026-02-14,04,0,wk inc flu hosp,2026-02-14,quantile,0.4,280.2066650390625
2026-02-14,04,0,wk inc flu hosp,2026-02-14,quantile,0.45,288.0
2026-02-14,04,0,wk inc flu hosp,2026-02-14,quantile,0.5,298.0
2026-02-14,04,0,wk inc flu hosp,2026-02-14,quantile,0.55,310.6962234864734
2026-02-14,04,0,wk inc flu hosp,2026-02-14,quantile,0.6,328.1223448469184
2026-02-14,04,0,wk inc flu hosp,2026-02-14,quantile,0.65,347.79974844709096
2026-02-14,04,0,wk inc flu hosp,2026-02-14,quantile,0.7,371.3187897458062
2026-02-14,04,0,wk inc flu hosp,2026-02-14,quantile,0.75,399.9290373012015
2026-02-14,04,0,wk inc flu hosp,2026-02-14,quantile,0.8,439.0
2026-02-14,04,0,wk inc flu hosp,2026-02-14,quantile,0.85,466.3140424976886
2026-02-14,04,0,wk inc flu hosp,2026-02-14,quantile,0.9,506.0
2026-02-14,04,0,wk inc flu hosp,2026-02-14,quantile,0.95,547.0
2026-02-14,04,0,wk inc flu hosp,2026-02-14,quantile,0.975,581.0
2026-02-14,04,0,wk inc flu hosp,2026-02-14,quantile,0.99,619.0
2026-02-14,04,1,wk inc flu hosp,2026-02-21,quantile,0.01,122.0
2026-02-14,04,1,wk inc flu hosp,2026-02-21,quantile,0.025,145.0
2026-02-14,04,1,wk inc flu hosp,2026-02-21,quantile,0.05,162.0
2026-02-14,04,1,wk inc flu hosp,2026-02-21,quantile,0.1,185.0
2026-02-14,04,1,wk inc flu hosp,2026-02-21,quantile,0.15,202.0
2026-02-14,04,1,wk inc flu hosp,2026-02-21,quantile,0.2,215.39514101763396
2026-02-14,04,1,wk inc flu hosp,2026-02-21,quantile,0.25,236.6662750244141
2026-02-14,04,1,wk inc flu hosp,2026-02-21,quantile,0.3,243.19297865186311
2026-02-14,04,1,wk inc flu hosp,2026-02-21,quantile,0.35,260.1379315416325
2026-02-14,04,1,wk inc flu hosp,2026-02-21,quantile,0.4,276.07494741722564
2026-02-14,04,1,wk inc flu hosp,2026-02-21,quantile,0.45,291.6805783862226
2026-02-14,04,1,wk inc flu hosp,2026-02-21,quantile,0.5,309.2092911509789
2026-02-14,04,1,wk inc flu hosp,2026-02-21,quantile,0.55,322.2041829743282
2026-02-14,04,1,wk inc flu hosp,2026-02-21,quantile,0.6,341.5270175889177
2026-02-14,04,1,wk inc flu hosp,2026-02-21,quantile,0.65,353.93854397538684
2026-02-14,04,1,wk inc flu hosp,2026-02-21,quantile,0.7,367.0057937205224
2026-02-14,04,1,wk inc flu hosp,2026-02-21,quantile,0.75,384.3073203388933
2026-02-14,04,1,wk inc flu hosp,2026-02-21,quantile,0.8,413.3181544416692
2026-02-14,04,1,wk inc flu hosp,2026-02-21,quantile,0.85,451.52344688519776
2026-02-14,04,1,wk inc flu hosp,2026-02-21,quantile,0.9,512.1083380126928
2026-02-14,04,1,wk inc flu hosp,2026-02-21,quantile,0.95,588.0
2026-02-14,04,1,wk inc flu hosp,2026-02-21,quantile,0.975,620.0
2026-02-14,04,1,wk inc flu hosp,2026-02-21,quantile,0.99,655.0
2026-02-14,04,2,wk inc flu hosp,2026-02-28,quantile,0.01,76.0
2026-02-14,04,2,wk inc flu hosp,2026-02-28,quantile,0.025,94.10645550595964
2026-02-14,04,2,wk inc flu hosp,2026-02-28,quantile,0.05,112.67790499392646
2026-02-14,04,2,wk inc flu hosp,2026-02-28,quantile,0.1,137.0
2026-02-14,04,2,wk inc flu hosp,2026-02-28,quantile,0.15,156.0
2026-02-14,04,2,wk inc flu hosp,2026-02-28,quantile,0.2,178.91015625
2026-02-14,04,2,wk inc flu hosp,2026-02-28,quantile,0.25,185.45953369140625
2026-02-14,04,2,wk inc flu hosp,2026-02-28,quantile,0.3,198.6329629711857
2026-02-14,04,2,wk inc flu hosp,2026-02-28,quantile,0.35,210.5262364148318
2026-02-14,04,2,wk inc flu hosp,2026-02-28,quantile,0.4,225.1092409389976
2026-02-14,04,2,wk inc flu hosp,2026-02-28,quantile,0.45,240.5561737001025
2026-02-14,04,2,wk inc flu hosp,2026-02-28,quantile,0.5,256.3012984625457
2026-02-14,04,2,wk inc flu hosp,2026-02-28,quantile,0.55,271.637881763846
2026-02-14,04,2,wk inc flu hosp,2026-02-28,quantile,0.6,286.5684575469919
2026-02-14,04,2,wk inc flu hosp,2026-02-28,quantile,0.65,304.3527862639227
2026-02-14,04,2,wk inc flu hosp,2026-02-28,quantile,0.7,323.7670465069397
2026-02-14,04,2,wk inc flu hosp,2026-02-28,quantile,0.75,346.4231696268037
2026-02-14,04,2,wk inc flu hosp,2026-02-28,quantile,0.8,372.4080210641562
2026-02-14,04,2,wk inc flu hosp,2026-02-28,quantile,0.85,407.0292113846141
2026-02-14,04,2,wk inc flu hosp,2026-02-28,quantile,0.9,458.1223503733575
2026-02-14,04,2,wk inc flu hosp,2026-02-28,quantile,0.95,565.4691223322181
2026-02-14,04,2,wk inc flu hosp,2026-02-28,quantile,0.975,621.0
2026-02-14,04,2,wk inc flu hosp,2026-02-28,quantile,0.99,660.0
2026-02-14,04,3,wk inc flu hosp,2026-03-07,quantile,0.01,55.0
2026-02-14,04,3,wk inc flu hosp,2026-03-07,quantile,0.025,62.0
2026-02-14,04,3,wk inc flu hosp,2026-03-07,quantile,0.05,78.41974050520271
2026-02-14,04,3,wk inc flu hosp,2026-03-07,quantile,0.1,98.0
2026-02-14,04,3,wk inc flu hosp,2026-03-07,quantile,0.15,108.0
2026-02-14,04,3,wk inc flu hosp,2026-03-07,quantile,0.2,130.27713012695312
2026-02-14,04,3,wk inc flu hosp,2026-03-07,quantile,0.25,145.0
2026-02-14,04,3,wk inc flu hosp,2026-03-07,quantile,0.3,163.0
2026-02-14,04,3,wk inc flu hosp,2026-03-07,quantile,0.35,182.0
2026-02-14,04,3,wk inc flu hosp,2026-03-07,quantile,0.4,199.71407061247385
2026-02-14,04,3,wk inc flu hosp,2026-03-07,quantile,0.45,214.60307990528756
2026-02-14,04,3,wk inc flu hosp,2026-03-07,quantile,0.5,231.2794534284968
2026-02-14,04,3,wk inc flu hosp,2026-03-07,quantile,0.55,247.57826809383133
2026-02-14,04,3,wk inc flu hosp,2026-03-07,quantile,0.6,266.1430085305341
2026-02-14,04,3,wk inc flu hosp,2026-03-07,quantile,0.65,286.6850949978222
2026-02-14,04,3,wk inc flu hosp,2026-03-07,quantile,0.7,309.25369932590195
2026-02-14,04,3,wk inc flu hosp,2026-03-07,quantile,0.75,333.7692431627949
2026-02-14,04,3,wk inc flu hosp,2026-03-07,quantile,0.8,362.7753010730681
2026-02-14,04,3,wk inc flu hosp,2026-03-07,quantile,0.85,402.1716180441365
2026-02-14,04,3,wk inc flu hosp,2026-03-07,quantile,0.9,460.7568271239072
2026-02-14,04,3,wk inc flu hosp,2026-03-07,quantile,0.95,585.0
2026-02-14,04,3,wk inc flu hosp,2026-03-07,quantile,0.975,620.0
2026-02-14,04,3,wk inc flu hosp,2026-03-07,quantile,0.99,641.0
2026-02-14,05,0,wk inc flu hosp,2026-02-14,quantile,0.01,89.0
2026-02-14,05,0,wk inc flu hosp,2026-02-14,quantile,0.025,97.0
2026-02-14,05,0,wk inc flu hosp,2026-02-14,quantile,0.05,104.0
2026-02-14,05,0,wk inc flu hosp,2026-02-14,quantile,0.1,115.0
2026-02-14,05,0,wk inc flu hosp,2026-02-14,quantile,0.15,121.0
2026-02-14,05,0,wk inc flu hosp,2026-02-14,quantile,0.2,129.0
2026-02-14,05,0,wk inc flu hosp,2026-02-14,quantile,0.25,134.0
2026-02-14,05,0,wk inc flu hosp,2026-02-14,quantile,0.3,139.0
2026-02-14,05,0,wk inc flu hosp,2026-02-14,quantile,0.35,145.730299962341
2026-02-14,05,0,wk inc flu hosp,2026-02-14,quantile,0.4,152.0
2026-02-14,05,0,wk inc flu hosp,2026-02-14,quantile,0.45,155.6622843909753
2026-02-14,05,0,wk inc flu hosp,2026-02-14,quantile,0.5,162.24000549316406
2026-02-14,05,0,wk inc flu hosp,2026-02-14,quantile,0.55,166.87405395507812
2026-02-14,05,0,wk inc flu hosp,2026-02-14,quantile,0.6,171.6744384765625
2026-02-14,05,0,wk inc flu hosp,2026-02-14,quantile,0.65,176.9174346923828
2026-02-14,05,0,wk inc flu hosp,2026-02-14,quantile,0.7,183.0
2026-02-14,05,0,wk inc flu hosp,2026-02-14,quantile,0.75,190.0
2026-02-14,05,0,wk inc flu hosp,2026-02-14,quantile,0.8,198.0
2026-02-14,05,0,wk inc flu hosp,2026-02-14,quantile,0.85,208.0
2026-02-14,05,0,wk inc flu hosp,2026-02-14,quantile,0.9,221.0
2026-02-14,05,0,wk inc flu hosp,2026-02-14,quantile,0.95,238.0
2026-02-14,05,0,wk inc flu hosp,2026-02-14,quantile,0.975,259.0
2026-02-14,05,0,wk inc flu hosp,2026-02-14,quantile,0.99,280.0
2026-02-14,05,1,wk inc flu hosp,2026-02-21,quantile,0.01,42.10128338464275
2026-02-14,05,1,wk inc flu hosp,2026-02-21,quantile,0.025,52.353100198909054
2026-02-14,05,1,wk inc flu hosp,2026-02-21,quantile,0.05,62.06288893297332
2026-02-14,05,1,wk inc flu hosp,2026-02-21,quantile,0.1,74.282179989162
2026-02-14,05,1,wk inc flu hosp,2026-02-21,quantile,0.15,83.14640488151068
2026-02-14,05,1,wk inc flu hosp,2026-02-21,quantile,0.2,92.2604930710642
2026-02-14,05,1,wk inc flu hosp,2026-02-21,quantile,0.25,102.004995006782
2026-02-14,05,1,wk inc flu hosp,2026-02-21,quantile,0.3,109.42779732412096
2026-02-14,05,1,wk inc flu hosp,2026-02-21,quantile,0.35,116.74241991621228
2026-02-14,05,1,wk inc flu hosp,2026-02-21,quantile,0.4,123.06773563207364
2026-02-14,05,1,wk inc flu hosp,2026-02-21,quantile,0.45,132.0
2026-02-14,05,1,wk inc flu hosp,2026-02-21,quantile,0.5,135.0
2026-02-14,05,1,wk inc flu hosp,2026-02-21,quantile,0.55,140.0
2026-02-14,05,1,wk inc flu hosp,2026-02-21,quantile,0.6,150.0
2026-02-14,05,1,wk inc flu hosp,2026-02-21,quantile,0.65,159.0
2026-02-14,05,1,wk inc flu hosp,2026-02-21,quantile,0.7,164.0
2026-02-14,05,1,wk inc flu hosp,2026-02-21,quantile,0.75,174.0
2026-02-14,05,1,wk inc flu hosp,2026-02-21,quantile,0.8,182.0
2026-02-14,05,1,wk inc flu hosp,2026-02-21,quantile,0.85,191.0
2026-02-14,05,1,wk inc flu hosp,2026-02-21,quantile,0.9,199.0
2026-02-14,05,1,wk inc flu hosp,2026-02-21,quantile,0.95,262.0
2026-02-14,05,1,wk inc flu hosp,2026-02-21,quantile,0.975,316.0
2026-02-14,05,1,wk inc flu hosp,2026-02-21,quantile,0.99,319.0
2026-02-14,05,2,wk inc flu hosp,2026-02-28,quantile,0.01,30.606278658673222
2026-02-14,05,2,wk inc flu hosp,2026-02-28,quantile,0.025,41.43616923504133
2026-02-14,05,2,wk inc flu hosp,2026-02-28,quantile,0.05,52.06012614743205
2026-02-14,05,2,wk inc flu hosp,2026-02-28,quantile,0.1,64.51732268737129
2026-02-14,05,2,wk inc flu hosp,2026-02-28,quantile,0.15,75.99981821064642
2026-02-14,05,2,wk inc flu hosp,2026-02-28,quantile,0.2,84.61945862126356
2026-02-14,05,2,wk inc flu hosp,2026-02-28,quantile,0.25,94.0
2026-02-14,05,2,wk inc flu hosp,2026-02-28,quantile,0.3,99.64576011288156
2026-02-14,05,2,wk inc flu hosp,2026-02-28,quantile,0.35,106.6208198455398
2026-02-14,05,2,wk inc flu hosp,2026-02-28,quantile,0.4,113.45762822752164
2026-02-14,05,2,wk inc flu hosp,2026-02-28,quantile,0.45,120.27451779928184
2026-02-14,05,2,wk inc flu hosp,2026-02-28,quantile,0.5,127.17748344274102
2026-02-14,05,2,wk inc flu hosp,2026-02-28,quantile,0.55,134.2730529386506
2026-02-14,05,2,wk inc flu hosp,2026-02-28,quantile,0.6,141.0
2026-02-14,05,2,wk inc flu hosp,2026-02-28,quantile,0.65,145.0
2026-02-14,05,2,wk inc flu hosp,2026-02-28,quantile,0.7,149.0
2026-02-14,05,2,wk inc flu hosp,2026-02-28,quantile,0.75,155.0
2026-02-14,05,2,wk inc flu hosp,2026-02-28,quantile,0.8,167.0
2026-02-14,05,2,wk inc flu hosp,2026-02-28,quantile,0.85,191.0
2026-02-14,05,2,wk inc flu hosp,2026-02-28,quantile,0.9,208.5754143495572
2026-02-14,05,2,wk inc flu hosp,2026-02-28,quantile,0.95,238.0
2026-02-14,05,2,wk inc flu hosp,2026-02-28,quantile,0.975,310.0
2026-02-14,05,2,wk inc flu hosp,2026-02-28,quantile,0.99,313.0
2026-02-14,05,3,wk inc flu hosp,2026-03-07,quantile,0.01,26.3840457805984
2026-02-14,05,3,wk inc flu hosp,2026-03-07,quantile,0.025,31.96463394165039
2026-02-14,05,3,wk inc flu hosp,2026-03-07,quantile,0.05,36.04971694946289
2026-02-14,05,3,wk inc flu hosp,2026-03-07,quantile,0.1,47.32972968523052
2026-02-14,05,3,wk inc flu hosp,2026-03-07,quantile,0.15,57.89705170359427
2026-02-14,05,3,wk inc flu hosp,2026-03-07,quantile,0.2,66.0
2026-02-14,05,3,wk inc flu hosp,2026-03-07,quantile,0.25,69.0
2026-02-14,05,3,wk inc flu hosp,2026-03-07,quantile,0.3,76.8077344745109
2026-02-14,05,3,wk inc flu hosp,2026-03-07,quantile,0.35,85.67872472824854
2026-02-14,05,3,wk inc flu hosp,2026-03-07,quantile,0.4,93.91277007415584
2026-02-14,05,3,wk inc flu hosp,2026-03-07,quantile,0.45,103.38637772257404
2026-02-14,05,3,wk inc flu hosp,2026-03-07,quantile,0.5,113.13568339066578
2026-02-14,05,3,wk inc flu hosp,2026-03-07,quantile,0.55,121.0
2026-02-14,05,3,wk inc flu hosp,2026-03-07,quantile,0.6,124.0
2026-02-14,05,3,wk inc flu hosp,2026-03-07,quantile,0.65,127.0
2026-02-14,05,3,wk inc flu hosp,2026-03-07,quantile,0.7,130.0
2026-02-14,05,3,wk inc flu hosp,2026-03-07,quantile,0.75,134.0
2026-02-14,05,3,wk inc flu hosp,2026-03-07,quantile,0.8,138.0
2026-02-14,05,3,wk inc flu hosp,2026-03-07,quantile,0.85,156.0
2026-02-14,05,3,wk inc flu hosp,2026-03-07,quantile,0.9,190.0
2026-02-14,05,3,wk inc flu hosp,2026-03-07,quantile,0.95,235.7530687273868
2026-02-14,05,3,wk inc flu hosp,2026-03-07,quantile,0.975,266.0
2026-02-14,05,3,wk inc flu hosp,2026-03-07,quantile,0.99,292.6735595673698
2026-02-14,06,0,wk inc flu hosp,2026-02-14,quantile,0.01,1119.0
2026-02-14,06,0,wk inc flu hosp,2026-02-14,quantile,0.025,1187.5
2026-02-14,06,0,wk inc flu hosp,2026-02-14,quantile,0.05,1249.5
2026-02-14,06,0,wk inc flu hosp,2026-02-14,quantile,0.1,1339.0
2026-02-14,06,0,wk inc flu hosp,2026-02-14,quantile,0.15,1400.0
2026-02-14,06,0,wk inc flu hosp,2026-02-14,quantile,0.2,1439.5
2026-02-14,06,0,wk inc flu hosp,2026-02-14,quantile,0.25,1475.5
2026-02-14,06,0,wk inc flu hosp,2026-02-14,quantile,0.3,1521.0
2026-02-14,06,0,wk inc flu hosp,2026-02-14,quantile,0.35,1570.0
2026-02-14,06,0,wk inc flu hosp,2026-02-14,quantile,0.4,1622.8728536122114
2026-02-14,06,0,wk inc flu hosp,2026-02-14,quantile,0.45,1687.7085697686598
2026-02-14,06,0,wk inc flu hosp,2026-02-14,quantile,0.5,1749.3599425609104
2026-02-14,06,0,wk inc flu hosp,2026-02-14,quantile,0.55,1822.0
2026-02-14,06,0,wk inc flu hosp,2026-02-14,quantile,0.6,1916.9397631968254
2026-02-14,06,0,wk inc flu hosp,2026-02-14,quantile,0.65,1995.0
2026-02-14,06,0,wk inc flu hosp,2026-02-14,quantile,0.7,2071.945072491836
2026-02-14,06,0,wk inc flu hosp,2026-02-14,quantile,0.75,2140.1677636359736
2026-02-14,06,0,wk inc flu hosp,2026-02-14,quantile,0.8,2238.5
2026-02-14,06,0,wk inc flu hosp,2026-02-14,quantile,0.85,2313.0
2026-02-14,06,0,wk inc flu hosp,2026-02-14,quantile,0.9,2368.5
2026-02-14,06,0,wk inc flu hosp,2026-02-14,quantile,0.95,2541.0
2026-02-14,06,0,wk inc flu hosp,2026-02-14,quantile,0.975,2647.0
2026-02-14,06,0,wk inc flu hosp,2026-02-14,quantile,0.99,2734.5
2026-02-14,06,1,wk inc flu hosp,2026-02-21,quantile,0.01,948.4088015347272
2026-02-14,06,1,wk inc flu hosp,2026-02-21,quantile,0.025,1018.3919071569336
2026-02-14,06,1,wk inc flu hosp,2026-02-21,quantile,0.05,1097.4479661665234
2026-02-14,06,1,wk inc flu hosp,2026-02-21,quantile,0.1,1227.782803455816
2026-02-14,06,1,wk inc flu hosp,2026-02-21,quantile,0.15,1272.157325214131
2026-02-14,06,1,wk inc flu hosp,2026-02-21,quantile,0.2,1341.038638811905
2026-02-14,06,1,wk inc flu hosp,2026-02-21,quantile,0.25,1410.9342952408251
2026-02-14,06,1,wk inc flu hosp,2026-02-21,quantile,0.3,1466.6963658098957
2026-02-14,06,1,wk inc flu hosp,2026-02-21,quantile,0.35,1518.2171480153504
2026-02-14,06,1,wk inc flu hosp,2026-02-21,quantile,0.4,1564.9235358213361
2026-02-14,06,1,wk inc flu hosp,2026-02-21,quantile,0.45,1608.8928051404791
2026-02-14,06,1,wk inc flu hosp,2026-02-21,quantile,0.5,1669.3565544238572
2026-02-14,06,1,wk inc flu hosp,2026-02-21,quantile,0.55,1742.8298265211386
2026-02-14,06,1,wk inc flu hosp,2026-02-21,quantile,0.6,1794.3099995248142
2026-02-14,06,1,wk inc flu hosp,2026-02-21,quantile,0.65,1862.5
2026-02-14,06,1,wk inc flu hosp,2026-02-21,quantile,0.7,1947.5
2026-02-14,06,1,wk inc flu hosp,2026-02-21,quantile,0.75,2069.0
2026-02-14,06,1,wk inc flu hosp,2026-02-21,quantile,0.8,2199.5
2026-02-14,06,1,wk inc flu hosp,2026-02-21,quantile,0.85,2343.8131103651967
2026-02-14,06,1,wk inc flu hosp,2026-02-21,quantile,0.9,2506.170166015625
2026-02-14,06,1,wk inc flu hosp,2026-02-21,quantile,0.95,2703.585205078125
2026-02-14,06,1,wk inc flu hosp,2026-02-21,quantile,0.975,2860.6439208984375
2026-02-14,06,1,wk inc flu hosp,2026-02-21,quantile,0.99,3049.6173095703125
2026-02-14,06,2,wk inc flu hosp,2026-02-28,quantile,0.01,598.0
2026-02-14,06,2,wk inc flu hosp,2026-02-28,quantile,0.025,671.5
2026-02-14,06,2,wk inc flu hosp,2026-02-28,quantile,0.05,741.930612879622
2026-02-14,06,2,wk inc flu hosp,2026-02-28,quantile,0.1,869.2772472977863
2026-02-14,06,2,wk inc flu hosp,2026-02-28,quantile,0.15,972.3632446924732
2026-02-14,06,2,wk inc flu hosp,2026-02-28,quantile,0.2,1034.3108375328338
2026-02-14,06,2,wk inc flu hosp,2026-02-28,quantile,0.25,1095.5509374286703
2026-02-14,06,2,wk inc flu hosp,2026-02-28,quantile,0.3,1154.4894488240466
2026-02-14,06,2,wk inc flu hosp,2026-02-28,quantile,0.35,1232.3314698693
2026-02-14,06,2,wk inc flu hosp,2026-02-28,quantile,0.4,1302.6334119495157
2026-02-14,06,2,wk inc flu hosp,2026-02-28,quantile,0.45,1375.41976180444
2026-02-14,06,2,wk inc flu hosp,2026-02-28,quantile,0.5,1452.785265331187
2026-02-14,06,2,wk inc flu hosp,2026-02-28,quantile,0.55,1534.5263669570154
2026-02-14,06,2,wk inc flu hosp,2026-02-28,quantile,0.6,1610.5745628805316
2026-02-14,06,2,wk inc flu hosp,2026-02-28,quantile,0.65,1668.4077758789062
2026-02-14,06,2,wk inc flu hosp,2026-02-28,quantile,0.7,1782.5755706468626
2026-02-14,06,2,wk inc flu hosp,2026-02-28,quantile,0.75,1855.7722170016286
2026-02-14,06,2,wk inc flu hosp,2026-02-28,quantile,0.8,1939.8766120656446
2026-02-14,06,2,wk inc flu hosp,2026-02-28,quantile,0.85,2043.8349609375
2026-02-14,06,2,wk inc flu hosp,2026-02-28,quantile,0.9,2226.748046875
2026-02-14,06,2,wk inc flu hosp,2026-02-28,quantile,0.95,2491.33642578125
2026-02-14,06,2,wk inc flu hosp,2026-02-28,quantile,0.975,2628.9515380859375
2026-02-14,06,2,wk inc flu hosp,2026-02-28,quantile,0.99,2822.2318115234375
2026-02-14,06,3,wk inc flu hosp,2026-03-07,quantile,0.01,410.21283941744645
2026-02-14,06,3,wk inc flu hosp,2026-03-07,quantile,0.025,510.3243907819479
2026-02-14,06,3,wk inc flu hosp,2026-03-07,quantile,0.05,587.1864579448614
2026-02-14,06,3,wk inc flu hosp,2026-03-07,quantile,0.1,687.851918531209
2026-02-14,06,3,wk inc flu hosp,2026-03-07,quantile,0.15,768.1149213504352
2026-02-14,06,3,wk inc flu hosp,2026-03-07,quantile,0.2,844.2365417480469
2026-02-14,06,3,wk inc flu hosp,2026-03-07,quantile,0.25,898.8123168945312
2026-02-14,06,3,wk inc flu hosp,2026-03-07,quantile,0.3,954.475830078125
2026-02-14,06,3,wk inc flu hosp,2026-03-07,quantile,0.35,1012.002685546875
2026-02-14,06,3,wk inc flu hosp,2026-03-07,quantile,0.4,1074.2864220087731
2026-02-14,06,3,wk inc flu hosp,2026-03-07,quantile,0.45,1137.7389763708552
2026-02-14,06,3,wk inc flu hosp,2026-03-07,quantile,0.5,1202.780083377697
2026-02-14,06,3,wk inc flu hosp,2026-03-07,quantile,0.55,1273.4543954957235
2026-02-14,06,3,wk inc flu hosp,2026-03-07,quantile,0.6,1353.7520031337199
2026-02-14,06,3,wk inc flu hosp,2026-03-07,quantile,0.65,1444.107206716956
2026-02-14,06,3,wk inc flu hosp,2026-03-07,quantile,0.7,1538.5
2026-02-14,06,3,wk inc flu hosp,2026-03-07,quantile,0.75,1587.0
2026-02-14,06,3,wk inc flu hosp,2026-03-07,quantile,0.8,1670.0
2026-02-14,06,3,wk inc flu hosp,2026-03-07,quantile,0.85,1882.0
2026-02-14,06,3,wk inc flu hosp,2026-03-07,quantile,0.9,1994.5
2026-02-14,06,3,wk inc flu hosp,2026-03-07,quantile,0.95,2247.0
2026-02-14,06,3,wk inc flu hosp,2026-03-07,quantile,0.975,2511.622128316968
2026-02-14,06,3,wk inc flu hosp,2026-03-07,quantile,0.99,2928.8030702954125
2026-02-14,08,0,wk inc flu hosp,2026-02-14,quantile,0.01,39.0
2026-02-14,08,0,wk inc flu hosp,2026-02-14,quantile,0.025,43.23617074099334
2026-02-14,08,0,wk inc flu hosp,2026-02-14,quantile,0.05,46.83560285358979
2026-02-14,08,0,wk inc flu hosp,2026-02-14,quantile,0.1,56.28374691341422
2026-02-14,08,0,wk inc flu hosp,2026-02-14,quantile,0.15,61.0
2026-02-14,08,0,wk inc flu hosp,2026-02-14,quantile,0.2,64.61987824261739
2026-02-14,08,0,wk inc flu hosp,2026-02-14,quantile,0.25,69.87933582857856
2026-02-14,08,0,wk inc flu hosp,2026-02-14,quantile,0.3,74.6087890226204
2026-02-14,08,0,wk inc flu hosp,2026-02-14,quantile,0.35,79.44061276690917
2026-02-14,08,0,wk inc flu hosp,2026-02-14,quantile,0.4,84.19755311249821
2026-02-14,08,0,wk inc flu hosp,2026-02-14,quantile,0.45,89.29914592461913
2026-02-14,08,0,wk inc flu hosp,2026-02-14,quantile,0.5,94.48973121513006
2026-02-14,08,0,wk inc flu hosp,2026-02-14,quantile,0.55,99.93612358677294
2026-02-14,08,0,wk inc flu hosp,2026-02-14,quantile,0.6,105.13391646370044
2026-02-14,08,0,wk inc flu hosp,2026-02-14,quantile,0.65,111.13809352413053
2026-02-14,08,0,wk inc flu hosp,2026-02-14,quantile,0.7,118.341470351101
2026-02-14,08,0,wk inc flu hosp,2026-02-14,quantile,0.75,126.99923811711967
2026-02-14,08,0,wk inc flu hosp,2026-02-14,quantile,0.8,134.0
2026-02-14,08,0,wk inc flu hosp,2026-02-14,quantile,0.85,141.0
2026-02-14,08,0,wk inc flu hosp,2026-02-14,quantile,0.9,150.0
2026-02-14,08,0,wk inc flu hosp,2026-02-14,quantile,0.95,165.0
2026-02-14,08,0,wk inc flu hosp,2026-02-14,quantile,0.975,178.0
2026-02-14,08,0,wk inc flu hosp,2026-02-14,quantile,0.99,190.0
2026-02-14,08,1,wk inc flu hosp,2026-02-21,quantile,0.01,24.0
2026-02-14,08,1,wk inc flu hosp,2026-02-21,quantile,0.025,28.0
2026-02-14,08,1,wk inc flu hosp,2026-02-21,quantile,0.05,34.0
2026-02-14,08,1,wk inc flu hosp,2026-02-21,quantile,0.1,40.0
2026-02-14,08,1,wk inc flu hosp,2026-02-21,quantile,0.15,42.64231348781444
2026-02-14,08,1,wk inc flu hosp,2026-02-21,quantile,0.2,52.65764821369974
2026-02-14,08,1,wk inc flu hosp,2026-02-21,quantile,0.25,60.0
2026-02-14,08,1,wk inc flu hosp,2026-02-21,quantile,0.3,65.0
2026-02-14,08,1,wk inc flu hosp,2026-02-21,quantile,0.35,70.0
2026-02-14,08,1,wk inc flu hosp,2026-02-21,quantile,0.4,76.0
2026-02-14,08,1,wk inc flu hosp,2026-02-21,quantile,0.45,82.0
2026-02-14,08,1,wk inc flu hosp,2026-02-21,quantile,0.5,88.0
2026-02-14,08,1,wk inc flu hosp,2026-02-21,quantile,0.55,94.0
2026-02-14,08,1,wk inc flu hosp,2026-02-21,quantile,0.6,100.0
2026-02-14,08,1,wk inc flu hosp,2026-02-21,quantile,0.65,108.0
2026-02-14,08,1,wk inc flu hosp,2026-02-21,quantile,0.7,116.0
2026-02-14,08,1,wk inc flu hosp,2026-02-21,quantile,0.75,126.0
2026-02-14,08,1,wk inc flu hosp,2026-02-21,quantile,0.8,137.0
2026-02-14,08,1,wk inc flu hosp,2026-02-21,quantile,0.85,152.0
2026-02-14,08,1,wk inc flu hosp,2026-02-21,quantile,0.9,171.0
2026-02-14,08,1,wk inc flu hosp,2026-02-21,quantile,0.95,205.0
2026-02-14,08,1,wk inc flu hosp,2026-02-21,quantile,0.975,235.0
2026-02-14,08,1,wk inc flu hosp,2026-02-21,quantile,0.99,266.0
2026-02-14,08,2,wk inc flu hosp,2026-02-28,quantile,0.01,7.0
2026-02-14,08,2,wk inc flu hosp,2026-02-28,quantile,0.025,12.0
2026-02-14,08,2,wk inc flu hosp,2026-02-28,quantile,0.05,16.076871978049716
2026-02-14,08,2,wk inc flu hosp,2026-02-28,quantile,0.1,24.0
2026-02-14,08,2,wk inc flu hosp,2026-02-28,quantile,0.15,28.0
2026-02-14,08,2,wk inc flu hosp,2026-02-28,quantile,0.2,32.0
2026-02-14,08,2,wk inc flu hosp,2026-02-28,quantile,0.25,37.0
2026-02-14,08,2,wk inc flu hosp,2026-02-28,quantile,0.3,42.0
2026-02-14,08,2,wk inc flu hosp,2026-02-28,quantile,0.35,47.0
2026-02-14,08,2,wk inc flu hosp,2026-02-28,quantile,0.4,52.0
2026-02-14,08,2,wk inc flu hosp,2026-02-28,quantile,0.45,58.0
2026-02-14,08,2,wk inc flu hosp,2026-02-28,quantile,0.5,64.0
2026-02-14,08,2,wk inc flu hosp,2026-02-28,quantile,0.55,71.0
2026-02-14,08,2,wk inc flu hosp,2026-02-28,quantile,0.6,79.0
2026-02-14,08,2,wk inc flu hosp,2026-02-28,quantile,0.65,87.0
2026-02-14,08,2,wk inc flu hosp,2026-02-28,quantile,0.7,93.0
2026-02-14,08,2,wk inc flu hosp,2026-02-28,quantile,0.75,100.0
2026-02-14,08,2,wk inc flu hosp,2026-02-28,quantile,0.8,109.0
2026-02-14,08,2,wk inc flu hosp,2026-02-28,quantile,0.85,119.0
2026-02-14,08,2,wk inc flu hosp,2026-02-28,quantile,0.9,133.0
2026-02-14,08,2,wk inc flu hosp,2026-02-28,quantile,0.95,155.0
2026-02-14,08,2,wk inc flu hosp,2026-02-28,quantile,0.975,175.0
2026-02-14,08,2,wk inc flu hosp,2026-02-28,quantile,0.99,200.0
2026-02-14,08,3,wk inc flu hosp,2026-03-07,quantile,0.01,5.0
2026-02-14,08,3,wk inc flu hosp,2026-03-07,quantile,0.025,6.657534687377261
2026-02-14,08,3,wk inc flu hosp,2026-03-07,quantile,0.05,14.0
2026-02-14,08,3,wk inc flu hosp,2026-03-07,quantile,0.1,17.0
2026-02-14,08,3,wk inc flu hosp,2026-03-07,quantile,0.15,20.0
2026-02-14,08,3,wk inc flu hosp,2026-03-07,quantile,0.2,21.0
2026-02-14,08,3,wk inc flu hosp,2026-03-07,quantile,0.25,23.0
2026-02-14,08,3,wk inc flu hosp,2026-03-07,quantile,0.3,25.0
2026-02-14,08,3,wk inc flu hosp,2026-03-07,quantile,0.35,29.0
2026-02-14,08,3,wk inc flu hosp,2026-03-07,quantile,0.4,33.0
2026-02-14,08,3,wk inc flu hosp,2026-03-07,quantile,0.45,38.0
2026-02-14,08,3,wk inc flu hosp,2026-03-07,quantile,0.5,44.0
2026-02-14,08,3,wk inc flu hosp,2026-03-07,quantile,0.55,49.0
2026-02-14,08,3,wk inc flu hosp,2026-03-07,quantile,0.6,57.0
2026-02-14,08,3,wk inc flu hosp,2026-03-07,quantile,0.65,65.0
2026-02-14,08,3,wk inc flu hosp,2026-03-07,quantile,0.7,74.0
2026-02-14,08,3,wk inc flu hosp,2026-03-07,quantile,0.75,85.0
2026-02-14,08,3,wk inc flu hosp,2026-03-07,quantile,0.8,99.0
2026-02-14,08,3,wk inc flu hosp,2026-03-07,quantile,0.85,118.0
2026-02-14,08,3,wk inc flu hosp,2026-03-07,quantile,0.9,141.0
2026-02-14,08,3,wk inc flu hosp,2026-03-07,quantile,0.95,189.0
2026-02-14,08,3,wk inc flu hosp,2026-03-07,quantile,0.975,233.0
2026-02-14,08,3,wk inc flu hosp,2026-03-07,quantile,0.99,269.0
2026-02-14,09,0,wk inc flu hosp,2026-02-14,quantile,0.01,16.113544076088356
2026-02-14,09,0,wk inc flu hosp,2026-02-14,quantile,0.025,19.082779332351627
2026-02-14,09,0,wk inc flu hosp,2026-02-14,quantile,0.05,21.80593072748412
2026-02-14,09,0,wk inc flu hosp,2026-02-14,quantile,0.1,27.77926719588312
2026-02-14,09,0,wk inc flu hosp,2026-02-14,quantile,0.15,30.538527833427725
2026-02-14,09,0,wk inc flu hosp,2026-02-14,quantile,0.2,33.2826822999298
2026-02-14,09,0,wk inc flu hosp,2026-02-14,quantile,0.25,36.94300346120431
2026-02-14,09,0,wk inc flu hosp,2026-02-14,quantile,0.3,40.458254209494285
2026-02-14,09,0,wk inc flu hosp,2026-02-14,quantile,0.35,43.91799044598345
2026-02-14,09,0,wk inc flu hosp,2026-02-14,quantile,0.4,47.56730186463558
2026-02-14,09,0,wk inc flu hosp,2026-02-14,quantile,0.45,50.85997870421783
2026-02-14,09,0,wk inc flu hosp,2026-02-14,quantile,0.5,54.21976928604208
2026-02-14,09,0,wk inc flu hosp,2026-02-14,quantile,0.55,58.36508028966266
2026-02-14,09,0,wk inc flu hosp,2026-02-14,quantile,0.6,62.0
2026-02-14,09,0,wk inc flu hosp,2026-02-14,quantile,0.65,65.0
2026-02-14,09,0,wk inc flu hosp,2026-02-14,quantile,0.7,68.0
2026-02-14,09,0,wk inc flu hosp,2026-02-14,quantile,0.75,72.0
2026-02-14,09,0,wk inc flu hosp,2026-02-14,quantile,0.8,76.0
2026-02-14,09,0,wk inc flu hosp,2026-02-14,quantile,0.85,81.0
2026-02-14,09,0,wk inc flu hosp,2026-02-14,quantile,0.9,87.0
2026-02-14,09,0,wk inc flu hosp,2026-02-14,quantile,0.95,98.0
2026-02-14,09,0,wk inc flu hosp,2026-02-14,quantile,0.975,107.0
2026-02-14,09,0,wk inc flu hosp,2026-02-14,quantile,0.99,118.0
2026-02-14,09,1,wk inc flu hosp,2026-02-21,quantile,0.01,7.205844559197238
2026-02-14,09,1,wk inc flu hosp,2026-02-21,quantile,0.025,8.0
2026-02-14,09,1,wk inc flu hosp,2026-02-21,quantile,0.05,9.0
2026-02-14,09,1,wk inc flu hosp,2026-02-21,quantile,0.1,16.0
2026-02-14,09,1,wk inc flu hosp,2026-02-21,quantile,0.15,18.0
2026-02-14,09,1,wk inc flu hosp,2026-02-21,quantile,0.2,19.0
2026-02-14,09,1,wk inc flu hosp,2026-02-21,quantile,0.25,24.441393299496426
2026-02-14,09,1,wk inc flu hosp,2026-02-21,quantile,0.3,30.202994324682024
2026-02-14,09,1,wk inc flu hosp,2026-02-21,quantile,0.35,36.08577830475223
2026-02-14,09,1,wk inc flu hosp,2026-02-21,quantile,0.4,42.151652627678
2026-02-14,09,1,wk inc flu hosp,2026-02-21,quantile,0.45,47.0
2026-02-14,09,1,wk inc flu hosp,2026-02-21,quantile,0.5,51.0
2026-02-14,09,1,wk inc flu hosp,2026-02-21,quantile,0.55,56.0
2026-02-14,09,1,wk inc flu hosp,2026-02-21,quantile,0.6,61.0
2026-02-14,09,1,wk inc flu hosp,2026-02-21,quantile,0.65,67.0
2026-02-14,09,1,wk inc flu hosp,2026-02-21,quantile,0.7,74.0
2026-02-14,09,1,wk inc flu hosp,2026-02-21,quantile,0.75,82.0
2026-02-14,09,1,wk inc flu hosp,2026-02-21,quantile,0.8,90.82269107107864
2026-02-14,09,1,wk inc flu hosp,2026-02-21,quantile,0.85,101.96956801072658
2026-02-14,09,1,wk inc flu hosp,2026-02-21,quantile,0.9,120.43996242490566
2026-02-14,09,1,wk inc flu hosp,2026-02-21,quantile,0.95,150.0
2026-02-14,09,1,wk inc flu hosp,2026-02-21,quantile,0.975,167.0
2026-02-14,09,1,wk inc flu hosp,2026-02-21,quantile,0.99,188.0
2026-02-14,09,2,wk inc flu hosp,2026-02-28,quantile,0.01,1.0
2026-02-14,09,2,wk inc flu hosp,2026-02-28,quantile,0.025,2.0
2026-02-14,09,2,wk inc flu hosp,2026-02-28,quantile,0.05,4.0
2026-02-14,09,2,wk inc flu hosp,2026-02-28,quantile,0.1,10.0
2026-02-14,09,2,wk inc flu hosp,2026-02-28,quantile,0.15,11.0
2026-02-14,09,2,wk inc flu hosp,2026-02-28,quantile,0.2,12.0
2026-02-14,09,2,wk inc flu hosp,2026-02-28,quantile,0.25,18.059423840034835
2026-02-14,09,2,wk inc flu hosp,2026-02-28,quantile,0.3,24.0
2026-02-14,09,2,wk inc flu hosp,2026-02-28,quantile,0.35,28.0
2026-02-14,09,2,wk inc flu hosp,2026-02-28,quantile,0.4,33.0
2026-02-14,09,2,wk inc flu hosp,2026-02-28,quantile,0.45,37.0
2026-02-14,09,2,wk inc flu hosp,2026-02-28,quantile,0.5,43.0
2026-02-14,09,2,wk inc flu hosp,2026-02-28,quantile,0.55,49.0
2026-02-14,09,2,wk inc flu hosp,2026-02-28,quantile,0.6,56.0
2026-02-14,09,2,wk inc flu hosp,2026-02-28,quantile,0.65,63.0
2026-02-14,09,2,wk inc flu hosp,2026-02-28,quantile,0.7,69.0
2026-02-14,09,2,wk inc flu hosp,2026-02-28,quantile,0.75,77.0
2026-02-14,09,2,wk inc flu hosp,2026-02-28,quantile,0.8,85.0
2026-02-14,09,2,wk inc flu hosp,2026-02-28,quantile,0.85,96.0
2026-02-14,09,2,wk inc flu hosp,2026-02-28,quantile,0.9,110.0
2026-02-14,09,2,wk inc flu hosp,2026-02-28,quantile,0.95,134.0
2026-02-14,09,2,wk inc flu hosp,2026-02-28,quantile,0.975,155.0
2026-02-14,09,2,wk inc flu hosp,2026-02-28,quantile,0.99,183.0
2026-02-14,09,3,wk inc flu hosp,2026-03-07,quantile,0.01,0.0
2026-02-14,09,3,wk inc flu hosp,2026-03-07,quantile,0.025,1.0
2026-02-14,09,3,wk inc flu hosp,2026-03-07,quantile,0.05,2.0
2026-02-14,09,3,wk inc flu hosp,2026-03-07,quantile,0.1,7.0
2026-02-14,09,3,wk inc flu hosp,2026-03-07,quantile,0.15,8.0
2026-02-14,09,3,wk inc flu hosp,2026-03-07,quantile,0.2,8.0
2026-02-14,09,3,wk inc flu hosp,2026-03-07,quantile,0.25,12.0
2026-02-14,09,3,wk inc flu hosp,2026-03-07,quantile,0.3,16.0
2026-02-14,09,3,wk inc flu hosp,2026-03-07,quantile,0.35,19.0
2026-02-14,09,3,wk inc flu hosp,2026-03-07,quantile,0.4,23.0
2026-02-14,09,3,wk inc flu hosp,2026-03-07,quantile,0.45,28.0
2026-02-14,09,3,wk inc flu hosp,2026-03-07,quantile,0.5,34.0
2026-02-14,09,3,wk inc flu hosp,2026-03-07,quantile,0.55,40.0
2026-02-14,09,3,wk inc flu hosp,2026-03-07,quantile,0.6,47.0
2026-02-14,09,3,wk inc flu hosp,2026-03-07,quantile,0.65,57.0
2026-02-14,09,3,wk inc flu hosp,2026-03-07,quantile,0.7,68.0
2026-02-14,09,3,wk inc flu hosp,2026-03-07,quantile,0.75,77.10104528293107
2026-02-14,09,3,wk inc flu hosp,2026-03-07,quantile,0.8,84.95626714407193
2026-02-14,09,3,wk inc flu hosp,2026-03-07,quantile,0.85,96.08427802604191
2026-02-14,09,3,wk inc flu hosp,2026-03-07,quantile,0.9,112.77836107115
2026-02-14,09,3,wk inc flu hosp,2026-03-07,quantile,0.95,144.10129297951107
2026-02-14,09,3,wk inc flu hosp,2026-03-07,quantile,0.975,207.38395674893465
2026-02-14,09,3,wk inc flu hosp,2026-03-07,quantile,0.99,265.0
2026-02-14,10,0,wk inc flu hosp,2026-02-14,quantile,0.01,15.0
2026-02-14,10,0,wk inc flu hosp,2026-02-14,quantile,0.025,16.0
2026-02-14,10,0,wk inc flu hosp,2026-02-14,quantile,0.05,18.0
2026-02-14,10,0,wk inc flu hosp,2026-02-14,quantile,0.1,20.0
2026-02-14,10,0,wk inc flu hosp,2026-02-14,quantile,0.15,23.0
2026-02-14,10,0,wk inc flu hosp,2026-02-14,quantile,0.2,24.0
2026-02-14,10,0,wk inc flu hosp,2026-02-14,quantile,0.25,25.0
2026-02-14,10,0,wk inc flu hosp,2026-02-14,quantile,0.3,27.0
2026-02-14,10,0,wk inc flu hosp,2026-02-14,quantile,0.35,28.23652142475764
2026-02-14,10,0,wk inc flu hosp,2026-02-14,quantile,0.4,31.399014597589748
2026-02-14,10,0,wk inc flu hosp,2026-02-14,quantile,0.45,32.0
2026-02-14,10,0,wk inc flu hosp,2026-02-14,quantile,0.5,33.0
2026-02-14,10,0,wk inc flu hosp,2026-02-14,quantile,0.55,36.09151412391088
2026-02-14,10,0,wk inc flu hosp,2026-02-14,quantile,0.6,40.0
2026-02-14,10,0,wk inc flu hosp,2026-02-14,quantile,0.65,41.0
2026-02-14,10,0,wk inc flu hosp,2026-02-14,quantile,0.7,43.0
2026-02-14,10,0,wk inc flu hosp,2026-02-14,quantile,0.75,45.0
2026-02-14,10,0,wk inc flu hosp,2026-02-14,quantile,0.8,47.0
2026-02-14,10,0,wk inc flu hosp,2026-02-14,quantile,0.85,49.0
2026-02-14,10,0,wk inc flu hosp,2026-02-14,quantile,0.9,53.0
2026-02-14,10,0,wk inc flu hosp,2026-02-14,quantile,0.95,58.0
2026-02-14,10,0,wk inc flu hosp,2026-02-14,quantile,0.975,66.0
2026-02-14,10,0,wk inc flu hosp,2026-02-14,quantile,0.99,80.0
2026-02-14,10,1,wk inc flu hosp,2026-02-21,quantile,0.01,6.0
2026-02-14,10,1,wk inc flu hosp,2026-02-21,quantile,0.025,6.905771732330322
2026-02-14,10,1,wk inc flu hosp,2026-02-21,quantile,0.05,9.0
2026-02-14,10,1,wk inc flu hosp,2026-02-21,quantile,0.1,11.0
2026-02-14,10,1,wk inc flu hosp,2026-02-21,quantile,0.15,13.0
2026-02-14,10,1,wk inc flu hosp,2026-02-21,quantile,0.2,15.0
2026-02-14,10,1,wk inc flu hosp,2026-02-21,quantile,0.25,17.0
2026-02-14,10,1,wk inc flu hosp,2026-02-21,quantile,0.3,18.0
2026-02-14,10,1,wk inc flu hosp,2026-02-21,quantile,0.35,20.0
2026-02-14,10,1,wk inc flu hosp,2026-02-21,quantile,0.4,22.0
2026-02-14,10,1,wk inc flu hosp,2026-02-21,quantile,0.45,24.0
2026-02-14,10,1,wk inc flu hosp,2026-02-21,quantile,0.5,25.0
2026-02-14,10,1,wk inc flu hosp,2026-02-21,quantile,0.55,27.0
2026-02-14,10,1,wk inc flu hosp,2026-02-21,quantile,0.6,30.0
2026-02-14,10,1,wk inc flu hosp,2026-02-21,quantile,0.65,32.0
2026-02-14,10,1,wk inc flu hosp,2026-02-21,quantile,0.7,35.0
2026-02-14,10,1,wk inc flu hosp,2026-02-21,quantile,0.75,38.0
2026-02-14,10,1,wk inc flu hosp,2026-02-21,quantile,0.8,42.0
2026-02-14,10,1,wk inc flu hosp,2026-02-21,quantile,0.85,46.0
2026-02-14,10,1,wk inc flu hosp,2026-02-21,quantile,0.9,53.0
2026-02-14,10,1,wk inc flu hosp,2026-02-21,quantile,0.95,64.0
2026-02-14,10,1,wk inc flu hosp,2026-02-21,quantile,0.975,74.0
2026-02-14,10,1,wk inc flu hosp,2026-02-21,quantile,0.99,85.0
2026-02-14,10,2,wk inc flu hosp,2026-02-28,quantile,0.01,2.471207618713379
2026-02-14,10,2,wk inc flu hosp,2026-02-28,quantile,0.025,3.2566509512819835
2026-02-14,10,2,wk inc flu hosp,2026-02-28,quantile,0.05,5.0
2026-02-14,10,2,wk inc flu hosp,2026-02-28,quantile,0.1,8.449251042044374
2026-02-14,10,2,wk inc flu hosp,2026-02-28,quantile,0.15,10.0
2026-02-14,10,2,wk inc flu hosp,2026-02-28,quantile,0.2,11.0
2026-02-14,10,2,wk inc flu hosp,2026-02-28,quantile,0.25,12.0
2026-02-14,10,2,wk inc flu hosp,2026-02-28,quantile,0.3,13.0
2026-02-14,10,2,wk inc flu hosp,2026-02-28,quantile,0.35,14.0
2026-02-14,10,2,wk inc flu hosp,2026-02-28,quantile,0.4,15.0
2026-02-14,10,2,wk inc flu hosp,2026-02-28,quantile,0.45,15.0
2026-02-14,10,2,wk inc flu hosp,2026-02-28,quantile,0.5,17.0
2026-02-14,10,2,wk inc flu hosp,2026-02-28,quantile,0.55,19.0
2026-02-14,10,2,wk inc flu hosp,2026-02-28,quantile,0.6,21.0
2026-02-14,10,2,wk inc flu hosp,2026-02-28,quantile,0.65,23.0
2026-02-14,10,2,wk inc flu hosp,2026-02-28,quantile,0.7,26.0
2026-02-14,10,2,wk inc flu hosp,2026-02-28,quantile,0.75,30.0
2026-02-14,10,2,wk inc flu hosp,2026-02-28,quantile,0.8,34.0
2026-02-14,10,2,wk inc flu hosp,2026-02-28,quantile,0.85,40.0
2026-02-14,10,2,wk inc flu hosp,2026-02-28,quantile,0.9,49.0
2026-02-14,10,2,wk inc flu hosp,2026-02-28,quantile,0.95,65.0
2026-02-14,10,2,wk inc flu hosp,2026-02-28,quantile,0.975,81.0
2026-02-14,10,2,wk inc flu hosp,2026-02-28,quantile,0.99,97.0
2026-02-14,10,3,wk inc flu hosp,2026-03-07,quantile,0.01,0.8828769326210022
2026-02-14,10,3,wk inc flu hosp,2026-03-07,quantile,0.025,1.7315876762069649
2026-02-14,10,3,wk inc flu hosp,2026-03-07,quantile,0.05,3.0
2026-02-14,10,3,wk inc flu hosp,2026-03-07,quantile,0.1,4.0
2026-02-14,10,3,wk inc flu hosp,2026-03-07,quantile,0.15,5.0
2026-02-14,10,3,wk inc flu hosp,2026-03-07,quantile,0.2,6.0
2026-02-14,10,3,wk inc flu hosp,2026-03-07,quantile,0.25,6.0
2026-02-14,10,3,wk inc flu hosp,2026-03-07,quantile,0.3,7.0
2026-02-14,10,3,wk inc flu hosp,2026-03-07,quantile,0.35,8.0
2026-02-14,10,3,wk inc flu hosp,2026-03-07,quantile,0.4,9.0
2026-02-14,10,3,wk inc flu hosp,2026-03-07,quantile,0.45,9.0
2026-02-14,10,3,wk inc flu hosp,2026-03-07,quantile,0.5,10.0
2026-02-14,10,3,wk inc flu hosp,2026-03-07,quantile,0.55,12.0
2026-02-14,10,3,wk inc flu hosp,2026-03-07,quantile,0.6,14.0
2026-02-14,10,3,wk inc flu hosp,2026-03-07,quantile,0.65,16.0
2026-02-14,10,3,wk inc flu hosp,2026-03-07,quantile,0.7,19.0
2026-02-14,10,3,wk inc flu hosp,2026-03-07,quantile,0.75,22.0
2026-02-14,10,3,wk inc flu hosp,2026-03-07,quantile,0.8,26.0
2026-02-14,10,3,wk inc flu hosp,2026-03-07,quantile,0.85,33.0
2026-02-14,10,3,wk inc flu hosp,2026-03-07,quantile,0.9,42.0
2026-02-14,10,3,wk inc flu hosp,2026-03-07,quantile,0.95,61.0
2026-02-14,10,3,wk inc flu hosp,2026-03-07,quantile,0.975,79.0
2026-02-14,10,3,wk inc flu hosp,2026-03-07,quantile,0.99,100.0
2026-02-14,11,0,wk inc flu hosp,2026-02-14,quantile,0.01,0.0
2026-02-14,11,0,wk inc flu hosp,2026-02-14,quantile,0.025,0.00709423546610935
2026-02-14,11,0,wk inc flu hosp,2026-02-14,quantile,0.05,1.0
2026-02-14,11,0,wk inc flu hosp,2026-02-14,quantile,0.1,1.1266891130714989
2026-02-14,11,0,wk inc flu hosp,2026-02-14,quantile,0.15,2.129629819961389
2026-02-14,11,0,wk inc flu hosp,2026-02-14,quantile,0.2,2.8135079439837414
2026-02-14,11,0,wk inc flu hosp,2026-02-14,quantile,0.25,3.165160298347473
2026-02-14,11,0,wk inc flu hosp,2026-02-14,quantile,0.3,3.7567973136901855
2026-02-14,11,0,wk inc flu hosp,2026-02-14,quantile,0.35,4.0
2026-02-14,11,0,wk inc flu hosp,2026-02-14,quantile,0.4,4.0
2026-02-14,11,0,wk inc flu hosp,2026-02-14,quantile,0.45,4.507298231124878
2026-02-14,11,0,wk inc flu hosp,2026-02-14,quantile,0.5,5.5
2026-02-14,11,0,wk inc flu hosp,2026-02-14,quantile,0.55,5.5
2026-02-14,11,0,wk inc flu hosp,2026-02-14,quantile,0.6,6.5
2026-02-14,11,0,wk inc flu hosp,2026-02-14,quantile,0.65,6.5
2026-02-14,11,0,wk inc flu hosp,2026-02-14,quantile,0.7,7.5
2026-02-14,11,0,wk inc flu hosp,2026-02-14,quantile,0.75,8.0
2026-02-14,11,0,wk inc flu hosp,2026-02-14,quantile,0.8,9.0
2026-02-14,11,0,wk inc flu hosp,2026-02-14,quantile,0.85,10.5
2026-02-14,11,0,wk inc flu hosp,2026-02-14,quantile,0.9,12.5
2026-02-14,11,0,wk inc flu hosp,2026-02-14,quantile,0.95,14.5
2026-02-14,11,0,wk inc flu hosp,2026-02-14,quantile,0.975,17.0
2026-02-14,11,0,wk inc flu hosp,2026-02-14,quantile,0.99,19.5
2026-02-14,11,1,wk inc flu hosp,2026-02-21,quantile,0.01,0.0
2026-02-14,11,1,wk inc flu hosp,2026-02-21,quantile,0.025,0.0
2026-02-14,11,1,wk inc flu hosp,2026-02-21,quantile,0.05,0.00279813094683665
2026-02-14,11,1,wk inc flu hosp,2026-02-21,quantile,0.1,0.22517598636565778
2026-02-14,11,1,wk inc flu hosp,2026-02-21,quantile,0.15,0.9024163076982576
2026-02-14,11,1,wk inc flu hosp,2026-02-21,quantile,0.2,1.4010284883897528
2026-02-14,11,1,wk inc flu hosp,2026-02-21,quantile,0.25,1.652330341266469
2026-02-14,11,1,wk inc flu hosp,2026-02-21,quantile,0.3,1.9741008264781859
2026-02-14,11,1,wk inc flu hosp,2026-02-21,quantile,0.35,2.779224439558359
2026-02-14,11,1,wk inc flu hosp,2026-02-21,quantile,0.4,3.2180441696012876
2026-02-14,11,1,wk inc flu hosp,2026-02-21,quantile,0.45,3.6006609229698556
2026-02-14,11,1,wk inc flu hosp,2026-02-21,quantile,0.5,4.430745460136771
2026-02-14,11,1,wk inc flu hosp,2026-02-21,quantile,0.55,4.684751840592048
2026-02-14,11,1,wk inc flu hosp,2026-02-21,quantile,0.6,5.45365234138664
2026-02-14,11,1,wk inc flu hosp,2026-02-21,quantile,0.65,6.336693449310206
2026-02-14,11,1,wk inc flu hosp,2026-02-21,quantile,0.7,7.3900054378309115
2026-02-14,11,1,wk inc flu hosp,2026-02-21,quantile,0.75,8.521704683241197
2026-02-14,11,1,wk inc flu hosp,2026-02-21,quantile,0.8,9.677086191904031
2026-02-14,11,1,wk inc flu hosp,2026-02-21,quantile,0.85,11.03986610632564
2026-02-14,11,1,wk inc flu hosp,2026-02-21,quantile,0.9,13.438391098272003
2026-02-14,11,1,wk inc flu hosp,2026-02-21,quantile,0.95,18.210133667129682
2026-02-14,11,1,wk inc flu hosp,2026-02-21,quantile,0.975,22.956908803720367
2026-02-14,11,1,wk inc flu hosp,2026-02-21,quantile,0.99,29.726559313699333
2026-02-14,11,2,wk inc flu hosp,2026-02-28,quantile,0.01,0.0
2026-02-14,11,2,wk inc flu hosp,2026-02-28,quantile,0.025,0.0
2026-02-14,11,2,wk inc flu hosp,2026-02-28,quantile,0.05,0.0
2026-02-14,11,2,wk inc flu hosp,2026-02-28,quantile,0.1,0.02686222186538155
2026-02-14,11,2,wk inc flu hosp,2026-02-28,quantile,0.15,0.2168996395764145
2026-02-14,11,2,wk inc flu hosp,2026-02-28,quantile,0.2,0.7602326039163458
2026-02-14,11,2,wk inc flu hosp,2026-02-28,quantile,0.25,1.0
2026-02-14,11,2,wk inc flu hosp,2026-02-28,quantile,0.3,1.465516292409201
2026-02-14,11,2,wk inc flu hosp,2026-02-28,quantile,0.35,2.271115315024552
2026-02-14,11,2,wk inc flu hosp,2026-02-28,quantile,0.4,2.5
2026-02-14,11,2,wk inc flu hosp,2026-02-28,quantile,0.45,2.8138697477527366
2026-02-14,11,2,wk inc flu hosp,2026-02-28,quantile,0.5,3.0520362604921774
2026-02-14,11,2,wk inc flu hosp,2026-02-28,quantile,0.55,3.86887005424771
2026-02-14,11,2,wk inc flu hosp,2026-02-28,quantile,0.6,4.207000471769101
2026-02-14,11,2,wk inc flu hosp,2026-02-28,quantile,0.65,5.096750770644151
2026-02-14,11,2,wk inc flu hosp,2026-02-28,quantile,0.7,5.560837933817332
2026-02-14,11,2,wk inc flu hosp,2026-02-28,quantile,0.75,6.640421046875931
2026-02-14,11,2,wk inc flu hosp,2026-02-28,quantile,0.8,7.906165294494414
2026-02-14,11,2,wk inc flu hosp,2026-02-28,quantile,0.85,9.947763542474858
2026-02-14,11,2,wk inc flu hosp,2026-02-28,quantile,0.9,14.423644604684231
2026-02-14,11,2,wk inc flu hosp,2026-02-28,quantile,0.95,20.528628551048
2026-02-14,11,2,wk inc flu hosp,2026-02-28,quantile,0.975,25.869321464777002
2026-02-14,11,2,wk inc flu hosp,2026-02-28,quantile,0.99,33.36136111789973
2026-02-14,11,3,wk inc flu hosp,2026-03-07,quantile,0.01,0.0
2026-02-14,11,3,wk inc flu hosp,2026-03-07,quantile,0.025,0.0
2026-02-14,11,3,wk inc flu hosp,2026-03-07,quantile,0.05,0.0
2026-02-14,11,3,wk inc flu hosp,2026-03-07,quantile,0.1,0.0
2026-02-14,11,3,wk inc flu hosp,2026-03-07,quantile,0.15,0.01556569081419865
2026-02-14,11,3,wk inc flu hosp,2026-03-07,quantile,0.2,0.7026931565792934
2026-02-14,11,3,wk inc flu hosp,2026-03-07,quantile,0.25,1.0
2026-02-14,11,3,wk inc flu hosp,2026-03-07,quantile,0.3,1.460716796875312
2026-02-14,11,3,wk inc flu hosp,2026-03-07,quantile,0.35,1.5
2026-02-14,11,3,wk inc flu hosp,2026-03-07,quantile,0.4,2.5
2026-02-14,11,3,wk inc flu hosp,2026-03-07,quantile,0.45,3.0
2026-02-14,11,3,wk inc flu hosp,2026-03-07,quantile,0.5,3.5
2026-02-14,11,3,wk inc flu hosp,2026-03-07,quantile,0.55,4.0
2026-02-14,11,3,wk inc flu hosp,2026-03-07,quantile,0.6,5.0
2026-02-14,11,3,wk inc flu hosp,2026-03-07,quantile,0.65,6.0
2026-02-14,11,3,wk inc flu hosp,2026-03-07,quantile,0.7,6.5
2026-02-14,11,3,wk inc flu hosp,2026-03-07,quantile,0.75,7.5
2026-02-14,11,3,wk inc flu hosp,2026-03-07,quantile,0.8,9.0
2026-02-14,11,3,wk inc flu hosp,2026-03-07,quantile,0.85,11.5
2026-02-14,11,3,wk inc flu hosp,2026-03-07,quantile,0.9,18.0
2026-02-14,11,3,wk inc flu hosp,2026-03-07,quantile,0.95,33.197779975118436
2026-02-14,11,3,wk inc flu hosp,2026-03-07,quantile,0.975,40.822298861109005
2026-02-14,11,3,wk inc flu hosp,2026-03-07,quantile,0.99,49.13604983593908
2026-02-14,12,0,wk inc flu hosp,2026-02-14,quantile,0.01,828.0
2026-02-14,12,0,wk inc flu hosp,2026-02-14,quantile,0.025,940.0
2026-02-14,12,0,wk inc flu hosp,2026-02-14,quantile,0.05,964.0
2026-02-14,12,0,wk inc flu hosp,2026-02-14,quantile,0.1,1047.0
2026-02-14,12,0,wk inc flu hosp,2026-02-14,quantile,0.15,1102.354734012447
2026-02-14,12,0,wk inc flu hosp,2026-02-14,quantile,0.2,1175.0
2026-02-14,12,0,wk inc flu hosp,2026-02-14,quantile,0.25,1202.0
2026-02-14,12,0,wk inc flu hosp,2026-02-14,quantile,0.3,1226.0
2026-02-14,12,0,wk inc flu hosp,2026-02-14,quantile,0.35,1288.7207476438953
2026-02-14,12,0,wk inc flu hosp,2026-02-14,quantile,0.4,1373.74145480499
2026-02-14,12,0,wk inc flu hosp,2026-02-14,quantile,0.45,1468.8088618801924
2026-02-14,12,0,wk inc flu hosp,2026-02-14,quantile,0.5,1546.0
2026-02-14,12,0,wk inc flu hosp,2026-02-14,quantile,0.55,1569.0
2026-02-14,12,0,wk inc flu hosp,2026-02-14,quantile,0.6,1591.0
2026-02-14,12,0,wk inc flu hosp,2026-02-14,quantile,0.65,1615.0
2026-02-14,12,0,wk inc flu hosp,2026-02-14,quantile,0.7,1644.0
2026-02-14,12,0,wk inc flu hosp,2026-02-14,quantile,0.75,1674.0
2026-02-14,12,0,wk inc flu hosp,2026-02-14,quantile,0.8,1703.0
2026-02-14,12,0,wk inc flu hosp,2026-02-14,quantile,0.85,1735.0
2026-02-14,12,0,wk inc flu hosp,2026-02-14,quantile,0.9,1778.0
2026-02-14,12,0,wk inc flu hosp,2026-02-14,quantile,0.95,1885.0
2026-02-14,12,0,wk inc flu hosp,2026-02-14,quantile,0.975,2004.0
2026-02-14,12,0,wk inc flu hosp,2026-02-14,quantile,0.99,2070.625298224604
2026-02-14,12,1,wk inc flu hosp,2026-02-21,quantile,0.01,610.0
2026-02-14,12,1,wk inc flu hosp,2026-02-21,quantile,0.025,682.0
2026-02-14,12,1,wk inc flu hosp,2026-02-21,quantile,0.05,766.0
2026-02-14,12,1,wk inc flu hosp,2026-02-21,quantile,0.1,839.0
2026-02-14,12,1,wk inc flu hosp,2026-02-21,quantile,0.15,860.0
2026-02-14,12,1,wk inc flu hosp,2026-02-21,quantile,0.2,900.0
2026-02-14,12,1,wk inc flu hosp,2026-02-21,quantile,0.25,935.0
2026-02-14,12,1,wk inc flu hosp,2026-02-21,quantile,0.3,970.0
2026-02-14,12,1,wk inc flu hosp,2026-02-21,quantile,0.35,998.0
2026-02-14,12,1,wk inc flu hosp,2026-02-21,quantile,0.4,1010.0
2026-02-14,12,1,wk inc flu hosp,2026-02-21,quantile,0.45,1075.6505621662673
2026-02-14,12,1,wk inc flu hosp,2026-02-21,quantile,0.5,1184.498323840596
2026-02-14,12,1,wk inc flu hosp,2026-02-21,quantile,0.55,1280.289676870709
2026-02-14,12,1,wk inc flu hosp,2026-02-21,quantile,0.6,1370.3892093670677
2026-02-14,12,1,wk inc flu hosp,2026-02-21,quantile,0.65,1451.8042235441346
2026-02-14,12,1,wk inc flu hosp,2026-02-21,quantile,0.7,1533.268393356496
2026-02-14,12,1,wk inc flu hosp,2026-02-21,quantile,0.75,1575.0
2026-02-14,12,1,wk inc flu hosp,2026-02-21,quantile,0.8,1613.0
2026-02-14,12,1,wk inc flu hosp,2026-02-21,quantile,0.85,1684.5027193020942
2026-02-14,12,1,wk inc flu hosp,2026-02-21,quantile,0.9,1776.0
2026-02-14,12,1,wk inc flu hosp,2026-02-21,quantile,0.95,1891.0
2026-02-14,12,1,wk inc flu hosp,2026-02-21,quantile,0.975,1993.0
2026-02-14,12,1,wk inc flu hosp,2026-02-21,quantile,0.99,2116.0
2026-02-14,12,2,wk inc flu hosp,2026-02-28,quantile,0.01,311.0
2026-02-14,12,2,wk inc flu hosp,2026-02-28,quantile,0.025,377.0
2026-02-14,12,2,wk inc flu hosp,2026-02-28,quantile,0.05,447.0
2026-02-14,12,2,wk inc flu hosp,2026-02-28,quantile,0.1,555.0
2026-02-14,12,2,wk inc flu hosp,2026-02-28,quantile,0.15,640.0
2026-02-14,12,2,wk inc flu hosp,2026-02-28,quantile,0.2,712.0
2026-02-14,12,2,wk inc flu hosp,2026-02-28,quantile,0.25,767.0
2026-02-14,12,2,wk inc flu hosp,2026-02-28,quantile,0.3,780.0
2026-02-14,12,2,wk inc flu hosp,2026-02-28,quantile,0.35,814.0
2026-02-14,12,2,wk inc flu hosp,2026-02-28,quantile,0.4,839.0371670360221
2026-02-14,12,2,wk inc flu hosp,2026-02-28,quantile,0.45,950.5958556945786
2026-02-14,12,2,wk inc flu hosp,2026-02-28,quantile,0.5,1069.9764580099709
2026-02-14,12,2,wk inc flu hosp,2026-02-28,quantile,0.55,1181.856037158891
2026-02-14,12,2,wk inc flu hosp,2026-02-28,quantile,0.6,1256.0
2026-02-14,12,2,wk inc flu hosp,2026-02-28,quantile,0.65,1277.0
2026-02-14,12,2,wk inc flu hosp,2026-02-28,quantile,0.7,1302.0
2026-02-14,12,2,wk inc flu hosp,2026-02-28,quantile,0.75,1326.0
2026-02-14,12,2,wk inc flu hosp,2026-02-28,quantile,0.8,1394.4047778301397
2026-02-14,12,2,wk inc flu hosp,2026-02-28,quantile,0.85,1659.6700899324724
2026-02-14,12,2,wk inc flu hosp,2026-02-28,quantile,0.9,1816.0
2026-02-14,12,2,wk inc flu hosp,2026-02-28,quantile,0.95,1963.0
2026-02-14,12,2,wk inc flu hosp,2026-02-28,quantile,0.975,2096.0
2026-02-14,12,2,wk inc flu hosp,2026-02-28,quantile,0.99,2255.0
2026-02-14,12,3,wk inc flu hosp,2026-03-07,quantile,0.01,189.0
2026-02-14,12,3,wk inc flu hosp,2026-03-07,quantile,0.025,222.0098335937404
2026-02-14,12,3,wk inc flu hosp,2026-03-07,quantile,0.05,261.4139503100154
2026-02-14,12,3,wk inc flu hosp,2026-03-07,quantile,0.1,318.0
2026-02-14,12,3,wk inc flu hosp,2026-03-07,quantile,0.15,381.0
2026-02-14,12,3,wk inc flu hosp,2026-03-07,quantile,0.2,438.0
2026-02-14,12,3,wk inc flu hosp,2026-03-07,quantile,0.25,491.0
2026-02-14,12,3,wk inc flu hosp,2026-03-07,quantile,0.3,551.0
2026-02-14,12,3,wk inc flu hosp,2026-03-07,quantile,0.35,606.0
2026-02-14,12,3,wk inc flu hosp,2026-03-07,quantile,0.4,665.0
2026-02-14,12,3,wk inc flu hosp,2026-03-07,quantile,0.45,724.0
2026-02-14,12,3,wk inc flu hosp,2026-03-07,quantile,0.5,792.0
2026-02-14,12,3,wk inc flu hosp,2026-03-07,quantile,0.55,860.0
2026-02-14,12,3,wk inc flu hosp,2026-03-07,quantile,0.6,932.0
2026-02-14,12,3,wk inc flu hosp,2026-03-07,quantile,0.65,1014.0
2026-02-14,12,3,wk inc flu hosp,2026-03-07,quantile,0.7,1101.0
2026-02-14,12,3,wk inc flu hosp,2026-03-07,quantile,0.75,1161.274501311363
2026-02-14,12,3,wk inc flu hosp,2026-03-07,quantile,0.8,1315.0
2026-02-14,12,3,wk inc flu hosp,2026-03-07,quantile,0.85,1465.0
2026-02-14,12,3,wk inc flu hosp,2026-03-07,quantile,0.9,1673.0
2026-02-14,12,3,wk inc flu hosp,2026-03-07,quantile,0.95,1974.0
2026-02-14,12,3,wk inc flu hosp,2026-03-07,quantile,0.975,2238.0
2026-02-14,12,3,wk inc flu hosp,2026-03-07,quantile,0.99,2463.0
2026-02-14,13,0,wk inc flu hosp,2026-02-14,quantile,0.01,179.0
2026-02-14,13,0,wk inc flu hosp,2026-02-14,quantile,0.025,185.0
2026-02-14,13,0,wk inc flu hosp,2026-02-14,quantile,0.05,200.0
2026-02-14,13,0,wk inc flu hosp,2026-02-14,quantile,0.1,206.0
2026-02-14,13,0,wk inc flu hosp,2026-02-14,quantile,0.15,220.0
2026-02-14,13,0,wk inc flu hosp,2026-02-14,quantile,0.2,237.0
2026-02-14,13,0,wk inc flu hosp,2026-02-14,quantile,0.25,244.0
2026-02-14,13,0,wk inc flu hosp,2026-02-14,quantile,0.3,252.0
2026-02-14,13,0,wk inc flu hosp,2026-02-14,quantile,0.35,260.14405212896867
2026-02-14,13,0,wk inc flu hosp,2026-02-14,quantile,0.4,272.87112065571165
2026-02-14,13,0,wk inc flu hosp,2026-02-14,quantile,0.45,288.4056620465121
2026-02-14,13,0,wk inc flu hosp,2026-02-14,quantile,0.5,307.5185118430097
2026-02-14,13,0,wk inc flu hosp,2026-02-14,quantile,0.55,325.81051580311544
2026-02-14,13,0,wk inc flu hosp,2026-02-14,quantile,0.6,349.75040550334563
2026-02-14,13,0,wk inc flu hosp,2026-02-14,quantile,0.65,361.0
2026-02-14,13,0,wk inc flu hosp,2026-02-14,quantile,0.7,373.0
2026-02-14,13,0,wk inc flu hosp,2026-02-14,quantile,0.75,386.0
2026-02-14,13,0,wk inc flu hosp,2026-02-14,quantile,0.8,401.0
2026-02-14,13,0,wk inc flu hosp,2026-02-14,quantile,0.85,417.0
2026-02-14,13,0,wk inc flu hosp,2026-02-14,quantile,0.9,438.0
2026-02-14,13,0,wk inc flu hosp,2026-02-14,quantile,0.95,472.0
2026-02-14,13,0,wk inc flu hosp,2026-02-14,quantile,0.975,500.0
2026-02-14,13,0,wk inc flu hosp,2026-02-14,quantile,0.99,536.0
2026-02-14,13,1,wk inc flu hosp,2026-02-21,quantile,0.01,93.318115234375
2026-02-14,13,1,wk inc flu hosp,2026-02-21,quantile,0.025,104.72407033167453
2026-02-14,13,1,wk inc flu hosp,2026-02-21,quantile,0.05,118.85237690726989
2026-02-14,13,1,wk inc flu hosp,2026-02-21,quantile,0.1,139.83857649792253
2026-02-14,13,1,wk inc flu hosp,2026-02-21,quantile,0.15,162.8737494674168
2026-02-14,13,1,wk inc flu hosp,2026-02-21,quantile,0.2,177.23031622002574
2026-02-14,13,1,wk inc flu hosp,2026-02-21,quantile,0.25,192.37715352904917
2026-02-14,13,1,wk inc flu hosp,2026-02-21,quantile,0.3,208.50520584002493
2026-02-14,13,1,wk inc flu hosp,2026-02-21,quantile,0.35,224.4920046647845
2026-02-14,13,1,wk inc flu hosp,2026-02-21,quantile,0.4,240.56131899900197
2026-02-14,13,1,wk inc flu hosp,2026-02-21,quantile,0.45,255.0
2026-02-14,13,1,wk inc flu hosp,2026-02-21,quantile,0.5,270.0
2026-02-14,13,1,wk inc flu hosp,2026-02-21,quantile,0.55,285.0
2026-02-14,13,1,wk inc flu hosp,2026-02-21,quantile,0.6,302.0
2026-02-14,13,1,wk inc flu hosp,2026-02-21,quantile,0.65,320.0
2026-02-14,13,1,wk inc flu hosp,2026-02-21,quantile,0.7,340.0
2026-02-14,13,1,wk inc flu hosp,2026-02-21,quantile,0.75,364.0
2026-02-14,13,1,wk inc flu hosp,2026-02-21,quantile,0.8,389.0
2026-02-14,13,1,wk inc flu hosp,2026-02-21,quantile,0.85,423.0
2026-02-14,13,1,wk inc flu hosp,2026-02-21,quantile,0.9,467.0
2026-02-14,13,1,wk inc flu hosp,2026-02-21,quantile,0.95,537.0
2026-02-14,13,1,wk inc flu hosp,2026-02-21,quantile,0.975,601.0
2026-02-14,13,1,wk inc flu hosp,2026-02-21,quantile,0.99,666.0
2026-02-14,13,2,wk inc flu hosp,2026-02-28,quantile,0.01,52.85491180419922
2026-02-14,13,2,wk inc flu hosp,2026-02-28,quantile,0.025,59.80735778808594
2026-02-14,13,2,wk inc flu hosp,2026-02-28,quantile,0.05,78.26315969742568
2026-02-14,13,2,wk inc flu hosp,2026-02-28,quantile,0.1,103.07070374584366
2026-02-14,13,2,wk inc flu hosp,2026-02-28,quantile,0.15,120.10652690482485
2026-02-14,13,2,wk inc flu hosp,2026-02-28,quantile,0.2,129.0
2026-02-14,13,2,wk inc flu hosp,2026-02-28,quantile,0.25,137.0
2026-02-14,13,2,wk inc flu hosp,2026-02-28,quantile,0.3,143.0
2026-02-14,13,2,wk inc flu hosp,2026-02-28,quantile,0.35,156.0
2026-02-14,13,2,wk inc flu hosp,2026-02-28,quantile,0.4,165.0
2026-02-14,13,2,wk inc flu hosp,2026-02-28,quantile,0.45,179.0
2026-02-14,13,2,wk inc flu hosp,2026-02-28,quantile,0.5,194.0
2026-02-14,13,2,wk inc flu hosp,2026-02-28,quantile,0.55,211.0
2026-02-14,13,2,wk inc flu hosp,2026-02-28,quantile,0.6,229.0
2026-02-14,13,2,wk inc flu hosp,2026-02-28,quantile,0.65,249.0
2026-02-14,13,2,wk inc flu hosp,2026-02-28,quantile,0.7,271.0
2026-02-14,13,2,wk inc flu hosp,2026-02-28,quantile,0.75,295.0
2026-02-14,13,2,wk inc flu hosp,2026-02-28,quantile,0.8,327.0
2026-02-14,13,2,wk inc flu hosp,2026-02-28,quantile,0.85,365.0
2026-02-14,13,2,wk inc flu hosp,2026-02-28,quantile,0.9,416.0
2026-02-14,13,2,wk inc flu hosp,2026-02-28,quantile,0.95,500.0
2026-02-14,13,2,wk inc flu hosp,2026-02-28,quantile,0.975,581.0
2026-02-14,13,2,wk inc flu hosp,2026-02-28,quantile,0.99,652.0
2026-02-14,13,3,wk inc flu hosp,2026-03-07,quantile,0.01,32.41493606567383
2026-02-14,13,3,wk inc flu hosp,2026-03-07,quantile,0.025,51.41365936524326
2026-02-14,13,3,wk inc flu hosp,2026-03-07,quantile,0.05,69.0
2026-02-14,13,3,wk inc flu hosp,2026-03-07,quantile,0.1,85.19512980912941
2026-02-14,13,3,wk inc flu hosp,2026-03-07,quantile,0.15,104.0
2026-02-14,13,3,wk inc flu hosp,2026-03-07,quantile,0.2,111.0
2026-02-14,13,3,wk inc flu hosp,2026-03-07,quantile,0.25,114.0
2026-02-14,13,3,wk inc flu hosp,2026-03-07,quantile,0.3,116.0
2026-02-14,13,3,wk inc flu hosp,2026-03-07,quantile,0.35,123.0
2026-02-14,13,3,wk inc flu hosp,2026-03-07,quantile,0.4,129.0
2026-02-14,13,3,wk inc flu hosp,2026-03-07,quantile,0.45,145.0
2026-02-14,13,3,wk inc flu hosp,2026-03-07,quantile,0.5,159.0
2026-02-14,13,3,wk inc flu hosp,2026-03-07,quantile,0.55,170.0
2026-02-14,13,3,wk inc flu hosp,2026-03-07,quantile,0.6,180.0
2026-02-14,13,3,wk inc flu hosp,2026-03-07,quantile,0.65,205.0
2026-02-14,13,3,wk inc flu hosp,2026-03-07,quantile,0.7,232.0
2026-02-14,13,3,wk inc flu hosp,2026-03-07,quantile,0.75,251.0
2026-02-14,13,3,wk inc flu hosp,2026-03-07,quantile,0.8,272.0
2026-02-14,13,3,wk inc flu hosp,2026-03-07,quantile,0.85,286.0
2026-02-14,13,3,wk inc flu hosp,2026-03-07,quantile,0.9,327.0
2026-02-14,13,3,wk inc flu hosp,2026-03-07,quantile,0.95,391.0
2026-02-14,13,3,wk inc flu hosp,2026-03-07,quantile,0.975,460.0
2026-02-14,13,3,wk inc flu hosp,2026-03-07,quantile,0.99,525.0
2026-02-14,15,0,wk inc flu hosp,2026-02-14,quantile,0.01,9.0
2026-02-14,15,0,wk inc flu hosp,2026-02-14,quantile,0.025,10.288808613277384
2026-02-14,15,0,wk inc flu hosp,2026-02-14,quantile,0.05,12.0
2026-02-14,15,0,wk inc flu hosp,2026-02-14,quantile,0.1,13.0
2026-02-14,15,0,wk inc flu hosp,2026-02-14,quantile,0.15,14.0
2026-02-14,15,0,wk inc flu hosp,2026-02-14,quantile,0.2,14.182657058998172
2026-02-14,15,0,wk inc flu hosp,2026-02-14,quantile,0.25,16.05332625928259
2026-02-14,15,0,wk inc flu hosp,2026-02-14,quantile,0.3,17.778675938974708
2026-02-14,15,0,wk inc flu hosp,2026-02-14,quantile,0.35,19.429248185166564
2026-02-14,15,0,wk inc flu hosp,2026-02-14,quantile,0.4,21.07720459697595
2026-02-14,15,0,wk inc flu hosp,2026-02-14,quantile,0.45,22.667671231955214
2026-02-14,15,0,wk inc flu hosp,2026-02-14,quantile,0.5,24.34627224885753
2026-02-14,15,0,wk inc flu hosp,2026-02-14,quantile,0.55,25.335750579833984
2026-02-14,15,0,wk inc flu hosp,2026-02-14,quantile,0.6,26.26743507385254
2026-02-14,15,0,wk inc flu hosp,2026-02-14,quantile,0.65,27.207000732421875
2026-02-14,15,0,wk inc flu hosp,2026-02-14,quantile,0.7,28.247249603271484
2026-02-14,15,0,wk inc flu hosp,2026-02-14,quantile,0.75,29.386062622070312
2026-02-14,15,0,wk inc flu hosp,2026-02-14,quantile,0.8,30.69973373413086
2026-02-14,15,0,wk inc flu hosp,2026-02-14,quantile,0.85,32.26416015625
2026-02-14,15,0,wk inc flu hosp,2026-02-14,quantile,0.9,35.0
2026-02-14,15,0,wk inc flu hosp,2026-02-14,quantile,0.95,40.0
2026-02-14,15,0,wk inc flu hosp,2026-02-14,quantile,0.975,43.0
2026-02-14,15,0,wk inc flu hosp,2026-02-14,quantile,0.99,47.0
2026-02-14,15,1,wk inc flu hosp,2026-02-21,quantile,0.01,4.644969197925727
2026-02-14,15,1,wk inc flu hosp,2026-02-21,quantile,0.025,6.608463676987274
2026-02-14,15,1,wk inc flu hosp,2026-02-21,quantile,0.05,8.0
2026-02-14,15,1,wk inc flu hosp,2026-02-21,quantile,0.1,9.688804648893628
2026-02-14,15,1,wk inc flu hosp,2026-02-21,quantile,0.15,11.0
2026-02-14,15,1,wk inc flu hosp,2026-02-21,quantile,0.2,12.452714295590056
2026-02-14,15,1,wk inc flu hosp,2026-02-21,quantile,0.25,14.140494187229107
2026-02-14,15,1,wk inc flu hosp,2026-02-21,quantile,0.3,15.747555278860624
2026-02-14,15,1,wk inc flu hosp,2026-02-21,quantile,0.35,17.31392835359225
2026-02-14,15,1,wk inc flu hosp,2026-02-21,quantile,0.4,18.868921597920533
2026-02-14,15,1,wk inc flu hosp,2026-02-21,quantile,0.45,20.219301223754883
2026-02-14,15,1,wk inc flu hosp,2026-02-21,quantile,0.5,21.06004905700684
2026-02-14,15,1,wk inc flu hosp,2026-02-21,quantile,0.55,21.89299964904785
2026-02-14,15,1,wk inc flu hosp,2026-02-21,quantile,0.6,22.7785587310791
2026-02-14,15,1,wk inc flu hosp,2026-02-21,quantile,0.65,23.719039916992188
2026-02-14,15,1,wk inc flu hosp,2026-02-21,quantile,0.7,24.750825881958008
2026-02-14,15,1,wk inc flu hosp,2026-02-21,quantile,0.75,25.897850036621097
2026-02-14,15,1,wk inc flu hosp,2026-02-21,quantile,0.8,27.17363929748535
2026-02-14,15,1,wk inc flu hosp,2026-02-21,quantile,0.85,28.72187805175781
2026-02-14,15,1,wk inc flu hosp,2026-02-21,quantile,0.9,31.0
2026-02-14,15,1,wk inc flu hosp,2026-02-21,quantile,0.95,38.0
2026-02-14,15,1,wk inc flu hosp,2026-02-21,quantile,0.975,44.0
2026-02-14,15,1,wk inc flu hosp,2026-02-21,quantile,0.99,51.0
2026-02-14,15,2,wk inc flu hosp,2026-02-28,quantile,0.01,3.0
2026-02-14,15,2,wk inc flu hosp,2026-02-28,quantile,0.025,4.0
2026-02-14,15,2,wk inc flu hosp,2026-02-28,quantile,0.05,5.384315720967962
2026-02-14,15,2,wk inc flu hosp,2026-02-28,quantile,0.1,8.050574974622968
2026-02-14,15,2,wk inc flu hosp,2026-02-28,quantile,0.15,10.0
2026-02-14,15,2,wk inc flu hosp,2026-02-28,quantile,0.2,12.0
2026-02-14,15,2,wk inc flu hosp,2026-02-28,quantile,0.25,13.0
2026-02-14,15,2,wk inc flu hosp,2026-02-28,quantile,0.3,14.0
2026-02-14,15,2,wk inc flu hosp,2026-02-28,quantile,0.35,15.0
2026-02-14,15,2,wk inc flu hosp,2026-02-28,quantile,0.4,16.0
2026-02-14,15,2,wk inc flu hosp,2026-02-28,quantile,0.45,16.88963508605957
2026-02-14,15,2,wk inc flu hosp,2026-02-28,quantile,0.5,17.652599334716797
2026-02-14,15,2,wk inc flu hosp,2026-02-28,quantile,0.55,18.446489334106445
2026-02-14,15,2,wk inc flu hosp,2026-02-28,quantile,0.6,19.281869888305664
2026-02-14,15,2,wk inc flu hosp,2026-02-28,quantile,0.65,20.14996910095215
2026-02-14,15,2,wk inc flu hosp,2026-02-28,quantile,0.7,21.092500686645508
2026-02-14,15,2,wk inc flu hosp,2026-02-28,quantile,0.75,22.131336212158203
2026-02-14,15,2,wk inc flu hosp,2026-02-28,quantile,0.8,23.3487491607666
2026-02-14,15,2,wk inc flu hosp,2026-02-28,quantile,0.85,25.0
2026-02-14,15,2,wk inc flu hosp,2026-02-28,quantile,0.9,31.0
2026-02-14,15,2,wk inc flu hosp,2026-02-28,quantile,0.95,37.0
2026-02-14,15,2,wk inc flu hosp,2026-02-28,quantile,0.975,41.0
2026-02-14,15,2,wk inc flu hosp,2026-02-28,quantile,0.99,46.0
2026-02-14,15,3,wk inc flu hosp,2026-03-07,quantile,0.01,2.66033428401462
2026-02-14,15,3,wk inc flu hosp,2026-03-07,quantile,0.025,3.0
2026-02-14,15,3,wk inc flu hosp,2026-03-07,quantile,0.05,4.045894217728619
2026-02-14,15,3,wk inc flu hosp,2026-03-07,quantile,0.1,6.37950977849708
2026-02-14,15,3,wk inc flu hosp,2026-03-07,quantile,0.15,9.0
2026-02-14,15,3,wk inc flu hosp,2026-03-07,quantile,0.2,10.405275344848633
2026-02-14,15,3,wk inc flu hosp,2026-03-07,quantile,0.25,11.22536277770996
2026-02-14,15,3,wk inc flu hosp,2026-03-07,quantile,0.3,11.99163055419922
2026-02-14,15,3,wk inc flu hosp,2026-03-07,quantile,0.35,12.72841453552246
2026-02-14,15,3,wk inc flu hosp,2026-03-07,quantile,0.4,13.41703987121582
2026-02-14,15,3,wk inc flu hosp,2026-03-07,quantile,0.45,14.145164489746094
2026-02-14,15,3,wk inc flu hosp,2026-03-07,quantile,0.5,14.892149925231934
2026-02-14,15,3,wk inc flu hosp,2026-03-07,quantile,0.55,15.672499656677246
2026-02-14,15,3,wk inc flu hosp,2026-03-07,quantile,0.6,16.437801361083984
2026-02-14,15,3,wk inc flu hosp,2026-03-07,quantile,0.65,17.272401809692383
2026-02-14,15,3,wk inc flu hosp,2026-03-07,quantile,0.7,18.17977905273437
2026-02-14,15,3,wk inc flu hosp,2026-03-07,quantile,0.75,19.18035125732422
2026-02-14,15,3,wk inc flu hosp,2026-03-07,quantile,0.8,20.38759994506836
2026-02-14,15,3,wk inc flu hosp,2026-03-07,quantile,0.85,21.813514709472656
2026-02-14,15,3,wk inc flu hosp,2026-03-07,quantile,0.9,26.0
2026-02-14,15,3,wk inc flu hosp,2026-03-07,quantile,0.95,36.0
2026-02-14,15,3,wk inc flu hosp,2026-03-07,quantile,0.975,44.0
2026-02-14,15,3,wk inc flu hosp,2026-03-07,quantile,0.99,54.0
2026-02-14,16,0,wk inc flu hosp,2026-02-14,quantile,0.01,46.58705520629883
2026-02-14,16,0,wk inc flu hosp,2026-02-14,quantile,0.025,50.23624038696289
2026-02-14,16,0,wk inc flu hosp,2026-02-14,quantile,0.05,53.696537017822266
2026-02-14,16,0,wk inc flu hosp,2026-02-14,quantile,0.1,60.0
2026-02-14,16,0,wk inc flu hosp,2026-02-14,quantile,0.15,65.0
2026-02-14,16,0,wk inc flu hosp,2026-02-14,quantile,0.2,69.0
2026-02-14,16,0,wk inc flu hosp,2026-02-14,quantile,0.25,72.0
2026-02-14,16,0,wk inc flu hosp,2026-02-14,quantile,0.3,77.22795217637953
2026-02-14,16,0,wk inc flu hosp,2026-02-14,quantile,0.35,82.98895112986672
2026-02-14,16,0,wk inc flu hosp,2026-02-14,quantile,0.4,88.0
2026-02-14,16,0,wk inc flu hosp,2026-02-14,quantile,0.45,93.52251286112072
2026-02-14,16,0,wk inc flu hosp,2026-02-14,quantile,0.5,99.01899534996004
2026-02-14,16,0,wk inc flu hosp,2026-02-14,quantile,0.55,103.0
2026-02-14,16,0,wk inc flu hosp,2026-02-14,quantile,0.6,105.0
2026-02-14,16,0,wk inc flu hosp,2026-02-14,quantile,0.65,108.0
2026-02-14,16,0,wk inc flu hosp,2026-02-14,quantile,0.7,111.0
2026-02-14,16,0,wk inc flu hosp,2026-02-14,quantile,0.75,114.0
2026-02-14,16,0,wk inc flu hosp,2026-02-14,quantile,0.8,117.0
2026-02-14,16,0,wk inc flu hosp,2026-02-14,quantile,0.85,123.0
2026-02-14,16,0,wk inc flu hosp,2026-02-14,quantile,0.9,127.0
2026-02-14,16,0,wk inc flu hosp,2026-02-14,quantile,0.95,134.0
2026-02-14,16,0,wk inc flu hosp,2026-02-14,quantile,0.975,142.0
2026-02-14,16,0,wk inc flu hosp,2026-02-14,quantile,0.99,149.0
2026-02-14,16,1,wk inc flu hosp,2026-02-21,quantile,0.01,26.0629940032959
2026-02-14,16,1,wk inc flu hosp,2026-02-21,quantile,0.025,30.697721629985484
2026-02-14,16,1,wk inc flu hosp,2026-02-21,quantile,0.05,37.74202228129112
2026-02-14,16,1,wk inc flu hosp,2026-02-21,quantile,0.1,46.7659031578868
2026-02-14,16,1,wk inc flu hosp,2026-02-21,quantile,0.15,53.40021414407006
2026-02-14,16,1,wk inc flu hosp,2026-02-21,quantile,0.2,58.98669198474199
2026-02-14,16,1,wk inc flu hosp,2026-02-21,quantile,0.25,62.0
2026-02-14,16,1,wk inc flu hosp,2026-02-21,quantile,0.3,68.67798761835581
2026-02-14,16,1,wk inc flu hosp,2026-02-21,quantile,0.35,73.0
2026-02-14,16,1,wk inc flu hosp,2026-02-21,quantile,0.4,77.0
2026-02-14,16,1,wk inc flu hosp,2026-02-21,quantile,0.45,81.0
2026-02-14,16,1,wk inc flu hosp,2026-02-21,quantile,0.5,85.0
2026-02-14,16,1,wk inc flu hosp,2026-02-21,quantile,0.55,87.0
2026-02-14,16,1,wk inc flu hosp,2026-02-21,quantile,0.6,91.92030102274244
2026-02-14,16,1,wk inc flu hosp,2026-02-21,quantile,0.65,100.03492358726253
2026-02-14,16,1,wk inc flu hosp,2026-02-21,quantile,0.7,105.96419170355352
2026-02-14,16,1,wk inc flu hosp,2026-02-21,quantile,0.75,111.95876649763773
2026-02-14,16,1,wk inc flu hosp,2026-02-21,quantile,0.8,118.82809243529184
2026-02-14,16,1,wk inc flu hosp,2026-02-21,quantile,0.85,127.09325208908446
2026-02-14,16,1,wk inc flu hosp,2026-02-21,quantile,0.9,137.88746398901512
2026-02-14,16,1,wk inc flu hosp,2026-02-21,quantile,0.95,152.0
2026-02-14,16,1,wk inc flu hosp,2026-02-21,quantile,0.975,165.0
2026-02-14,16,1,wk inc flu hosp,2026-02-21,quantile,0.99,181.0
2026-02-14,16,2,wk inc flu hosp,2026-02-28,quantile,0.01,14.415917086937853
2026-02-14,16,2,wk inc flu hosp,2026-02-28,quantile,0.025,20.0
2026-02-14,16,2,wk inc flu hosp,2026-02-28,quantile,0.05,26.0
2026-02-14,16,2,wk inc flu hosp,2026-02-28,quantile,0.1,34.0
2026-02-14,16,2,wk inc flu hosp,2026-02-28,quantile,0.15,39.0
2026-02-14,16,2,wk inc flu hosp,2026-02-28,quantile,0.2,44.0
2026-02-14,16,2,wk inc flu hosp,2026-02-28,quantile,0.25,49.0
2026-02-14,16,2,wk inc flu hosp,2026-02-28,quantile,0.3,53.0
2026-02-14,16,2,wk inc flu hosp,2026-02-28,quantile,0.35,57.0
2026-02-14,16,2,wk inc flu hosp,2026-02-28,quantile,0.4,61.72938953116536
2026-02-14,16,2,wk inc flu hosp,2026-02-28,quantile,0.45,68.0738546707565
2026-02-14,16,2,wk inc flu hosp,2026-02-28,quantile,0.5,72.0
2026-02-14,16,2,wk inc flu hosp,2026-02-28,quantile,0.55,76.0
2026-02-14,16,2,wk inc flu hosp,2026-02-28,quantile,0.6,79.0
2026-02-14,16,2,wk inc flu hosp,2026-02-28,quantile,0.65,82.0
2026-02-14,16,2,wk inc flu hosp,2026-02-28,quantile,0.7,89.0
2026-02-14,16,2,wk inc flu hosp,2026-02-28,quantile,0.75,92.0
2026-02-14,16,2,wk inc flu hosp,2026-02-28,quantile,0.8,99.0
2026-02-14,16,2,wk inc flu hosp,2026-02-28,quantile,0.85,113.0
2026-02-14,16,2,wk inc flu hosp,2026-02-28,quantile,0.9,122.0
2026-02-14,16,2,wk inc flu hosp,2026-02-28,quantile,0.95,132.0
2026-02-14,16,2,wk inc flu hosp,2026-02-28,quantile,0.975,147.0
2026-02-14,16,2,wk inc flu hosp,2026-02-28,quantile,0.99,165.0
2026-02-14,16,3,wk inc flu hosp,2026-03-07,quantile,0.01,10.0
2026-02-14,16,3,wk inc flu hosp,2026-03-07,quantile,0.025,14.0
2026-02-14,16,3,wk inc flu hosp,2026-03-07,quantile,0.05,18.0
2026-02-14,16,3,wk inc flu hosp,2026-03-07,quantile,0.1,24.0
2026-02-14,16,3,wk inc flu hosp,2026-03-07,quantile,0.15,30.0
2026-02-14,16,3,wk inc flu hosp,2026-03-07,quantile,0.2,35.0
2026-02-14,16,3,wk inc flu hosp,2026-03-07,quantile,0.25,41.0
2026-02-14,16,3,wk inc flu hosp,2026-03-07,quantile,0.3,47.0
2026-02-14,16,3,wk inc flu hosp,2026-03-07,quantile,0.35,53.0
2026-02-14,16,3,wk inc flu hosp,2026-03-07,quantile,0.4,58.0
2026-02-14,16,3,wk inc flu hosp,2026-03-07,quantile,0.45,61.0
2026-02-14,16,3,wk inc flu hosp,2026-03-07,quantile,0.5,64.0
2026-02-14,16,3,wk inc flu hosp,2026-03-07,quantile,0.55,65.0
2026-02-14,16,3,wk inc flu hosp,2026-03-07,quantile,0.6,70.0
2026-02-14,16,3,wk inc flu hosp,2026-03-07,quantile,0.65,72.0
2026-02-14,16,3,wk inc flu hosp,2026-03-07,quantile,0.7,74.0
2026-02-14,16,3,wk inc flu hosp,2026-03-07,quantile,0.75,76.0
2026-02-14,16,3,wk inc flu hosp,2026-03-07,quantile,0.8,100.45445826479452
2026-02-14,16,3,wk inc flu hosp,2026-03-07,quantile,0.85,131.0
2026-02-14,16,3,wk inc flu hosp,2026-03-07,quantile,0.9,143.0
2026-02-14,16,3,wk inc flu hosp,2026-03-07,quantile,0.95,163.0
2026-02-14,16,3,wk inc flu hosp,2026-03-07,quantile,0.975,181.0
2026-02-14,16,3,wk inc flu hosp,2026-03-07,quantile,0.99,204.0
2026-02-14,17,0,wk inc flu hosp,2026-02-14,quantile,0.01,230.0
2026-02-14,17,0,wk inc flu hosp,2026-02-14,quantile,0.025,265.0
2026-02-14,17,0,wk inc flu hosp,2026-02-14,quantile,0.05,296.0
2026-02-14,17,0,wk inc flu hosp,2026-02-14,quantile,0.1,333.0
2026-02-14,17,0,wk inc flu hosp,2026-02-14,quantile,0.15,344.0
2026-02-14,17,0,wk inc flu hosp,2026-02-14,quantile,0.2,357.0
2026-02-14,17,0,wk inc flu hosp,2026-02-14,quantile,0.25,366.0
2026-02-14,17,0,wk inc flu hosp,2026-02-14,quantile,0.3,384.0
2026-02-14,17,0,wk inc flu hosp,2026-02-14,quantile,0.35,399.0
2026-02-14,17,0,wk inc flu hosp,2026-02-14,quantile,0.4,415.0
2026-02-14,17,0,wk inc flu hosp,2026-02-14,quantile,0.45,424.0
2026-02-14,17,0,wk inc flu hosp,2026-02-14,quantile,0.5,443.7045832547204
2026-02-14,17,0,wk inc flu hosp,2026-02-14,quantile,0.55,469.4206896050039
2026-02-14,17,0,wk inc flu hosp,2026-02-14,quantile,0.6,499.203670458183
2026-02-14,17,0,wk inc flu hosp,2026-02-14,quantile,0.65,527.0
2026-02-14,17,0,wk inc flu hosp,2026-02-14,quantile,0.7,545.0
2026-02-14,17,0,wk inc flu hosp,2026-02-14,quantile,0.75,566.0
2026-02-14,17,0,wk inc flu hosp,2026-02-14,quantile,0.8,588.0
2026-02-14,17,0,wk inc flu hosp,2026-02-14,quantile,0.85,617.0
2026-02-14,17,0,wk inc flu hosp,2026-02-14,quantile,0.9,649.0
2026-02-14,17,0,wk inc flu hosp,2026-02-14,quantile,0.95,705.0
2026-02-14,17,0,wk inc flu hosp,2026-02-14,quantile,0.975,745.0
2026-02-14,17,0,wk inc flu hosp,2026-02-14,quantile,0.99,853.0
2026-02-14,17,1,wk inc flu hosp,2026-02-21,quantile,0.01,87.60824205639422
2026-02-14,17,1,wk inc flu hosp,2026-02-21,quantile,0.025,117.41033520328988
2026-02-14,17,1,wk inc flu hosp,2026-02-21,quantile,0.05,154.48149577425608
2026-02-14,17,1,wk inc flu hosp,2026-02-21,quantile,0.1,203.5247024507587
2026-02-14,17,1,wk inc flu hosp,2026-02-21,quantile,0.15,248.44551913692075
2026-02-14,17,1,wk inc flu hosp,2026-02-21,quantile,0.2,275.0
2026-02-14,17,1,wk inc flu hosp,2026-02-21,quantile,0.25,300.5370806103064
2026-02-14,17,1,wk inc flu hosp,2026-02-21,quantile,0.3,318.0
2026-02-14,17,1,wk inc flu hosp,2026-02-21,quantile,0.35,339.4951346650992
2026-02-14,17,1,wk inc flu hosp,2026-02-21,quantile,0.4,358.02429361738166
2026-02-14,17,1,wk inc flu hosp,2026-02-21,quantile,0.45,381.6412548970902
2026-02-14,17,1,wk inc flu hosp,2026-02-21,quantile,0.5,410.9510848887634
2026-02-14,17,1,wk inc flu hosp,2026-02-21,quantile,0.55,443.5055747449112
2026-02-14,17,1,wk inc flu hosp,2026-02-21,quantile,0.6,479.8725559359154
2026-02-14,17,1,wk inc flu hosp,2026-02-21,quantile,0.65,511.0
2026-02-14,17,1,wk inc flu hosp,2026-02-21,quantile,0.7,546.0
2026-02-14,17,1,wk inc flu hosp,2026-02-21,quantile,0.75,583.5867294518873
2026-02-14,17,1,wk inc flu hosp,2026-02-21,quantile,0.8,625.1346143474897
2026-02-14,17,1,wk inc flu hosp,2026-02-21,quantile,0.85,675.3668096675847
2026-02-14,17,1,wk inc flu hosp,2026-02-21,quantile,0.9,741.3278647587466
2026-02-14,17,1,wk inc flu hosp,2026-02-21,quantile,0.95,844.7443817099835
2026-02-14,17,1,wk inc flu hosp,2026-02-21,quantile,0.975,939.9092944609084
2026-02-14,17,1,wk inc flu hosp,2026-02-21,quantile,0.99,1056.9439411422145
2026-02-14,17,2,wk inc flu hosp,2026-02-28,quantile,0.01,52.0
2026-02-14,17,2,wk inc flu hosp,2026-02-28,quantile,0.025,61.0
2026-02-14,17,2,wk inc flu hosp,2026-02-28,quantile,0.05,94.85222685412612
2026-02-14,17,2,wk inc flu hosp,2026-02-28,quantile,0.1,130.0
2026-02-14,17,2,wk inc flu hosp,2026-02-28,quantile,0.15,156.0
2026-02-14,17,2,wk inc flu hosp,2026-02-28,quantile,0.2,184.9088806414379
2026-02-14,17,2,wk inc flu hosp,2026-02-28,quantile,0.25,220.575318145248
2026-02-14,17,2,wk inc flu hosp,2026-02-28,quantile,0.3,247.0
2026-02-14,17,2,wk inc flu hosp,2026-02-28,quantile,0.35,258.0
2026-02-14,17,2,wk inc flu hosp,2026-02-28,quantile,0.4,283.0
2026-02-14,17,2,wk inc flu hosp,2026-02-28,quantile,0.45,298.0
2026-02-14,17,2,wk inc flu hosp,2026-02-28,quantile,0.5,318.5214924262033
2026-02-14,17,2,wk inc flu hosp,2026-02-28,quantile,0.55,345.27000334818104
2026-02-14,17,2,wk inc flu hosp,2026-02-28,quantile,0.6,374.5463172695246
2026-02-14,17,2,wk inc flu hosp,2026-02-28,quantile,0.65,406.0699132768237
2026-02-14,17,2,wk inc flu hosp,2026-02-28,quantile,0.7,442.8190475233936
2026-02-14,17,2,wk inc flu hosp,2026-02-28,quantile,0.75,487.29546791131935
2026-02-14,17,2,wk inc flu hosp,2026-02-28,quantile,0.8,542.054517631282
2026-02-14,17,2,wk inc flu hosp,2026-02-28,quantile,0.85,610.9200220933873
2026-02-14,17,2,wk inc flu hosp,2026-02-28,quantile,0.9,684.0
2026-02-14,17,2,wk inc flu hosp,2026-02-28,quantile,0.95,775.0
2026-02-14,17,2,wk inc flu hosp,2026-02-28,quantile,0.975,859.0
2026-02-14,17,2,wk inc flu hosp,2026-02-28,quantile,0.99,962.0
2026-02-14,17,3,wk inc flu hosp,2026-03-07,quantile,0.01,25.0
2026-02-14,17,3,wk inc flu hosp,2026-03-07,quantile,0.025,36.0
2026-02-14,17,3,wk inc flu hosp,2026-03-07,quantile,0.05,49.0
2026-02-14,17,3,wk inc flu hosp,2026-03-07,quantile,0.1,72.0
2026-02-14,17,3,wk inc flu hosp,2026-03-07,quantile,0.15,103.98808980714816
2026-02-14,17,3,wk inc flu hosp,2026-03-07,quantile,0.2,172.01135634893996
2026-02-14,17,3,wk inc flu hosp,2026-03-07,quantile,0.25,197.0
2026-02-14,17,3,wk inc flu hosp,2026-03-07,quantile,0.3,216.0
2026-02-14,17,3,wk inc flu hosp,2026-03-07,quantile,0.35,230.0
2026-02-14,17,3,wk inc flu hosp,2026-03-07,quantile,0.4,243.0
2026-02-14,17,3,wk inc flu hosp,2026-03-07,quantile,0.45,251.0
2026-02-14,17,3,wk inc flu hosp,2026-03-07,quantile,0.5,259.0
2026-02-14,17,3,wk inc flu hosp,2026-03-07,quantile,0.55,286.0
2026-02-14,17,3,wk inc flu hosp,2026-03-07,quantile,0.6,321.0
2026-02-14,17,3,wk inc flu hosp,2026-03-07,quantile,0.65,365.0
2026-02-14,17,3,wk inc flu hosp,2026-03-07,quantile,0.7,413.0
2026-02-14,17,3,wk inc flu hosp,2026-03-07,quantile,0.75,469.0
2026-02-14,17,3,wk inc flu hosp,2026-03-07,quantile,0.8,540.0
2026-02-14,17,3,wk inc flu hosp,2026-03-07,quantile,0.85,632.0
2026-02-14,17,3,wk inc flu hosp,2026-03-07,quantile,0.9,757.8610827801385
2026-02-14,17,3,wk inc flu hosp,2026-03-07,quantile,0.95,910.6695995016844
2026-02-14,17,3,wk inc flu hosp,2026-03-07,quantile,0.975,1094.1795331620551
2026-02-14,17,3,wk inc flu hosp,2026-03-07,quantile,0.99,1333.0
2026-02-14,18,0,wk inc flu hosp,2026-02-14,quantile,0.01,200.0
2026-02-14,18,0,wk inc flu hosp,2026-02-14,quantile,0.025,204.0
2026-02-14,18,0,wk inc flu hosp,2026-02-14,quantile,0.05,211.0
2026-02-14,18,0,wk inc flu hosp,2026-02-14,quantile,0.1,224.0
2026-02-14,18,0,wk inc flu hosp,2026-02-14,quantile,0.15,239.0
2026-02-14,18,0,wk inc flu hosp,2026-02-14,quantile,0.2,253.5651887696204
2026-02-14,18,0,wk inc flu hosp,2026-02-14,quantile,0.25,271.4327233701415
2026-02-14,18,0,wk inc flu hosp,2026-02-14,quantile,0.3,287.61795187053264
2026-02-14,18,0,wk inc flu hosp,2026-02-14,quantile,0.35,301.708922799162
2026-02-14,18,0,wk inc flu hosp,2026-02-14,quantile,0.4,315.0
2026-02-14,18,0,wk inc flu hosp,2026-02-14,quantile,0.45,327.16690625275004
2026-02-14,18,0,wk inc flu hosp,2026-02-14,quantile,0.5,346.81267882104885
2026-02-14,18,0,wk inc flu hosp,2026-02-14,quantile,0.55,362.5773685110564
2026-02-14,18,0,wk inc flu hosp,2026-02-14,quantile,0.6,377.0
2026-02-14,18,0,wk inc flu hosp,2026-02-14,quantile,0.65,388.0
2026-02-14,18,0,wk inc flu hosp,2026-02-14,quantile,0.7,401.0
2026-02-14,18,0,wk inc flu hosp,2026-02-14,quantile,0.75,414.0
2026-02-14,18,0,wk inc flu hosp,2026-02-14,quantile,0.8,429.0
2026-02-14,18,0,wk inc flu hosp,2026-02-14,quantile,0.85,445.0
2026-02-14,18,0,wk inc flu hosp,2026-02-14,quantile,0.9,465.0
2026-02-14,18,0,wk inc flu hosp,2026-02-14,quantile,0.95,496.0
2026-02-14,18,0,wk inc flu hosp,2026-02-14,quantile,0.975,524.0
2026-02-14,18,0,wk inc flu hosp,2026-02-14,quantile,0.99,557.0
2026-02-14,18,1,wk inc flu hosp,2026-02-21,quantile,0.01,87.98925681331629
2026-02-14,18,1,wk inc flu hosp,2026-02-21,quantile,0.025,109.9129778056299
2026-02-14,18,1,wk inc flu hosp,2026-02-21,quantile,0.05,132.9435899599714
2026-02-14,18,1,wk inc flu hosp,2026-02-21,quantile,0.1,162.21314491815053
2026-02-14,18,1,wk inc flu hosp,2026-02-21,quantile,0.15,183.60503402598093
2026-02-14,18,1,wk inc flu hosp,2026-02-21,quantile,0.2,190.0
2026-02-14,18,1,wk inc flu hosp,2026-02-21,quantile,0.25,208.20436410468216
2026-02-14,18,1,wk inc flu hosp,2026-02-21,quantile,0.3,226.14892087316343
2026-02-14,18,1,wk inc flu hosp,2026-02-21,quantile,0.35,243.7149400568809
2026-02-14,18,1,wk inc flu hosp,2026-02-21,quantile,0.4,260.82146204896515
2026-02-14,18,1,wk inc flu hosp,2026-02-21,quantile,0.45,274.69380067607085
2026-02-14,18,1,wk inc flu hosp,2026-02-21,quantile,0.5,288.6971145888879
2026-02-14,18,1,wk inc flu hosp,2026-02-21,quantile,0.55,303.048540426667
2026-02-14,18,1,wk inc flu hosp,2026-02-21,quantile,0.6,317.9877375646009
2026-02-14,18,1,wk inc flu hosp,2026-02-21,quantile,0.65,336.0
2026-02-14,18,1,wk inc flu hosp,2026-02-21,quantile,0.7,350.8922315828482
2026-02-14,18,1,wk inc flu hosp,2026-02-21,quantile,0.75,369.8090249833461
2026-02-14,18,1,wk inc flu hosp,2026-02-21,quantile,0.8,391.4581648914884
2026-02-14,18,1,wk inc flu hosp,2026-02-21,quantile,0.85,417.4700988483221
2026-02-14,18,1,wk inc flu hosp,2026-02-21,quantile,0.9,451.3876765256704
2026-02-14,18,1,wk inc flu hosp,2026-02-21,quantile,0.95,504.0950831380808
2026-02-14,18,1,wk inc flu hosp,2026-02-21,quantile,0.975,552.1672595957867
2026-02-14,18,1,wk inc flu hosp,2026-02-21,quantile,0.99,637.0
2026-02-14,18,2,wk inc flu hosp,2026-02-28,quantile,0.01,43.0
2026-02-14,18,2,wk inc flu hosp,2026-02-28,quantile,0.025,66.27810551874508
2026-02-14,18,2,wk inc flu hosp,2026-02-28,quantile,0.05,90.9312889222956
2026-02-14,18,2,wk inc flu hosp,2026-02-28,quantile,0.1,118.0
2026-02-14,18,2,wk inc flu hosp,2026-02-28,quantile,0.15,140.10464884860426
2026-02-14,18,2,wk inc flu hosp,2026-02-28,quantile,0.2,161.30876600712028
2026-02-14,18,2,wk inc flu hosp,2026-02-28,quantile,0.25,181.1708212884504
2026-02-14,18,2,wk inc flu hosp,2026-02-28,quantile,0.3,200.1679852237663
2026-02-14,18,2,wk inc flu hosp,2026-02-28,quantile,0.35,219.1053088742624
2026-02-14,18,2,wk inc flu hosp,2026-02-28,quantile,0.4,237.86665859418343
2026-02-14,18,2,wk inc flu hosp,2026-02-28,quantile,0.45,257.37956881970456
2026-02-14,18,2,wk inc flu hosp,2026-02-28,quantile,0.5,277.0
2026-02-14,18,2,wk inc flu hosp,2026-02-28,quantile,0.55,288.0
2026-02-14,18,2,wk inc flu hosp,2026-02-28,quantile,0.6,297.0
2026-02-14,18,2,wk inc flu hosp,2026-02-28,quantile,0.65,312.3683239668047
2026-02-14,18,2,wk inc flu hosp,2026-02-28,quantile,0.7,341.631041063078
2026-02-14,18,2,wk inc flu hosp,2026-02-28,quantile,0.75,375.493535775648
2026-02-14,18,2,wk inc flu hosp,2026-02-28,quantile,0.8,410.0
2026-02-14,18,2,wk inc flu hosp,2026-02-28,quantile,0.85,441.0
2026-02-14,18,2,wk inc flu hosp,2026-02-28,quantile,0.9,481.0
2026-02-14,18,2,wk inc flu hosp,2026-02-28,quantile,0.95,544.0
2026-02-14,18,2,wk inc flu hosp,2026-02-28,quantile,0.975,601.0
2026-02-14,18,2,wk inc flu hosp,2026-02-28,quantile,0.99,672.0
2026-02-14,18,3,wk inc flu hosp,2026-03-07,quantile,0.01,29.66727972376489
2026-02-14,18,3,wk inc flu hosp,2026-03-07,quantile,0.025,42.45226300403629
2026-02-14,18,3,wk inc flu hosp,2026-03-07,quantile,0.05,69.0
2026-02-14,18,3,wk inc flu hosp,2026-03-07,quantile,0.1,93.54779395686325
2026-02-14,18,3,wk inc flu hosp,2026-03-07,quantile,0.15,114.62378022822456
2026-02-14,18,3,wk inc flu hosp,2026-03-07,quantile,0.2,131.6998460797148
2026-02-14,18,3,wk inc flu hosp,2026-03-07,quantile,0.25,147.2086654833775
2026-02-14,18,3,wk inc flu hosp,2026-03-07,quantile,0.3,161.96794898922846
2026-02-14,18,3,wk inc flu hosp,2026-03-07,quantile,0.35,176.4846554706511
2026-02-14,18,3,wk inc flu hosp,2026-03-07,quantile,0.4,190.84997954713123
2026-02-14,18,3,wk inc flu hosp,2026-03-07,quantile,0.45,208.0
2026-02-14,18,3,wk inc flu hosp,2026-03-07,quantile,0.5,230.0
2026-02-14,18,3,wk inc flu hosp,2026-03-07,quantile,0.55,250.0
2026-02-14,18,3,wk inc flu hosp,2026-03-07,quantile,0.6,262.6850787972603
2026-02-14,18,3,wk inc flu hosp,2026-03-07,quantile,0.65,288.24130709001054
2026-02-14,18,3,wk inc flu hosp,2026-03-07,quantile,0.7,319.68926648187363
2026-02-14,18,3,wk inc flu hosp,2026-03-07,quantile,0.75,354.24747852451105
2026-02-14,18,3,wk inc flu hosp,2026-03-07,quantile,0.8,403.1755406085429
2026-02-14,18,3,wk inc flu hosp,2026-03-07,quantile,0.85,476.5501588511
2026-02-14,18,3,wk inc flu hosp,2026-03-07,quantile,0.9,532.0894517618575
2026-02-14,18,3,wk inc flu hosp,2026-03-07,quantile,0.95,618.4919506874592
2026-02-14,18,3,wk inc flu hosp,2026-03-07,quantile,0.975,698.6950963948419
2026-02-14,18,3,wk inc flu hosp,2026-03-07,quantile,0.99,798.0944319691484
2026-02-14,19,0,wk inc flu hosp,2026-02-14,quantile,0.01,101.7816925048828
2026-02-14,19,0,wk inc flu hosp,2026-02-14,quantile,0.025,107.15667724609376
2026-02-14,19,0,wk inc flu hosp,2026-02-14,quantile,0.05,112.32131958007812
2026-02-14,19,0,wk inc flu hosp,2026-02-14,quantile,0.1,119.12562561035156
2026-02-14,19,0,wk inc flu hosp,2026-02-14,quantile,0.15,135.0
2026-02-14,19,0,wk inc flu hosp,2026-02-14,quantile,0.2,145.0
2026-02-14,19,0,wk inc flu hosp,2026-02-14,quantile,0.25,151.0
2026-02-14,19,0,wk inc flu hosp,2026-02-14,quantile,0.3,156.0
2026-02-14,19,0,wk inc flu hosp,2026-02-14,quantile,0.35,160.0
2026-02-14,19,0,wk inc flu hosp,2026-02-14,quantile,0.4,164.0
2026-02-14,19,0,wk inc flu hosp,2026-02-14,quantile,0.45,168.0
2026-02-14,19,0,wk inc flu hosp,2026-02-14,quantile,0.5,172.0
2026-02-14,19,0,wk inc flu hosp,2026-02-14,quantile,0.55,180.0
2026-02-14,19,0,wk inc flu hosp,2026-02-14,quantile,0.6,183.0
2026-02-14,19,0,wk inc flu hosp,2026-02-14,quantile,0.65,187.0
2026-02-14,19,0,wk inc flu hosp,2026-02-14,quantile,0.7,204.0
2026-02-14,19,0,wk inc flu hosp,2026-02-14,quantile,0.75,210.0
2026-02-14,19,0,wk inc flu hosp,2026-02-14,quantile,0.8,216.0
2026-02-14,19,0,wk inc flu hosp,2026-02-14,quantile,0.85,224.0
2026-02-14,19,0,wk inc flu hosp,2026-02-14,quantile,0.9,233.0
2026-02-14,19,0,wk inc flu hosp,2026-02-14,quantile,0.95,247.0
2026-02-14,19,0,wk inc flu hosp,2026-02-14,quantile,0.975,259.0
2026-02-14,19,0,wk inc flu hosp,2026-02-14,quantile,0.99,272.0
2026-02-14,19,1,wk inc flu hosp,2026-02-21,quantile,0.01,56.82273864746094
2026-02-14,19,1,wk inc flu hosp,2026-02-21,quantile,0.025,62.43235397338867
2026-02-14,19,1,wk inc flu hosp,2026-02-21,quantile,0.05,67.58329772949219
2026-02-14,19,1,wk inc flu hosp,2026-02-21,quantile,0.1,97.0
2026-02-14,19,1,wk inc flu hosp,2026-02-21,quantile,0.15,105.0
2026-02-14,19,1,wk inc flu hosp,2026-02-21,quantile,0.2,114.0
2026-02-14,19,1,wk inc flu hosp,2026-02-21,quantile,0.25,121.0
2026-02-14,19,1,wk inc flu hosp,2026-02-21,quantile,0.3,129.0
2026-02-14,19,1,wk inc flu hosp,2026-02-21,quantile,0.35,136.0
2026-02-14,19,1,wk inc flu hosp,2026-02-21,quantile,0.4,143.0
2026-02-14,19,1,wk inc flu hosp,2026-02-21,quantile,0.45,150.0
2026-02-14,19,1,wk inc flu hosp,2026-02-21,quantile,0.5,157.0
2026-02-14,19,1,wk inc flu hosp,2026-02-21,quantile,0.55,165.0
2026-02-14,19,1,wk inc flu hosp,2026-02-21,quantile,0.6,170.0
2026-02-14,19,1,wk inc flu hosp,2026-02-21,quantile,0.65,179.23101445293617
2026-02-14,19,1,wk inc flu hosp,2026-02-21,quantile,0.7,191.0
2026-02-14,19,1,wk inc flu hosp,2026-02-21,quantile,0.75,200.0
2026-02-14,19,1,wk inc flu hosp,2026-02-21,quantile,0.8,213.0
2026-02-14,19,1,wk inc flu hosp,2026-02-21,quantile,0.85,228.0
2026-02-14,19,1,wk inc flu hosp,2026-02-21,quantile,0.9,248.0
2026-02-14,19,1,wk inc flu hosp,2026-02-21,quantile,0.95,277.0
2026-02-14,19,1,wk inc flu hosp,2026-02-21,quantile,0.975,299.0
2026-02-14,19,1,wk inc flu hosp,2026-02-21,quantile,0.99,322.0
2026-02-14,19,2,wk inc flu hosp,2026-02-28,quantile,0.01,32.720762087136634
2026-02-14,19,2,wk inc flu hosp,2026-02-28,quantile,0.025,41.0
2026-02-14,19,2,wk inc flu hosp,2026-02-28,quantile,0.05,49.0
2026-02-14,19,2,wk inc flu hosp,2026-02-28,quantile,0.1,60.0
2026-02-14,19,2,wk inc flu hosp,2026-02-28,quantile,0.15,68.0
2026-02-14,19,2,wk inc flu hosp,2026-02-28,quantile,0.2,76.0
2026-02-14,19,2,wk inc flu hosp,2026-02-28,quantile,0.25,84.0
2026-02-14,19,2,wk inc flu hosp,2026-02-28,quantile,0.3,91.0
2026-02-14,19,2,wk inc flu hosp,2026-02-28,quantile,0.35,99.0
2026-02-14,19,2,wk inc flu hosp,2026-02-28,quantile,0.4,106.0
2026-02-14,19,2,wk inc flu hosp,2026-02-28,quantile,0.45,113.0
2026-02-14,19,2,wk inc flu hosp,2026-02-28,quantile,0.5,122.0
2026-02-14,19,2,wk inc flu hosp,2026-02-28,quantile,0.55,131.0
2026-02-14,19,2,wk inc flu hosp,2026-02-28,quantile,0.6,142.14566214989603
2026-02-14,19,2,wk inc flu hosp,2026-02-28,quantile,0.65,152.0
2026-02-14,19,2,wk inc flu hosp,2026-02-28,quantile,0.7,161.0
2026-02-14,19,2,wk inc flu hosp,2026-02-28,quantile,0.75,173.0
2026-02-14,19,2,wk inc flu hosp,2026-02-28,quantile,0.8,190.0
2026-02-14,19,2,wk inc flu hosp,2026-02-28,quantile,0.85,210.0
2026-02-14,19,2,wk inc flu hosp,2026-02-28,quantile,0.9,233.0
2026-02-14,19,2,wk inc flu hosp,2026-02-28,quantile,0.95,250.0
2026-02-14,19,2,wk inc flu hosp,2026-02-28,quantile,0.975,279.0
2026-02-14,19,2,wk inc flu hosp,2026-02-28,quantile,0.99,327.0
2026-02-14,19,3,wk inc flu hosp,2026-03-07,quantile,0.01,16.0
2026-02-14,19,3,wk inc flu hosp,2026-03-07,quantile,0.025,21.0
2026-02-14,19,3,wk inc flu hosp,2026-03-07,quantile,0.05,26.0
2026-02-14,19,3,wk inc flu hosp,2026-03-07,quantile,0.1,34.0
2026-02-14,19,3,wk inc flu hosp,2026-03-07,quantile,0.15,41.0
2026-02-14,19,3,wk inc flu hosp,2026-03-07,quantile,0.2,47.0
2026-02-14,19,3,wk inc flu hosp,2026-03-07,quantile,0.25,54.0
2026-02-14,19,3,wk inc flu hosp,2026-03-07,quantile,0.3,60.0
2026-02-14,19,3,wk inc flu hosp,2026-03-07,quantile,0.35,66.0
2026-02-14,19,3,wk inc flu hosp,2026-03-07,quantile,0.4,73.0
2026-02-14,19,3,wk inc flu hosp,2026-03-07,quantile,0.45,80.0
2026-02-14,19,3,wk inc flu hosp,2026-03-07,quantile,0.5,87.0
2026-02-14,19,3,wk inc flu hosp,2026-03-07,quantile,0.55,100.69055743089346
2026-02-14,19,3,wk inc flu hosp,2026-03-07,quantile,0.6,111.0
2026-02-14,19,3,wk inc flu hosp,2026-03-07,quantile,0.65,118.0
2026-02-14,19,3,wk inc flu hosp,2026-03-07,quantile,0.7,135.0
2026-02-14,19,3,wk inc flu hosp,2026-03-07,quantile,0.75,140.0
2026-02-14,19,3,wk inc flu hosp,2026-03-07,quantile,0.8,155.0
2026-02-14,19,3,wk inc flu hosp,2026-03-07,quantile,0.85,175.0
2026-02-14,19,3,wk inc flu hosp,2026-03-07,quantile,0.9,203.0
2026-02-14,19,3,wk inc flu hosp,2026-03-07,quantile,0.95,251.0
2026-02-14,19,3,wk inc flu hosp,2026-03-07,quantile,0.975,291.0
2026-02-14,19,3,wk inc flu hosp,2026-03-07,quantile,0.99,335.0
2026-02-14,20,0,wk inc flu hosp,2026-02-14,quantile,0.01,115.0
2026-02-14,20,0,wk inc flu hosp,2026-02-14,quantile,0.025,121.6376953125
2026-02-14,20,0,wk inc flu hosp,2026-02-14,quantile,0.05,126.20755004882812
2026-02-14,20,0,wk inc flu hosp,2026-02-14,quantile,0.1,132.3308868408203
2026-02-14,20,0,wk inc flu hosp,2026-02-14,quantile,0.15,137.0
2026-02-14,20,0,wk inc flu hosp,2026-02-14,quantile,0.2,146.0
2026-02-14,20,0,wk inc flu hosp,2026-02-14,quantile,0.25,154.0
2026-02-14,20,0,wk inc flu hosp,2026-02-14,quantile,0.3,160.0
2026-02-14,20,0,wk inc flu hosp,2026-02-14,quantile,0.35,167.0
2026-02-14,20,0,wk inc flu hosp,2026-02-14,quantile,0.4,174.0
2026-02-14,20,0,wk inc flu hosp,2026-02-14,quantile,0.45,180.0
2026-02-14,20,0,wk inc flu hosp,2026-02-14,quantile,0.5,184.0
2026-02-14,20,0,wk inc flu hosp,2026-02-14,quantile,0.55,188.0
2026-02-14,20,0,wk inc flu hosp,2026-02-14,quantile,0.6,192.0
2026-02-14,20,0,wk inc flu hosp,2026-02-14,quantile,0.65,197.0
2026-02-14,20,0,wk inc flu hosp,2026-02-14,quantile,0.7,204.49507435676173
2026-02-14,20,0,wk inc flu hosp,2026-02-14,quantile,0.75,214.0
2026-02-14,20,0,wk inc flu hosp,2026-02-14,quantile,0.8,222.0
2026-02-14,20,0,wk inc flu hosp,2026-02-14,quantile,0.85,228.0
2026-02-14,20,0,wk inc flu hosp,2026-02-14,quantile,0.9,238.0
2026-02-14,20,0,wk inc flu hosp,2026-02-14,quantile,0.95,253.0
2026-02-14,20,0,wk inc flu hosp,2026-02-14,quantile,0.975,264.0
2026-02-14,20,0,wk inc flu hosp,2026-02-14,quantile,0.99,276.0
2026-02-14,20,1,wk inc flu hosp,2026-02-21,quantile,0.01,69.0
2026-02-14,20,1,wk inc flu hosp,2026-02-21,quantile,0.025,75.90750885009766
2026-02-14,20,1,wk inc flu hosp,2026-02-21,quantile,0.05,80.15125274658203
2026-02-14,20,1,wk inc flu hosp,2026-02-21,quantile,0.1,89.16973811930892
2026-02-14,20,1,wk inc flu hosp,2026-02-21,quantile,0.15,99.64144040740815
2026-02-14,20,1,wk inc flu hosp,2026-02-21,quantile,0.2,108.37855142309093
2026-02-14,20,1,wk inc flu hosp,2026-02-21,quantile,0.25,116.16680466195096
2026-02-14,20,1,wk inc flu hosp,2026-02-21,quantile,0.3,123.3911847689326
2026-02-14,20,1,wk inc flu hosp,2026-02-21,quantile,0.35,132.9729111768794
2026-02-14,20,1,wk inc flu hosp,2026-02-21,quantile,0.4,140.0
2026-02-14,20,1,wk inc flu hosp,2026-02-21,quantile,0.45,147.0
2026-02-14,20,1,wk inc flu hosp,2026-02-21,quantile,0.5,154.0
2026-02-14,20,1,wk inc flu hosp,2026-02-21,quantile,0.55,165.27270934411962
2026-02-14,20,1,wk inc flu hosp,2026-02-21,quantile,0.6,179.61275273613592
2026-02-14,20,1,wk inc flu hosp,2026-02-21,quantile,0.65,187.0
2026-02-14,20,1,wk inc flu hosp,2026-02-21,quantile,0.7,192.0
2026-02-14,20,1,wk inc flu hosp,2026-02-21,quantile,0.75,197.0
2026-02-14,20,1,wk inc flu hosp,2026-02-21,quantile,0.8,207.0
2026-02-14,20,1,wk inc flu hosp,2026-02-21,quantile,0.85,222.0
2026-02-14,20,1,wk inc flu hosp,2026-02-21,quantile,0.9,237.0
2026-02-14,20,1,wk inc flu hosp,2026-02-21,quantile,0.95,267.0
2026-02-14,20,1,wk inc flu hosp,2026-02-21,quantile,0.975,294.0
2026-02-14,20,1,wk inc flu hosp,2026-02-21,quantile,0.99,338.0
2026-02-14,20,2,wk inc flu hosp,2026-02-28,quantile,0.01,39.0
2026-02-14,20,2,wk inc flu hosp,2026-02-28,quantile,0.025,43.29529571533203
2026-02-14,20,2,wk inc flu hosp,2026-02-28,quantile,0.05,51.43325525875431
2026-02-14,20,2,wk inc flu hosp,2026-02-28,quantile,0.1,66.0
2026-02-14,20,2,wk inc flu hosp,2026-02-28,quantile,0.15,75.0
2026-02-14,20,2,wk inc flu hosp,2026-02-28,quantile,0.2,81.0
2026-02-14,20,2,wk inc flu hosp,2026-02-28,quantile,0.25,86.0
2026-02-14,20,2,wk inc flu hosp,2026-02-28,quantile,0.3,93.0
2026-02-14,20,2,wk inc flu hosp,2026-02-28,quantile,0.35,101.9228120097223
2026-02-14,20,2,wk inc flu hosp,2026-02-28,quantile,0.4,112.46217576705342
2026-02-14,20,2,wk inc flu hosp,2026-02-28,quantile,0.45,123.0
2026-02-14,20,2,wk inc flu hosp,2026-02-28,quantile,0.5,132.0
2026-02-14,20,2,wk inc flu hosp,2026-02-28,quantile,0.55,141.0
2026-02-14,20,2,wk inc flu hosp,2026-02-28,quantile,0.6,151.0
2026-02-14,20,2,wk inc flu hosp,2026-02-28,quantile,0.65,157.0
2026-02-14,20,2,wk inc flu hosp,2026-02-28,quantile,0.7,173.0
2026-02-14,20,2,wk inc flu hosp,2026-02-28,quantile,0.75,186.0
2026-02-14,20,2,wk inc flu hosp,2026-02-28,quantile,0.8,203.0
2026-02-14,20,2,wk inc flu hosp,2026-02-28,quantile,0.85,222.0
2026-02-14,20,2,wk inc flu hosp,2026-02-28,quantile,0.9,244.66358196036708
2026-02-14,20,2,wk inc flu hosp,2026-02-28,quantile,0.95,277.0
2026-02-14,20,2,wk inc flu hosp,2026-02-28,quantile,0.975,301.0
2026-02-14,20,2,wk inc flu hosp,2026-02-28,quantile,0.99,331.0
2026-02-14,20,3,wk inc flu hosp,2026-03-07,quantile,0.01,21.0
2026-02-14,20,3,wk inc flu hosp,2026-03-07,quantile,0.025,25.0
2026-02-14,20,3,wk inc flu hosp,2026-03-07,quantile,0.05,30.0
2026-02-14,20,3,wk inc flu hosp,2026-03-07,quantile,0.1,43.0
2026-02-14,20,3,wk inc flu hosp,2026-03-07,quantile,0.15,49.0
2026-02-14,20,3,wk inc flu hosp,2026-03-07,quantile,0.2,54.49009541831833
2026-02-14,20,3,wk inc flu hosp,2026-03-07,quantile,0.25,61.78736486112455
2026-02-14,20,3,wk inc flu hosp,2026-03-07,quantile,0.3,69.14478767956695
2026-02-14,20,3,wk inc flu hosp,2026-03-07,quantile,0.35,76.88913586901694
2026-02-14,20,3,wk inc flu hosp,2026-03-07,quantile,0.4,85.32458190809986
2026-02-14,20,3,wk inc flu hosp,2026-03-07,quantile,0.45,94.45990014910808
2026-02-14,20,3,wk inc flu hosp,2026-03-07,quantile,0.5,104.45536335564438
2026-02-14,20,3,wk inc flu hosp,2026-03-07,quantile,0.55,115.69214059800424
2026-02-14,20,3,wk inc flu hosp,2026-03-07,quantile,0.6,128.28733855071837
2026-02-14,20,3,wk inc flu hosp,2026-03-07,quantile,0.65,132.0
2026-02-14,20,3,wk inc flu hosp,2026-03-07,quantile,0.7,136.0
2026-02-14,20,3,wk inc flu hosp,2026-03-07,quantile,0.75,149.0
2026-02-14,20,3,wk inc flu hosp,2026-03-07,quantile,0.8,166.0
2026-02-14,20,3,wk inc flu hosp,2026-03-07,quantile,0.85,185.0
2026-02-14,20,3,wk inc flu hosp,2026-03-07,quantile,0.9,214.0
2026-02-14,20,3,wk inc flu hosp,2026-03-07,quantile,0.95,260.0
2026-02-14,20,3,wk inc flu hosp,2026-03-07,quantile,0.975,304.0
2026-02-14,20,3,wk inc flu hosp,2026-03-07,quantile,0.99,349.0
2026-02-14,21,0,wk inc flu hosp,2026-02-14,quantile,0.01,121.0
2026-02-14,21,0,wk inc flu hosp,2026-02-14,quantile,0.025,133.0
2026-02-14,21,0,wk inc flu hosp,2026-02-14,quantile,0.05,140.0
2026-02-14,21,0,wk inc flu hosp,2026-02-14,quantile,0.1,150.0
2026-02-14,21,0,wk inc flu hosp,2026-02-14,quantile,0.15,156.0
2026-02-14,21,0,wk inc flu hosp,2026-02-14,quantile,0.2,164.0
2026-02-14,21,0,wk inc flu hosp,2026-02-14,quantile,0.25,167.0
2026-02-14,21,0,wk inc flu hosp,2026-02-14,quantile,0.3,170.0
2026-02-14,21,0,wk inc flu hosp,2026-02-14,quantile,0.35,172.0
2026-02-14,21,0,wk inc flu hosp,2026-02-14,quantile,0.4,177.0
2026-02-14,21,0,wk inc flu hosp,2026-02-14,quantile,0.45,187.16440695988555
2026-02-14,21,0,wk inc flu hosp,2026-02-14,quantile,0.5,197.70620698426765
2026-02-14,21,0,wk inc flu hosp,2026-02-14,quantile,0.55,208.79289808490483
2026-02-14,21,0,wk inc flu hosp,2026-02-14,quantile,0.6,218.48638453147404
2026-02-14,21,0,wk inc flu hosp,2026-02-14,quantile,0.65,230.8290214065304
2026-02-14,21,0,wk inc flu hosp,2026-02-14,quantile,0.7,245.8156266340289
2026-02-14,21,0,wk inc flu hosp,2026-02-14,quantile,0.75,266.4393301194811
2026-02-14,21,0,wk inc flu hosp,2026-02-14,quantile,0.8,277.0
2026-02-14,21,0,wk inc flu hosp,2026-02-14,quantile,0.85,290.0
2026-02-14,21,0,wk inc flu hosp,2026-02-14,quantile,0.9,305.0
2026-02-14,21,0,wk inc flu hosp,2026-02-14,quantile,0.95,319.879833194392
2026-02-14,21,0,wk inc flu hosp,2026-02-14,quantile,0.975,338.0138119264172
2026-02-14,21,0,wk inc flu hosp,2026-02-14,quantile,0.99,359.7270548975205
2026-02-14,21,1,wk inc flu hosp,2026-02-21,quantile,0.01,64.0
2026-02-14,21,1,wk inc flu hosp,2026-02-21,quantile,0.025,75.0
2026-02-14,21,1,wk inc flu hosp,2026-02-21,quantile,0.05,84.0
2026-02-14,21,1,wk inc flu hosp,2026-02-21,quantile,0.1,96.67680924902434
2026-02-14,21,1,wk inc flu hosp,2026-02-21,quantile,0.15,111.05988427319302
2026-02-14,21,1,wk inc flu hosp,2026-02-21,quantile,0.2,122.82753111862904
2026-02-14,21,1,wk inc flu hosp,2026-02-21,quantile,0.25,134.0
2026-02-14,21,1,wk inc flu hosp,2026-02-21,quantile,0.3,139.22392036391628
2026-02-14,21,1,wk inc flu hosp,2026-02-21,quantile,0.35,148.55546532114002
2026-02-14,21,1,wk inc flu hosp,2026-02-21,quantile,0.4,157.69005043997174
2026-02-14,21,1,wk inc flu hosp,2026-02-21,quantile,0.45,168.18740624102242
2026-02-14,21,1,wk inc flu hosp,2026-02-21,quantile,0.5,179.4515543078011
2026-02-14,21,1,wk inc flu hosp,2026-02-21,quantile,0.55,190.47048518478195
2026-02-14,21,1,wk inc flu hosp,2026-02-21,quantile,0.6,203.89460724987492
2026-02-14,21,1,wk inc flu hosp,2026-02-21,quantile,0.65,220.18559281287767
2026-02-14,21,1,wk inc flu hosp,2026-02-21,quantile,0.7,239.25265300081972
2026-02-14,21,1,wk inc flu hosp,2026-02-21,quantile,0.75,260.059290531113
2026-02-14,21,1,wk inc flu hosp,2026-02-21,quantile,0.8,288.84172641497787
2026-02-14,21,1,wk inc flu hosp,2026-02-21,quantile,0.85,316.0
2026-02-14,21,1,wk inc flu hosp,2026-02-21,quantile,0.9,328.0
2026-02-14,21,1,wk inc flu hosp,2026-02-21,quantile,0.95,352.0
2026-02-14,21,1,wk inc flu hosp,2026-02-21,quantile,0.975,368.0
2026-02-14,21,1,wk inc flu hosp,2026-02-21,quantile,0.99,403.0
2026-02-14,21,2,wk inc flu hosp,2026-02-28,quantile,0.01,34.32790832238501
2026-02-14,21,2,wk inc flu hosp,2026-02-28,quantile,0.025,41.01094594239065
2026-02-14,21,2,wk inc flu hosp,2026-02-28,quantile,0.05,55.46994346256211
2026-02-14,21,2,wk inc flu hosp,2026-02-28,quantile,0.1,76.22584630933969
2026-02-14,21,2,wk inc flu hosp,2026-02-28,quantile,0.15,90.0
2026-02-14,21,2,wk inc flu hosp,2026-02-28,quantile,0.2,103.0
2026-02-14,21,2,wk inc flu hosp,2026-02-28,quantile,0.25,112.90242094272816
2026-02-14,21,2,wk inc flu hosp,2026-02-28,quantile,0.3,123.0
2026-02-14,21,2,wk inc flu hosp,2026-02-28,quantile,0.35,127.0
2026-02-14,21,2,wk inc flu hosp,2026-02-28,quantile,0.4,136.0
2026-02-14,21,2,wk inc flu hosp,2026-02-28,quantile,0.45,151.0
2026-02-14,21,2,wk inc flu hosp,2026-02-28,quantile,0.5,161.0
2026-02-14,21,2,wk inc flu hosp,2026-02-28,quantile,0.55,172.0
2026-02-14,21,2,wk inc flu hosp,2026-02-28,quantile,0.6,188.0
2026-02-14,21,2,wk inc flu hosp,2026-02-28,quantile,0.65,207.0
2026-02-14,21,2,wk inc flu hosp,2026-02-28,quantile,0.7,227.0
2026-02-14,21,2,wk inc flu hosp,2026-02-28,quantile,0.75,252.0
2026-02-14,21,2,wk inc flu hosp,2026-02-28,quantile,0.8,274.9815666712313
2026-02-14,21,2,wk inc flu hosp,2026-02-28,quantile,0.85,299.2299554601992
2026-02-14,21,2,wk inc flu hosp,2026-02-28,quantile,0.9,331.195374107448
2026-02-14,21,2,wk inc flu hosp,2026-02-28,quantile,0.95,370.0
2026-02-14,21,2,wk inc flu hosp,2026-02-28,quantile,0.975,428.1220218664322
2026-02-14,21,2,wk inc flu hosp,2026-02-28,quantile,0.99,485.6347609087839
2026-02-14,21,3,wk inc flu hosp,2026-03-07,quantile,0.01,24.78463018481416
2026-02-14,21,3,wk inc flu hosp,2026-03-07,quantile,0.025,33.1912194304451
2026-02-14,21,3,wk inc flu hosp,2026-03-07,quantile,0.05,41.54031361897811
2026-02-14,21,3,wk inc flu hosp,2026-03-07,quantile,0.1,62.063256888746174
2026-02-14,21,3,wk inc flu hosp,2026-03-07,quantile,0.15,76.17998784469798
2026-02-14,21,3,wk inc flu hosp,2026-03-07,quantile,0.2,85.48740269051486
2026-02-14,21,3,wk inc flu hosp,2026-03-07,quantile,0.25,94.0
2026-02-14,21,3,wk inc flu hosp,2026-03-07,quantile,0.3,102.0
2026-02-14,21,3,wk inc flu hosp,2026-03-07,quantile,0.35,113.0
2026-02-14,21,3,wk inc flu hosp,2026-03-07,quantile,0.4,121.0
2026-02-14,21,3,wk inc flu hosp,2026-03-07,quantile,0.45,126.0
2026-02-14,21,3,wk inc flu hosp,2026-03-07,quantile,0.5,132.0
2026-02-14,21,3,wk inc flu hosp,2026-03-07,quantile,0.55,140.0
2026-02-14,21,3,wk inc flu hosp,2026-03-07,quantile,0.6,157.0
2026-02-14,21,3,wk inc flu hosp,2026-03-07,quantile,0.65,185.2034888576549
2026-02-14,21,3,wk inc flu hosp,2026-03-07,quantile,0.7,205.6022527479208
2026-02-14,21,3,wk inc flu hosp,2026-03-07,quantile,0.75,233.8707200015097
2026-02-14,21,3,wk inc flu hosp,2026-03-07,quantile,0.8,263.0
2026-02-14,21,3,wk inc flu hosp,2026-03-07,quantile,0.85,284.0
2026-02-14,21,3,wk inc flu hosp,2026-03-07,quantile,0.9,345.0
2026-02-14,21,3,wk inc flu hosp,2026-03-07,quantile,0.95,410.6753466615642
2026-02-14,21,3,wk inc flu hosp,2026-03-07,quantile,0.975,501.0
2026-02-14,21,3,wk inc flu hosp,2026-03-07,quantile,0.99,563.0
2026-02-14,22,0,wk inc flu hosp,2026-02-14,quantile,0.01,144.0
2026-02-14,22,0,wk inc flu hosp,2026-02-14,quantile,0.025,148.0
2026-02-14,22,0,wk inc flu hosp,2026-02-14,quantile,0.05,161.0
2026-02-14,22,0,wk inc flu hosp,2026-02-14,quantile,0.1,169.0
2026-02-14,22,0,wk inc flu hosp,2026-02-14,quantile,0.15,177.0
2026-02-14,22,0,wk inc flu hosp,2026-02-14,quantile,0.2,189.0
2026-02-14,22,0,wk inc flu hosp,2026-02-14,quantile,0.25,197.0
2026-02-14,22,0,wk inc flu hosp,2026-02-14,quantile,0.3,204.0
2026-02-14,22,0,wk inc flu hosp,2026-02-14,quantile,0.35,212.0
2026-02-14,22,0,wk inc flu hosp,2026-02-14,quantile,0.4,219.0
2026-02-14,22,0,wk inc flu hosp,2026-02-14,quantile,0.45,228.0
2026-02-14,22,0,wk inc flu hosp,2026-02-14,quantile,0.5,240.3005689212776
2026-02-14,22,0,wk inc flu hosp,2026-02-14,quantile,0.55,249.0
2026-02-14,22,0,wk inc flu hosp,2026-02-14,quantile,0.6,254.0
2026-02-14,22,0,wk inc flu hosp,2026-02-14,quantile,0.65,262.0
2026-02-14,22,0,wk inc flu hosp,2026-02-14,quantile,0.7,267.0
2026-02-14,22,0,wk inc flu hosp,2026-02-14,quantile,0.75,276.0
2026-02-14,22,0,wk inc flu hosp,2026-02-14,quantile,0.8,295.81031385134924
2026-02-14,22,0,wk inc flu hosp,2026-02-14,quantile,0.85,333.8608020729356
2026-02-14,22,0,wk inc flu hosp,2026-02-14,quantile,0.9,353.0
2026-02-14,22,0,wk inc flu hosp,2026-02-14,quantile,0.95,365.9135893710757
2026-02-14,22,0,wk inc flu hosp,2026-02-14,quantile,0.975,377.00043366648765
2026-02-14,22,0,wk inc flu hosp,2026-02-14,quantile,0.99,398.0
2026-02-14,22,1,wk inc flu hosp,2026-02-21,quantile,0.01,94.0
2026-02-14,22,1,wk inc flu hosp,2026-02-21,quantile,0.025,104.0
2026-02-14,22,1,wk inc flu hosp,2026-02-21,quantile,0.05,106.0
2026-02-14,22,1,wk inc flu hosp,2026-02-21,quantile,0.1,121.0
2026-02-14,22,1,wk inc flu hosp,2026-02-21,quantile,0.15,136.0
2026-02-14,22,1,wk inc flu hosp,2026-02-21,quantile,0.2,148.0
2026-02-14,22,1,wk inc flu hosp,2026-02-21,quantile,0.25,159.0
2026-02-14,22,1,wk inc flu hosp,2026-02-21,quantile,0.3,170.0
2026-02-14,22,1,wk inc flu hosp,2026-02-21,quantile,0.35,181.0
2026-02-14,22,1,wk inc flu hosp,2026-02-21,quantile,0.4,193.0
2026-02-14,22,1,wk inc flu hosp,2026-02-21,quantile,0.45,203.0
2026-02-14,22,1,wk inc flu hosp,2026-02-21,quantile,0.5,214.0
2026-02-14,22,1,wk inc flu hosp,2026-02-21,quantile,0.55,219.0
2026-02-14,22,1,wk inc flu hosp,2026-02-21,quantile,0.6,224.0
2026-02-14,22,1,wk inc flu hosp,2026-02-21,quantile,0.65,233.0
2026-02-14,22,1,wk inc flu hosp,2026-02-21,quantile,0.7,245.18963047349263
2026-02-14,22,1,wk inc flu hosp,2026-02-21,quantile,0.75,270.19345129428945
2026-02-14,22,1,wk inc flu hosp,2026-02-21,quantile,0.8,303.32671806641514
2026-02-14,22,1,wk inc flu hosp,2026-02-21,quantile,0.85,328.0
2026-02-14,22,1,wk inc flu hosp,2026-02-21,quantile,0.9,364.0
2026-02-14,22,1,wk inc flu hosp,2026-02-21,quantile,0.95,413.98279202501647
2026-02-14,22,1,wk inc flu hosp,2026-02-21,quantile,0.975,446.6516516386607
2026-02-14,22,1,wk inc flu hosp,2026-02-21,quantile,0.99,486.1959893785922
2026-02-14,22,2,wk inc flu hosp,2026-02-28,quantile,0.01,61.12620041308735
2026-02-14,22,2,wk inc flu hosp,2026-02-28,quantile,0.025,71.55635165925378
2026-02-14,22,2,wk inc flu hosp,2026-02-28,quantile,0.05,78.0
2026-02-14,22,2,wk inc flu hosp,2026-02-28,quantile,0.1,97.65219136675157
2026-02-14,22,2,wk inc flu hosp,2026-02-28,quantile,0.15,111.12375797014062
2026-02-14,22,2,wk inc flu hosp,2026-02-28,quantile,0.2,123.20612536370945
2026-02-14,22,2,wk inc flu hosp,2026-02-28,quantile,0.25,135.12908620988912
2026-02-14,22,2,wk inc flu hosp,2026-02-28,quantile,0.3,147.25834965328855
2026-02-14,22,2,wk inc flu hosp,2026-02-28,quantile,0.35,159.6884723402216
2026-02-14,22,2,wk inc flu hosp,2026-02-28,quantile,0.4,167.0
2026-02-14,22,2,wk inc flu hosp,2026-02-28,quantile,0.45,172.0
2026-02-14,22,2,wk inc flu hosp,2026-02-28,quantile,0.5,177.0
2026-02-14,22,2,wk inc flu hosp,2026-02-28,quantile,0.55,182.0
2026-02-14,22,2,wk inc flu hosp,2026-02-28,quantile,0.6,187.0
2026-02-14,22,2,wk inc flu hosp,2026-02-28,quantile,0.65,193.0
2026-02-14,22,2,wk inc flu hosp,2026-02-28,quantile,0.7,208.0
2026-02-14,22,2,wk inc flu hosp,2026-02-28,quantile,0.75,226.0
2026-02-14,22,2,wk inc flu hosp,2026-02-28,quantile,0.8,249.0
2026-02-14,22,2,wk inc flu hosp,2026-02-28,quantile,0.85,276.0
2026-02-14,22,2,wk inc flu hosp,2026-02-28,quantile,0.9,317.0
2026-02-14,22,2,wk inc flu hosp,2026-02-28,quantile,0.95,358.0
2026-02-14,22,2,wk inc flu hosp,2026-02-28,quantile,0.975,387.0
2026-02-14,22,2,wk inc flu hosp,2026-02-28,quantile,0.99,428.0
2026-02-14,22,3,wk inc flu hosp,2026-03-07,quantile,0.01,52.023348066506486
2026-02-14,22,3,wk inc flu hosp,2026-03-07,quantile,0.025,62.38414004189085
2026-02-14,22,3,wk inc flu hosp,2026-03-07,quantile,0.05,77.36599225270729
2026-02-14,22,3,wk inc flu hosp,2026-03-07,quantile,0.1,95.71001761307512
2026-02-14,22,3,wk inc flu hosp,2026-03-07,quantile,0.15,109.0
2026-02-14,22,3,wk inc flu hosp,2026-03-07,quantile,0.2,114.0
2026-02-14,22,3,wk inc flu hosp,2026-03-07,quantile,0.25,118.0
2026-02-14,22,3,wk inc flu hosp,2026-03-07,quantile,0.3,123.0
2026-02-14,22,3,wk inc flu hosp,2026-03-07,quantile,0.35,127.0
2026-02-14,22,3,wk inc flu hosp,2026-03-07,quantile,0.4,131.0
2026-02-14,22,3,wk inc flu hosp,2026-03-07,quantile,0.45,136.0
2026-02-14,22,3,wk inc flu hosp,2026-03-07,quantile,0.5,140.0
2026-02-14,22,3,wk inc flu hosp,2026-03-07,quantile,0.55,146.0
2026-02-14,22,3,wk inc flu hosp,2026-03-07,quantile,0.6,150.0
2026-02-14,22,3,wk inc flu hosp,2026-03-07,quantile,0.65,153.0
2026-02-14,22,3,wk inc flu hosp,2026-03-07,quantile,0.7,160.0
2026-02-14,22,3,wk inc flu hosp,2026-03-07,quantile,0.75,165.0
2026-02-14,22,3,wk inc flu hosp,2026-03-07,quantile,0.8,178.0
2026-02-14,22,3,wk inc flu hosp,2026-03-07,quantile,0.85,204.0
2026-02-14,22,3,wk inc flu hosp,2026-03-07,quantile,0.9,236.0
2026-02-14,22,3,wk inc flu hosp,2026-03-07,quantile,0.95,289.0
2026-02-14,22,3,wk inc flu hosp,2026-03-07,quantile,0.975,332.0
2026-02-14,22,3,wk inc flu hosp,2026-03-07,quantile,0.99,434.0
2026-02-14,23,0,wk inc flu hosp,2026-02-14,quantile,0.01,18.5
2026-02-14,23,0,wk inc flu hosp,2026-02-14,quantile,0.025,22.0
2026-02-14,23,0,wk inc flu hosp,2026-02-14,quantile,0.05,26.0
2026-02-14,23,0,wk inc flu hosp,2026-02-14,quantile,0.1,31.0
2026-02-14,23,0,wk inc flu hosp,2026-02-14,quantile,0.15,33.5
2026-02-14,23,0,wk inc flu hosp,2026-02-14,quantile,0.2,36.67983948093902
2026-02-14,23,0,wk inc flu hosp,2026-02-14,quantile,0.25,39.6395661927106
2026-02-14,23,0,wk inc flu hosp,2026-02-14,quantile,0.3,41.52051780804819
2026-02-14,23,0,wk inc flu hosp,2026-02-14,quantile,0.35,43.55181162166811
2026-02-14,23,0,wk inc flu hosp,2026-02-14,quantile,0.4,45.69074875347283
2026-02-14,23,0,wk inc flu hosp,2026-02-14,quantile,0.45,49.23899009704597
2026-02-14,23,0,wk inc flu hosp,2026-02-14,quantile,0.5,52.64925570060275
2026-02-14,23,0,wk inc flu hosp,2026-02-14,quantile,0.55,56.27588726220502
2026-02-14,23,0,wk inc flu hosp,2026-02-14,quantile,0.6,59.0
2026-02-14,23,0,wk inc flu hosp,2026-02-14,quantile,0.65,62.0
2026-02-14,23,0,wk inc flu hosp,2026-02-14,quantile,0.7,63.5
2026-02-14,23,0,wk inc flu hosp,2026-02-14,quantile,0.75,65.5
2026-02-14,23,0,wk inc flu hosp,2026-02-14,quantile,0.8,68.0
2026-02-14,23,0,wk inc flu hosp,2026-02-14,quantile,0.85,70.5
2026-02-14,23,0,wk inc flu hosp,2026-02-14,quantile,0.9,73.5
2026-02-14,23,0,wk inc flu hosp,2026-02-14,quantile,0.95,78.5
2026-02-14,23,0,wk inc flu hosp,2026-02-14,quantile,0.975,82.5
2026-02-14,23,0,wk inc flu hosp,2026-02-14,quantile,0.99,93.5
2026-02-14,23,1,wk inc flu hosp,2026-02-21,quantile,0.01,8.884413138726273
2026-02-14,23,1,wk inc flu hosp,2026-02-21,quantile,0.025,11.524523283062292
2026-02-14,23,1,wk inc flu hosp,2026-02-21,quantile,0.05,15.564578287131747
2026-02-14,23,1,wk inc flu hosp,2026-02-21,quantile,0.1,20.90686494660799
2026-02-14,23,1,wk inc flu hosp,2026-02-21,quantile,0.15,24.992086050654557
2026-02-14,23,1,wk inc flu hosp,2026-02-21,quantile,0.2,28.63454996047678
2026-02-14,23,1,wk inc flu hosp,2026-02-21,quantile,0.25,31.23328770826012
2026-02-14,23,1,wk inc flu hosp,2026-02-21,quantile,0.3,33.809014519772845
2026-02-14,23,1,wk inc flu hosp,2026-02-21,quantile,0.35,35.98077942498003
2026-02-14,23,1,wk inc flu hosp,2026-02-21,quantile,0.4,38.84126901221213
2026-02-14,23,1,wk inc flu hosp,2026-02-21,quantile,0.45,41.95878853077432
2026-02-14,23,1,wk inc flu hosp,2026-02-21,quantile,0.5,44.34958798520168
2026-02-14,23,1,wk inc flu hosp,2026-02-21,quantile,0.55,46.85641220336136
2026-02-14,23,1,wk inc flu hosp,2026-02-21,quantile,0.6,49.54730730052876
2026-02-14,23,1,wk inc flu hosp,2026-02-21,quantile,0.65,53.66411050347749
2026-02-14,23,1,wk inc flu hosp,2026-02-21,quantile,0.7,58.129239045854135
2026-02-14,23,1,wk inc flu hosp,2026-02-21,quantile,0.75,60.85418243501435
2026-02-14,23,1,wk inc flu hosp,2026-02-21,quantile,0.8,64.42212941461662
2026-02-14,23,1,wk inc flu hosp,2026-02-21,quantile,0.85,68.53556936462482
2026-02-14,23,1,wk inc flu hosp,2026-02-21,quantile,0.9,76.63678944271146
2026-02-14,23,1,wk inc flu hosp,2026-02-21,quantile,0.95,87.09217263115286
2026-02-14,23,1,wk inc flu hosp,2026-02-21,quantile,0.975,96.555628130271
2026-02-14,23,1,wk inc flu hosp,2026-02-21,quantile,0.99,114.41502119766358
2026-02-14,23,2,wk inc flu hosp,2026-02-28,quantile,0.01,5.512720138212201
2026-02-14,23,2,wk inc flu hosp,2026-02-28,quantile,0.025,8.589542115618006
2026-02-14,23,2,wk inc flu hosp,2026-02-28,quantile,0.05,11.706697132750692
2026-02-14,23,2,wk inc flu hosp,2026-02-28,quantile,0.1,15.157701166775553
2026-02-14,23,2,wk inc flu hosp,2026-02-28,quantile,0.15,18.12623595458159
2026-02-14,23,2,wk inc flu hosp,2026-02-28,quantile,0.2,20.973838730236466
2026-02-14,23,2,wk inc flu hosp,2026-02-28,quantile,0.25,23.443546163745744
2026-02-14,23,2,wk inc flu hosp,2026-02-28,quantile,0.3,26.1523654921425
2026-02-14,23,2,wk inc flu hosp,2026-02-28,quantile,0.35,28.802291558655128
2026-02-14,23,2,wk inc flu hosp,2026-02-28,quantile,0.4,31.64741800301889
2026-02-14,23,2,wk inc flu hosp,2026-02-28,quantile,0.45,34.10044625007849
2026-02-14,23,2,wk inc flu hosp,2026-02-28,quantile,0.5,35.72556729731676
2026-02-14,23,2,wk inc flu hosp,2026-02-28,quantile,0.55,37.96470135361138
2026-02-14,23,2,wk inc flu hosp,2026-02-28,quantile,0.6,40.48595288105943
2026-02-14,23,2,wk inc flu hosp,2026-02-28,quantile,0.65,43.764506368246884
2026-02-14,23,2,wk inc flu hosp,2026-02-28,quantile,0.7,48.00386845868044
2026-02-14,23,2,wk inc flu hosp,2026-02-28,quantile,0.75,52.35313573002648
2026-02-14,23,2,wk inc flu hosp,2026-02-28,quantile,0.8,58.39502215401405
2026-02-14,23,2,wk inc flu hosp,2026-02-28,quantile,0.85,64.0
2026-02-14,23,2,wk inc flu hosp,2026-02-28,quantile,0.9,71.5
2026-02-14,23,2,wk inc flu hosp,2026-02-28,quantile,0.95,86.5
2026-02-14,23,2,wk inc flu hosp,2026-02-28,quantile,0.975,100.5
2026-02-14,23,2,wk inc flu hosp,2026-02-28,quantile,0.99,116.5
2026-02-14,23,3,wk inc flu hosp,2026-03-07,quantile,0.01,2.434265152657673
2026-02-14,23,3,wk inc flu hosp,2026-03-07,quantile,0.025,3.8019354730368207
2026-02-14,23,3,wk inc flu hosp,2026-03-07,quantile,0.05,5.50230551633406
2026-02-14,23,3,wk inc flu hosp,2026-03-07,quantile,0.1,7.864604610024847
2026-02-14,23,3,wk inc flu hosp,2026-03-07,quantile,0.15,10.305117508476332
2026-02-14,23,3,wk inc flu hosp,2026-03-07,quantile,0.2,12.180579898705503
2026-02-14,23,3,wk inc flu hosp,2026-03-07,quantile,0.25,14.083556966134367
2026-02-14,23,3,wk inc flu hosp,2026-03-07,quantile,0.3,16.0065654497922
2026-02-14,23,3,wk inc flu hosp,2026-03-07,quantile,0.35,17.354707392385606
2026-02-14,23,3,wk inc flu hosp,2026-03-07,quantile,0.4,18.938915451953708
2026-02-14,23,3,wk inc flu hosp,2026-03-07,quantile,0.45,20.92799960482767
2026-02-14,23,3,wk inc flu hosp,2026-03-07,quantile,0.5,23.0
2026-02-14,23,3,wk inc flu hosp,2026-03-07,quantile,0.55,25.0
2026-02-14,23,3,wk inc flu hosp,2026-03-07,quantile,0.6,26.0
2026-02-14,23,3,wk inc flu hosp,2026-03-07,quantile,0.65,27.274265453326727
2026-02-14,23,3,wk inc flu hosp,2026-03-07,quantile,0.7,31.27075665855046
2026-02-14,23,3,wk inc flu hosp,2026-03-07,quantile,0.75,37.3368772499121
2026-02-14,23,3,wk inc flu hosp,2026-03-07,quantile,0.8,44.25675862860231
2026-02-14,23,3,wk inc flu hosp,2026-03-07,quantile,0.85,54.0
2026-02-14,23,3,wk inc flu hosp,2026-03-07,quantile,0.9,64.0
2026-02-14,23,3,wk inc flu hosp,2026-03-07,quantile,0.95,86.5
2026-02-14,23,3,wk inc flu hosp,2026-03-07,quantile,0.975,102.0
2026-02-14,23,3,wk inc flu hosp,2026-03-07,quantile,0.99,119.5
2026-02-14,24,0,wk inc flu hosp,2026-02-14,quantile,0.01,14.0
2026-02-14,24,0,wk inc flu hosp,2026-02-14,quantile,0.025,35.0
2026-02-14,24,0,wk inc flu hosp,2026-02-14,quantile,0.05,38.0
2026-02-14,24,0,wk inc flu hosp,2026-02-14,quantile,0.1,40.0
2026-02-14,24,0,wk inc flu hosp,2026-02-14,quantile,0.15,46.0
2026-02-14,24,0,wk inc flu hosp,2026-02-14,quantile,0.2,51.19061230801608
2026-02-14,24,0,wk inc flu hosp,2026-02-14,quantile,0.25,53.51907971036231
2026-02-14,24,0,wk inc flu hosp,2026-02-14,quantile,0.3,57.60221862792969
2026-02-14,24,0,wk inc flu hosp,2026-02-14,quantile,0.35,59.86216354370117
2026-02-14,24,0,wk inc flu hosp,2026-02-14,quantile,0.4,62.03015899658203
2026-02-14,24,0,wk inc flu hosp,2026-02-14,quantile,0.45,64.1790771484375
2026-02-14,24,0,wk inc flu hosp,2026-02-14,quantile,0.5,66.39398193359375
2026-02-14,24,0,wk inc flu hosp,2026-02-14,quantile,0.55,68.5767822265625
2026-02-14,24,0,wk inc flu hosp,2026-02-14,quantile,0.6,70.8209457397461
2026-02-14,24,0,wk inc flu hosp,2026-02-14,quantile,0.65,73.20494079589844
2026-02-14,24,0,wk inc flu hosp,2026-02-14,quantile,0.7,76.0
2026-02-14,24,0,wk inc flu hosp,2026-02-14,quantile,0.75,81.0
2026-02-14,24,0,wk inc flu hosp,2026-02-14,quantile,0.8,86.0
2026-02-14,24,0,wk inc flu hosp,2026-02-14,quantile,0.85,92.0
2026-02-14,24,0,wk inc flu hosp,2026-02-14,quantile,0.9,101.0
2026-02-14,24,0,wk inc flu hosp,2026-02-14,quantile,0.95,114.0
2026-02-14,24,0,wk inc flu hosp,2026-02-14,quantile,0.975,126.0
2026-02-14,24,0,wk inc flu hosp,2026-02-14,quantile,0.99,140.0
2026-02-14,24,1,wk inc flu hosp,2026-02-21,quantile,0.01,8.008677663976396
2026-02-14,24,1,wk inc flu hosp,2026-02-21,quantile,0.025,12.0
2026-02-14,24,1,wk inc flu hosp,2026-02-21,quantile,0.05,18.0
2026-02-14,24,1,wk inc flu hosp,2026-02-21,quantile,0.1,25.0
2026-02-14,24,1,wk inc flu hosp,2026-02-21,quantile,0.15,31.0
2026-02-14,24,1,wk inc flu hosp,2026-02-21,quantile,0.2,36.0
2026-02-14,24,1,wk inc flu hosp,2026-02-21,quantile,0.25,40.0
2026-02-14,24,1,wk inc flu hosp,2026-02-21,quantile,0.3,45.0
2026-02-14,24,1,wk inc flu hosp,2026-02-21,quantile,0.35,49.0
2026-02-14,24,1,wk inc flu hosp,2026-02-21,quantile,0.4,53.0
2026-02-14,24,1,wk inc flu hosp,2026-02-21,quantile,0.45,57.0
2026-02-14,24,1,wk inc flu hosp,2026-02-21,quantile,0.5,62.0
2026-02-14,24,1,wk inc flu hosp,2026-02-21,quantile,0.55,66.0
2026-02-14,24,1,wk inc flu hosp,2026-02-21,quantile,0.6,71.0
2026-02-14,24,1,wk inc flu hosp,2026-02-21,quantile,0.65,76.0
2026-02-14,24,1,wk inc flu hosp,2026-02-21,quantile,0.7,82.0
2026-02-14,24,1,wk inc flu hosp,2026-02-21,quantile,0.75,88.0
2026-02-14,24,1,wk inc flu hosp,2026-02-21,quantile,0.8,95.0
2026-02-14,24,1,wk inc flu hosp,2026-02-21,quantile,0.85,104.0
2026-02-14,24,1,wk inc flu hosp,2026-02-21,quantile,0.9,115.0
2026-02-14,24,1,wk inc flu hosp,2026-02-21,quantile,0.95,133.0
2026-02-14,24,1,wk inc flu hosp,2026-02-21,quantile,0.975,150.0
2026-02-14,24,1,wk inc flu hosp,2026-02-21,quantile,0.99,170.0
2026-02-14,24,2,wk inc flu hosp,2026-02-28,quantile,0.01,1.0
2026-02-14,24,2,wk inc flu hosp,2026-02-28,quantile,0.025,2.0
2026-02-14,24,2,wk inc flu hosp,2026-02-28,quantile,0.05,3.0
2026-02-14,24,2,wk inc flu hosp,2026-02-28,quantile,0.1,13.0
2026-02-14,24,2,wk inc flu hosp,2026-02-28,quantile,0.15,17.995084762573242
2026-02-14,24,2,wk inc flu hosp,2026-02-28,quantile,0.2,19.445536669647662
2026-02-14,24,2,wk inc flu hosp,2026-02-28,quantile,0.25,27.460459054265183
2026-02-14,24,2,wk inc flu hosp,2026-02-28,quantile,0.3,33.0
2026-02-14,24,2,wk inc flu hosp,2026-02-28,quantile,0.35,39.0
2026-02-14,24,2,wk inc flu hosp,2026-02-28,quantile,0.4,45.0
2026-02-14,24,2,wk inc flu hosp,2026-02-28,quantile,0.45,50.0
2026-02-14,24,2,wk inc flu hosp,2026-02-28,quantile,0.5,50.0
2026-02-14,24,2,wk inc flu hosp,2026-02-28,quantile,0.55,51.0
2026-02-14,24,2,wk inc flu hosp,2026-02-28,quantile,0.6,53.0
2026-02-14,24,2,wk inc flu hosp,2026-02-28,quantile,0.65,56.0
2026-02-14,24,2,wk inc flu hosp,2026-02-28,quantile,0.7,62.0
2026-02-14,24,2,wk inc flu hosp,2026-02-28,quantile,0.75,68.0
2026-02-14,24,2,wk inc flu hosp,2026-02-28,quantile,0.8,76.0
2026-02-14,24,2,wk inc flu hosp,2026-02-28,quantile,0.85,86.0
2026-02-14,24,2,wk inc flu hosp,2026-02-28,quantile,0.9,100.0
2026-02-14,24,2,wk inc flu hosp,2026-02-28,quantile,0.95,121.0
2026-02-14,24,2,wk inc flu hosp,2026-02-28,quantile,0.975,142.0
2026-02-14,24,2,wk inc flu hosp,2026-02-28,quantile,0.99,168.0
2026-02-14,24,3,wk inc flu hosp,2026-03-07,quantile,0.01,0.0
2026-02-14,24,3,wk inc flu hosp,2026-03-07,quantile,0.025,1.0
2026-02-14,24,3,wk inc flu hosp,2026-03-07,quantile,0.05,2.0
2026-02-14,24,3,wk inc flu hosp,2026-03-07,quantile,0.1,6.0
2026-02-14,24,3,wk inc flu hosp,2026-03-07,quantile,0.15,11.0
2026-02-14,24,3,wk inc flu hosp,2026-03-07,quantile,0.2,16.20016612875917
2026-02-14,24,3,wk inc flu hosp,2026-03-07,quantile,0.25,23.0
2026-02-14,24,3,wk inc flu hosp,2026-03-07,quantile,0.3,28.0
2026-02-14,24,3,wk inc flu hosp,2026-03-07,quantile,0.35,33.0
2026-02-14,24,3,wk inc flu hosp,2026-03-07,quantile,0.4,38.0
2026-02-14,24,3,wk inc flu hosp,2026-03-07,quantile,0.45,44.0
2026-02-14,24,3,wk inc flu hosp,2026-03-07,quantile,0.5,48.0
2026-02-14,24,3,wk inc flu hosp,2026-03-07,quantile,0.55,52.878012045183816
2026-02-14,24,3,wk inc flu hosp,2026-03-07,quantile,0.6,57.11210990864284
2026-02-14,24,3,wk inc flu hosp,2026-03-07,quantile,0.65,61.985367419130704
2026-02-14,24,3,wk inc flu hosp,2026-03-07,quantile,0.7,67.59749382339065
2026-02-14,24,3,wk inc flu hosp,2026-03-07,quantile,0.75,74.3677394180329
2026-02-14,24,3,wk inc flu hosp,2026-03-07,quantile,0.8,83.00392668078406
2026-02-14,24,3,wk inc flu hosp,2026-03-07,quantile,0.85,95.3971508794151
2026-02-14,24,3,wk inc flu hosp,2026-03-07,quantile,0.9,109.12460915355568
2026-02-14,24,3,wk inc flu hosp,2026-03-07,quantile,0.95,142.01767371401866
2026-02-14,24,3,wk inc flu hosp,2026-03-07,quantile,0.975,180.56347131171285
2026-02-14,24,3,wk inc flu hosp,2026-03-07,quantile,0.99,212.481212872461
2026-02-14,25,0,wk inc flu hosp,2026-02-14,quantile,0.01,30.5
2026-02-14,25,0,wk inc flu hosp,2026-02-14,quantile,0.025,37.5
2026-02-14,25,0,wk inc flu hosp,2026-02-14,quantile,0.05,43.5
2026-02-14,25,0,wk inc flu hosp,2026-02-14,quantile,0.1,51.0
2026-02-14,25,0,wk inc flu hosp,2026-02-14,quantile,0.15,56.765498599703136
2026-02-14,25,0,wk inc flu hosp,2026-02-14,quantile,0.2,61.17745917717858
2026-02-14,25,0,wk inc flu hosp,2026-02-14,quantile,0.25,68.05625908105972
2026-02-14,25,0,wk inc flu hosp,2026-02-14,quantile,0.3,73.27157041529128
2026-02-14,25,0,wk inc flu hosp,2026-02-14,quantile,0.35,80.3058736604419
2026-02-14,25,0,wk inc flu hosp,2026-02-14,quantile,0.4,86.36483916808939
2026-02-14,25,0,wk inc flu hosp,2026-02-14,quantile,0.45,92.57177355172621
2026-02-14,25,0,wk inc flu hosp,2026-02-14,quantile,0.5,97.63567563396828
2026-02-14,25,0,wk inc flu hosp,2026-02-14,quantile,0.55,103.6666820995529
2026-02-14,25,0,wk inc flu hosp,2026-02-14,quantile,0.6,110.08568689298446
2026-02-14,25,0,wk inc flu hosp,2026-02-14,quantile,0.65,116.6198217573291
2026-02-14,25,0,wk inc flu hosp,2026-02-14,quantile,0.7,124.5
2026-02-14,25,0,wk inc flu hosp,2026-02-14,quantile,0.75,131.5
2026-02-14,25,0,wk inc flu hosp,2026-02-14,quantile,0.8,138.5
2026-02-14,25,0,wk inc flu hosp,2026-02-14,quantile,0.85,149.0
2026-02-14,25,0,wk inc flu hosp,2026-02-14,quantile,0.9,161.0
2026-02-14,25,0,wk inc flu hosp,2026-02-14,quantile,0.95,183.5
2026-02-14,25,0,wk inc flu hosp,2026-02-14,quantile,0.975,197.0
2026-02-14,25,0,wk inc flu hosp,2026-02-14,quantile,0.99,215.5
2026-02-14,25,1,wk inc flu hosp,2026-02-21,quantile,0.01,14.5
2026-02-14,25,1,wk inc flu hosp,2026-02-21,quantile,0.025,18.0
2026-02-14,25,1,wk inc flu hosp,2026-02-21,quantile,0.05,21.0
2026-02-14,25,1,wk inc flu hosp,2026-02-21,quantile,0.1,32.826826575500306
2026-02-14,25,1,wk inc flu hosp,2026-02-21,quantile,0.15,37.5
2026-02-14,25,1,wk inc flu hosp,2026-02-21,quantile,0.2,40.96719041509073
2026-02-14,25,1,wk inc flu hosp,2026-02-21,quantile,0.25,47.75801090503126
2026-02-14,25,1,wk inc flu hosp,2026-02-21,quantile,0.3,54.009021756229735
2026-02-14,25,1,wk inc flu hosp,2026-02-21,quantile,0.35,61.29056625832958
2026-02-14,25,1,wk inc flu hosp,2026-02-21,quantile,0.4,67.0
2026-02-14,25,1,wk inc flu hosp,2026-02-21,quantile,0.45,73.0
2026-02-14,25,1,wk inc flu hosp,2026-02-21,quantile,0.5,78.5
2026-02-14,25,1,wk inc flu hosp,2026-02-21,quantile,0.55,84.5
2026-02-14,25,1,wk inc flu hosp,2026-02-21,quantile,0.6,90.5
2026-02-14,25,1,wk inc flu hosp,2026-02-21,quantile,0.65,98.0
2026-02-14,25,1,wk inc flu hosp,2026-02-21,quantile,0.7,107.0
2026-02-14,25,1,wk inc flu hosp,2026-02-21,quantile,0.75,117.5
2026-02-14,25,1,wk inc flu hosp,2026-02-21,quantile,0.8,129.5
2026-02-14,25,1,wk inc flu hosp,2026-02-21,quantile,0.85,145.0
2026-02-14,25,1,wk inc flu hosp,2026-02-21,quantile,0.9,167.0
2026-02-14,25,1,wk inc flu hosp,2026-02-21,quantile,0.95,204.5
2026-02-14,25,1,wk inc flu hosp,2026-02-21,quantile,0.975,234.83226646836448
2026-02-14,25,1,wk inc flu hosp,2026-02-21,quantile,0.99,271.36998330663334
2026-02-14,25,2,wk inc flu hosp,2026-02-28,quantile,0.01,3.0
2026-02-14,25,2,wk inc flu hosp,2026-02-28,quantile,0.025,5.5
2026-02-14,25,2,wk inc flu hosp,2026-02-28,quantile,0.05,9.5
2026-02-14,25,2,wk inc flu hosp,2026-02-28,quantile,0.1,14.0
2026-02-14,25,2,wk inc flu hosp,2026-02-28,quantile,0.15,21.0
2026-02-14,25,2,wk inc flu hosp,2026-02-28,quantile,0.2,25.5
2026-02-14,25,2,wk inc flu hosp,2026-02-28,quantile,0.25,30.0
2026-02-14,25,2,wk inc flu hosp,2026-02-28,quantile,0.3,34.5
2026-02-14,25,2,wk inc flu hosp,2026-02-28,quantile,0.35,39.0
2026-02-14,25,2,wk inc flu hosp,2026-02-28,quantile,0.4,44.0
2026-02-14,25,2,wk inc flu hosp,2026-02-28,quantile,0.45,49.0
2026-02-14,25,2,wk inc flu hosp,2026-02-28,quantile,0.5,54.5
2026-02-14,25,2,wk inc flu hosp,2026-02-28,quantile,0.55,61.0
2026-02-14,25,2,wk inc flu hosp,2026-02-28,quantile,0.6,68.0
2026-02-14,25,2,wk inc flu hosp,2026-02-28,quantile,0.65,76.5
2026-02-14,25,2,wk inc flu hosp,2026-02-28,quantile,0.7,86.5
2026-02-14,25,2,wk inc flu hosp,2026-02-28,quantile,0.75,99.0
2026-02-14,25,2,wk inc flu hosp,2026-02-28,quantile,0.8,114.5
2026-02-14,25,2,wk inc flu hosp,2026-02-28,quantile,0.85,133.5
2026-02-14,25,2,wk inc flu hosp,2026-02-28,quantile,0.9,166.0
2026-02-14,25,2,wk inc flu hosp,2026-02-28,quantile,0.95,194.5
2026-02-14,25,2,wk inc flu hosp,2026-02-28,quantile,0.975,222.0
2026-02-14,25,2,wk inc flu hosp,2026-02-28,quantile,0.99,272.0
2026-02-14,25,3,wk inc flu hosp,2026-03-07,quantile,0.01,0.0
2026-02-14,25,3,wk inc flu hosp,2026-03-07,quantile,0.025,1.5
2026-02-14,25,3,wk inc flu hosp,2026-03-07,quantile,0.05,4.0
2026-02-14,25,3,wk inc flu hosp,2026-03-07,quantile,0.1,7.0
2026-02-14,25,3,wk inc flu hosp,2026-03-07,quantile,0.15,11.5
2026-02-14,25,3,wk inc flu hosp,2026-03-07,quantile,0.2,16.0
2026-02-14,25,3,wk inc flu hosp,2026-03-07,quantile,0.25,18.0
2026-02-14,25,3,wk inc flu hosp,2026-03-07,quantile,0.3,20.5
2026-02-14,25,3,wk inc flu hosp,2026-03-07,quantile,0.35,24.0
2026-02-14,25,3,wk inc flu hosp,2026-03-07,quantile,0.4,27.5
2026-02-14,25,3,wk inc flu hosp,2026-03-07,quantile,0.45,32.0
2026-02-14,25,3,wk inc flu hosp,2026-03-07,quantile,0.5,37.0
2026-02-14,25,3,wk inc flu hosp,2026-03-07,quantile,0.55,43.5
2026-02-14,25,3,wk inc flu hosp,2026-03-07,quantile,0.6,50.0
2026-02-14,25,3,wk inc flu hosp,2026-03-07,quantile,0.65,59.0
2026-02-14,25,3,wk inc flu hosp,2026-03-07,quantile,0.7,69.5
2026-02-14,25,3,wk inc flu hosp,2026-03-07,quantile,0.75,82.5
2026-02-14,25,3,wk inc flu hosp,2026-03-07,quantile,0.8,100.5
2026-02-14,25,3,wk inc flu hosp,2026-03-07,quantile,0.85,121.59621562219267
2026-02-14,25,3,wk inc flu hosp,2026-03-07,quantile,0.9,149.71751095451754
2026-02-14,25,3,wk inc flu hosp,2026-03-07,quantile,0.95,171.84240815326717
2026-02-14,25,3,wk inc flu hosp,2026-03-07,quantile,0.975,197.97468056688464
2026-02-14,25,3,wk inc flu hosp,2026-03-07,quantile,0.99,261.92321475708707
2026-02-14,26,0,wk inc flu hosp,2026-02-14,quantile,0.01,129.0
2026-02-14,26,0,wk inc flu hosp,2026-02-14,quantile,0.025,146.0
2026-02-14,26,0,wk inc flu hosp,2026-02-14,quantile,0.05,160.2580287427101
2026-02-14,26,0,wk inc flu hosp,2026-02-14,quantile,0.1,182.0
2026-02-14,26,0,wk inc flu hosp,2026-02-14,quantile,0.15,194.0
2026-02-14,26,0,wk inc flu hosp,2026-02-14,quantile,0.2,205.0
2026-02-14,26,0,wk inc flu hosp,2026-02-14,quantile,0.25,215.0
2026-02-14,26,0,wk inc flu hosp,2026-02-14,quantile,0.3,224.0
2026-02-14,26,0,wk inc flu hosp,2026-02-14,quantile,0.35,232.0
2026-02-14,26,0,wk inc flu hosp,2026-02-14,quantile,0.4,241.0
2026-02-14,26,0,wk inc flu hosp,2026-02-14,quantile,0.45,248.0
2026-02-14,26,0,wk inc flu hosp,2026-02-14,quantile,0.5,257.0
2026-02-14,26,0,wk inc flu hosp,2026-02-14,quantile,0.55,266.0
2026-02-14,26,0,wk inc flu hosp,2026-02-14,quantile,0.6,275.0
2026-02-14,26,0,wk inc flu hosp,2026-02-14,quantile,0.65,285.0
2026-02-14,26,0,wk inc flu hosp,2026-02-14,quantile,0.7,294.0
2026-02-14,26,0,wk inc flu hosp,2026-02-14,quantile,0.75,305.0
2026-02-14,26,0,wk inc flu hosp,2026-02-14,quantile,0.8,317.0
2026-02-14,26,0,wk inc flu hosp,2026-02-14,quantile,0.85,331.0
2026-02-14,26,0,wk inc flu hosp,2026-02-14,quantile,0.9,350.0
2026-02-14,26,0,wk inc flu hosp,2026-02-14,quantile,0.95,378.0
2026-02-14,26,0,wk inc flu hosp,2026-02-14,quantile,0.975,404.0
2026-02-14,26,0,wk inc flu hosp,2026-02-14,quantile,0.99,434.0
2026-02-14,26,1,wk inc flu hosp,2026-02-21,quantile,0.01,66.38518524169922
2026-02-14,26,1,wk inc flu hosp,2026-02-21,quantile,0.025,76.58414309617717
2026-02-14,26,1,wk inc flu hosp,2026-02-21,quantile,0.05,99.27710041706534
2026-02-14,26,1,wk inc flu hosp,2026-02-21,quantile,0.1,125.0
2026-02-14,26,1,wk inc flu hosp,2026-02-21,quantile,0.15,135.673682650161
2026-02-14,26,1,wk inc flu hosp,2026-02-21,quantile,0.2,155.87134511678974
2026-02-14,26,1,wk inc flu hosp,2026-02-21,quantile,0.25,170.0
2026-02-14,26,1,wk inc flu hosp,2026-02-21,quantile,0.3,173.0
2026-02-14,26,1,wk inc flu hosp,2026-02-21,quantile,0.35,178.0
2026-02-14,26,1,wk inc flu hosp,2026-02-21,quantile,0.4,192.0
2026-02-14,26,1,wk inc flu hosp,2026-02-21,quantile,0.45,206.0
2026-02-14,26,1,wk inc flu hosp,2026-02-21,quantile,0.5,220.0
2026-02-14,26,1,wk inc flu hosp,2026-02-21,quantile,0.55,236.0
2026-02-14,26,1,wk inc flu hosp,2026-02-21,quantile,0.6,253.0
2026-02-14,26,1,wk inc flu hosp,2026-02-21,quantile,0.65,271.0
2026-02-14,26,1,wk inc flu hosp,2026-02-21,quantile,0.7,292.0
2026-02-14,26,1,wk inc flu hosp,2026-02-21,quantile,0.75,316.0
2026-02-14,26,1,wk inc flu hosp,2026-02-21,quantile,0.8,344.0
2026-02-14,26,1,wk inc flu hosp,2026-02-21,quantile,0.85,381.0
2026-02-14,26,1,wk inc flu hosp,2026-02-21,quantile,0.9,430.0
2026-02-14,26,1,wk inc flu hosp,2026-02-21,quantile,0.95,479.0
2026-02-14,26,1,wk inc flu hosp,2026-02-21,quantile,0.975,523.0
2026-02-14,26,1,wk inc flu hosp,2026-02-21,quantile,0.99,576.0
2026-02-14,26,2,wk inc flu hosp,2026-02-28,quantile,0.01,27.48495849092514
2026-02-14,26,2,wk inc flu hosp,2026-02-28,quantile,0.025,40.0
2026-02-14,26,2,wk inc flu hosp,2026-02-28,quantile,0.05,58.0
2026-02-14,26,2,wk inc flu hosp,2026-02-28,quantile,0.1,83.0
2026-02-14,26,2,wk inc flu hosp,2026-02-28,quantile,0.15,98.964372905392
2026-02-14,26,2,wk inc flu hosp,2026-02-28,quantile,0.2,118.0
2026-02-14,26,2,wk inc flu hosp,2026-02-28,quantile,0.25,133.0
2026-02-14,26,2,wk inc flu hosp,2026-02-28,quantile,0.3,142.0
2026-02-14,26,2,wk inc flu hosp,2026-02-28,quantile,0.35,145.0
2026-02-14,26,2,wk inc flu hosp,2026-02-28,quantile,0.4,146.0
2026-02-14,26,2,wk inc flu hosp,2026-02-28,quantile,0.45,159.0
2026-02-14,26,2,wk inc flu hosp,2026-02-28,quantile,0.5,175.0
2026-02-14,26,2,wk inc flu hosp,2026-02-28,quantile,0.55,194.0
2026-02-14,26,2,wk inc flu hosp,2026-02-28,quantile,0.6,215.0
2026-02-14,26,2,wk inc flu hosp,2026-02-28,quantile,0.65,237.0
2026-02-14,26,2,wk inc flu hosp,2026-02-28,quantile,0.7,264.0
2026-02-14,26,2,wk inc flu hosp,2026-02-28,quantile,0.75,288.0
2026-02-14,26,2,wk inc flu hosp,2026-02-28,quantile,0.8,311.0
2026-02-14,26,2,wk inc flu hosp,2026-02-28,quantile,0.85,339.0
2026-02-14,26,2,wk inc flu hosp,2026-02-28,quantile,0.9,376.0
2026-02-14,26,2,wk inc flu hosp,2026-02-28,quantile,0.95,435.0
2026-02-14,26,2,wk inc flu hosp,2026-02-28,quantile,0.975,490.0
2026-02-14,26,2,wk inc flu hosp,2026-02-28,quantile,0.99,557.0
2026-02-14,26,3,wk inc flu hosp,2026-03-07,quantile,0.01,16.0
2026-02-14,26,3,wk inc flu hosp,2026-03-07,quantile,0.025,28.042597200859447
2026-02-14,26,3,wk inc flu hosp,2026-03-07,quantile,0.05,43.19720604271899
2026-02-14,26,3,wk inc flu hosp,2026-03-07,quantile,0.1,60.0
2026-02-14,26,3,wk inc flu hosp,2026-03-07,quantile,0.15,74.2817834868655
2026-02-14,26,3,wk inc flu hosp,2026-03-07,quantile,0.2,93.0015874308443
2026-02-14,26,3,wk inc flu hosp,2026-03-07,quantile,0.25,104.0
2026-02-14,26,3,wk inc flu hosp,2026-03-07,quantile,0.3,106.0
2026-02-14,26,3,wk inc flu hosp,2026-03-07,quantile,0.35,111.0
2026-02-14,26,3,wk inc flu hosp,2026-03-07,quantile,0.4,113.0
2026-02-14,26,3,wk inc flu hosp,2026-03-07,quantile,0.45,127.0
2026-02-14,26,3,wk inc flu hosp,2026-03-07,quantile,0.5,141.0
2026-02-14,26,3,wk inc flu hosp,2026-03-07,quantile,0.55,148.0
2026-02-14,26,3,wk inc flu hosp,2026-03-07,quantile,0.6,169.0
2026-02-14,26,3,wk inc flu hosp,2026-03-07,quantile,0.65,191.0
2026-02-14,26,3,wk inc flu hosp,2026-03-07,quantile,0.7,219.0
2026-02-14,26,3,wk inc flu hosp,2026-03-07,quantile,0.75,256.0
2026-02-14,26,3,wk inc flu hosp,2026-03-07,quantile,0.8,301.0
2026-02-14,26,3,wk inc flu hosp,2026-03-07,quantile,0.85,359.0
2026-02-14,26,3,wk inc flu hosp,2026-03-07,quantile,0.9,452.0
2026-02-14,26,3,wk inc flu hosp,2026-03-07,quantile,0.95,529.0
2026-02-14,26,3,wk inc flu hosp,2026-03-07,quantile,0.975,601.0
2026-02-14,26,3,wk inc flu hosp,2026-03-07,quantile,0.99,690.0
2026-02-14,27,0,wk inc flu hosp,2026-02-14,quantile,0.01,64.0
2026-02-14,27,0,wk inc flu hosp,2026-02-14,quantile,0.025,67.0
2026-02-14,27,0,wk inc flu hosp,2026-02-14,quantile,0.05,73.0
2026-02-14,27,0,wk inc flu hosp,2026-02-14,quantile,0.1,79.0
2026-02-14,27,0,wk inc flu hosp,2026-02-14,quantile,0.15,88.0
2026-02-14,27,0,wk inc flu hosp,2026-02-14,quantile,0.2,92.50839753290072
2026-02-14,27,0,wk inc flu hosp,2026-02-14,quantile,0.25,101.60373750332526
2026-02-14,27,0,wk inc flu hosp,2026-02-14,quantile,0.3,109.99565330088012
2026-02-14,27,0,wk inc flu hosp,2026-02-14,quantile,0.35,117.0710541684062
2026-02-14,27,0,wk inc flu hosp,2026-02-14,quantile,0.4,125.44640527851924
2026-02-14,27,0,wk inc flu hosp,2026-02-14,quantile,0.45,134.2093174519419
2026-02-14,27,0,wk inc flu hosp,2026-02-14,quantile,0.5,142.40074094773814
2026-02-14,27,0,wk inc flu hosp,2026-02-14,quantile,0.55,149.46292770396587
2026-02-14,27,0,wk inc flu hosp,2026-02-14,quantile,0.6,158.90853931829196
2026-02-14,27,0,wk inc flu hosp,2026-02-14,quantile,0.65,170.5106823549251
2026-02-14,27,0,wk inc flu hosp,2026-02-14,quantile,0.7,182.1977028165928
2026-02-14,27,0,wk inc flu hosp,2026-02-14,quantile,0.75,193.0
2026-02-14,27,0,wk inc flu hosp,2026-02-14,quantile,0.8,199.0
2026-02-14,27,0,wk inc flu hosp,2026-02-14,quantile,0.85,207.0
2026-02-14,27,0,wk inc flu hosp,2026-02-14,quantile,0.9,218.0
2026-02-14,27,0,wk inc flu hosp,2026-02-14,quantile,0.95,234.0
2026-02-14,27,0,wk inc flu hosp,2026-02-14,quantile,0.975,246.0
2026-02-14,27,0,wk inc flu hosp,2026-02-14,quantile,0.99,261.0
2026-02-14,27,1,wk inc flu hosp,2026-02-21,quantile,0.01,34.0
2026-02-14,27,1,wk inc flu hosp,2026-02-21,quantile,0.025,34.0
2026-02-14,27,1,wk inc flu hosp,2026-02-21,quantile,0.05,39.0
2026-02-14,27,1,wk inc flu hosp,2026-02-21,quantile,0.1,51.237593812070834
2026-02-14,27,1,wk inc flu hosp,2026-02-21,quantile,0.15,59.68457204513664
2026-02-14,27,1,wk inc flu hosp,2026-02-21,quantile,0.2,68.41835621695847
2026-02-14,27,1,wk inc flu hosp,2026-02-21,quantile,0.25,76.44100408454852
2026-02-14,27,1,wk inc flu hosp,2026-02-21,quantile,0.3,83.36732668228527
2026-02-14,27,1,wk inc flu hosp,2026-02-21,quantile,0.35,90.25347362956283
2026-02-14,27,1,wk inc flu hosp,2026-02-21,quantile,0.4,97.4210334586532
2026-02-14,27,1,wk inc flu hosp,2026-02-21,quantile,0.45,104.36171505921916
2026-02-14,27,1,wk inc flu hosp,2026-02-21,quantile,0.5,112.21849226209694
2026-02-14,27,1,wk inc flu hosp,2026-02-21,quantile,0.55,120.7013659803789
2026-02-14,27,1,wk inc flu hosp,2026-02-21,quantile,0.6,129.9701299181738
2026-02-14,27,1,wk inc flu hosp,2026-02-21,quantile,0.65,141.66153204986747
2026-02-14,27,1,wk inc flu hosp,2026-02-21,quantile,0.7,155.76869175046576
2026-02-14,27,1,wk inc flu hosp,2026-02-21,quantile,0.75,172.92776188801213
2026-02-14,27,1,wk inc flu hosp,2026-02-21,quantile,0.8,194.61095036225413
2026-02-14,27,1,wk inc flu hosp,2026-02-21,quantile,0.85,223.9627804336514
2026-02-14,27,1,wk inc flu hosp,2026-02-21,quantile,0.9,252.0
2026-02-14,27,1,wk inc flu hosp,2026-02-21,quantile,0.95,290.0
2026-02-14,27,1,wk inc flu hosp,2026-02-21,quantile,0.975,324.0
2026-02-14,27,1,wk inc flu hosp,2026-02-21,quantile,0.99,360.0
2026-02-14,27,2,wk inc flu hosp,2026-02-28,quantile,0.01,15.0
2026-02-14,27,2,wk inc flu hosp,2026-02-28,quantile,0.025,17.0
2026-02-14,27,2,wk inc flu hosp,2026-02-28,quantile,0.05,22.0
2026-02-14,27,2,wk inc flu hosp,2026-02-28,quantile,0.1,26.85253447663083
2026-02-14,27,2,wk inc flu hosp,2026-02-28,quantile,0.15,35.200111510455784
2026-02-14,27,2,wk inc flu hosp,2026-02-28,quantile,0.2,41.03159677551817
2026-02-14,27,2,wk inc flu hosp,2026-02-28,quantile,0.25,47.70045589277874
2026-02-14,27,2,wk inc flu hosp,2026-02-28,quantile,0.3,52.0
2026-02-14,27,2,wk inc flu hosp,2026-02-28,quantile,0.35,55.423567498357926
2026-02-14,27,2,wk inc flu hosp,2026-02-28,quantile,0.4,61.52749465703828
2026-02-14,27,2,wk inc flu hosp,2026-02-28,quantile,0.45,67.84340503702713
2026-02-14,27,2,wk inc flu hosp,2026-02-28,quantile,0.5,75.19613866463973
2026-02-14,27,2,wk inc flu hosp,2026-02-28,quantile,0.55,83.38570097854038
2026-02-14,27,2,wk inc flu hosp,2026-02-28,quantile,0.6,92.78059632810414
2026-02-14,27,2,wk inc flu hosp,2026-02-28,quantile,0.65,101.97083178854162
2026-02-14,27,2,wk inc flu hosp,2026-02-28,quantile,0.7,110.89385766335964
2026-02-14,27,2,wk inc flu hosp,2026-02-28,quantile,0.75,125.19912276420106
2026-02-14,27,2,wk inc flu hosp,2026-02-28,quantile,0.8,147.13366904948913
2026-02-14,27,2,wk inc flu hosp,2026-02-28,quantile,0.85,180.17246552796576
2026-02-14,27,2,wk inc flu hosp,2026-02-28,quantile,0.9,234.78488040508395
2026-02-14,27,2,wk inc flu hosp,2026-02-28,quantile,0.95,299.0
2026-02-14,27,2,wk inc flu hosp,2026-02-28,quantile,0.975,337.0
2026-02-14,27,2,wk inc flu hosp,2026-02-28,quantile,0.99,384.0
2026-02-14,27,3,wk inc flu hosp,2026-03-07,quantile,0.01,7.0
2026-02-14,27,3,wk inc flu hosp,2026-03-07,quantile,0.025,11.0
2026-02-14,27,3,wk inc flu hosp,2026-03-07,quantile,0.05,14.192510285173416
2026-02-14,27,3,wk inc flu hosp,2026-03-07,quantile,0.1,23.976848668175272
2026-02-14,27,3,wk inc flu hosp,2026-03-07,quantile,0.15,29.23856954507688
2026-02-14,27,3,wk inc flu hosp,2026-03-07,quantile,0.2,35.715339742526595
2026-02-14,27,3,wk inc flu hosp,2026-03-07,quantile,0.25,41.3743070524672
2026-02-14,27,3,wk inc flu hosp,2026-03-07,quantile,0.3,46.02881941574784
2026-02-14,27,3,wk inc flu hosp,2026-03-07,quantile,0.35,51.21556073395007
2026-02-14,27,3,wk inc flu hosp,2026-03-07,quantile,0.4,56.68996824507811
2026-02-14,27,3,wk inc flu hosp,2026-03-07,quantile,0.45,63.40447913882004
2026-02-14,27,3,wk inc flu hosp,2026-03-07,quantile,0.5,70.10064652005669
2026-02-14,27,3,wk inc flu hosp,2026-03-07,quantile,0.55,78.29414526056492
2026-02-14,27,3,wk inc flu hosp,2026-03-07,quantile,0.6,87.6317210270736
2026-02-14,27,3,wk inc flu hosp,2026-03-07,quantile,0.65,97.92564098482244
2026-02-14,27,3,wk inc flu hosp,2026-03-07,quantile,0.7,109.3711191796245
2026-02-14,27,3,wk inc flu hosp,2026-03-07,quantile,0.75,124.2534930754204
2026-02-14,27,3,wk inc flu hosp,2026-03-07,quantile,0.8,148.39588049474523
2026-02-14,27,3,wk inc flu hosp,2026-03-07,quantile,0.85,182.6673775872509
2026-02-14,27,3,wk inc flu hosp,2026-03-07,quantile,0.9,240.57044560495987
2026-02-14,27,3,wk inc flu hosp,2026-03-07,quantile,0.95,315.0
2026-02-14,27,3,wk inc flu hosp,2026-03-07,quantile,0.975,379.0
2026-02-14,27,3,wk inc flu hosp,2026-03-07,quantile,0.99,448.0
2026-02-14,28,0,wk inc flu hosp,2026-02-14,quantile,0.01,89.0
2026-02-14,28,0,wk inc flu hosp,2026-02-14,quantile,0.025,94.0
2026-02-14,28,0,wk inc flu hosp,2026-02-14,quantile,0.05,103.0
2026-02-14,28,0,wk inc flu hosp,2026-02-14,quantile,0.1,120.0
2026-02-14,28,0,wk inc flu hosp,2026-02-14,quantile,0.15,141.0
2026-02-14,28,0,wk inc flu hosp,2026-02-14,quantile,0.2,155.0
2026-02-14,28,0,wk inc flu hosp,2026-02-14,quantile,0.25,166.0
2026-02-14,28,0,wk inc flu hosp,2026-02-14,quantile,0.3,170.0
2026-02-14,28,0,wk inc flu hosp,2026-02-14,quantile,0.35,175.71069091646922
2026-02-14,28,0,wk inc flu hosp,2026-02-14,quantile,0.4,185.89787485263017
2026-02-14,28,0,wk inc flu hosp,2026-02-14,quantile,0.45,195.8370954096453
2026-02-14,28,0,wk inc flu hosp,2026-02-14,quantile,0.5,205.45075303397763
2026-02-14,28,0,wk inc flu hosp,2026-02-14,quantile,0.55,211.0
2026-02-14,28,0,wk inc flu hosp,2026-02-14,quantile,0.6,214.0
2026-02-14,28,0,wk inc flu hosp,2026-02-14,quantile,0.65,218.0
2026-02-14,28,0,wk inc flu hosp,2026-02-14,quantile,0.7,223.0
2026-02-14,28,0,wk inc flu hosp,2026-02-14,quantile,0.75,229.0
2026-02-14,28,0,wk inc flu hosp,2026-02-14,quantile,0.8,237.0
2026-02-14,28,0,wk inc flu hosp,2026-02-14,quantile,0.85,243.0
2026-02-14,28,0,wk inc flu hosp,2026-02-14,quantile,0.9,248.0
2026-02-14,28,0,wk inc flu hosp,2026-02-14,quantile,0.95,254.0
2026-02-14,28,0,wk inc flu hosp,2026-02-14,quantile,0.975,269.0
2026-02-14,28,0,wk inc flu hosp,2026-02-14,quantile,0.99,285.79963486391625
2026-02-14,28,1,wk inc flu hosp,2026-02-21,quantile,0.01,75.0
2026-02-14,28,1,wk inc flu hosp,2026-02-21,quantile,0.025,81.0
2026-02-14,28,1,wk inc flu hosp,2026-02-21,quantile,0.05,90.0
2026-02-14,28,1,wk inc flu hosp,2026-02-21,quantile,0.1,102.0
2026-02-14,28,1,wk inc flu hosp,2026-02-21,quantile,0.15,121.0
2026-02-14,28,1,wk inc flu hosp,2026-02-21,quantile,0.2,135.0
2026-02-14,28,1,wk inc flu hosp,2026-02-21,quantile,0.25,145.6397571765231
2026-02-14,28,1,wk inc flu hosp,2026-02-21,quantile,0.3,151.79172410522187
2026-02-14,28,1,wk inc flu hosp,2026-02-21,quantile,0.35,157.60603752288063
2026-02-14,28,1,wk inc flu hosp,2026-02-21,quantile,0.4,163.22429382285736
2026-02-14,28,1,wk inc flu hosp,2026-02-21,quantile,0.45,168.75367109250993
2026-02-14,28,1,wk inc flu hosp,2026-02-21,quantile,0.5,174.285306266697
2026-02-14,28,1,wk inc flu hosp,2026-02-21,quantile,0.55,179.90614698056638
2026-02-14,28,1,wk inc flu hosp,2026-02-21,quantile,0.6,185.708912440622
2026-02-14,28,1,wk inc flu hosp,2026-02-21,quantile,0.65,191.80332506064
2026-02-14,28,1,wk inc flu hosp,2026-02-21,quantile,0.7,198.3324004550133
2026-02-14,28,1,wk inc flu hosp,2026-02-21,quantile,0.75,205.500890803226
2026-02-14,28,1,wk inc flu hosp,2026-02-21,quantile,0.8,221.4669249383406
2026-02-14,28,1,wk inc flu hosp,2026-02-21,quantile,0.85,243.03495504183732
2026-02-14,28,1,wk inc flu hosp,2026-02-21,quantile,0.9,259.0
2026-02-14,28,1,wk inc flu hosp,2026-02-21,quantile,0.95,297.0
2026-02-14,28,1,wk inc flu hosp,2026-02-21,quantile,0.975,314.0
2026-02-14,28,1,wk inc flu hosp,2026-02-21,quantile,0.99,320.0
2026-02-14,28,2,wk inc flu hosp,2026-02-28,quantile,0.01,58.0
2026-02-14,28,2,wk inc flu hosp,2026-02-28,quantile,0.025,65.0
2026-02-14,28,2,wk inc flu hosp,2026-02-28,quantile,0.05,71.0
2026-02-14,28,2,wk inc flu hosp,2026-02-28,quantile,0.1,83.0
2026-02-14,28,2,wk inc flu hosp,2026-02-28,quantile,0.15,101.0
2026-02-14,28,2,wk inc flu hosp,2026-02-28,quantile,0.2,118.0
2026-02-14,28,2,wk inc flu hosp,2026-02-28,quantile,0.25,128.0
2026-02-14,28,2,wk inc flu hosp,2026-02-28,quantile,0.3,135.0
2026-02-14,28,2,wk inc flu hosp,2026-02-28,quantile,0.35,142.0
2026-02-14,28,2,wk inc flu hosp,2026-02-28,quantile,0.4,149.0
2026-02-14,28,2,wk inc flu hosp,2026-02-28,quantile,0.45,155.0
2026-02-14,28,2,wk inc flu hosp,2026-02-28,quantile,0.5,162.0
2026-02-14,28,2,wk inc flu hosp,2026-02-28,quantile,0.55,168.0
2026-02-14,28,2,wk inc flu hosp,2026-02-28,quantile,0.6,175.0
2026-02-14,28,2,wk inc flu hosp,2026-02-28,quantile,0.65,182.0
2026-02-14,28,2,wk inc flu hosp,2026-02-28,quantile,0.7,190.0
2026-02-14,28,2,wk inc flu hosp,2026-02-28,quantile,0.75,199.0
2026-02-14,28,2,wk inc flu hosp,2026-02-28,quantile,0.8,209.0
2026-02-14,28,2,wk inc flu hosp,2026-02-28,quantile,0.85,220.0
2026-02-14,28,2,wk inc flu hosp,2026-02-28,quantile,0.9,246.9265769171283
2026-02-14,28,2,wk inc flu hosp,2026-02-28,quantile,0.95,275.01681123478033
2026-02-14,28,2,wk inc flu hosp,2026-02-28,quantile,0.975,298.135353161038
2026-02-14,28,2,wk inc flu hosp,2026-02-28,quantile,0.99,326.18858111551003
2026-02-14,28,3,wk inc flu hosp,2026-03-07,quantile,0.01,42.0
2026-02-14,28,3,wk inc flu hosp,2026-03-07,quantile,0.025,47.0
2026-02-14,28,3,wk inc flu hosp,2026-03-07,quantile,0.05,53.0
2026-02-14,28,3,wk inc flu hosp,2026-03-07,quantile,0.1,64.0
2026-02-14,28,3,wk inc flu hosp,2026-03-07,quantile,0.15,77.0
2026-02-14,28,3,wk inc flu hosp,2026-03-07,quantile,0.2,88.0
2026-02-14,28,3,wk inc flu hosp,2026-03-07,quantile,0.25,99.0
2026-02-14,28,3,wk inc flu hosp,2026-03-07,quantile,0.3,109.0
2026-02-14,28,3,wk inc flu hosp,2026-03-07,quantile,0.35,120.0
2026-02-14,28,3,wk inc flu hosp,2026-03-07,quantile,0.4,132.0
2026-02-14,28,3,wk inc flu hosp,2026-03-07,quantile,0.45,143.0
2026-02-14,28,3,wk inc flu hosp,2026-03-07,quantile,0.5,157.0
2026-02-14,28,3,wk inc flu hosp,2026-03-07,quantile,0.55,170.0
2026-02-14,28,3,wk inc flu hosp,2026-03-07,quantile,0.6,176.0
2026-02-14,28,3,wk inc flu hosp,2026-03-07,quantile,0.65,179.0
2026-02-14,28,3,wk inc flu hosp,2026-03-07,quantile,0.7,182.0
2026-02-14,28,3,wk inc flu hosp,2026-03-07,quantile,0.75,192.9266443551972
2026-02-14,28,3,wk inc flu hosp,2026-03-07,quantile,0.8,212.8623742445085
2026-02-14,28,3,wk inc flu hosp,2026-03-07,quantile,0.85,236.0527935166316
2026-02-14,28,3,wk inc flu hosp,2026-03-07,quantile,0.9,273.8544506248481
2026-02-14,28,3,wk inc flu hosp,2026-03-07,quantile,0.95,304.0
2026-02-14,28,3,wk inc flu hosp,2026-03-07,quantile,0.975,330.0
2026-02-14,28,3,wk inc flu hosp,2026-03-07,quantile,0.99,363.0
2026-02-14,29,0,wk inc flu hosp,2026-02-14,quantile,0.01,134.0
2026-02-14,29,0,wk inc flu hosp,2026-02-14,quantile,0.025,169.0
2026-02-14,29,0,wk inc flu hosp,2026-02-14,quantile,0.05,186.0
2026-02-14,29,0,wk inc flu hosp,2026-02-14,quantile,0.1,194.95120476931197
2026-02-14,29,0,wk inc flu hosp,2026-02-14,quantile,0.15,219.74347866294508
2026-02-14,29,0,wk inc flu hosp,2026-02-14,quantile,0.2,231.0153568553184
2026-02-14,29,0,wk inc flu hosp,2026-02-14,quantile,0.25,246.8213271932444
2026-02-14,29,0,wk inc flu hosp,2026-02-14,quantile,0.3,260.2424674679112
2026-02-14,29,0,wk inc flu hosp,2026-02-14,quantile,0.35,277.2341722354873
2026-02-14,29,0,wk inc flu hosp,2026-02-14,quantile,0.4,291.0
2026-02-14,29,0,wk inc flu hosp,2026-02-14,quantile,0.45,302.0
2026-02-14,29,0,wk inc flu hosp,2026-02-14,quantile,0.5,311.0
2026-02-14,29,0,wk inc flu hosp,2026-02-14,quantile,0.55,321.0
2026-02-14,29,0,wk inc flu hosp,2026-02-14,quantile,0.6,328.0
2026-02-14,29,0,wk inc flu hosp,2026-02-14,quantile,0.65,338.0
2026-02-14,29,0,wk inc flu hosp,2026-02-14,quantile,0.7,350.0
2026-02-14,29,0,wk inc flu hosp,2026-02-14,quantile,0.75,357.0
2026-02-14,29,0,wk inc flu hosp,2026-02-14,quantile,0.8,362.0
2026-02-14,29,0,wk inc flu hosp,2026-02-14,quantile,0.85,372.0
2026-02-14,29,0,wk inc flu hosp,2026-02-14,quantile,0.9,409.0
2026-02-14,29,0,wk inc flu hosp,2026-02-14,quantile,0.95,450.0
2026-02-14,29,0,wk inc flu hosp,2026-02-14,quantile,0.975,480.0
2026-02-14,29,0,wk inc flu hosp,2026-02-14,quantile,0.99,531.6898926455926
2026-02-14,29,1,wk inc flu hosp,2026-02-21,quantile,0.01,72.0
2026-02-14,29,1,wk inc flu hosp,2026-02-21,quantile,0.025,92.83307942606328
2026-02-14,29,1,wk inc flu hosp,2026-02-21,quantile,0.05,116.6124034300167
2026-02-14,29,1,wk inc flu hosp,2026-02-21,quantile,0.1,143.0
2026-02-14,29,1,wk inc flu hosp,2026-02-21,quantile,0.15,152.0
2026-02-14,29,1,wk inc flu hosp,2026-02-21,quantile,0.2,163.36546111506073
2026-02-14,29,1,wk inc flu hosp,2026-02-21,quantile,0.25,179.48926046670937
2026-02-14,29,1,wk inc flu hosp,2026-02-21,quantile,0.3,194.61552142239657
2026-02-14,29,1,wk inc flu hosp,2026-02-21,quantile,0.35,209.17843598624168
2026-02-14,29,1,wk inc flu hosp,2026-02-21,quantile,0.4,223.483020121438
2026-02-14,29,1,wk inc flu hosp,2026-02-21,quantile,0.45,237.77313195381905
2026-02-14,29,1,wk inc flu hosp,2026-02-21,quantile,0.5,252.269030078276
2026-02-14,29,1,wk inc flu hosp,2026-02-21,quantile,0.55,263.0
2026-02-14,29,1,wk inc flu hosp,2026-02-21,quantile,0.6,270.0
2026-02-14,29,1,wk inc flu hosp,2026-02-21,quantile,0.65,274.0
2026-02-14,29,1,wk inc flu hosp,2026-02-21,quantile,0.7,278.0
2026-02-14,29,1,wk inc flu hosp,2026-02-21,quantile,0.75,294.0
2026-02-14,29,1,wk inc flu hosp,2026-02-21,quantile,0.8,317.0
2026-02-14,29,1,wk inc flu hosp,2026-02-21,quantile,0.85,349.0
2026-02-14,29,1,wk inc flu hosp,2026-02-21,quantile,0.9,388.0
2026-02-14,29,1,wk inc flu hosp,2026-02-21,quantile,0.95,478.0
2026-02-14,29,1,wk inc flu hosp,2026-02-21,quantile,0.975,533.8783541742251
2026-02-14,29,1,wk inc flu hosp,2026-02-21,quantile,0.99,598.0959343725902
2026-02-14,29,2,wk inc flu hosp,2026-02-28,quantile,0.01,48.0
2026-02-14,29,2,wk inc flu hosp,2026-02-28,quantile,0.025,69.0
2026-02-14,29,2,wk inc flu hosp,2026-02-28,quantile,0.05,89.0
2026-02-14,29,2,wk inc flu hosp,2026-02-28,quantile,0.1,112.0
2026-02-14,29,2,wk inc flu hosp,2026-02-28,quantile,0.15,121.0
2026-02-14,29,2,wk inc flu hosp,2026-02-28,quantile,0.2,138.0
2026-02-14,29,2,wk inc flu hosp,2026-02-28,quantile,0.25,144.0
2026-02-14,29,2,wk inc flu hosp,2026-02-28,quantile,0.3,174.72358321247006
2026-02-14,29,2,wk inc flu hosp,2026-02-28,quantile,0.35,182.0
2026-02-14,29,2,wk inc flu hosp,2026-02-28,quantile,0.4,191.0
2026-02-14,29,2,wk inc flu hosp,2026-02-28,quantile,0.45,200.0
2026-02-14,29,2,wk inc flu hosp,2026-02-28,quantile,0.5,218.0
2026-02-14,29,2,wk inc flu hosp,2026-02-28,quantile,0.55,232.0
2026-02-14,29,2,wk inc flu hosp,2026-02-28,quantile,0.6,238.0
2026-02-14,29,2,wk inc flu hosp,2026-02-28,quantile,0.65,256.0
2026-02-14,29,2,wk inc flu hosp,2026-02-28,quantile,0.7,262.0
2026-02-14,29,2,wk inc flu hosp,2026-02-28,quantile,0.75,276.0
2026-02-14,29,2,wk inc flu hosp,2026-02-28,quantile,0.8,286.0
2026-02-14,29,2,wk inc flu hosp,2026-02-28,quantile,0.85,332.0
2026-02-14,29,2,wk inc flu hosp,2026-02-28,quantile,0.9,391.0
2026-02-14,29,2,wk inc flu hosp,2026-02-28,quantile,0.95,435.0
2026-02-14,29,2,wk inc flu hosp,2026-02-28,quantile,0.975,519.0
2026-02-14,29,2,wk inc flu hosp,2026-02-28,quantile,0.99,597.0
2026-02-14,29,3,wk inc flu hosp,2026-03-07,quantile,0.01,35.95297932925888
2026-02-14,29,3,wk inc flu hosp,2026-03-07,quantile,0.025,57.0
2026-02-14,29,3,wk inc flu hosp,2026-03-07,quantile,0.05,65.0
2026-02-14,29,3,wk inc flu hosp,2026-03-07,quantile,0.1,77.7522337402596
2026-02-14,29,3,wk inc flu hosp,2026-03-07,quantile,0.15,93.0
2026-02-14,29,3,wk inc flu hosp,2026-03-07,quantile,0.2,101.0
2026-02-14,29,3,wk inc flu hosp,2026-03-07,quantile,0.25,110.0
2026-02-14,29,3,wk inc flu hosp,2026-03-07,quantile,0.3,128.0
2026-02-14,29,3,wk inc flu hosp,2026-03-07,quantile,0.35,140.0
2026-02-14,29,3,wk inc flu hosp,2026-03-07,quantile,0.4,152.0
2026-02-14,29,3,wk inc flu hosp,2026-03-07,quantile,0.45,162.0
2026-02-14,29,3,wk inc flu hosp,2026-03-07,quantile,0.5,170.0
2026-02-14,29,3,wk inc flu hosp,2026-03-07,quantile,0.55,177.0
2026-02-14,29,3,wk inc flu hosp,2026-03-07,quantile,0.6,188.0
2026-02-14,29,3,wk inc flu hosp,2026-03-07,quantile,0.65,205.0
2026-02-14,29,3,wk inc flu hosp,2026-03-07,quantile,0.7,217.0
2026-02-14,29,3,wk inc flu hosp,2026-03-07,quantile,0.75,244.0
2026-02-14,29,3,wk inc flu hosp,2026-03-07,quantile,0.8,280.0
2026-02-14,29,3,wk inc flu hosp,2026-03-07,quantile,0.85,300.0
2026-02-14,29,3,wk inc flu hosp,2026-03-07,quantile,0.9,359.0
2026-02-14,29,3,wk inc flu hosp,2026-03-07,quantile,0.95,426.0
2026-02-14,29,3,wk inc flu hosp,2026-03-07,quantile,0.975,541.0
2026-02-14,29,3,wk inc flu hosp,2026-03-07,quantile,0.99,549.0
2026-02-14,30,0,wk inc flu hosp,2026-02-14,quantile,0.01,28.0
2026-02-14,30,0,wk inc flu hosp,2026-02-14,quantile,0.025,32.42740631103516
2026-02-14,30,0,wk inc flu hosp,2026-02-14,quantile,0.05,36.47232029333041
2026-02-14,30,0,wk inc flu hosp,2026-02-14,quantile,0.1,40.0
2026-02-14,30,0,wk inc flu hosp,2026-02-14,quantile,0.15,41.72940444946289
2026-02-14,30,0,wk inc flu hosp,2026-02-14,quantile,0.2,44.01563262939453
2026-02-14,30,0,wk inc flu hosp,2026-02-14,quantile,0.25,48.0
2026-02-14,30,0,wk inc flu hosp,2026-02-14,quantile,0.3,49.0
2026-02-14,30,0,wk inc flu hosp,2026-02-14,quantile,0.35,50.0
2026-02-14,30,0,wk inc flu hosp,2026-02-14,quantile,0.4,52.0
2026-02-14,30,0,wk inc flu hosp,2026-02-14,quantile,0.45,55.70858267669021
2026-02-14,30,0,wk inc flu hosp,2026-02-14,quantile,0.5,59.47240018577854
2026-02-14,30,0,wk inc flu hosp,2026-02-14,quantile,0.55,63.34599729801979
2026-02-14,30,0,wk inc flu hosp,2026-02-14,quantile,0.6,66.51955288804544
2026-02-14,30,0,wk inc flu hosp,2026-02-14,quantile,0.65,68.9417690718839
2026-02-14,30,0,wk inc flu hosp,2026-02-14,quantile,0.7,71.0
2026-02-14,30,0,wk inc flu hosp,2026-02-14,quantile,0.75,73.0
2026-02-14,30,0,wk inc flu hosp,2026-02-14,quantile,0.8,76.0
2026-02-14,30,0,wk inc flu hosp,2026-02-14,quantile,0.85,79.0
2026-02-14,30,0,wk inc flu hosp,2026-02-14,quantile,0.9,83.0
2026-02-14,30,0,wk inc flu hosp,2026-02-14,quantile,0.95,90.0
2026-02-14,30,0,wk inc flu hosp,2026-02-14,quantile,0.975,95.0
2026-02-14,30,0,wk inc flu hosp,2026-02-14,quantile,0.99,102.0
2026-02-14,30,1,wk inc flu hosp,2026-02-21,quantile,0.01,16.138517379760742
2026-02-14,30,1,wk inc flu hosp,2026-02-21,quantile,0.025,18.8428955078125
2026-02-14,30,1,wk inc flu hosp,2026-02-21,quantile,0.05,21.372873306274418
2026-02-14,30,1,wk inc flu hosp,2026-02-21,quantile,0.1,24.81573486328125
2026-02-14,30,1,wk inc flu hosp,2026-02-21,quantile,0.15,28.28187379697567
2026-02-14,30,1,wk inc flu hosp,2026-02-21,quantile,0.2,31.67478067628059
2026-02-14,30,1,wk inc flu hosp,2026-02-21,quantile,0.25,34.73873375156881
2026-02-14,30,1,wk inc flu hosp,2026-02-21,quantile,0.3,37.61079065095082
2026-02-14,30,1,wk inc flu hosp,2026-02-21,quantile,0.35,40.373993855227845
2026-02-14,30,1,wk inc flu hosp,2026-02-21,quantile,0.4,43.0
2026-02-14,30,1,wk inc flu hosp,2026-02-21,quantile,0.45,45.0
2026-02-14,30,1,wk inc flu hosp,2026-02-21,quantile,0.5,47.0
2026-02-14,30,1,wk inc flu hosp,2026-02-21,quantile,0.55,50.62284363603109
2026-02-14,30,1,wk inc flu hosp,2026-02-21,quantile,0.6,54.0
2026-02-14,30,1,wk inc flu hosp,2026-02-21,quantile,0.65,56.0
2026-02-14,30,1,wk inc flu hosp,2026-02-21,quantile,0.7,60.86350056359291
2026-02-14,30,1,wk inc flu hosp,2026-02-21,quantile,0.75,64.64662689867525
2026-02-14,30,1,wk inc flu hosp,2026-02-21,quantile,0.8,68.99353595272046
2026-02-14,30,1,wk inc flu hosp,2026-02-21,quantile,0.85,74.23889398603308
2026-02-14,30,1,wk inc flu hosp,2026-02-21,quantile,0.9,81.11174538742351
2026-02-14,30,1,wk inc flu hosp,2026-02-21,quantile,0.95,91.8579288415998
2026-02-14,30,1,wk inc flu hosp,2026-02-21,quantile,0.975,101.719829372942
2026-02-14,30,1,wk inc flu hosp,2026-02-21,quantile,0.99,113.81852767571084
2026-02-14,30,2,wk inc flu hosp,2026-02-28,quantile,0.01,7.633551597595215
2026-02-14,30,2,wk inc flu hosp,2026-02-28,quantile,0.025,9.402266502380373
2026-02-14,30,2,wk inc flu hosp,2026-02-28,quantile,0.05,13.435835963457116
2026-02-14,30,2,wk inc flu hosp,2026-02-28,quantile,0.1,19.13773156356128
2026-02-14,30,2,wk inc flu hosp,2026-02-28,quantile,0.15,22.0
2026-02-14,30,2,wk inc flu hosp,2026-02-28,quantile,0.2,26.0
2026-02-14,30,2,wk inc flu hosp,2026-02-28,quantile,0.25,30.0
2026-02-14,30,2,wk inc flu hosp,2026-02-28,quantile,0.3,33.0
2026-02-14,30,2,wk inc flu hosp,2026-02-28,quantile,0.35,35.0
2026-02-14,30,2,wk inc flu hosp,2026-02-28,quantile,0.4,37.0
2026-02-14,30,2,wk inc flu hosp,2026-02-28,quantile,0.45,38.0
2026-02-14,30,2,wk inc flu hosp,2026-02-28,quantile,0.5,41.0
2026-02-14,30,2,wk inc flu hosp,2026-02-28,quantile,0.55,45.0
2026-02-14,30,2,wk inc flu hosp,2026-02-28,quantile,0.6,47.0
2026-02-14,30,2,wk inc flu hosp,2026-02-28,quantile,0.65,49.0
2026-02-14,30,2,wk inc flu hosp,2026-02-28,quantile,0.7,58.21072285091329
2026-02-14,30,2,wk inc flu hosp,2026-02-28,quantile,0.75,67.12396545862497
2026-02-14,30,2,wk inc flu hosp,2026-02-28,quantile,0.8,72.57621362357852
2026-02-14,30,2,wk inc flu hosp,2026-02-28,quantile,0.85,79.20015157932039
2026-02-14,30,2,wk inc flu hosp,2026-02-28,quantile,0.9,87.94547473489719
2026-02-14,30,2,wk inc flu hosp,2026-02-28,quantile,0.95,101.74961822599258
2026-02-14,30,2,wk inc flu hosp,2026-02-28,quantile,0.975,114.53722641351058
2026-02-14,30,2,wk inc flu hosp,2026-02-28,quantile,0.99,130.35700337016584
2026-02-14,30,3,wk inc flu hosp,2026-03-07,quantile,0.01,3.245811059336663
2026-02-14,30,3,wk inc flu hosp,2026-03-07,quantile,0.025,6.0
2026-02-14,30,3,wk inc flu hosp,2026-03-07,quantile,0.05,8.0
2026-02-14,30,3,wk inc flu hosp,2026-03-07,quantile,0.1,11.0
2026-02-14,30,3,wk inc flu hosp,2026-03-07,quantile,0.15,14.0
2026-02-14,30,3,wk inc flu hosp,2026-03-07,quantile,0.2,17.0
2026-02-14,30,3,wk inc flu hosp,2026-03-07,quantile,0.25,20.0
2026-02-14,30,3,wk inc flu hosp,2026-03-07,quantile,0.3,23.0
2026-02-14,30,3,wk inc flu hosp,2026-03-07,quantile,0.35,26.0
2026-02-14,30,3,wk inc flu hosp,2026-03-07,quantile,0.4,30.0
2026-02-14,30,3,wk inc flu hosp,2026-03-07,quantile,0.45,33.0
2026-02-14,30,3,wk inc flu hosp,2026-03-07,quantile,0.5,35.495310368095986
2026-02-14,30,3,wk inc flu hosp,2026-03-07,quantile,0.55,40.0
2026-02-14,30,3,wk inc flu hosp,2026-03-07,quantile,0.6,43.0
2026-02-14,30,3,wk inc flu hosp,2026-03-07,quantile,0.65,46.0
2026-02-14,30,3,wk inc flu hosp,2026-03-07,quantile,0.7,52.21373466584014
2026-02-14,30,3,wk inc flu hosp,2026-03-07,quantile,0.75,65.0
2026-02-14,30,3,wk inc flu hosp,2026-03-07,quantile,0.8,74.0
2026-02-14,30,3,wk inc flu hosp,2026-03-07,quantile,0.85,82.71536921843135
2026-02-14,30,3,wk inc flu hosp,2026-03-07,quantile,0.9,92.66777464009036
2026-02-14,30,3,wk inc flu hosp,2026-03-07,quantile,0.95,108.45844051651363
2026-02-14,30,3,wk inc flu hosp,2026-03-07,quantile,0.975,123.1600152866404
2026-02-14,30,3,wk inc flu hosp,2026-03-07,quantile,0.99,141.42822669670932
2026-02-14,31,0,wk inc flu hosp,2026-02-14,quantile,0.01,67.46321105957031
2026-02-14,31,0,wk inc flu hosp,2026-02-14,quantile,0.025,71.95987701416016
2026-02-14,31,0,wk inc flu hosp,2026-02-14,quantile,0.05,76.33839416503906
2026-02-14,31,0,wk inc flu hosp,2026-02-14,quantile,0.1,88.0
2026-02-14,31,0,wk inc flu hosp,2026-02-14,quantile,0.15,93.0
2026-02-14,31,0,wk inc flu hosp,2026-02-14,quantile,0.2,102.0
2026-02-14,31,0,wk inc flu hosp,2026-02-14,quantile,0.25,106.0
2026-02-14,31,0,wk inc flu hosp,2026-02-14,quantile,0.3,110.0
2026-02-14,31,0,wk inc flu hosp,2026-02-14,quantile,0.35,113.0
2026-02-14,31,0,wk inc flu hosp,2026-02-14,quantile,0.4,117.0
2026-02-14,31,0,wk inc flu hosp,2026-02-14,quantile,0.45,122.0
2026-02-14,31,0,wk inc flu hosp,2026-02-14,quantile,0.5,130.58051521936227
2026-02-14,31,0,wk inc flu hosp,2026-02-14,quantile,0.55,134.0
2026-02-14,31,0,wk inc flu hosp,2026-02-14,quantile,0.6,136.0
2026-02-14,31,0,wk inc flu hosp,2026-02-14,quantile,0.65,140.0
2026-02-14,31,0,wk inc flu hosp,2026-02-14,quantile,0.7,144.0
2026-02-14,31,0,wk inc flu hosp,2026-02-14,quantile,0.75,148.0
2026-02-14,31,0,wk inc flu hosp,2026-02-14,quantile,0.8,152.0
2026-02-14,31,0,wk inc flu hosp,2026-02-14,quantile,0.85,160.0
2026-02-14,31,0,wk inc flu hosp,2026-02-14,quantile,0.9,165.0
2026-02-14,31,0,wk inc flu hosp,2026-02-14,quantile,0.95,177.0
2026-02-14,31,0,wk inc flu hosp,2026-02-14,quantile,0.975,189.0
2026-02-14,31,0,wk inc flu hosp,2026-02-14,quantile,0.99,199.0
2026-02-14,31,1,wk inc flu hosp,2026-02-21,quantile,0.01,38.0
2026-02-14,31,1,wk inc flu hosp,2026-02-21,quantile,0.025,40.0
2026-02-14,31,1,wk inc flu hosp,2026-02-21,quantile,0.05,46.0
2026-02-14,31,1,wk inc flu hosp,2026-02-21,quantile,0.1,55.29060745239258
2026-02-14,31,1,wk inc flu hosp,2026-02-21,quantile,0.15,64.63132243572606
2026-02-14,31,1,wk inc flu hosp,2026-02-21,quantile,0.2,75.87248110364065
2026-02-14,31,1,wk inc flu hosp,2026-02-21,quantile,0.25,85.34770042943238
2026-02-14,31,1,wk inc flu hosp,2026-02-21,quantile,0.3,92.5593464272155
2026-02-14,31,1,wk inc flu hosp,2026-02-21,quantile,0.35,97.25419859952382
2026-02-14,31,1,wk inc flu hosp,2026-02-21,quantile,0.4,104.5632509711841
2026-02-14,31,1,wk inc flu hosp,2026-02-21,quantile,0.45,116.55853571654605
2026-02-14,31,1,wk inc flu hosp,2026-02-21,quantile,0.5,123.0
2026-02-14,31,1,wk inc flu hosp,2026-02-21,quantile,0.55,127.0
2026-02-14,31,1,wk inc flu hosp,2026-02-21,quantile,0.6,130.0
2026-02-14,31,1,wk inc flu hosp,2026-02-21,quantile,0.65,134.0
2026-02-14,31,1,wk inc flu hosp,2026-02-21,quantile,0.7,139.0
2026-02-14,31,1,wk inc flu hosp,2026-02-21,quantile,0.75,143.0
2026-02-14,31,1,wk inc flu hosp,2026-02-21,quantile,0.8,147.0
2026-02-14,31,1,wk inc flu hosp,2026-02-21,quantile,0.85,152.0
2026-02-14,31,1,wk inc flu hosp,2026-02-21,quantile,0.9,167.0
2026-02-14,31,1,wk inc flu hosp,2026-02-21,quantile,0.95,192.0
2026-02-14,31,1,wk inc flu hosp,2026-02-21,quantile,0.975,211.0
2026-02-14,31,1,wk inc flu hosp,2026-02-21,quantile,0.99,224.0
2026-02-14,31,2,wk inc flu hosp,2026-02-28,quantile,0.01,23.0351619720459
2026-02-14,31,2,wk inc flu hosp,2026-02-28,quantile,0.025,25.0
2026-02-14,31,2,wk inc flu hosp,2026-02-28,quantile,0.05,27.0
2026-02-14,31,2,wk inc flu hosp,2026-02-28,quantile,0.1,33.749366760253906
2026-02-14,31,2,wk inc flu hosp,2026-02-28,quantile,0.15,37.0
2026-02-14,31,2,wk inc flu hosp,2026-02-28,quantile,0.2,41.0
2026-02-14,31,2,wk inc flu hosp,2026-02-28,quantile,0.25,47.403013484735744
2026-02-14,31,2,wk inc flu hosp,2026-02-28,quantile,0.3,53.95419360334431
2026-02-14,31,2,wk inc flu hosp,2026-02-28,quantile,0.35,61.9815400513295
2026-02-14,31,2,wk inc flu hosp,2026-02-28,quantile,0.4,70.36886798986106
2026-02-14,31,2,wk inc flu hosp,2026-02-28,quantile,0.45,79.48586669366372
2026-02-14,31,2,wk inc flu hosp,2026-02-28,quantile,0.5,88.0
2026-02-14,31,2,wk inc flu hosp,2026-02-28,quantile,0.55,93.0
2026-02-14,31,2,wk inc flu hosp,2026-02-28,quantile,0.6,97.0
2026-02-14,31,2,wk inc flu hosp,2026-02-28,quantile,0.65,102.0
2026-02-14,31,2,wk inc flu hosp,2026-02-28,quantile,0.7,107.07675697610983
2026-02-14,31,2,wk inc flu hosp,2026-02-28,quantile,0.75,119.0
2026-02-14,31,2,wk inc flu hosp,2026-02-28,quantile,0.8,122.0
2026-02-14,31,2,wk inc flu hosp,2026-02-28,quantile,0.85,129.0
2026-02-14,31,2,wk inc flu hosp,2026-02-28,quantile,0.9,148.0
2026-02-14,31,2,wk inc flu hosp,2026-02-28,quantile,0.95,165.0
2026-02-14,31,2,wk inc flu hosp,2026-02-28,quantile,0.975,177.0
2026-02-14,31,2,wk inc flu hosp,2026-02-28,quantile,0.99,195.0
2026-02-14,31,3,wk inc flu hosp,2026-03-07,quantile,0.01,11.831326484680176
2026-02-14,31,3,wk inc flu hosp,2026-03-07,quantile,0.025,14.173210144042969
2026-02-14,31,3,wk inc flu hosp,2026-03-07,quantile,0.05,17.0
2026-02-14,31,3,wk inc flu hosp,2026-03-07,quantile,0.1,25.060135019971764
2026-02-14,31,3,wk inc flu hosp,2026-03-07,quantile,0.15,35.27355273262522
2026-02-14,31,3,wk inc flu hosp,2026-03-07,quantile,0.2,43.81861388295099
2026-02-14,31,3,wk inc flu hosp,2026-03-07,quantile,0.25,51.34014328206126
2026-02-14,31,3,wk inc flu hosp,2026-03-07,quantile,0.3,57.0
2026-02-14,31,3,wk inc flu hosp,2026-03-07,quantile,0.35,65.0
2026-02-14,31,3,wk inc flu hosp,2026-03-07,quantile,0.4,69.0
2026-02-14,31,3,wk inc flu hosp,2026-03-07,quantile,0.45,72.0
2026-02-14,31,3,wk inc flu hosp,2026-03-07,quantile,0.5,78.0
2026-02-14,31,3,wk inc flu hosp,2026-03-07,quantile,0.55,81.0
2026-02-14,31,3,wk inc flu hosp,2026-03-07,quantile,0.6,88.81330741602414
2026-02-14,31,3,wk inc flu hosp,2026-03-07,quantile,0.65,96.0
2026-02-14,31,3,wk inc flu hosp,2026-03-07,quantile,0.7,99.0
2026-02-14,31,3,wk inc flu hosp,2026-03-07,quantile,0.75,102.0
2026-02-14,31,3,wk inc flu hosp,2026-03-07,quantile,0.8,105.0
2026-02-14,31,3,wk inc flu hosp,2026-03-07,quantile,0.85,108.0
2026-02-14,31,3,wk inc flu hosp,2026-03-07,quantile,0.9,117.0
2026-02-14,31,3,wk inc flu hosp,2026-03-07,quantile,0.95,148.0
2026-02-14,31,3,wk inc flu hosp,2026-03-07,quantile,0.975,171.0
2026-02-14,31,3,wk inc flu hosp,2026-03-07,quantile,0.99,200.0
2026-02-14,32,0,wk inc flu hosp,2026-02-14,quantile,0.01,41.34118270874024
2026-02-14,32,0,wk inc flu hosp,2026-02-14,quantile,0.025,45.22553253173828
2026-02-14,32,0,wk inc flu hosp,2026-02-14,quantile,0.05,49.06826400756836
2026-02-14,32,0,wk inc flu hosp,2026-02-14,quantile,0.1,54.0
2026-02-14,32,0,wk inc flu hosp,2026-02-14,quantile,0.15,57.50898742675781
2026-02-14,32,0,wk inc flu hosp,2026-02-14,quantile,0.2,60.67120742797851
2026-02-14,32,0,wk inc flu hosp,2026-02-14,quantile,0.25,63.57524871826172
2026-02-14,32,0,wk inc flu hosp,2026-02-14,quantile,0.3,66.95527606193642
2026-02-14,32,0,wk inc flu hosp,2026-02-14,quantile,0.35,71.0
2026-02-14,32,0,wk inc flu hosp,2026-02-14,quantile,0.4,73.06406311702993
2026-02-14,32,0,wk inc flu hosp,2026-02-14,quantile,0.45,77.18219378156206
2026-02-14,32,0,wk inc flu hosp,2026-02-14,quantile,0.5,81.49713718998348
2026-02-14,32,0,wk inc flu hosp,2026-02-14,quantile,0.55,86.0
2026-02-14,32,0,wk inc flu hosp,2026-02-14,quantile,0.6,89.0
2026-02-14,32,0,wk inc flu hosp,2026-02-14,quantile,0.65,92.0
2026-02-14,32,0,wk inc flu hosp,2026-02-14,quantile,0.7,96.0
2026-02-14,32,0,wk inc flu hosp,2026-02-14,quantile,0.75,99.0
2026-02-14,32,0,wk inc flu hosp,2026-02-14,quantile,0.8,102.0
2026-02-14,32,0,wk inc flu hosp,2026-02-14,quantile,0.85,106.0
2026-02-14,32,0,wk inc flu hosp,2026-02-14,quantile,0.9,114.0
2026-02-14,32,0,wk inc flu hosp,2026-02-14,quantile,0.95,124.0
2026-02-14,32,0,wk inc flu hosp,2026-02-14,quantile,0.975,133.0
2026-02-14,32,0,wk inc flu hosp,2026-02-14,quantile,0.99,144.0
2026-02-14,32,1,wk inc flu hosp,2026-02-21,quantile,0.01,26.304831736503274
2026-02-14,32,1,wk inc flu hosp,2026-02-21,quantile,0.025,30.291026682145077
2026-02-14,32,1,wk inc flu hosp,2026-02-21,quantile,0.05,36.0
2026-02-14,32,1,wk inc flu hosp,2026-02-21,quantile,0.1,42.0
2026-02-14,32,1,wk inc flu hosp,2026-02-21,quantile,0.15,46.0
2026-02-14,32,1,wk inc flu hosp,2026-02-21,quantile,0.2,50.0
2026-02-14,32,1,wk inc flu hosp,2026-02-21,quantile,0.25,54.0
2026-02-14,32,1,wk inc flu hosp,2026-02-21,quantile,0.3,57.0
2026-02-14,32,1,wk inc flu hosp,2026-02-21,quantile,0.35,61.0
2026-02-14,32,1,wk inc flu hosp,2026-02-21,quantile,0.4,64.0
2026-02-14,32,1,wk inc flu hosp,2026-02-21,quantile,0.45,68.0
2026-02-14,32,1,wk inc flu hosp,2026-02-21,quantile,0.5,71.0
2026-02-14,32,1,wk inc flu hosp,2026-02-21,quantile,0.55,75.0
2026-02-14,32,1,wk inc flu hosp,2026-02-21,quantile,0.6,79.0
2026-02-14,32,1,wk inc flu hosp,2026-02-21,quantile,0.65,83.0
2026-02-14,32,1,wk inc flu hosp,2026-02-21,quantile,0.7,88.0
2026-02-14,32,1,wk inc flu hosp,2026-02-21,quantile,0.75,94.0
2026-02-14,32,1,wk inc flu hosp,2026-02-21,quantile,0.8,100.0
2026-02-14,32,1,wk inc flu hosp,2026-02-21,quantile,0.85,108.0
2026-02-14,32,1,wk inc flu hosp,2026-02-21,quantile,0.9,119.0
2026-02-14,32,1,wk inc flu hosp,2026-02-21,quantile,0.95,135.0
2026-02-14,32,1,wk inc flu hosp,2026-02-21,quantile,0.975,150.0
2026-02-14,32,1,wk inc flu hosp,2026-02-21,quantile,0.99,166.0
2026-02-14,32,2,wk inc flu hosp,2026-02-28,quantile,0.01,13.0
2026-02-14,32,2,wk inc flu hosp,2026-02-28,quantile,0.025,16.0
2026-02-14,32,2,wk inc flu hosp,2026-02-28,quantile,0.05,22.0
2026-02-14,32,2,wk inc flu hosp,2026-02-28,quantile,0.1,29.51023206986455
2026-02-14,32,2,wk inc flu hosp,2026-02-28,quantile,0.15,36.0
2026-02-14,32,2,wk inc flu hosp,2026-02-28,quantile,0.2,37.0
2026-02-14,32,2,wk inc flu hosp,2026-02-28,quantile,0.25,43.0
2026-02-14,32,2,wk inc flu hosp,2026-02-28,quantile,0.3,45.0
2026-02-14,32,2,wk inc flu hosp,2026-02-28,quantile,0.35,47.0
2026-02-14,32,2,wk inc flu hosp,2026-02-28,quantile,0.4,50.0
2026-02-14,32,2,wk inc flu hosp,2026-02-28,quantile,0.45,52.0
2026-02-14,32,2,wk inc flu hosp,2026-02-28,quantile,0.5,56.0
2026-02-14,32,2,wk inc flu hosp,2026-02-28,quantile,0.55,59.0
2026-02-14,32,2,wk inc flu hosp,2026-02-28,quantile,0.6,63.0
2026-02-14,32,2,wk inc flu hosp,2026-02-28,quantile,0.65,68.0
2026-02-14,32,2,wk inc flu hosp,2026-02-28,quantile,0.7,74.0
2026-02-14,32,2,wk inc flu hosp,2026-02-28,quantile,0.75,81.0
2026-02-14,32,2,wk inc flu hosp,2026-02-28,quantile,0.8,89.0
2026-02-14,32,2,wk inc flu hosp,2026-02-28,quantile,0.85,99.0
2026-02-14,32,2,wk inc flu hosp,2026-02-28,quantile,0.9,114.0
2026-02-14,32,2,wk inc flu hosp,2026-02-28,quantile,0.95,137.0
2026-02-14,32,2,wk inc flu hosp,2026-02-28,quantile,0.975,157.0
2026-02-14,32,2,wk inc flu hosp,2026-02-28,quantile,0.99,181.0
2026-02-14,32,3,wk inc flu hosp,2026-03-07,quantile,0.01,7.64109202728107
2026-02-14,32,3,wk inc flu hosp,2026-03-07,quantile,0.025,13.0
2026-02-14,32,3,wk inc flu hosp,2026-03-07,quantile,0.05,17.0
2026-02-14,32,3,wk inc flu hosp,2026-03-07,quantile,0.1,22.60557889821241
2026-02-14,32,3,wk inc flu hosp,2026-03-07,quantile,0.15,26.0
2026-02-14,32,3,wk inc flu hosp,2026-03-07,quantile,0.2,28.0
2026-02-14,32,3,wk inc flu hosp,2026-03-07,quantile,0.25,31.0
2026-02-14,32,3,wk inc flu hosp,2026-03-07,quantile,0.3,34.0
2026-02-14,32,3,wk inc flu hosp,2026-03-07,quantile,0.35,40.0
2026-02-14,32,3,wk inc flu hosp,2026-03-07,quantile,0.4,44.0
2026-02-14,32,3,wk inc flu hosp,2026-03-07,quantile,0.45,46.0
2026-02-14,32,3,wk inc flu hosp,2026-03-07,quantile,0.5,49.0
2026-02-14,32,3,wk inc flu hosp,2026-03-07,quantile,0.55,54.0
2026-02-14,32,3,wk inc flu hosp,2026-03-07,quantile,0.6,58.0
2026-02-14,32,3,wk inc flu hosp,2026-03-07,quantile,0.65,65.0
2026-02-14,32,3,wk inc flu hosp,2026-03-07,quantile,0.7,70.0
2026-02-14,32,3,wk inc flu hosp,2026-03-07,quantile,0.75,77.0
2026-02-14,32,3,wk inc flu hosp,2026-03-07,quantile,0.8,82.0
2026-02-14,32,3,wk inc flu hosp,2026-03-07,quantile,0.85,87.0
2026-02-14,32,3,wk inc flu hosp,2026-03-07,quantile,0.9,99.0
2026-02-14,32,3,wk inc flu hosp,2026-03-07,quantile,0.95,123.0
2026-02-14,32,3,wk inc flu hosp,2026-03-07,quantile,0.975,147.0
2026-02-14,32,3,wk inc flu hosp,2026-03-07,quantile,0.99,172.0
2026-02-14,33,0,wk inc flu hosp,2026-02-14,quantile,0.01,11.14120094438465
2026-02-14,33,0,wk inc flu hosp,2026-02-14,quantile,0.025,14.0
2026-02-14,33,0,wk inc flu hosp,2026-02-14,quantile,0.05,16.0
2026-02-14,33,0,wk inc flu hosp,2026-02-14,quantile,0.1,20.218413943429727
2026-02-14,33,0,wk inc flu hosp,2026-02-14,quantile,0.15,23.156853882168683
2026-02-14,33,0,wk inc flu hosp,2026-02-14,quantile,0.2,25.7335347339228
2026-02-14,33,0,wk inc flu hosp,2026-02-14,quantile,0.25,28.0844853731922
2026-02-14,33,0,wk inc flu hosp,2026-02-14,quantile,0.3,31.0
2026-02-14,33,0,wk inc flu hosp,2026-02-14,quantile,0.35,33.48411862134738
2026-02-14,33,0,wk inc flu hosp,2026-02-14,quantile,0.4,36.29428329099309
2026-02-14,33,0,wk inc flu hosp,2026-02-14,quantile,0.45,39.06143294741452
2026-02-14,33,0,wk inc flu hosp,2026-02-14,quantile,0.5,41.99679333496716
2026-02-14,33,0,wk inc flu hosp,2026-02-14,quantile,0.55,45.48573625244749
2026-02-14,33,0,wk inc flu hosp,2026-02-14,quantile,0.6,48.84462309810405
2026-02-14,33,0,wk inc flu hosp,2026-02-14,quantile,0.65,52.10219791490648
2026-02-14,33,0,wk inc flu hosp,2026-02-14,quantile,0.7,53.0
2026-02-14,33,0,wk inc flu hosp,2026-02-14,quantile,0.75,54.0
2026-02-14,33,0,wk inc flu hosp,2026-02-14,quantile,0.8,55.0
2026-02-14,33,0,wk inc flu hosp,2026-02-14,quantile,0.85,56.0
2026-02-14,33,0,wk inc flu hosp,2026-02-14,quantile,0.9,58.0
2026-02-14,33,0,wk inc flu hosp,2026-02-14,quantile,0.95,58.0
2026-02-14,33,0,wk inc flu hosp,2026-02-14,quantile,0.975,61.0
2026-02-14,33,0,wk inc flu hosp,2026-02-14,quantile,0.99,70.0
2026-02-14,33,1,wk inc flu hosp,2026-02-21,quantile,0.01,4.0
2026-02-14,33,1,wk inc flu hosp,2026-02-21,quantile,0.025,6.779835704059822
2026-02-14,33,1,wk inc flu hosp,2026-02-21,quantile,0.05,10.543323629276504
2026-02-14,33,1,wk inc flu hosp,2026-02-21,quantile,0.1,14.315980287413124
2026-02-14,33,1,wk inc flu hosp,2026-02-21,quantile,0.15,16.72502601236173
2026-02-14,33,1,wk inc flu hosp,2026-02-21,quantile,0.2,18.0
2026-02-14,33,1,wk inc flu hosp,2026-02-21,quantile,0.25,19.0
2026-02-14,33,1,wk inc flu hosp,2026-02-21,quantile,0.3,20.0
2026-02-14,33,1,wk inc flu hosp,2026-02-21,quantile,0.35,25.06504851386413
2026-02-14,33,1,wk inc flu hosp,2026-02-21,quantile,0.4,27.176362789815105
2026-02-14,33,1,wk inc flu hosp,2026-02-21,quantile,0.45,29.335915085880693
2026-02-14,33,1,wk inc flu hosp,2026-02-21,quantile,0.5,31.863731520514897
2026-02-14,33,1,wk inc flu hosp,2026-02-21,quantile,0.55,34.75212241657657
2026-02-14,33,1,wk inc flu hosp,2026-02-21,quantile,0.6,37.63879106602391
2026-02-14,33,1,wk inc flu hosp,2026-02-21,quantile,0.65,41.6327651017316
2026-02-14,33,1,wk inc flu hosp,2026-02-21,quantile,0.7,46.54679286804223
2026-02-14,33,1,wk inc flu hosp,2026-02-21,quantile,0.75,53.468695478313386
2026-02-14,33,1,wk inc flu hosp,2026-02-21,quantile,0.8,58.0
2026-02-14,33,1,wk inc flu hosp,2026-02-21,quantile,0.85,60.0
2026-02-14,33,1,wk inc flu hosp,2026-02-21,quantile,0.9,62.0
2026-02-14,33,1,wk inc flu hosp,2026-02-21,quantile,0.95,64.0
2026-02-14,33,1,wk inc flu hosp,2026-02-21,quantile,0.975,76.0
2026-02-14,33,1,wk inc flu hosp,2026-02-21,quantile,0.99,89.0
2026-02-14,33,2,wk inc flu hosp,2026-02-28,quantile,0.01,2.0
2026-02-14,33,2,wk inc flu hosp,2026-02-28,quantile,0.025,3.0
2026-02-14,33,2,wk inc flu hosp,2026-02-28,quantile,0.05,4.619012328341583
2026-02-14,33,2,wk inc flu hosp,2026-02-28,quantile,0.1,10.0
2026-02-14,33,2,wk inc flu hosp,2026-02-28,quantile,0.15,11.0
2026-02-14,33,2,wk inc flu hosp,2026-02-28,quantile,0.2,11.0
2026-02-14,33,2,wk inc flu hosp,2026-02-28,quantile,0.25,12.0
2026-02-14,33,2,wk inc flu hosp,2026-02-28,quantile,0.3,13.0
2026-02-14,33,2,wk inc flu hosp,2026-02-28,quantile,0.35,18.67628688587896
2026-02-14,33,2,wk inc flu hosp,2026-02-28,quantile,0.4,20.23624730128329
2026-02-14,33,2,wk inc flu hosp,2026-02-28,quantile,0.45,21.86461840384308
2026-02-14,33,2,wk inc flu hosp,2026-02-28,quantile,0.5,23.653340144736383
2026-02-14,33,2,wk inc flu hosp,2026-02-28,quantile,0.55,25.795995028075943
2026-02-14,33,2,wk inc flu hosp,2026-02-28,quantile,0.6,28.339756823787745
2026-02-14,33,2,wk inc flu hosp,2026-02-28,quantile,0.65,31.512487977622875
2026-02-14,33,2,wk inc flu hosp,2026-02-28,quantile,0.7,35.51098222069806
2026-02-14,33,2,wk inc flu hosp,2026-02-28,quantile,0.75,40.66164199374128
2026-02-14,33,2,wk inc flu hosp,2026-02-28,quantile,0.8,48.48008799832814
2026-02-14,33,2,wk inc flu hosp,2026-02-28,quantile,0.85,58.0
2026-02-14,33,2,wk inc flu hosp,2026-02-28,quantile,0.9,59.0
2026-02-14,33,2,wk inc flu hosp,2026-02-28,quantile,0.95,72.0
2026-02-14,33,2,wk inc flu hosp,2026-02-28,quantile,0.975,92.0
2026-02-14,33,2,wk inc flu hosp,2026-02-28,quantile,0.99,105.0
2026-02-14,33,3,wk inc flu hosp,2026-03-07,quantile,0.01,0.4219787716865539
2026-02-14,33,3,wk inc flu hosp,2026-03-07,quantile,0.025,1.9853970127086864
2026-02-14,33,3,wk inc flu hosp,2026-03-07,quantile,0.05,2.0
2026-02-14,33,3,wk inc flu hosp,2026-03-07,quantile,0.1,6.0
2026-02-14,33,3,wk inc flu hosp,2026-03-07,quantile,0.15,6.0
2026-02-14,33,3,wk inc flu hosp,2026-03-07,quantile,0.2,7.0
2026-02-14,33,3,wk inc flu hosp,2026-03-07,quantile,0.25,8.0
2026-02-14,33,3,wk inc flu hosp,2026-03-07,quantile,0.3,8.0
2026-02-14,33,3,wk inc flu hosp,2026-03-07,quantile,0.35,15.0
2026-02-14,33,3,wk inc flu hosp,2026-03-07,quantile,0.4,19.0
2026-02-14,33,3,wk inc flu hosp,2026-03-07,quantile,0.45,24.58154846216402
2026-02-14,33,3,wk inc flu hosp,2026-03-07,quantile,0.5,26.69449280670392
2026-02-14,33,3,wk inc flu hosp,2026-03-07,quantile,0.55,29.065595711264635
2026-02-14,33,3,wk inc flu hosp,2026-03-07,quantile,0.6,31.85938578768648
2026-02-14,33,3,wk inc flu hosp,2026-03-07,quantile,0.65,35.28459667571492
2026-02-14,33,3,wk inc flu hosp,2026-03-07,quantile,0.7,39.96485515990216
2026-02-14,33,3,wk inc flu hosp,2026-03-07,quantile,0.75,46.72403017766576
2026-02-14,33,3,wk inc flu hosp,2026-03-07,quantile,0.8,49.0
2026-02-14,33,3,wk inc flu hosp,2026-03-07,quantile,0.85,49.0
2026-02-14,33,3,wk inc flu hosp,2026-03-07,quantile,0.9,52.0
2026-02-14,33,3,wk inc flu hosp,2026-03-07,quantile,0.95,73.0
2026-02-14,33,3,wk inc flu hosp,2026-03-07,quantile,0.975,100.0
2026-02-14,33,3,wk inc flu hosp,2026-03-07,quantile,0.99,131.0
2026-02-14,34,0,wk inc flu hosp,2026-02-14,quantile,0.01,83.0
2026-02-14,34,0,wk inc flu hosp,2026-02-14,quantile,0.025,94.0
2026-02-14,34,0,wk inc flu hosp,2026-02-14,quantile,0.05,102.0
2026-02-14,34,0,wk inc flu hosp,2026-02-14,quantile,0.1,112.0
2026-02-14,34,0,wk inc flu hosp,2026-02-14,quantile,0.15,120.0
2026-02-14,34,0,wk inc flu hosp,2026-02-14,quantile,0.2,125.0
2026-02-14,34,0,wk inc flu hosp,2026-02-14,quantile,0.25,136.4064157483042
2026-02-14,34,0,wk inc flu hosp,2026-02-14,quantile,0.3,143.0
2026-02-14,34,0,wk inc flu hosp,2026-02-14,quantile,0.35,151.0
2026-02-14,34,0,wk inc flu hosp,2026-02-14,quantile,0.4,159.1609058284002
2026-02-14,34,0,wk inc flu hosp,2026-02-14,quantile,0.45,170.53066791497852
2026-02-14,34,0,wk inc flu hosp,2026-02-14,quantile,0.5,181.10509000372545
2026-02-14,34,0,wk inc flu hosp,2026-02-14,quantile,0.55,194.178512686325
2026-02-14,34,0,wk inc flu hosp,2026-02-14,quantile,0.6,207.0
2026-02-14,34,0,wk inc flu hosp,2026-02-14,quantile,0.65,216.0
2026-02-14,34,0,wk inc flu hosp,2026-02-14,quantile,0.7,224.0
2026-02-14,34,0,wk inc flu hosp,2026-02-14,quantile,0.75,233.0
2026-02-14,34,0,wk inc flu hosp,2026-02-14,quantile,0.8,244.0
2026-02-14,34,0,wk inc flu hosp,2026-02-14,quantile,0.85,256.0
2026-02-14,34,0,wk inc flu hosp,2026-02-14,quantile,0.9,274.0
2026-02-14,34,0,wk inc flu hosp,2026-02-14,quantile,0.95,302.0
2026-02-14,34,0,wk inc flu hosp,2026-02-14,quantile,0.975,326.0
2026-02-14,34,0,wk inc flu hosp,2026-02-14,quantile,0.99,348.0
2026-02-14,34,1,wk inc flu hosp,2026-02-21,quantile,0.01,42.0
2026-02-14,34,1,wk inc flu hosp,2026-02-21,quantile,0.025,47.14358885830821
2026-02-14,34,1,wk inc flu hosp,2026-02-21,quantile,0.05,55.09211762792123
2026-02-14,34,1,wk inc flu hosp,2026-02-21,quantile,0.1,67.59519505701813
2026-02-14,34,1,wk inc flu hosp,2026-02-21,quantile,0.15,78.9606332553832
2026-02-14,34,1,wk inc flu hosp,2026-02-21,quantile,0.2,89.05968743100148
2026-02-14,34,1,wk inc flu hosp,2026-02-21,quantile,0.25,100.26944664147
2026-02-14,34,1,wk inc flu hosp,2026-02-21,quantile,0.3,110.0
2026-02-14,34,1,wk inc flu hosp,2026-02-21,quantile,0.35,116.0
2026-02-14,34,1,wk inc flu hosp,2026-02-21,quantile,0.4,121.0
2026-02-14,34,1,wk inc flu hosp,2026-02-21,quantile,0.45,128.70891773078523
2026-02-14,34,1,wk inc flu hosp,2026-02-21,quantile,0.5,138.23267062087692
2026-02-14,34,1,wk inc flu hosp,2026-02-21,quantile,0.55,148.39568695769108
2026-02-14,34,1,wk inc flu hosp,2026-02-21,quantile,0.6,159.46468600762472
2026-02-14,34,1,wk inc flu hosp,2026-02-21,quantile,0.65,171.87830368303233
2026-02-14,34,1,wk inc flu hosp,2026-02-21,quantile,0.7,186.6466368798874
2026-02-14,34,1,wk inc flu hosp,2026-02-21,quantile,0.75,204.6939806791572
2026-02-14,34,1,wk inc flu hosp,2026-02-21,quantile,0.8,227.46664673966671
2026-02-14,34,1,wk inc flu hosp,2026-02-21,quantile,0.85,256.25108563487873
2026-02-14,34,1,wk inc flu hosp,2026-02-21,quantile,0.9,301.2978719218227
2026-02-14,34,1,wk inc flu hosp,2026-02-21,quantile,0.95,346.39900654190626
2026-02-14,34,1,wk inc flu hosp,2026-02-21,quantile,0.975,425.6327493037215
2026-02-14,34,1,wk inc flu hosp,2026-02-21,quantile,0.99,506.0
2026-02-14,34,2,wk inc flu hosp,2026-02-28,quantile,0.01,32.0
2026-02-14,34,2,wk inc flu hosp,2026-02-28,quantile,0.025,34.0
2026-02-14,34,2,wk inc flu hosp,2026-02-28,quantile,0.05,36.0
2026-02-14,34,2,wk inc flu hosp,2026-02-28,quantile,0.1,43.0
2026-02-14,34,2,wk inc flu hosp,2026-02-28,quantile,0.15,48.0
2026-02-14,34,2,wk inc flu hosp,2026-02-28,quantile,0.2,65.0
2026-02-14,34,2,wk inc flu hosp,2026-02-28,quantile,0.25,70.0
2026-02-14,34,2,wk inc flu hosp,2026-02-28,quantile,0.3,76.0
2026-02-14,34,2,wk inc flu hosp,2026-02-28,quantile,0.35,86.0
2026-02-14,34,2,wk inc flu hosp,2026-02-28,quantile,0.4,95.0
2026-02-14,34,2,wk inc flu hosp,2026-02-28,quantile,0.45,107.0
2026-02-14,34,2,wk inc flu hosp,2026-02-28,quantile,0.5,120.0
2026-02-14,34,2,wk inc flu hosp,2026-02-28,quantile,0.55,134.0
2026-02-14,34,2,wk inc flu hosp,2026-02-28,quantile,0.6,149.0
2026-02-14,34,2,wk inc flu hosp,2026-02-28,quantile,0.65,166.0
2026-02-14,34,2,wk inc flu hosp,2026-02-28,quantile,0.7,186.0
2026-02-14,34,2,wk inc flu hosp,2026-02-28,quantile,0.75,208.0
2026-02-14,34,2,wk inc flu hosp,2026-02-28,quantile,0.8,239.0
2026-02-14,34,2,wk inc flu hosp,2026-02-28,quantile,0.85,275.0
2026-02-14,34,2,wk inc flu hosp,2026-02-28,quantile,0.9,333.0
2026-02-14,34,2,wk inc flu hosp,2026-02-28,quantile,0.95,426.0
2026-02-14,34,2,wk inc flu hosp,2026-02-28,quantile,0.975,520.0
2026-02-14,34,2,wk inc flu hosp,2026-02-28,quantile,0.99,629.0
2026-02-14,34,3,wk inc flu hosp,2026-03-07,quantile,0.01,8.0
2026-02-14,34,3,wk inc flu hosp,2026-03-07,quantile,0.025,22.0
2026-02-14,34,3,wk inc flu hosp,2026-03-07,quantile,0.05,23.0
2026-02-14,34,3,wk inc flu hosp,2026-03-07,quantile,0.1,32.38484552882545
2026-02-14,34,3,wk inc flu hosp,2026-03-07,quantile,0.15,34.0
2026-02-14,34,3,wk inc flu hosp,2026-03-07,quantile,0.2,46.0
2026-02-14,34,3,wk inc flu hosp,2026-03-07,quantile,0.25,50.0
2026-02-14,34,3,wk inc flu hosp,2026-03-07,quantile,0.3,54.0
2026-02-14,34,3,wk inc flu hosp,2026-03-07,quantile,0.35,59.0
2026-02-14,34,3,wk inc flu hosp,2026-03-07,quantile,0.4,63.0
2026-02-14,34,3,wk inc flu hosp,2026-03-07,quantile,0.45,73.0
2026-02-14,34,3,wk inc flu hosp,2026-03-07,quantile,0.5,83.0
2026-02-14,34,3,wk inc flu hosp,2026-03-07,quantile,0.55,97.0
2026-02-14,34,3,wk inc flu hosp,2026-03-07,quantile,0.6,112.0
2026-02-14,34,3,wk inc flu hosp,2026-03-07,quantile,0.65,129.0
2026-02-14,34,3,wk inc flu hosp,2026-03-07,quantile,0.7,149.0
2026-02-14,34,3,wk inc flu hosp,2026-03-07,quantile,0.75,173.0
2026-02-14,34,3,wk inc flu hosp,2026-03-07,quantile,0.8,205.0
2026-02-14,34,3,wk inc flu hosp,2026-03-07,quantile,0.85,246.0
2026-02-14,34,3,wk inc flu hosp,2026-03-07,quantile,0.9,308.0
2026-02-14,34,3,wk inc flu hosp,2026-03-07,quantile,0.95,422.0
2026-02-14,34,3,wk inc flu hosp,2026-03-07,quantile,0.975,535.0
2026-02-14,34,3,wk inc flu hosp,2026-03-07,quantile,0.99,651.0
2026-02-14,35,0,wk inc flu hosp,2026-02-14,quantile,0.01,74.0
2026-02-14,35,0,wk inc flu hosp,2026-02-14,quantile,0.025,77.0
2026-02-14,35,0,wk inc flu hosp,2026-02-14,quantile,0.05,83.0
2026-02-14,35,0,wk inc flu hosp,2026-02-14,quantile,0.1,89.0
2026-02-14,35,0,wk inc flu hosp,2026-02-14,quantile,0.15,91.0
2026-02-14,35,0,wk inc flu hosp,2026-02-14,quantile,0.2,93.0
2026-02-14,35,0,wk inc flu hosp,2026-02-14,quantile,0.25,94.0
2026-02-14,35,0,wk inc flu hosp,2026-02-14,quantile,0.3,101.28132770483242
2026-02-14,35,0,wk inc flu hosp,2026-02-14,quantile,0.35,110.73878395186978
2026-02-14,35,0,wk inc flu hosp,2026-02-14,quantile,0.4,120.06573002047114
2026-02-14,35,0,wk inc flu hosp,2026-02-14,quantile,0.45,129.3698552439703
2026-02-14,35,0,wk inc flu hosp,2026-02-14,quantile,0.5,137.64938335588664
2026-02-14,35,0,wk inc flu hosp,2026-02-14,quantile,0.55,145.471374372614
2026-02-14,35,0,wk inc flu hosp,2026-02-14,quantile,0.6,156.73546247553483
2026-02-14,35,0,wk inc flu hosp,2026-02-14,quantile,0.65,165.0
2026-02-14,35,0,wk inc flu hosp,2026-02-14,quantile,0.7,170.0
2026-02-14,35,0,wk inc flu hosp,2026-02-14,quantile,0.75,176.0
2026-02-14,35,0,wk inc flu hosp,2026-02-14,quantile,0.8,182.0
2026-02-14,35,0,wk inc flu hosp,2026-02-14,quantile,0.85,189.0
2026-02-14,35,0,wk inc flu hosp,2026-02-14,quantile,0.9,200.0
2026-02-14,35,0,wk inc flu hosp,2026-02-14,quantile,0.95,213.0
2026-02-14,35,0,wk inc flu hosp,2026-02-14,quantile,0.975,226.0
2026-02-14,35,0,wk inc flu hosp,2026-02-14,quantile,0.99,239.0
2026-02-14,35,1,wk inc flu hosp,2026-02-21,quantile,0.01,44.0
2026-02-14,35,1,wk inc flu hosp,2026-02-21,quantile,0.025,49.0
2026-02-14,35,1,wk inc flu hosp,2026-02-21,quantile,0.05,58.0
2026-02-14,35,1,wk inc flu hosp,2026-02-21,quantile,0.1,64.76203374114574
2026-02-14,35,1,wk inc flu hosp,2026-02-21,quantile,0.15,75.0
2026-02-14,35,1,wk inc flu hosp,2026-02-21,quantile,0.2,84.29170770793725
2026-02-14,35,1,wk inc flu hosp,2026-02-21,quantile,0.25,93.46326395324594
2026-02-14,35,1,wk inc flu hosp,2026-02-21,quantile,0.3,101.504827822608
2026-02-14,35,1,wk inc flu hosp,2026-02-21,quantile,0.35,109.1478413311247
2026-02-14,35,1,wk inc flu hosp,2026-02-21,quantile,0.4,116.0
2026-02-14,35,1,wk inc flu hosp,2026-02-21,quantile,0.45,124.15956498426137
2026-02-14,35,1,wk inc flu hosp,2026-02-21,quantile,0.5,131.771640872235
2026-02-14,35,1,wk inc flu hosp,2026-02-21,quantile,0.55,139.61017026918287
2026-02-14,35,1,wk inc flu hosp,2026-02-21,quantile,0.6,147.8069338525855
2026-02-14,35,1,wk inc flu hosp,2026-02-21,quantile,0.65,156.52465674542483
2026-02-14,35,1,wk inc flu hosp,2026-02-21,quantile,0.7,165.9821355694909
2026-02-14,35,1,wk inc flu hosp,2026-02-21,quantile,0.75,176.49944777940718
2026-02-14,35,1,wk inc flu hosp,2026-02-21,quantile,0.8,188.5911328255535
2026-02-14,35,1,wk inc flu hosp,2026-02-21,quantile,0.85,203.1910633724512
2026-02-14,35,1,wk inc flu hosp,2026-02-21,quantile,0.9,222.3343333150088
2026-02-14,35,1,wk inc flu hosp,2026-02-21,quantile,0.95,252.2924988908312
2026-02-14,35,1,wk inc flu hosp,2026-02-21,quantile,0.975,279.8095983888649
2026-02-14,35,1,wk inc flu hosp,2026-02-21,quantile,0.99,313.5945491118459
2026-02-14,35,2,wk inc flu hosp,2026-02-28,quantile,0.01,31.0
2026-02-14,35,2,wk inc flu hosp,2026-02-28,quantile,0.025,39.80087749815056
2026-02-14,35,2,wk inc flu hosp,2026-02-28,quantile,0.05,48.0
2026-02-14,35,2,wk inc flu hosp,2026-02-28,quantile,0.1,56.0
2026-02-14,35,2,wk inc flu hosp,2026-02-28,quantile,0.15,66.35569490472659
2026-02-14,35,2,wk inc flu hosp,2026-02-28,quantile,0.2,76.0
2026-02-14,35,2,wk inc flu hosp,2026-02-28,quantile,0.25,84.0
2026-02-14,35,2,wk inc flu hosp,2026-02-28,quantile,0.3,86.0
2026-02-14,35,2,wk inc flu hosp,2026-02-28,quantile,0.35,91.0
2026-02-14,35,2,wk inc flu hosp,2026-02-28,quantile,0.4,94.0
2026-02-14,35,2,wk inc flu hosp,2026-02-28,quantile,0.45,97.0
2026-02-14,35,2,wk inc flu hosp,2026-02-28,quantile,0.5,99.0
2026-02-14,35,2,wk inc flu hosp,2026-02-28,quantile,0.55,104.0
2026-02-14,35,2,wk inc flu hosp,2026-02-28,quantile,0.6,110.0
2026-02-14,35,2,wk inc flu hosp,2026-02-28,quantile,0.65,116.0
2026-02-14,35,2,wk inc flu hosp,2026-02-28,quantile,0.7,123.0
2026-02-14,35,2,wk inc flu hosp,2026-02-28,quantile,0.75,131.0
2026-02-14,35,2,wk inc flu hosp,2026-02-28,quantile,0.8,141.0
2026-02-14,35,2,wk inc flu hosp,2026-02-28,quantile,0.85,155.0
2026-02-14,35,2,wk inc flu hosp,2026-02-28,quantile,0.9,174.0
2026-02-14,35,2,wk inc flu hosp,2026-02-28,quantile,0.95,205.0
2026-02-14,35,2,wk inc flu hosp,2026-02-28,quantile,0.975,229.0
2026-02-14,35,2,wk inc flu hosp,2026-02-28,quantile,0.99,254.0
2026-02-14,35,3,wk inc flu hosp,2026-03-07,quantile,0.01,21.76163024594965
2026-02-14,35,3,wk inc flu hosp,2026-03-07,quantile,0.025,29.0
2026-02-14,35,3,wk inc flu hosp,2026-03-07,quantile,0.05,35.0
2026-02-14,35,3,wk inc flu hosp,2026-03-07,quantile,0.1,45.17628332756881
2026-02-14,35,3,wk inc flu hosp,2026-03-07,quantile,0.15,54.0
2026-02-14,35,3,wk inc flu hosp,2026-03-07,quantile,0.2,58.0
2026-02-14,35,3,wk inc flu hosp,2026-03-07,quantile,0.25,61.0
2026-02-14,35,3,wk inc flu hosp,2026-03-07,quantile,0.3,67.0
2026-02-14,35,3,wk inc flu hosp,2026-03-07,quantile,0.35,75.0
2026-02-14,35,3,wk inc flu hosp,2026-03-07,quantile,0.4,83.0
2026-02-14,35,3,wk inc flu hosp,2026-03-07,quantile,0.45,92.0
2026-02-14,35,3,wk inc flu hosp,2026-03-07,quantile,0.5,101.0
2026-02-14,35,3,wk inc flu hosp,2026-03-07,quantile,0.55,111.0
2026-02-14,35,3,wk inc flu hosp,2026-03-07,quantile,0.6,122.0
2026-02-14,35,3,wk inc flu hosp,2026-03-07,quantile,0.65,133.0
2026-02-14,35,3,wk inc flu hosp,2026-03-07,quantile,0.7,147.0
2026-02-14,35,3,wk inc flu hosp,2026-03-07,quantile,0.75,162.0
2026-02-14,35,3,wk inc flu hosp,2026-03-07,quantile,0.8,181.0
2026-02-14,35,3,wk inc flu hosp,2026-03-07,quantile,0.85,204.0
2026-02-14,35,3,wk inc flu hosp,2026-03-07,quantile,0.9,235.0
2026-02-14,35,3,wk inc flu hosp,2026-03-07,quantile,0.95,266.0
2026-02-14,35,3,wk inc flu hosp,2026-03-07,quantile,0.975,294.0
2026-02-14,35,3,wk inc flu hosp,2026-03-07,quantile,0.99,328.0
2026-02-14,36,0,wk inc flu hosp,2026-02-14,quantile,0.01,90.0
2026-02-14,36,0,wk inc flu hosp,2026-02-14,quantile,0.025,103.0
2026-02-14,36,0,wk inc flu hosp,2026-02-14,quantile,0.05,113.0
2026-02-14,36,0,wk inc flu hosp,2026-02-14,quantile,0.1,128.0
2026-02-14,36,0,wk inc flu hosp,2026-02-14,quantile,0.15,142.0
2026-02-14,36,0,wk inc flu hosp,2026-02-14,quantile,0.2,153.0
2026-02-14,36,0,wk inc flu hosp,2026-02-14,quantile,0.25,163.0
2026-02-14,36,0,wk inc flu hosp,2026-02-14,quantile,0.3,172.0
2026-02-14,36,0,wk inc flu hosp,2026-02-14,quantile,0.35,183.0
2026-02-14,36,0,wk inc flu hosp,2026-02-14,quantile,0.4,193.0
2026-02-14,36,0,wk inc flu hosp,2026-02-14,quantile,0.45,202.0
2026-02-14,36,0,wk inc flu hosp,2026-02-14,quantile,0.5,212.0
2026-02-14,36,0,wk inc flu hosp,2026-02-14,quantile,0.55,222.0
2026-02-14,36,0,wk inc flu hosp,2026-02-14,quantile,0.6,233.0
2026-02-14,36,0,wk inc flu hosp,2026-02-14,quantile,0.65,245.0
2026-02-14,36,0,wk inc flu hosp,2026-02-14,quantile,0.7,257.0
2026-02-14,36,0,wk inc flu hosp,2026-02-14,quantile,0.75,272.0
2026-02-14,36,0,wk inc flu hosp,2026-02-14,quantile,0.8,286.0
2026-02-14,36,0,wk inc flu hosp,2026-02-14,quantile,0.85,301.0
2026-02-14,36,0,wk inc flu hosp,2026-02-14,quantile,0.9,320.0
2026-02-14,36,0,wk inc flu hosp,2026-02-14,quantile,0.95,364.0
2026-02-14,36,0,wk inc flu hosp,2026-02-14,quantile,0.975,394.0
2026-02-14,36,0,wk inc flu hosp,2026-02-14,quantile,0.99,431.0
2026-02-14,36,1,wk inc flu hosp,2026-02-21,quantile,0.01,45.0
2026-02-14,36,1,wk inc flu hosp,2026-02-21,quantile,0.025,56.0
2026-02-14,36,1,wk inc flu hosp,2026-02-21,quantile,0.05,59.0
2026-02-14,36,1,wk inc flu hosp,2026-02-21,quantile,0.1,66.0
2026-02-14,36,1,wk inc flu hosp,2026-02-21,quantile,0.15,77.0
2026-02-14,36,1,wk inc flu hosp,2026-02-21,quantile,0.2,89.0
2026-02-14,36,1,wk inc flu hosp,2026-02-21,quantile,0.25,103.0
2026-02-14,36,1,wk inc flu hosp,2026-02-21,quantile,0.3,116.0
2026-02-14,36,1,wk inc flu hosp,2026-02-21,quantile,0.35,130.0
2026-02-14,36,1,wk inc flu hosp,2026-02-21,quantile,0.4,144.0
2026-02-14,36,1,wk inc flu hosp,2026-02-21,quantile,0.45,160.0
2026-02-14,36,1,wk inc flu hosp,2026-02-21,quantile,0.5,177.0
2026-02-14,36,1,wk inc flu hosp,2026-02-21,quantile,0.55,194.0
2026-02-14,36,1,wk inc flu hosp,2026-02-21,quantile,0.6,214.0
2026-02-14,36,1,wk inc flu hosp,2026-02-21,quantile,0.65,237.0
2026-02-14,36,1,wk inc flu hosp,2026-02-21,quantile,0.7,262.0
2026-02-14,36,1,wk inc flu hosp,2026-02-21,quantile,0.75,292.0
2026-02-14,36,1,wk inc flu hosp,2026-02-21,quantile,0.8,329.0
2026-02-14,36,1,wk inc flu hosp,2026-02-21,quantile,0.85,379.0
2026-02-14,36,1,wk inc flu hosp,2026-02-21,quantile,0.9,416.0
2026-02-14,36,1,wk inc flu hosp,2026-02-21,quantile,0.95,475.0
2026-02-14,36,1,wk inc flu hosp,2026-02-21,quantile,0.975,528.0
2026-02-14,36,1,wk inc flu hosp,2026-02-21,quantile,0.99,594.0
2026-02-14,36,2,wk inc flu hosp,2026-02-28,quantile,0.01,18.0
2026-02-14,36,2,wk inc flu hosp,2026-02-28,quantile,0.025,21.0
2026-02-14,36,2,wk inc flu hosp,2026-02-28,quantile,0.05,25.0
2026-02-14,36,2,wk inc flu hosp,2026-02-28,quantile,0.1,42.0
2026-02-14,36,2,wk inc flu hosp,2026-02-28,quantile,0.15,44.0
2026-02-14,36,2,wk inc flu hosp,2026-02-28,quantile,0.2,48.0
2026-02-14,36,2,wk inc flu hosp,2026-02-28,quantile,0.25,60.0
2026-02-14,36,2,wk inc flu hosp,2026-02-28,quantile,0.3,72.0
2026-02-14,36,2,wk inc flu hosp,2026-02-28,quantile,0.35,86.0
2026-02-14,36,2,wk inc flu hosp,2026-02-28,quantile,0.4,100.0
2026-02-14,36,2,wk inc flu hosp,2026-02-28,quantile,0.45,117.0
2026-02-14,36,2,wk inc flu hosp,2026-02-28,quantile,0.5,136.0
2026-02-14,36,2,wk inc flu hosp,2026-02-28,quantile,0.55,157.0
2026-02-14,36,2,wk inc flu hosp,2026-02-28,quantile,0.6,181.0
2026-02-14,36,2,wk inc flu hosp,2026-02-28,quantile,0.65,209.0
2026-02-14,36,2,wk inc flu hosp,2026-02-28,quantile,0.7,241.0
2026-02-14,36,2,wk inc flu hosp,2026-02-28,quantile,0.75,282.0
2026-02-14,36,2,wk inc flu hosp,2026-02-28,quantile,0.8,336.0
2026-02-14,36,2,wk inc flu hosp,2026-02-28,quantile,0.85,395.0
2026-02-14,36,2,wk inc flu hosp,2026-02-28,quantile,0.9,451.0
2026-02-14,36,2,wk inc flu hosp,2026-02-28,quantile,0.95,541.0
2026-02-14,36,2,wk inc flu hosp,2026-02-28,quantile,0.975,625.0
2026-02-14,36,2,wk inc flu hosp,2026-02-28,quantile,0.99,730.0
2026-02-14,36,3,wk inc flu hosp,2026-03-07,quantile,0.01,12.0
2026-02-14,36,3,wk inc flu hosp,2026-03-07,quantile,0.025,15.0
2026-02-14,36,3,wk inc flu hosp,2026-03-07,quantile,0.05,17.0
2026-02-14,36,3,wk inc flu hosp,2026-03-07,quantile,0.1,28.0
2026-02-14,36,3,wk inc flu hosp,2026-03-07,quantile,0.15,32.0
2026-02-14,36,3,wk inc flu hosp,2026-03-07,quantile,0.2,36.0
2026-02-14,36,3,wk inc flu hosp,2026-03-07,quantile,0.25,41.897732290262105
2026-02-14,36,3,wk inc flu hosp,2026-03-07,quantile,0.3,46.0
2026-02-14,36,3,wk inc flu hosp,2026-03-07,quantile,0.35,52.0
2026-02-14,36,3,wk inc flu hosp,2026-03-07,quantile,0.4,65.0
2026-02-14,36,3,wk inc flu hosp,2026-03-07,quantile,0.45,80.0
2026-02-14,36,3,wk inc flu hosp,2026-03-07,quantile,0.5,97.0
2026-02-14,36,3,wk inc flu hosp,2026-03-07,quantile,0.55,116.0
2026-02-14,36,3,wk inc flu hosp,2026-03-07,quantile,0.6,140.0
2026-02-14,36,3,wk inc flu hosp,2026-03-07,quantile,0.65,168.0
2026-02-14,36,3,wk inc flu hosp,2026-03-07,quantile,0.7,201.0
2026-02-14,36,3,wk inc flu hosp,2026-03-07,quantile,0.75,247.0
2026-02-14,36,3,wk inc flu hosp,2026-03-07,quantile,0.8,304.0
2026-02-14,36,3,wk inc flu hosp,2026-03-07,quantile,0.85,390.0
2026-02-14,36,3,wk inc flu hosp,2026-03-07,quantile,0.9,518.0
2026-02-14,36,3,wk inc flu hosp,2026-03-07,quantile,0.95,660.0
2026-02-14,36,3,wk inc flu hosp,2026-03-07,quantile,0.975,777.0
2026-02-14,36,3,wk inc flu hosp,2026-03-07,quantile,0.99,926.0
2026-02-14,37,0,wk inc flu hosp,2026-02-14,quantile,0.01,156.0
2026-02-14,37,0,wk inc flu hosp,2026-02-14,quantile,0.025,158.0
2026-02-14,37,0,wk inc flu hosp,2026-02-14,quantile,0.05,163.0
2026-02-14,37,0,wk inc flu hosp,2026-02-14,quantile,0.1,173.0
2026-02-14,37,0,wk inc flu hosp,2026-02-14,quantile,0.15,189.7943848360096
2026-02-14,37,0,wk inc flu hosp,2026-02-14,quantile,0.2,209.07944252587237
2026-02-14,37,0,wk inc flu hosp,2026-02-14,quantile,0.25,226.0
2026-02-14,37,0,wk inc flu hosp,2026-02-14,quantile,0.3,242.85438450074292
2026-02-14,37,0,wk inc flu hosp,2026-02-14,quantile,0.35,258.43739090917825
2026-02-14,37,0,wk inc flu hosp,2026-02-14,quantile,0.4,276.29319784112016
2026-02-14,37,0,wk inc flu hosp,2026-02-14,quantile,0.45,294.1978700842577
2026-02-14,37,0,wk inc flu hosp,2026-02-14,quantile,0.5,313.060515766553
2026-02-14,37,0,wk inc flu hosp,2026-02-14,quantile,0.55,333.191033637812
2026-02-14,37,0,wk inc flu hosp,2026-02-14,quantile,0.6,356.531284107594
2026-02-14,37,0,wk inc flu hosp,2026-02-14,quantile,0.65,379.52656188478505
2026-02-14,37,0,wk inc flu hosp,2026-02-14,quantile,0.7,403.5593392735087
2026-02-14,37,0,wk inc flu hosp,2026-02-14,quantile,0.75,431.09142678426406
2026-02-14,37,0,wk inc flu hosp,2026-02-14,quantile,0.8,459.0
2026-02-14,37,0,wk inc flu hosp,2026-02-14,quantile,0.85,475.0
2026-02-14,37,0,wk inc flu hosp,2026-02-14,quantile,0.9,499.0
2026-02-14,37,0,wk inc flu hosp,2026-02-14,quantile,0.95,535.0
2026-02-14,37,0,wk inc flu hosp,2026-02-14,quantile,0.975,563.0
2026-02-14,37,0,wk inc flu hosp,2026-02-14,quantile,0.99,593.0
2026-02-14,37,1,wk inc flu hosp,2026-02-21,quantile,0.01,75.0
2026-02-14,37,1,wk inc flu hosp,2026-02-21,quantile,0.025,96.0
2026-02-14,37,1,wk inc flu hosp,2026-02-21,quantile,0.05,108.0
2026-02-14,37,1,wk inc flu hosp,2026-02-21,quantile,0.1,118.0
2026-02-14,37,1,wk inc flu hosp,2026-02-21,quantile,0.15,128.6632111427748
2026-02-14,37,1,wk inc flu hosp,2026-02-21,quantile,0.2,145.0
2026-02-14,37,1,wk inc flu hosp,2026-02-21,quantile,0.25,158.53853386405498
2026-02-14,37,1,wk inc flu hosp,2026-02-21,quantile,0.3,174.01001711754793
2026-02-14,37,1,wk inc flu hosp,2026-02-21,quantile,0.35,186.1148506776168
2026-02-14,37,1,wk inc flu hosp,2026-02-21,quantile,0.4,201.800052129686
2026-02-14,37,1,wk inc flu hosp,2026-02-21,quantile,0.45,218.1712524510245
2026-02-14,37,1,wk inc flu hosp,2026-02-21,quantile,0.5,232.3580277090626
2026-02-14,37,1,wk inc flu hosp,2026-02-21,quantile,0.55,246.94018403272528
2026-02-14,37,1,wk inc flu hosp,2026-02-21,quantile,0.6,266.3551749541827
2026-02-14,37,1,wk inc flu hosp,2026-02-21,quantile,0.65,288.5811315987796
2026-02-14,37,1,wk inc flu hosp,2026-02-21,quantile,0.7,321.4563817431493
2026-02-14,37,1,wk inc flu hosp,2026-02-21,quantile,0.75,366.9615630582635
2026-02-14,37,1,wk inc flu hosp,2026-02-21,quantile,0.8,433.6938224555342
2026-02-14,37,1,wk inc flu hosp,2026-02-21,quantile,0.85,530.0
2026-02-14,37,1,wk inc flu hosp,2026-02-21,quantile,0.9,583.0
2026-02-14,37,1,wk inc flu hosp,2026-02-21,quantile,0.95,665.0
2026-02-14,37,1,wk inc flu hosp,2026-02-21,quantile,0.975,734.0
2026-02-14,37,1,wk inc flu hosp,2026-02-21,quantile,0.99,811.0
2026-02-14,37,2,wk inc flu hosp,2026-02-28,quantile,0.01,38.0
2026-02-14,37,2,wk inc flu hosp,2026-02-28,quantile,0.025,55.1118220477807
2026-02-14,37,2,wk inc flu hosp,2026-02-28,quantile,0.05,68.0
2026-02-14,37,2,wk inc flu hosp,2026-02-28,quantile,0.1,78.0
2026-02-14,37,2,wk inc flu hosp,2026-02-28,quantile,0.15,88.89285850197479
2026-02-14,37,2,wk inc flu hosp,2026-02-28,quantile,0.2,100.43688590880558
2026-02-14,37,2,wk inc flu hosp,2026-02-28,quantile,0.25,114.16635125691715
2026-02-14,37,2,wk inc flu hosp,2026-02-28,quantile,0.3,126.0
2026-02-14,37,2,wk inc flu hosp,2026-02-28,quantile,0.35,135.0
2026-02-14,37,2,wk inc flu hosp,2026-02-28,quantile,0.4,144.1846044524965
2026-02-14,37,2,wk inc flu hosp,2026-02-28,quantile,0.45,156.77549676267046
2026-02-14,37,2,wk inc flu hosp,2026-02-28,quantile,0.5,170.43829022965258
2026-02-14,37,2,wk inc flu hosp,2026-02-28,quantile,0.55,185.1855404336348
2026-02-14,37,2,wk inc flu hosp,2026-02-28,quantile,0.6,202.79928183078732
2026-02-14,37,2,wk inc flu hosp,2026-02-28,quantile,0.65,223.1147701325232
2026-02-14,37,2,wk inc flu hosp,2026-02-28,quantile,0.7,254.50497849491452
2026-02-14,37,2,wk inc flu hosp,2026-02-28,quantile,0.75,301.05756041407875
2026-02-14,37,2,wk inc flu hosp,2026-02-28,quantile,0.8,372.7972689417372
2026-02-14,37,2,wk inc flu hosp,2026-02-28,quantile,0.85,453.0
2026-02-14,37,2,wk inc flu hosp,2026-02-28,quantile,0.9,502.0
2026-02-14,37,2,wk inc flu hosp,2026-02-28,quantile,0.95,578.0
2026-02-14,37,2,wk inc flu hosp,2026-02-28,quantile,0.975,648.0
2026-02-14,37,2,wk inc flu hosp,2026-02-28,quantile,0.99,734.0
2026-02-14,37,3,wk inc flu hosp,2026-03-07,quantile,0.01,23.95144964303745
2026-02-14,37,3,wk inc flu hosp,2026-03-07,quantile,0.025,28.68931257948749
2026-02-14,37,3,wk inc flu hosp,2026-03-07,quantile,0.05,36.37517201950637
2026-02-14,37,3,wk inc flu hosp,2026-03-07,quantile,0.1,55.0
2026-02-14,37,3,wk inc flu hosp,2026-03-07,quantile,0.15,65.0
2026-02-14,37,3,wk inc flu hosp,2026-03-07,quantile,0.2,87.66143524394414
2026-02-14,37,3,wk inc flu hosp,2026-03-07,quantile,0.25,103.368212919302
2026-02-14,37,3,wk inc flu hosp,2026-03-07,quantile,0.3,114.34384035620904
2026-02-14,37,3,wk inc flu hosp,2026-03-07,quantile,0.35,126.60893678500064
2026-02-14,37,3,wk inc flu hosp,2026-03-07,quantile,0.4,139.41318674006214
2026-02-14,37,3,wk inc flu hosp,2026-03-07,quantile,0.45,152.8029058249683
2026-02-14,37,3,wk inc flu hosp,2026-03-07,quantile,0.5,167.0517298325974
2026-02-14,37,3,wk inc flu hosp,2026-03-07,quantile,0.55,182.90754713112477
2026-02-14,37,3,wk inc flu hosp,2026-03-07,quantile,0.6,201.6215425464196
2026-02-14,37,3,wk inc flu hosp,2026-03-07,quantile,0.65,224.99903844659335
2026-02-14,37,3,wk inc flu hosp,2026-03-07,quantile,0.7,256.86482514143995
2026-02-14,37,3,wk inc flu hosp,2026-03-07,quantile,0.75,301.7721763415862
2026-02-14,37,3,wk inc flu hosp,2026-03-07,quantile,0.8,372.5712128865609
2026-02-14,37,3,wk inc flu hosp,2026-03-07,quantile,0.85,453.0
2026-02-14,37,3,wk inc flu hosp,2026-03-07,quantile,0.9,533.0
2026-02-14,37,3,wk inc flu hosp,2026-03-07,quantile,0.95,655.0
2026-02-14,37,3,wk inc flu hosp,2026-03-07,quantile,0.975,764.0
2026-02-14,37,3,wk inc flu hosp,2026-03-07,quantile,0.99,889.0
2026-02-14,38,0,wk inc flu hosp,2026-02-14,quantile,0.01,17.0
2026-02-14,38,0,wk inc flu hosp,2026-02-14,quantile,0.025,18.0
2026-02-14,38,0,wk inc flu hosp,2026-02-14,quantile,0.05,19.0
2026-02-14,38,0,wk inc flu hosp,2026-02-14,quantile,0.1,21.0
2026-02-14,38,0,wk inc flu hosp,2026-02-14,quantile,0.15,22.0
2026-02-14,38,0,wk inc flu hosp,2026-02-14,quantile,0.2,23.0
2026-02-14,38,0,wk inc flu hosp,2026-02-14,quantile,0.25,24.0
2026-02-14,38,0,wk inc flu hosp,2026-02-14,quantile,0.3,26.31489318930576
2026-02-14,38,0,wk inc flu hosp,2026-02-14,quantile,0.35,28.646771249647514
2026-02-14,38,0,wk inc flu hosp,2026-02-14,quantile,0.4,30.889215848058598
2026-02-14,38,0,wk inc flu hosp,2026-02-14,quantile,0.45,33.13097480703527
2026-02-14,38,0,wk inc flu hosp,2026-02-14,quantile,0.5,35.359314270044834
2026-02-14,38,0,wk inc flu hosp,2026-02-14,quantile,0.55,37.99943559081456
2026-02-14,38,0,wk inc flu hosp,2026-02-14,quantile,0.6,40.785308080076014
2026-02-14,38,0,wk inc flu hosp,2026-02-14,quantile,0.65,43.0
2026-02-14,38,0,wk inc flu hosp,2026-02-14,quantile,0.7,46.0
2026-02-14,38,0,wk inc flu hosp,2026-02-14,quantile,0.75,47.0
2026-02-14,38,0,wk inc flu hosp,2026-02-14,quantile,0.8,49.0
2026-02-14,38,0,wk inc flu hosp,2026-02-14,quantile,0.85,51.0
2026-02-14,38,0,wk inc flu hosp,2026-02-14,quantile,0.9,53.0
2026-02-14,38,0,wk inc flu hosp,2026-02-14,quantile,0.95,55.0
2026-02-14,38,0,wk inc flu hosp,2026-02-14,quantile,0.975,60.0
2026-02-14,38,0,wk inc flu hosp,2026-02-14,quantile,0.99,67.0
2026-02-14,38,1,wk inc flu hosp,2026-02-21,quantile,0.01,5.627096652984619
2026-02-14,38,1,wk inc flu hosp,2026-02-21,quantile,0.025,8.036472010027381
2026-02-14,38,1,wk inc flu hosp,2026-02-21,quantile,0.05,10.938911899449192
2026-02-14,38,1,wk inc flu hosp,2026-02-21,quantile,0.1,12.92327838368072
2026-02-14,38,1,wk inc flu hosp,2026-02-21,quantile,0.15,15.250558066218993
2026-02-14,38,1,wk inc flu hosp,2026-02-21,quantile,0.2,17.882497765325937
2026-02-14,38,1,wk inc flu hosp,2026-02-21,quantile,0.25,20.803603307650324
2026-02-14,38,1,wk inc flu hosp,2026-02-21,quantile,0.3,23.492704250156148
2026-02-14,38,1,wk inc flu hosp,2026-02-21,quantile,0.35,26.457534416426423
2026-02-14,38,1,wk inc flu hosp,2026-02-21,quantile,0.4,29.0
2026-02-14,38,1,wk inc flu hosp,2026-02-21,quantile,0.45,30.0
2026-02-14,38,1,wk inc flu hosp,2026-02-21,quantile,0.5,31.0
2026-02-14,38,1,wk inc flu hosp,2026-02-21,quantile,0.55,33.0
2026-02-14,38,1,wk inc flu hosp,2026-02-21,quantile,0.6,34.0
2026-02-14,38,1,wk inc flu hosp,2026-02-21,quantile,0.65,35.0
2026-02-14,38,1,wk inc flu hosp,2026-02-21,quantile,0.7,37.0
2026-02-14,38,1,wk inc flu hosp,2026-02-21,quantile,0.75,38.0
2026-02-14,38,1,wk inc flu hosp,2026-02-21,quantile,0.8,41.0
2026-02-14,38,1,wk inc flu hosp,2026-02-21,quantile,0.85,45.0
2026-02-14,38,1,wk inc flu hosp,2026-02-21,quantile,0.9,51.0
2026-02-14,38,1,wk inc flu hosp,2026-02-21,quantile,0.95,60.0
2026-02-14,38,1,wk inc flu hosp,2026-02-21,quantile,0.975,69.0
2026-02-14,38,1,wk inc flu hosp,2026-02-21,quantile,0.99,77.0
2026-02-14,38,2,wk inc flu hosp,2026-02-28,quantile,0.01,2.0
2026-02-14,38,2,wk inc flu hosp,2026-02-28,quantile,0.025,3.51448298437478
2026-02-14,38,2,wk inc flu hosp,2026-02-28,quantile,0.05,4.790689726316974
2026-02-14,38,2,wk inc flu hosp,2026-02-28,quantile,0.1,7.767635632364274
2026-02-14,38,2,wk inc flu hosp,2026-02-28,quantile,0.15,9.356210703134456
2026-02-14,38,2,wk inc flu hosp,2026-02-28,quantile,0.2,10.494301560237618
2026-02-14,38,2,wk inc flu hosp,2026-02-28,quantile,0.25,11.279207412178032
2026-02-14,38,2,wk inc flu hosp,2026-02-28,quantile,0.3,12.0
2026-02-14,38,2,wk inc flu hosp,2026-02-28,quantile,0.35,13.0
2026-02-14,38,2,wk inc flu hosp,2026-02-28,quantile,0.4,15.0
2026-02-14,38,2,wk inc flu hosp,2026-02-28,quantile,0.45,16.0
2026-02-14,38,2,wk inc flu hosp,2026-02-28,quantile,0.5,18.0
2026-02-14,38,2,wk inc flu hosp,2026-02-28,quantile,0.55,20.0
2026-02-14,38,2,wk inc flu hosp,2026-02-28,quantile,0.6,22.0
2026-02-14,38,2,wk inc flu hosp,2026-02-28,quantile,0.65,25.205259539826685
2026-02-14,38,2,wk inc flu hosp,2026-02-28,quantile,0.7,28.907674874555635
2026-02-14,38,2,wk inc flu hosp,2026-02-28,quantile,0.75,30.0
2026-02-14,38,2,wk inc flu hosp,2026-02-28,quantile,0.8,34.0
2026-02-14,38,2,wk inc flu hosp,2026-02-28,quantile,0.85,39.0
2026-02-14,38,2,wk inc flu hosp,2026-02-28,quantile,0.9,46.0
2026-02-14,38,2,wk inc flu hosp,2026-02-28,quantile,0.95,59.0
2026-02-14,38,2,wk inc flu hosp,2026-02-28,quantile,0.975,69.0
2026-02-14,38,2,wk inc flu hosp,2026-02-28,quantile,0.99,81.0
2026-02-14,38,3,wk inc flu hosp,2026-03-07,quantile,0.01,1.0888580554088565
2026-02-14,38,3,wk inc flu hosp,2026-03-07,quantile,0.025,2.7577401050518926
2026-02-14,38,3,wk inc flu hosp,2026-03-07,quantile,0.05,4.188218525264598
2026-02-14,38,3,wk inc flu hosp,2026-03-07,quantile,0.1,7.582937651662944
2026-02-14,38,3,wk inc flu hosp,2026-03-07,quantile,0.15,10.0
2026-02-14,38,3,wk inc flu hosp,2026-03-07,quantile,0.2,11.0
2026-02-14,38,3,wk inc flu hosp,2026-03-07,quantile,0.25,12.0
2026-02-14,38,3,wk inc flu hosp,2026-03-07,quantile,0.3,13.0
2026-02-14,38,3,wk inc flu hosp,2026-03-07,quantile,0.35,14.0
2026-02-14,38,3,wk inc flu hosp,2026-03-07,quantile,0.4,15.0
2026-02-14,38,3,wk inc flu hosp,2026-03-07,quantile,0.45,16.0
2026-02-14,38,3,wk inc flu hosp,2026-03-07,quantile,0.5,18.0
2026-02-14,38,3,wk inc flu hosp,2026-03-07,quantile,0.55,18.0
2026-02-14,38,3,wk inc flu hosp,2026-03-07,quantile,0.6,20.0
2026-02-14,38,3,wk inc flu hosp,2026-03-07,quantile,0.65,21.0
2026-02-14,38,3,wk inc flu hosp,2026-03-07,quantile,0.7,22.0
2026-02-14,38,3,wk inc flu hosp,2026-03-07,quantile,0.75,23.0
2026-02-14,38,3,wk inc flu hosp,2026-03-07,quantile,0.8,25.0
2026-02-14,38,3,wk inc flu hosp,2026-03-07,quantile,0.85,30.0
2026-02-14,38,3,wk inc flu hosp,2026-03-07,quantile,0.9,37.0
2026-02-14,38,3,wk inc flu hosp,2026-03-07,quantile,0.95,49.0
2026-02-14,38,3,wk inc flu hosp,2026-03-07,quantile,0.975,61.0
2026-02-14,38,3,wk inc flu hosp,2026-03-07,quantile,0.99,73.0
2026-02-14,39,0,wk inc flu hosp,2026-02-14,quantile,0.01,218.5
2026-02-14,39,0,wk inc flu hosp,2026-02-14,quantile,0.025,239.0
2026-02-14,39,0,wk inc flu hosp,2026-02-14,quantile,0.05,262.0
2026-02-14,39,0,wk inc flu hosp,2026-02-14,quantile,0.1,288.0
2026-02-14,39,0,wk inc flu hosp,2026-02-14,quantile,0.15,304.5
2026-02-14,39,0,wk inc flu hosp,2026-02-14,quantile,0.2,323.5
2026-02-14,39,0,wk inc flu hosp,2026-02-14,quantile,0.25,336.5
2026-02-14,39,0,wk inc flu hosp,2026-02-14,quantile,0.3,350.0
2026-02-14,39,0,wk inc flu hosp,2026-02-14,quantile,0.35,364.87836093755794
2026-02-14,39,0,wk inc flu hosp,2026-02-14,quantile,0.4,381.8430597337755
2026-02-14,39,0,wk inc flu hosp,2026-02-14,quantile,0.45,399.2041714639606
2026-02-14,39,0,wk inc flu hosp,2026-02-14,quantile,0.5,420.86845223153125
2026-02-14,39,0,wk inc flu hosp,2026-02-14,quantile,0.55,448.19727018218737
2026-02-14,39,0,wk inc flu hosp,2026-02-14,quantile,0.6,482.90579131982224
2026-02-14,39,0,wk inc flu hosp,2026-02-14,quantile,0.65,521.9204355646297
2026-02-14,39,0,wk inc flu hosp,2026-02-14,quantile,0.7,557.3135657624643
2026-02-14,39,0,wk inc flu hosp,2026-02-14,quantile,0.75,587.2488467682178
2026-02-14,39,0,wk inc flu hosp,2026-02-14,quantile,0.8,627.1707517099105
2026-02-14,39,0,wk inc flu hosp,2026-02-14,quantile,0.85,673.9565112926882
2026-02-14,39,0,wk inc flu hosp,2026-02-14,quantile,0.9,709.0
2026-02-14,39,0,wk inc flu hosp,2026-02-14,quantile,0.95,747.5
2026-02-14,39,0,wk inc flu hosp,2026-02-14,quantile,0.975,776.5
2026-02-14,39,0,wk inc flu hosp,2026-02-14,quantile,0.99,806.5
2026-02-14,39,1,wk inc flu hosp,2026-02-21,quantile,0.01,92.0
2026-02-14,39,1,wk inc flu hosp,2026-02-21,quantile,0.025,116.68976899650048
2026-02-14,39,1,wk inc flu hosp,2026-02-21,quantile,0.05,147.89018629873914
2026-02-14,39,1,wk inc flu hosp,2026-02-21,quantile,0.1,187.11311895001097
2026-02-14,39,1,wk inc flu hosp,2026-02-21,quantile,0.15,206.0
2026-02-14,39,1,wk inc flu hosp,2026-02-21,quantile,0.2,224.5
2026-02-14,39,1,wk inc flu hosp,2026-02-21,quantile,0.25,253.0
2026-02-14,39,1,wk inc flu hosp,2026-02-21,quantile,0.3,271.5
2026-02-14,39,1,wk inc flu hosp,2026-02-21,quantile,0.35,286.5
2026-02-14,39,1,wk inc flu hosp,2026-02-21,quantile,0.4,301.7707687043851
2026-02-14,39,1,wk inc flu hosp,2026-02-21,quantile,0.45,324.4221169494564
2026-02-14,39,1,wk inc flu hosp,2026-02-21,quantile,0.5,347.1980847306817
2026-02-14,39,1,wk inc flu hosp,2026-02-21,quantile,0.55,373.63634304486993
2026-02-14,39,1,wk inc flu hosp,2026-02-21,quantile,0.6,400.89475978869984
2026-02-14,39,1,wk inc flu hosp,2026-02-21,quantile,0.65,438.6907937530371
2026-02-14,39,1,wk inc flu hosp,2026-02-21,quantile,0.7,482.60174925344336
2026-02-14,39,1,wk inc flu hosp,2026-02-21,quantile,0.75,530.785814820407
2026-02-14,39,1,wk inc flu hosp,2026-02-21,quantile,0.8,593.221263439747
2026-02-14,39,1,wk inc flu hosp,2026-02-21,quantile,0.85,676.341361965385
2026-02-14,39,1,wk inc flu hosp,2026-02-21,quantile,0.9,749.0780555472185
2026-02-14,39,1,wk inc flu hosp,2026-02-21,quantile,0.95,858.7446881500267
2026-02-14,39,1,wk inc flu hosp,2026-02-21,quantile,0.975,913.3008264259065
2026-02-14,39,1,wk inc flu hosp,2026-02-21,quantile,0.99,977.4578044930856
2026-02-14,39,2,wk inc flu hosp,2026-02-28,quantile,0.01,54.0
2026-02-14,39,2,wk inc flu hosp,2026-02-28,quantile,0.025,66.5
2026-02-14,39,2,wk inc flu hosp,2026-02-28,quantile,0.05,88.51650986569527
2026-02-14,39,2,wk inc flu hosp,2026-02-28,quantile,0.1,114.0
2026-02-14,39,2,wk inc flu hosp,2026-02-28,quantile,0.15,131.5
2026-02-14,39,2,wk inc flu hosp,2026-02-28,quantile,0.2,148.5
2026-02-14,39,2,wk inc flu hosp,2026-02-28,quantile,0.25,166.0
2026-02-14,39,2,wk inc flu hosp,2026-02-28,quantile,0.3,182.1530852441075
2026-02-14,39,2,wk inc flu hosp,2026-02-28,quantile,0.35,200.16635383310444
2026-02-14,39,2,wk inc flu hosp,2026-02-28,quantile,0.4,225.57338951586507
2026-02-14,39,2,wk inc flu hosp,2026-02-28,quantile,0.45,244.3426407678352
2026-02-14,39,2,wk inc flu hosp,2026-02-28,quantile,0.5,265.1904312076215
2026-02-14,39,2,wk inc flu hosp,2026-02-28,quantile,0.55,291.1899999904138
2026-02-14,39,2,wk inc flu hosp,2026-02-28,quantile,0.6,321.90753806315877
2026-02-14,39,2,wk inc flu hosp,2026-02-28,quantile,0.65,366.3841818296159
2026-02-14,39,2,wk inc flu hosp,2026-02-28,quantile,0.7,416.902321234903
2026-02-14,39,2,wk inc flu hosp,2026-02-28,quantile,0.75,486.1051712519856
2026-02-14,39,2,wk inc flu hosp,2026-02-28,quantile,0.8,592.1905738507148
2026-02-14,39,2,wk inc flu hosp,2026-02-28,quantile,0.85,718.6442678449546
2026-02-14,39,2,wk inc flu hosp,2026-02-28,quantile,0.9,825.1311629705607
2026-02-14,39,2,wk inc flu hosp,2026-02-28,quantile,0.95,972.0
2026-02-14,39,2,wk inc flu hosp,2026-02-28,quantile,0.975,1066.5385370261893
2026-02-14,39,2,wk inc flu hosp,2026-02-28,quantile,0.99,1157.6831342758512
2026-02-14,39,3,wk inc flu hosp,2026-03-07,quantile,0.01,25.5
2026-02-14,39,3,wk inc flu hosp,2026-03-07,quantile,0.025,33.5
2026-02-14,39,3,wk inc flu hosp,2026-03-07,quantile,0.05,46.0
2026-02-14,39,3,wk inc flu hosp,2026-03-07,quantile,0.1,72.85959257737541
2026-02-14,39,3,wk inc flu hosp,2026-03-07,quantile,0.15,88.50355634542197
2026-02-14,39,3,wk inc flu hosp,2026-03-07,quantile,0.2,102.93115329169152
2026-02-14,39,3,wk inc flu hosp,2026-03-07,quantile,0.25,117.09574627407443
2026-02-14,39,3,wk inc flu hosp,2026-03-07,quantile,0.3,130.912406658232
2026-02-14,39,3,wk inc flu hosp,2026-03-07,quantile,0.35,143.80774425861875
2026-02-14,39,3,wk inc flu hosp,2026-03-07,quantile,0.4,169.19007627316182
2026-02-14,39,3,wk inc flu hosp,2026-03-07,quantile,0.45,188.58658163447765
2026-02-14,39,3,wk inc flu hosp,2026-03-07,quantile,0.5,205.4134827343833
2026-02-14,39,3,wk inc flu hosp,2026-03-07,quantile,0.55,227.4196014990573
2026-02-14,39,3,wk inc flu hosp,2026-03-07,quantile,0.6,251.3947382159904
2026-02-14,39,3,wk inc flu hosp,2026-03-07,quantile,0.65,280.427228972074
2026-02-14,39,3,wk inc flu hosp,2026-03-07,quantile,0.7,343.17164166731277
2026-02-14,39,3,wk inc flu hosp,2026-03-07,quantile,0.75,443.40583093903126
2026-02-14,39,3,wk inc flu hosp,2026-03-07,quantile,0.8,508.58750619334444
2026-02-14,39,3,wk inc flu hosp,2026-03-07,quantile,0.85,679.891102032633
2026-02-14,39,3,wk inc flu hosp,2026-03-07,quantile,0.9,825.3945123833464
2026-02-14,39,3,wk inc flu hosp,2026-03-07,quantile,0.95,992.5
2026-02-14,39,3,wk inc flu hosp,2026-03-07,quantile,0.975,1110.0
2026-02-14,39,3,wk inc flu hosp,2026-03-07,quantile,0.99,1233.5
2026-02-14,40,0,wk inc flu hosp,2026-02-14,quantile,0.01,90.52933644508164
2026-02-14,40,0,wk inc flu hosp,2026-02-14,quantile,0.025,104.0223260895144
2026-02-14,40,0,wk inc flu hosp,2026-02-14,quantile,0.05,116.0
2026-02-14,40,0,wk inc flu hosp,2026-02-14,quantile,0.1,125.0
2026-02-14,40,0,wk inc flu hosp,2026-02-14,quantile,0.15,130.0
2026-02-14,40,0,wk inc flu hosp,2026-02-14,quantile,0.2,136.0
2026-02-14,40,0,wk inc flu hosp,2026-02-14,quantile,0.25,145.0
2026-02-14,40,0,wk inc flu hosp,2026-02-14,quantile,0.3,153.0
2026-02-14,40,0,wk inc flu hosp,2026-02-14,quantile,0.35,160.0
2026-02-14,40,0,wk inc flu hosp,2026-02-14,quantile,0.4,165.0
2026-02-14,40,0,wk inc flu hosp,2026-02-14,quantile,0.45,171.0
2026-02-14,40,0,wk inc flu hosp,2026-02-14,quantile,0.5,176.0
2026-02-14,40,0,wk inc flu hosp,2026-02-14,quantile,0.55,181.0
2026-02-14,40,0,wk inc flu hosp,2026-02-14,quantile,0.6,187.0
2026-02-14,40,0,wk inc flu hosp,2026-02-14,quantile,0.65,193.0
2026-02-14,40,0,wk inc flu hosp,2026-02-14,quantile,0.7,199.0
2026-02-14,40,0,wk inc flu hosp,2026-02-14,quantile,0.75,210.37684340733213
2026-02-14,40,0,wk inc flu hosp,2026-02-14,quantile,0.8,224.0
2026-02-14,40,0,wk inc flu hosp,2026-02-14,quantile,0.85,237.0686694468534
2026-02-14,40,0,wk inc flu hosp,2026-02-14,quantile,0.9,251.0
2026-02-14,40,0,wk inc flu hosp,2026-02-14,quantile,0.95,271.0
2026-02-14,40,0,wk inc flu hosp,2026-02-14,quantile,0.975,290.0
2026-02-14,40,0,wk inc flu hosp,2026-02-14,quantile,0.99,311.0
2026-02-14,40,1,wk inc flu hosp,2026-02-21,quantile,0.01,62.0
2026-02-14,40,1,wk inc flu hosp,2026-02-21,quantile,0.025,70.0
2026-02-14,40,1,wk inc flu hosp,2026-02-21,quantile,0.05,73.0
2026-02-14,40,1,wk inc flu hosp,2026-02-21,quantile,0.1,84.0
2026-02-14,40,1,wk inc flu hosp,2026-02-21,quantile,0.15,93.0
2026-02-14,40,1,wk inc flu hosp,2026-02-21,quantile,0.2,103.0
2026-02-14,40,1,wk inc flu hosp,2026-02-21,quantile,0.25,112.0
2026-02-14,40,1,wk inc flu hosp,2026-02-21,quantile,0.3,120.0
2026-02-14,40,1,wk inc flu hosp,2026-02-21,quantile,0.35,129.0
2026-02-14,40,1,wk inc flu hosp,2026-02-21,quantile,0.4,137.0
2026-02-14,40,1,wk inc flu hosp,2026-02-21,quantile,0.45,146.0
2026-02-14,40,1,wk inc flu hosp,2026-02-21,quantile,0.5,153.0
2026-02-14,40,1,wk inc flu hosp,2026-02-21,quantile,0.55,159.0
2026-02-14,40,1,wk inc flu hosp,2026-02-21,quantile,0.6,163.0
2026-02-14,40,1,wk inc flu hosp,2026-02-21,quantile,0.65,167.0
2026-02-14,40,1,wk inc flu hosp,2026-02-21,quantile,0.7,171.0
2026-02-14,40,1,wk inc flu hosp,2026-02-21,quantile,0.75,175.0
2026-02-14,40,1,wk inc flu hosp,2026-02-21,quantile,0.8,182.0
2026-02-14,40,1,wk inc flu hosp,2026-02-21,quantile,0.85,203.2268485747937
2026-02-14,40,1,wk inc flu hosp,2026-02-21,quantile,0.9,227.0
2026-02-14,40,1,wk inc flu hosp,2026-02-21,quantile,0.95,266.0
2026-02-14,40,1,wk inc flu hosp,2026-02-21,quantile,0.975,286.0
2026-02-14,40,1,wk inc flu hosp,2026-02-21,quantile,0.99,313.0
2026-02-14,40,2,wk inc flu hosp,2026-02-28,quantile,0.01,36.48452359414958
2026-02-14,40,2,wk inc flu hosp,2026-02-28,quantile,0.025,46.87472625362803
2026-02-14,40,2,wk inc flu hosp,2026-02-28,quantile,0.05,56.85082527131826
2026-02-14,40,2,wk inc flu hosp,2026-02-28,quantile,0.1,64.0
2026-02-14,40,2,wk inc flu hosp,2026-02-28,quantile,0.15,69.0
2026-02-14,40,2,wk inc flu hosp,2026-02-28,quantile,0.2,71.0
2026-02-14,40,2,wk inc flu hosp,2026-02-28,quantile,0.25,78.0
2026-02-14,40,2,wk inc flu hosp,2026-02-28,quantile,0.3,87.0
2026-02-14,40,2,wk inc flu hosp,2026-02-28,quantile,0.35,96.0
2026-02-14,40,2,wk inc flu hosp,2026-02-28,quantile,0.4,100.0
2026-02-14,40,2,wk inc flu hosp,2026-02-28,quantile,0.45,105.0
2026-02-14,40,2,wk inc flu hosp,2026-02-28,quantile,0.5,109.0
2026-02-14,40,2,wk inc flu hosp,2026-02-28,quantile,0.55,117.0
2026-02-14,40,2,wk inc flu hosp,2026-02-28,quantile,0.6,126.0
2026-02-14,40,2,wk inc flu hosp,2026-02-28,quantile,0.65,136.0
2026-02-14,40,2,wk inc flu hosp,2026-02-28,quantile,0.7,147.0
2026-02-14,40,2,wk inc flu hosp,2026-02-28,quantile,0.75,159.0
2026-02-14,40,2,wk inc flu hosp,2026-02-28,quantile,0.8,169.30493649501847
2026-02-14,40,2,wk inc flu hosp,2026-02-28,quantile,0.85,180.0
2026-02-14,40,2,wk inc flu hosp,2026-02-28,quantile,0.9,195.43593828338345
2026-02-14,40,2,wk inc flu hosp,2026-02-28,quantile,0.95,227.36362197163575
2026-02-14,40,2,wk inc flu hosp,2026-02-28,quantile,0.975,243.0
2026-02-14,40,2,wk inc flu hosp,2026-02-28,quantile,0.99,280.0
2026-02-14,40,3,wk inc flu hosp,2026-03-07,quantile,0.01,29.00557557988639
2026-02-14,40,3,wk inc flu hosp,2026-03-07,quantile,0.025,37.0
2026-02-14,40,3,wk inc flu hosp,2026-03-07,quantile,0.05,42.0
2026-02-14,40,3,wk inc flu hosp,2026-03-07,quantile,0.1,50.0
2026-02-14,40,3,wk inc flu hosp,2026-03-07,quantile,0.15,54.0
2026-02-14,40,3,wk inc flu hosp,2026-03-07,quantile,0.2,58.0
2026-02-14,40,3,wk inc flu hosp,2026-03-07,quantile,0.25,62.0
2026-02-14,40,3,wk inc flu hosp,2026-03-07,quantile,0.3,66.0
2026-02-14,40,3,wk inc flu hosp,2026-03-07,quantile,0.35,69.0
2026-02-14,40,3,wk inc flu hosp,2026-03-07,quantile,0.4,76.0
2026-02-14,40,3,wk inc flu hosp,2026-03-07,quantile,0.45,86.0
2026-02-14,40,3,wk inc flu hosp,2026-03-07,quantile,0.5,92.0
2026-02-14,40,3,wk inc flu hosp,2026-03-07,quantile,0.55,97.0
2026-02-14,40,3,wk inc flu hosp,2026-03-07,quantile,0.6,107.34596270729875
2026-02-14,40,3,wk inc flu hosp,2026-03-07,quantile,0.65,124.09017073382076
2026-02-14,40,3,wk inc flu hosp,2026-03-07,quantile,0.7,139.2307207735851
2026-02-14,40,3,wk inc flu hosp,2026-03-07,quantile,0.75,158.41323559814973
2026-02-14,40,3,wk inc flu hosp,2026-03-07,quantile,0.8,167.0
2026-02-14,40,3,wk inc flu hosp,2026-03-07,quantile,0.85,188.34287335562223
2026-02-14,40,3,wk inc flu hosp,2026-03-07,quantile,0.9,205.3943347649966
2026-02-14,40,3,wk inc flu hosp,2026-03-07,quantile,0.95,232.02614276886865
2026-02-14,40,3,wk inc flu hosp,2026-03-07,quantile,0.975,256.4395689149259
2026-02-14,40,3,wk inc flu hosp,2026-03-07,quantile,0.99,286.3605577259528
2026-02-14,41,0,wk inc flu hosp,2026-02-14,quantile,0.01,256.0
2026-02-14,41,0,wk inc flu hosp,2026-02-14,quantile,0.025,273.0
2026-02-14,41,0,wk inc flu hosp,2026-02-14,quantile,0.05,288.0
2026-02-14,41,0,wk inc flu hosp,2026-02-14,quantile,0.1,305.0
2026-02-14,41,0,wk inc flu hosp,2026-02-14,quantile,0.15,317.0
2026-02-14,41,0,wk inc flu hosp,2026-02-14,quantile,0.2,332.0
2026-02-14,41,0,wk inc flu hosp,2026-02-14,quantile,0.25,345.0
2026-02-14,41,0,wk inc flu hosp,2026-02-14,quantile,0.3,348.0
2026-02-14,41,0,wk inc flu hosp,2026-02-14,quantile,0.35,353.0
2026-02-14,41,0,wk inc flu hosp,2026-02-14,quantile,0.4,359.0
2026-02-14,41,0,wk inc flu hosp,2026-02-14,quantile,0.45,364.0
2026-02-14,41,0,wk inc flu hosp,2026-02-14,quantile,0.5,374.0
2026-02-14,41,0,wk inc flu hosp,2026-02-14,quantile,0.55,386.0
2026-02-14,41,0,wk inc flu hosp,2026-02-14,quantile,0.6,403.0
2026-02-14,41,0,wk inc flu hosp,2026-02-14,quantile,0.65,426.0188608722856
2026-02-14,41,0,wk inc flu hosp,2026-02-14,quantile,0.7,435.8974428070846
2026-02-14,41,0,wk inc flu hosp,2026-02-14,quantile,0.75,449.7376121785909
2026-02-14,41,0,wk inc flu hosp,2026-02-14,quantile,0.8,469.4004211425781
2026-02-14,41,0,wk inc flu hosp,2026-02-14,quantile,0.85,480.76611328125
2026-02-14,41,0,wk inc flu hosp,2026-02-14,quantile,0.9,507.0
2026-02-14,41,0,wk inc flu hosp,2026-02-14,quantile,0.95,539.0
2026-02-14,41,0,wk inc flu hosp,2026-02-14,quantile,0.975,590.0
2026-02-14,41,0,wk inc flu hosp,2026-02-14,quantile,0.99,607.0
2026-02-14,41,1,wk inc flu hosp,2026-02-21,quantile,0.01,182.44066152753155
2026-02-14,41,1,wk inc flu hosp,2026-02-21,quantile,0.025,198.88331884023623
2026-02-14,41,1,wk inc flu hosp,2026-02-21,quantile,0.05,213.59229126778763
2026-02-14,41,1,wk inc flu hosp,2026-02-21,quantile,0.1,236.0
2026-02-14,41,1,wk inc flu hosp,2026-02-21,quantile,0.15,273.0
2026-02-14,41,1,wk inc flu hosp,2026-02-21,quantile,0.2,281.0
2026-02-14,41,1,wk inc flu hosp,2026-02-21,quantile,0.25,293.0
2026-02-14,41,1,wk inc flu hosp,2026-02-21,quantile,0.3,300.0
2026-02-14,41,1,wk inc flu hosp,2026-02-21,quantile,0.35,312.0
2026-02-14,41,1,wk inc flu hosp,2026-02-21,quantile,0.4,320.0
2026-02-14,41,1,wk inc flu hosp,2026-02-21,quantile,0.45,326.0
2026-02-14,41,1,wk inc flu hosp,2026-02-21,quantile,0.5,341.0
2026-02-14,41,1,wk inc flu hosp,2026-02-21,quantile,0.55,352.0
2026-02-14,41,1,wk inc flu hosp,2026-02-21,quantile,0.6,362.0
2026-02-14,41,1,wk inc flu hosp,2026-02-21,quantile,0.65,383.0
2026-02-14,41,1,wk inc flu hosp,2026-02-21,quantile,0.7,398.0
2026-02-14,41,1,wk inc flu hosp,2026-02-21,quantile,0.75,416.8836059570313
2026-02-14,41,1,wk inc flu hosp,2026-02-21,quantile,0.8,429.0008239746094
2026-02-14,41,1,wk inc flu hosp,2026-02-21,quantile,0.85,458.0
2026-02-14,41,1,wk inc flu hosp,2026-02-21,quantile,0.9,506.9164640468212
2026-02-14,41,1,wk inc flu hosp,2026-02-21,quantile,0.95,613.0
2026-02-14,41,1,wk inc flu hosp,2026-02-21,quantile,0.975,648.0
2026-02-14,41,1,wk inc flu hosp,2026-02-21,quantile,0.99,689.0
2026-02-14,41,2,wk inc flu hosp,2026-02-28,quantile,0.01,117.0
2026-02-14,41,2,wk inc flu hosp,2026-02-28,quantile,0.025,132.0
2026-02-14,41,2,wk inc flu hosp,2026-02-28,quantile,0.05,153.0
2026-02-14,41,2,wk inc flu hosp,2026-02-28,quantile,0.1,186.0
2026-02-14,41,2,wk inc flu hosp,2026-02-28,quantile,0.15,207.0
2026-02-14,41,2,wk inc flu hosp,2026-02-28,quantile,0.2,212.0
2026-02-14,41,2,wk inc flu hosp,2026-02-28,quantile,0.25,226.0
2026-02-14,41,2,wk inc flu hosp,2026-02-28,quantile,0.3,237.0
2026-02-14,41,2,wk inc flu hosp,2026-02-28,quantile,0.35,248.0
2026-02-14,41,2,wk inc flu hosp,2026-02-28,quantile,0.4,259.0
2026-02-14,41,2,wk inc flu hosp,2026-02-28,quantile,0.45,270.0
2026-02-14,41,2,wk inc flu hosp,2026-02-28,quantile,0.5,281.0
2026-02-14,41,2,wk inc flu hosp,2026-02-28,quantile,0.55,293.0
2026-02-14,41,2,wk inc flu hosp,2026-02-28,quantile,0.6,304.13433837890625
2026-02-14,41,2,wk inc flu hosp,2026-02-28,quantile,0.65,315.2394601079605
2026-02-14,41,2,wk inc flu hosp,2026-02-28,quantile,0.7,324.6274199408533
2026-02-14,41,2,wk inc flu hosp,2026-02-28,quantile,0.75,336.0
2026-02-14,41,2,wk inc flu hosp,2026-02-28,quantile,0.8,362.0
2026-02-14,41,2,wk inc flu hosp,2026-02-28,quantile,0.85,382.0
2026-02-14,41,2,wk inc flu hosp,2026-02-28,quantile,0.9,409.0
2026-02-14,41,2,wk inc flu hosp,2026-02-28,quantile,0.95,468.0
2026-02-14,41,2,wk inc flu hosp,2026-02-28,quantile,0.975,518.0
2026-02-14,41,2,wk inc flu hosp,2026-02-28,quantile,0.99,588.0
2026-02-14,41,3,wk inc flu hosp,2026-03-07,quantile,0.01,68.0
2026-02-14,41,3,wk inc flu hosp,2026-03-07,quantile,0.025,82.0
2026-02-14,41,3,wk inc flu hosp,2026-03-07,quantile,0.05,117.0
2026-02-14,41,3,wk inc flu hosp,2026-03-07,quantile,0.1,139.0
2026-02-14,41,3,wk inc flu hosp,2026-03-07,quantile,0.15,145.0
2026-02-14,41,3,wk inc flu hosp,2026-03-07,quantile,0.2,155.0
2026-02-14,41,3,wk inc flu hosp,2026-03-07,quantile,0.25,170.0
2026-02-14,41,3,wk inc flu hosp,2026-03-07,quantile,0.3,181.3148956298828
2026-02-14,41,3,wk inc flu hosp,2026-03-07,quantile,0.35,189.0647054005377
2026-02-14,41,3,wk inc flu hosp,2026-03-07,quantile,0.4,215.0
2026-02-14,41,3,wk inc flu hosp,2026-03-07,quantile,0.45,229.0
2026-02-14,41,3,wk inc flu hosp,2026-03-07,quantile,0.5,245.0
2026-02-14,41,3,wk inc flu hosp,2026-03-07,quantile,0.55,263.0
2026-02-14,41,3,wk inc flu hosp,2026-03-07,quantile,0.6,283.0
2026-02-14,41,3,wk inc flu hosp,2026-03-07,quantile,0.65,303.0
2026-02-14,41,3,wk inc flu hosp,2026-03-07,quantile,0.7,325.48680790591106
2026-02-14,41,3,wk inc flu hosp,2026-03-07,quantile,0.75,350.0
2026-02-14,41,3,wk inc flu hosp,2026-03-07,quantile,0.8,379.0
2026-02-14,41,3,wk inc flu hosp,2026-03-07,quantile,0.85,414.0
2026-02-14,41,3,wk inc flu hosp,2026-03-07,quantile,0.9,462.0
2026-02-14,41,3,wk inc flu hosp,2026-03-07,quantile,0.95,537.0
2026-02-14,41,3,wk inc flu hosp,2026-03-07,quantile,0.975,606.0
2026-02-14,41,3,wk inc flu hosp,2026-03-07,quantile,0.99,657.0
2026-02-14,42,0,wk inc flu hosp,2026-02-14,quantile,0.01,308.0
2026-02-14,42,0,wk inc flu hosp,2026-02-14,quantile,0.025,348.0
2026-02-14,42,0,wk inc flu hosp,2026-02-14,quantile,0.05,379.0
2026-02-14,42,0,wk inc flu hosp,2026-02-14,quantile,0.1,424.0
2026-02-14,42,0,wk inc flu hosp,2026-02-14,quantile,0.15,437.0
2026-02-14,42,0,wk inc flu hosp,2026-02-14,quantile,0.2,454.0
2026-02-14,42,0,wk inc flu hosp,2026-02-14,quantile,0.25,489.0
2026-02-14,42,0,wk inc flu hosp,2026-02-14,quantile,0.3,497.0
2026-02-14,42,0,wk inc flu hosp,2026-02-14,quantile,0.35,503.0
2026-02-14,42,0,wk inc flu hosp,2026-02-14,quantile,0.4,520.2059303435175
2026-02-14,42,0,wk inc flu hosp,2026-02-14,quantile,0.45,554.7849471140837
2026-02-14,42,0,wk inc flu hosp,2026-02-14,quantile,0.5,588.910345354967
2026-02-14,42,0,wk inc flu hosp,2026-02-14,quantile,0.55,627.851653817364
2026-02-14,42,0,wk inc flu hosp,2026-02-14,quantile,0.6,669.7212504357852
2026-02-14,42,0,wk inc flu hosp,2026-02-14,quantile,0.65,709.9874767699899
2026-02-14,42,0,wk inc flu hosp,2026-02-14,quantile,0.7,743.0
2026-02-14,42,0,wk inc flu hosp,2026-02-14,quantile,0.75,770.0
2026-02-14,42,0,wk inc flu hosp,2026-02-14,quantile,0.8,801.0
2026-02-14,42,0,wk inc flu hosp,2026-02-14,quantile,0.85,838.0
2026-02-14,42,0,wk inc flu hosp,2026-02-14,quantile,0.9,884.0
2026-02-14,42,0,wk inc flu hosp,2026-02-14,quantile,0.95,952.0
2026-02-14,42,0,wk inc flu hosp,2026-02-14,quantile,0.975,1016.0
2026-02-14,42,0,wk inc flu hosp,2026-02-14,quantile,0.99,1086.0
2026-02-14,42,1,wk inc flu hosp,2026-02-21,quantile,0.01,166.0
2026-02-14,42,1,wk inc flu hosp,2026-02-21,quantile,0.025,195.0
2026-02-14,42,1,wk inc flu hosp,2026-02-21,quantile,0.05,223.0
2026-02-14,42,1,wk inc flu hosp,2026-02-21,quantile,0.1,268.4112411637157
2026-02-14,42,1,wk inc flu hosp,2026-02-21,quantile,0.15,301.0
2026-02-14,42,1,wk inc flu hosp,2026-02-21,quantile,0.2,338.0
2026-02-14,42,1,wk inc flu hosp,2026-02-21,quantile,0.25,363.0
2026-02-14,42,1,wk inc flu hosp,2026-02-21,quantile,0.3,390.0
2026-02-14,42,1,wk inc flu hosp,2026-02-21,quantile,0.35,417.0
2026-02-14,42,1,wk inc flu hosp,2026-02-21,quantile,0.4,448.0
2026-02-14,42,1,wk inc flu hosp,2026-02-21,quantile,0.45,475.0
2026-02-14,42,1,wk inc flu hosp,2026-02-21,quantile,0.5,506.0
2026-02-14,42,1,wk inc flu hosp,2026-02-21,quantile,0.55,536.0
2026-02-14,42,1,wk inc flu hosp,2026-02-21,quantile,0.6,572.0
2026-02-14,42,1,wk inc flu hosp,2026-02-21,quantile,0.65,607.0
2026-02-14,42,1,wk inc flu hosp,2026-02-21,quantile,0.7,647.0
2026-02-14,42,1,wk inc flu hosp,2026-02-21,quantile,0.75,694.0
2026-02-14,42,1,wk inc flu hosp,2026-02-21,quantile,0.8,752.0
2026-02-14,42,1,wk inc flu hosp,2026-02-21,quantile,0.85,824.0
2026-02-14,42,1,wk inc flu hosp,2026-02-21,quantile,0.9,919.0
2026-02-14,42,1,wk inc flu hosp,2026-02-21,quantile,0.95,1064.0
2026-02-14,42,1,wk inc flu hosp,2026-02-21,quantile,0.975,1214.0
2026-02-14,42,1,wk inc flu hosp,2026-02-21,quantile,0.99,1355.0
2026-02-14,42,2,wk inc flu hosp,2026-02-28,quantile,0.01,63.0
2026-02-14,42,2,wk inc flu hosp,2026-02-28,quantile,0.025,81.0
2026-02-14,42,2,wk inc flu hosp,2026-02-28,quantile,0.05,111.39099120698648
2026-02-14,42,2,wk inc flu hosp,2026-02-28,quantile,0.1,174.1141522365194
2026-02-14,42,2,wk inc flu hosp,2026-02-28,quantile,0.15,206.3137170884529
2026-02-14,42,2,wk inc flu hosp,2026-02-28,quantile,0.2,237.79359368836825
2026-02-14,42,2,wk inc flu hosp,2026-02-28,quantile,0.25,251.0
2026-02-14,42,2,wk inc flu hosp,2026-02-28,quantile,0.3,257.0
2026-02-14,42,2,wk inc flu hosp,2026-02-28,quantile,0.35,271.0
2026-02-14,42,2,wk inc flu hosp,2026-02-28,quantile,0.4,300.0
2026-02-14,42,2,wk inc flu hosp,2026-02-28,quantile,0.45,328.0
2026-02-14,42,2,wk inc flu hosp,2026-02-28,quantile,0.5,358.0
2026-02-14,42,2,wk inc flu hosp,2026-02-28,quantile,0.55,393.0
2026-02-14,42,2,wk inc flu hosp,2026-02-28,quantile,0.6,429.0
2026-02-14,42,2,wk inc flu hosp,2026-02-28,quantile,0.65,471.0
2026-02-14,42,2,wk inc flu hosp,2026-02-28,quantile,0.7,517.0
2026-02-14,42,2,wk inc flu hosp,2026-02-28,quantile,0.75,572.0
2026-02-14,42,2,wk inc flu hosp,2026-02-28,quantile,0.8,637.0
2026-02-14,42,2,wk inc flu hosp,2026-02-28,quantile,0.85,725.0
2026-02-14,42,2,wk inc flu hosp,2026-02-28,quantile,0.9,850.0
2026-02-14,42,2,wk inc flu hosp,2026-02-28,quantile,0.95,1056.0
2026-02-14,42,2,wk inc flu hosp,2026-02-28,quantile,0.975,1257.0
2026-02-14,42,2,wk inc flu hosp,2026-02-28,quantile,0.99,1449.0
2026-02-14,42,3,wk inc flu hosp,2026-03-07,quantile,0.01,41.6271897665124
2026-02-14,42,3,wk inc flu hosp,2026-03-07,quantile,0.025,93.35693689034656
2026-02-14,42,3,wk inc flu hosp,2026-03-07,quantile,0.05,119.18793477787906
2026-02-14,42,3,wk inc flu hosp,2026-03-07,quantile,0.1,148.78444134649635
2026-02-14,42,3,wk inc flu hosp,2026-03-07,quantile,0.15,167.20614833681262
2026-02-14,42,3,wk inc flu hosp,2026-03-07,quantile,0.2,176.0
2026-02-14,42,3,wk inc flu hosp,2026-03-07,quantile,0.25,183.0
2026-02-14,42,3,wk inc flu hosp,2026-03-07,quantile,0.3,185.0
2026-02-14,42,3,wk inc flu hosp,2026-03-07,quantile,0.35,192.0
2026-02-14,42,3,wk inc flu hosp,2026-03-07,quantile,0.4,216.0
2026-02-14,42,3,wk inc flu hosp,2026-03-07,quantile,0.45,231.0
2026-02-14,42,3,wk inc flu hosp,2026-03-07,quantile,0.5,240.0
2026-02-14,42,3,wk inc flu hosp,2026-03-07,quantile,0.55,267.0
2026-02-14,42,3,wk inc flu hosp,2026-03-07,quantile,0.6,300.0
2026-02-14,42,3,wk inc flu hosp,2026-03-07,quantile,0.65,337.0
2026-02-14,42,3,wk inc flu hosp,2026-03-07,quantile,0.7,382.0
2026-02-14,42,3,wk inc flu hosp,2026-03-07,quantile,0.75,433.0
2026-02-14,42,3,wk inc flu hosp,2026-03-07,quantile,0.8,505.0
2026-02-14,42,3,wk inc flu hosp,2026-03-07,quantile,0.85,592.0
2026-02-14,42,3,wk inc flu hosp,2026-03-07,quantile,0.9,721.0
2026-02-14,42,3,wk inc flu hosp,2026-03-07,quantile,0.95,931.0
2026-02-14,42,3,wk inc flu hosp,2026-03-07,quantile,0.975,1133.0
2026-02-14,42,3,wk inc flu hosp,2026-03-07,quantile,0.99,1380.0
2026-02-14,44,0,wk inc flu hosp,2026-02-14,quantile,0.01,8.0
2026-02-14,44,0,wk inc flu hosp,2026-02-14,quantile,0.025,10.0
2026-02-14,44,0,wk inc flu hosp,2026-02-14,quantile,0.05,10.0
2026-02-14,44,0,wk inc flu hosp,2026-02-14,quantile,0.1,11.0
2026-02-14,44,0,wk inc flu hosp,2026-02-14,quantile,0.15,11.0
2026-02-14,44,0,wk inc flu hosp,2026-02-14,quantile,0.2,12.411151801663737
2026-02-14,44,0,wk inc flu hosp,2026-02-14,quantile,0.25,14.200657604223098
2026-02-14,44,0,wk inc flu hosp,2026-02-14,quantile,0.3,15.95251658134038
2026-02-14,44,0,wk inc flu hosp,2026-02-14,quantile,0.35,17.0
2026-02-14,44,0,wk inc flu hosp,2026-02-14,quantile,0.4,17.080778160388427
2026-02-14,44,0,wk inc flu hosp,2026-02-14,quantile,0.45,18.597357659141405
2026-02-14,44,0,wk inc flu hosp,2026-02-14,quantile,0.5,20.295624298867303
2026-02-14,44,0,wk inc flu hosp,2026-02-14,quantile,0.55,22.0
2026-02-14,44,0,wk inc flu hosp,2026-02-14,quantile,0.6,23.0
2026-02-14,44,0,wk inc flu hosp,2026-02-14,quantile,0.65,25.0
2026-02-14,44,0,wk inc flu hosp,2026-02-14,quantile,0.7,26.0
2026-02-14,44,0,wk inc flu hosp,2026-02-14,quantile,0.75,27.0
2026-02-14,44,0,wk inc flu hosp,2026-02-14,quantile,0.8,29.0
2026-02-14,44,0,wk inc flu hosp,2026-02-14,quantile,0.85,31.0
2026-02-14,44,0,wk inc flu hosp,2026-02-14,quantile,0.9,33.0
2026-02-14,44,0,wk inc flu hosp,2026-02-14,quantile,0.95,37.0
2026-02-14,44,0,wk inc flu hosp,2026-02-14,quantile,0.975,40.0
2026-02-14,44,0,wk inc flu hosp,2026-02-14,quantile,0.99,43.0
2026-02-14,44,1,wk inc flu hosp,2026-02-21,quantile,0.01,2.503104540697356
2026-02-14,44,1,wk inc flu hosp,2026-02-21,quantile,0.025,3.7885488442421775
2026-02-14,44,1,wk inc flu hosp,2026-02-21,quantile,0.05,5.0
2026-02-14,44,1,wk inc flu hosp,2026-02-21,quantile,0.1,6.224458736877703
2026-02-14,44,1,wk inc flu hosp,2026-02-21,quantile,0.15,8.0
2026-02-14,44,1,wk inc flu hosp,2026-02-21,quantile,0.2,9.150215055087749
2026-02-14,44,1,wk inc flu hosp,2026-02-21,quantile,0.25,11.0
2026-02-14,44,1,wk inc flu hosp,2026-02-21,quantile,0.3,13.0
2026-02-14,44,1,wk inc flu hosp,2026-02-21,quantile,0.35,14.0
2026-02-14,44,1,wk inc flu hosp,2026-02-21,quantile,0.4,15.0
2026-02-14,44,1,wk inc flu hosp,2026-02-21,quantile,0.45,17.0
2026-02-14,44,1,wk inc flu hosp,2026-02-21,quantile,0.5,18.0
2026-02-14,44,1,wk inc flu hosp,2026-02-21,quantile,0.55,20.0
2026-02-14,44,1,wk inc flu hosp,2026-02-21,quantile,0.6,22.0
2026-02-14,44,1,wk inc flu hosp,2026-02-21,quantile,0.65,24.0
2026-02-14,44,1,wk inc flu hosp,2026-02-21,quantile,0.7,26.0
2026-02-14,44,1,wk inc flu hosp,2026-02-21,quantile,0.75,29.0
2026-02-14,44,1,wk inc flu hosp,2026-02-21,quantile,0.8,32.0
2026-02-14,44,1,wk inc flu hosp,2026-02-21,quantile,0.85,36.0
2026-02-14,44,1,wk inc flu hosp,2026-02-21,quantile,0.9,43.0
2026-02-14,44,1,wk inc flu hosp,2026-02-21,quantile,0.95,54.0
2026-02-14,44,1,wk inc flu hosp,2026-02-21,quantile,0.975,62.0
2026-02-14,44,1,wk inc flu hosp,2026-02-21,quantile,0.99,69.0
2026-02-14,44,2,wk inc flu hosp,2026-02-28,quantile,0.01,1.0
2026-02-14,44,2,wk inc flu hosp,2026-02-28,quantile,0.025,2.0
2026-02-14,44,2,wk inc flu hosp,2026-02-28,quantile,0.05,2.039322471212462
2026-02-14,44,2,wk inc flu hosp,2026-02-28,quantile,0.1,4.0
2026-02-14,44,2,wk inc flu hosp,2026-02-28,quantile,0.15,5.0
2026-02-14,44,2,wk inc flu hosp,2026-02-28,quantile,0.2,6.0
2026-02-14,44,2,wk inc flu hosp,2026-02-28,quantile,0.25,7.0
2026-02-14,44,2,wk inc flu hosp,2026-02-28,quantile,0.3,8.0
2026-02-14,44,2,wk inc flu hosp,2026-02-28,quantile,0.35,10.0
2026-02-14,44,2,wk inc flu hosp,2026-02-28,quantile,0.4,11.0
2026-02-14,44,2,wk inc flu hosp,2026-02-28,quantile,0.45,13.0
2026-02-14,44,2,wk inc flu hosp,2026-02-28,quantile,0.5,15.0
2026-02-14,44,2,wk inc flu hosp,2026-02-28,quantile,0.55,17.0
2026-02-14,44,2,wk inc flu hosp,2026-02-28,quantile,0.6,19.0
2026-02-14,44,2,wk inc flu hosp,2026-02-28,quantile,0.65,21.0
2026-02-14,44,2,wk inc flu hosp,2026-02-28,quantile,0.7,25.0
2026-02-14,44,2,wk inc flu hosp,2026-02-28,quantile,0.75,28.0
2026-02-14,44,2,wk inc flu hosp,2026-02-28,quantile,0.8,31.0
2026-02-14,44,2,wk inc flu hosp,2026-02-28,quantile,0.85,35.0
2026-02-14,44,2,wk inc flu hosp,2026-02-28,quantile,0.9,39.0
2026-02-14,44,2,wk inc flu hosp,2026-02-28,quantile,0.95,46.0
2026-02-14,44,2,wk inc flu hosp,2026-02-28,quantile,0.975,53.0
2026-02-14,44,2,wk inc flu hosp,2026-02-28,quantile,0.99,62.0
2026-02-14,44,3,wk inc flu hosp,2026-03-07,quantile,0.01,0.0
2026-02-14,44,3,wk inc flu hosp,2026-03-07,quantile,0.025,0.1728597623825947
2026-02-14,44,3,wk inc flu hosp,2026-03-07,quantile,0.05,1.0309614118404742
2026-02-14,44,3,wk inc flu hosp,2026-03-07,quantile,0.1,2.0
2026-02-14,44,3,wk inc flu hosp,2026-03-07,quantile,0.15,2.4141847138372428
2026-02-14,44,3,wk inc flu hosp,2026-03-07,quantile,0.2,3.0
2026-02-14,44,3,wk inc flu hosp,2026-03-07,quantile,0.25,4.0
2026-02-14,44,3,wk inc flu hosp,2026-03-07,quantile,0.3,5.0
2026-02-14,44,3,wk inc flu hosp,2026-03-07,quantile,0.35,6.0
2026-02-14,44,3,wk inc flu hosp,2026-03-07,quantile,0.4,8.0
2026-02-14,44,3,wk inc flu hosp,2026-03-07,quantile,0.45,9.0
2026-02-14,44,3,wk inc flu hosp,2026-03-07,quantile,0.5,11.0
2026-02-14,44,3,wk inc flu hosp,2026-03-07,quantile,0.55,13.0
2026-02-14,44,3,wk inc flu hosp,2026-03-07,quantile,0.6,15.0
2026-02-14,44,3,wk inc flu hosp,2026-03-07,quantile,0.65,18.0
2026-02-14,44,3,wk inc flu hosp,2026-03-07,quantile,0.7,21.0
2026-02-14,44,3,wk inc flu hosp,2026-03-07,quantile,0.75,26.0
2026-02-14,44,3,wk inc flu hosp,2026-03-07,quantile,0.8,31.0
2026-02-14,44,3,wk inc flu hosp,2026-03-07,quantile,0.85,39.0
2026-02-14,44,3,wk inc flu hosp,2026-03-07,quantile,0.9,51.0
2026-02-14,44,3,wk inc flu hosp,2026-03-07,quantile,0.95,65.0
2026-02-14,44,3,wk inc flu hosp,2026-03-07,quantile,0.975,75.0
2026-02-14,44,3,wk inc flu hosp,2026-03-07,quantile,0.99,87.0
2026-02-14,45,0,wk inc flu hosp,2026-02-14,quantile,0.01,82.0
2026-02-14,45,0,wk inc flu hosp,2026-02-14,quantile,0.025,88.31230926513672
2026-02-14,45,0,wk inc flu hosp,2026-02-14,quantile,0.05,94.99773406982422
2026-02-14,45,0,wk inc flu hosp,2026-02-14,quantile,0.1,103.86009216308594
2026-02-14,45,0,wk inc flu hosp,2026-02-14,quantile,0.15,110.33883666992188
2026-02-14,45,0,wk inc flu hosp,2026-02-14,quantile,0.2,114.0
2026-02-14,45,0,wk inc flu hosp,2026-02-14,quantile,0.25,118.0
2026-02-14,45,0,wk inc flu hosp,2026-02-14,quantile,0.3,123.0
2026-02-14,45,0,wk inc flu hosp,2026-02-14,quantile,0.35,128.0
2026-02-14,45,0,wk inc flu hosp,2026-02-14,quantile,0.4,134.4152638579524
2026-02-14,45,0,wk inc flu hosp,2026-02-14,quantile,0.45,140.85000610351562
2026-02-14,45,0,wk inc flu hosp,2026-02-14,quantile,0.5,145.79953002929688
2026-02-14,45,0,wk inc flu hosp,2026-02-14,quantile,0.55,150.94869995117188
2026-02-14,45,0,wk inc flu hosp,2026-02-14,quantile,0.6,156.27041625976562
2026-02-14,45,0,wk inc flu hosp,2026-02-14,quantile,0.65,166.49479751480274
2026-02-14,45,0,wk inc flu hosp,2026-02-14,quantile,0.7,183.23625099915031
2026-02-14,45,0,wk inc flu hosp,2026-02-14,quantile,0.75,203.95127875234405
2026-02-14,45,0,wk inc flu hosp,2026-02-14,quantile,0.8,231.453761799382
2026-02-14,45,0,wk inc flu hosp,2026-02-14,quantile,0.85,245.0
2026-02-14,45,0,wk inc flu hosp,2026-02-14,quantile,0.9,259.0
2026-02-14,45,0,wk inc flu hosp,2026-02-14,quantile,0.95,280.0
2026-02-14,45,0,wk inc flu hosp,2026-02-14,quantile,0.975,296.0
2026-02-14,45,0,wk inc flu hosp,2026-02-14,quantile,0.99,315.0
2026-02-14,45,1,wk inc flu hosp,2026-02-21,quantile,0.01,44.655548095703125
2026-02-14,45,1,wk inc flu hosp,2026-02-21,quantile,0.025,50.12237930297851
2026-02-14,45,1,wk inc flu hosp,2026-02-21,quantile,0.05,55.5524787902832
2026-02-14,45,1,wk inc flu hosp,2026-02-21,quantile,0.1,62.92939758300781
2026-02-14,45,1,wk inc flu hosp,2026-02-21,quantile,0.15,68.41497039794922
2026-02-14,45,1,wk inc flu hosp,2026-02-21,quantile,0.2,74.0
2026-02-14,45,1,wk inc flu hosp,2026-02-21,quantile,0.25,82.0
2026-02-14,45,1,wk inc flu hosp,2026-02-21,quantile,0.3,85.0
2026-02-14,45,1,wk inc flu hosp,2026-02-21,quantile,0.35,88.0
2026-02-14,45,1,wk inc flu hosp,2026-02-21,quantile,0.4,93.60264627334314
2026-02-14,45,1,wk inc flu hosp,2026-02-21,quantile,0.45,101.0
2026-02-14,45,1,wk inc flu hosp,2026-02-21,quantile,0.5,108.0
2026-02-14,45,1,wk inc flu hosp,2026-02-21,quantile,0.55,112.0
2026-02-14,45,1,wk inc flu hosp,2026-02-21,quantile,0.6,119.0
2026-02-14,45,1,wk inc flu hosp,2026-02-21,quantile,0.65,124.0
2026-02-14,45,1,wk inc flu hosp,2026-02-21,quantile,0.7,136.0
2026-02-14,45,1,wk inc flu hosp,2026-02-21,quantile,0.75,141.0
2026-02-14,45,1,wk inc flu hosp,2026-02-21,quantile,0.8,153.33652159580913
2026-02-14,45,1,wk inc flu hosp,2026-02-21,quantile,0.85,176.04326531225774
2026-02-14,45,1,wk inc flu hosp,2026-02-21,quantile,0.9,213.32737091496315
2026-02-14,45,1,wk inc flu hosp,2026-02-21,quantile,0.95,278.2441726330385
2026-02-14,45,1,wk inc flu hosp,2026-02-21,quantile,0.975,344.2070792629836
2026-02-14,45,1,wk inc flu hosp,2026-02-21,quantile,0.99,393.22264609824646
2026-02-14,45,2,wk inc flu hosp,2026-02-28,quantile,0.01,23.0
2026-02-14,45,2,wk inc flu hosp,2026-02-28,quantile,0.025,28.330228805541992
2026-02-14,45,2,wk inc flu hosp,2026-02-28,quantile,0.05,32.31036376953125
2026-02-14,45,2,wk inc flu hosp,2026-02-28,quantile,0.1,37.626102447509766
2026-02-14,45,2,wk inc flu hosp,2026-02-28,quantile,0.15,48.0
2026-02-14,45,2,wk inc flu hosp,2026-02-28,quantile,0.2,60.098742265212735
2026-02-14,45,2,wk inc flu hosp,2026-02-28,quantile,0.25,72.85603600609345
2026-02-14,45,2,wk inc flu hosp,2026-02-28,quantile,0.3,81.49336210575471
2026-02-14,45,2,wk inc flu hosp,2026-02-28,quantile,0.35,90.01081143958974
2026-02-14,45,2,wk inc flu hosp,2026-02-28,quantile,0.4,98.39781098091248
2026-02-14,45,2,wk inc flu hosp,2026-02-28,quantile,0.45,106.5922735622598
2026-02-14,45,2,wk inc flu hosp,2026-02-28,quantile,0.5,114.83696886434204
2026-02-14,45,2,wk inc flu hosp,2026-02-28,quantile,0.55,122.92449478147417
2026-02-14,45,2,wk inc flu hosp,2026-02-28,quantile,0.6,132.0702320859299
2026-02-14,45,2,wk inc flu hosp,2026-02-28,quantile,0.65,142.76623350996925
2026-02-14,45,2,wk inc flu hosp,2026-02-28,quantile,0.7,155.0107318358133
2026-02-14,45,2,wk inc flu hosp,2026-02-28,quantile,0.75,169.66563016326825
2026-02-14,45,2,wk inc flu hosp,2026-02-28,quantile,0.8,188.35682651127783
2026-02-14,45,2,wk inc flu hosp,2026-02-28,quantile,0.85,214.64807978680443
2026-02-14,45,2,wk inc flu hosp,2026-02-28,quantile,0.9,249.2705102999792
2026-02-14,45,2,wk inc flu hosp,2026-02-28,quantile,0.95,323.0469661716424
2026-02-14,45,2,wk inc flu hosp,2026-02-28,quantile,0.975,397.2915587757105
2026-02-14,45,2,wk inc flu hosp,2026-02-28,quantile,0.99,457.6054855282952
2026-02-14,45,3,wk inc flu hosp,2026-03-07,quantile,0.01,9.0
2026-02-14,45,3,wk inc flu hosp,2026-03-07,quantile,0.025,14.0
2026-02-14,45,3,wk inc flu hosp,2026-03-07,quantile,0.05,19.0
2026-02-14,45,3,wk inc flu hosp,2026-03-07,quantile,0.1,27.0
2026-02-14,45,3,wk inc flu hosp,2026-03-07,quantile,0.15,39.0
2026-02-14,45,3,wk inc flu hosp,2026-03-07,quantile,0.2,43.0
2026-02-14,45,3,wk inc flu hosp,2026-03-07,quantile,0.25,52.0
2026-02-14,45,3,wk inc flu hosp,2026-03-07,quantile,0.3,61.0
2026-02-14,45,3,wk inc flu hosp,2026-03-07,quantile,0.35,69.0
2026-02-14,45,3,wk inc flu hosp,2026-03-07,quantile,0.4,79.0
2026-02-14,45,3,wk inc flu hosp,2026-03-07,quantile,0.45,90.0
2026-02-14,45,3,wk inc flu hosp,2026-03-07,quantile,0.5,101.0
2026-02-14,45,3,wk inc flu hosp,2026-03-07,quantile,0.55,114.0
2026-02-14,45,3,wk inc flu hosp,2026-03-07,quantile,0.6,129.0
2026-02-14,45,3,wk inc flu hosp,2026-03-07,quantile,0.65,146.0
2026-02-14,45,3,wk inc flu hosp,2026-03-07,quantile,0.7,165.0
2026-02-14,45,3,wk inc flu hosp,2026-03-07,quantile,0.75,186.0
2026-02-14,45,3,wk inc flu hosp,2026-03-07,quantile,0.8,217.0
2026-02-14,45,3,wk inc flu hosp,2026-03-07,quantile,0.85,255.0
2026-02-14,45,3,wk inc flu hosp,2026-03-07,quantile,0.9,309.0
2026-02-14,45,3,wk inc flu hosp,2026-03-07,quantile,0.95,395.6032951525384
2026-02-14,45,3,wk inc flu hosp,2026-03-07,quantile,0.975,463.519224850704
2026-02-14,45,3,wk inc flu hosp,2026-03-07,quantile,0.99,545.0
2026-02-14,46,0,wk inc flu hosp,2026-02-14,quantile,0.01,23.87840486299851
2026-02-14,46,0,wk inc flu hosp,2026-02-14,quantile,0.025,27.0
2026-02-14,46,0,wk inc flu hosp,2026-02-14,quantile,0.05,30.86988717515343
2026-02-14,46,0,wk inc flu hosp,2026-02-14,quantile,0.1,34.96336917189642
2026-02-14,46,0,wk inc flu hosp,2026-02-14,quantile,0.15,37.8691596446937
2026-02-14,46,0,wk inc flu hosp,2026-02-14,quantile,0.2,40.0
2026-02-14,46,0,wk inc flu hosp,2026-02-14,quantile,0.25,41.0
2026-02-14,46,0,wk inc flu hosp,2026-02-14,quantile,0.3,43.0
2026-02-14,46,0,wk inc flu hosp,2026-02-14,quantile,0.35,45.0
2026-02-14,46,0,wk inc flu hosp,2026-02-14,quantile,0.4,46.0
2026-02-14,46,0,wk inc flu hosp,2026-02-14,quantile,0.45,48.0
2026-02-14,46,0,wk inc flu hosp,2026-02-14,quantile,0.5,49.0
2026-02-14,46,0,wk inc flu hosp,2026-02-14,quantile,0.55,51.0
2026-02-14,46,0,wk inc flu hosp,2026-02-14,quantile,0.6,53.0
2026-02-14,46,0,wk inc flu hosp,2026-02-14,quantile,0.65,55.0
2026-02-14,46,0,wk inc flu hosp,2026-02-14,quantile,0.7,57.0
2026-02-14,46,0,wk inc flu hosp,2026-02-14,quantile,0.75,60.0
2026-02-14,46,0,wk inc flu hosp,2026-02-14,quantile,0.8,63.981317004437045
2026-02-14,46,0,wk inc flu hosp,2026-02-14,quantile,0.85,67.07969942358788
2026-02-14,46,0,wk inc flu hosp,2026-02-14,quantile,0.9,71.08224894122571
2026-02-14,46,0,wk inc flu hosp,2026-02-14,quantile,0.95,77.22796747975582
2026-02-14,46,0,wk inc flu hosp,2026-02-14,quantile,0.975,82.76478664064763
2026-02-14,46,0,wk inc flu hosp,2026-02-14,quantile,0.99,89.0
2026-02-14,46,1,wk inc flu hosp,2026-02-21,quantile,0.01,13.0
2026-02-14,46,1,wk inc flu hosp,2026-02-21,quantile,0.025,15.598228549664311
2026-02-14,46,1,wk inc flu hosp,2026-02-21,quantile,0.05,17.623422622680664
2026-02-14,46,1,wk inc flu hosp,2026-02-21,quantile,0.1,21.0
2026-02-14,46,1,wk inc flu hosp,2026-02-21,quantile,0.15,24.0
2026-02-14,46,1,wk inc flu hosp,2026-02-21,quantile,0.2,27.0
2026-02-14,46,1,wk inc flu hosp,2026-02-21,quantile,0.25,30.0
2026-02-14,46,1,wk inc flu hosp,2026-02-21,quantile,0.3,32.0
2026-02-14,46,1,wk inc flu hosp,2026-02-21,quantile,0.35,35.0
2026-02-14,46,1,wk inc flu hosp,2026-02-21,quantile,0.4,37.0
2026-02-14,46,1,wk inc flu hosp,2026-02-21,quantile,0.45,39.55834395327737
2026-02-14,46,1,wk inc flu hosp,2026-02-21,quantile,0.5,41.6006029893896
2026-02-14,46,1,wk inc flu hosp,2026-02-21,quantile,0.55,43.69426094811032
2026-02-14,46,1,wk inc flu hosp,2026-02-21,quantile,0.6,45.87429547256957
2026-02-14,46,1,wk inc flu hosp,2026-02-21,quantile,0.65,48.18330543948103
2026-02-14,46,1,wk inc flu hosp,2026-02-21,quantile,0.7,50.67800778357239
2026-02-14,46,1,wk inc flu hosp,2026-02-21,quantile,0.75,54.934581236768
2026-02-14,46,1,wk inc flu hosp,2026-02-21,quantile,0.8,60.383459673341726
2026-02-14,46,1,wk inc flu hosp,2026-02-21,quantile,0.85,66.5483324070991
2026-02-14,46,1,wk inc flu hosp,2026-02-21,quantile,0.9,75.4890204353294
2026-02-14,46,1,wk inc flu hosp,2026-02-21,quantile,0.95,88.0
2026-02-14,46,1,wk inc flu hosp,2026-02-21,quantile,0.975,89.0
2026-02-14,46,1,wk inc flu hosp,2026-02-21,quantile,0.99,96.0
2026-02-14,46,2,wk inc flu hosp,2026-02-28,quantile,0.01,6.927418821971354
2026-02-14,46,2,wk inc flu hosp,2026-02-28,quantile,0.025,8.51140308380127
2026-02-14,46,2,wk inc flu hosp,2026-02-28,quantile,0.05,9.87840175628662
2026-02-14,46,2,wk inc flu hosp,2026-02-28,quantile,0.1,12.24421093342798
2026-02-14,46,2,wk inc flu hosp,2026-02-28,quantile,0.15,16.157292868432872
2026-02-14,46,2,wk inc flu hosp,2026-02-28,quantile,0.2,19.58502144127445
2026-02-14,46,2,wk inc flu hosp,2026-02-28,quantile,0.25,22.973770235238337
2026-02-14,46,2,wk inc flu hosp,2026-02-28,quantile,0.3,25.70316320203336
2026-02-14,46,2,wk inc flu hosp,2026-02-28,quantile,0.35,27.650331578512525
2026-02-14,46,2,wk inc flu hosp,2026-02-28,quantile,0.4,29.472720664446445
2026-02-14,46,2,wk inc flu hosp,2026-02-28,quantile,0.45,31.492398845516487
2026-02-14,46,2,wk inc flu hosp,2026-02-28,quantile,0.5,34.252909076344686
2026-02-14,46,2,wk inc flu hosp,2026-02-28,quantile,0.55,37.85480481652214
2026-02-14,46,2,wk inc flu hosp,2026-02-28,quantile,0.6,42.05448088089479
2026-02-14,46,2,wk inc flu hosp,2026-02-28,quantile,0.65,46.0
2026-02-14,46,2,wk inc flu hosp,2026-02-28,quantile,0.7,50.65087503513187
2026-02-14,46,2,wk inc flu hosp,2026-02-28,quantile,0.75,56.0
2026-02-14,46,2,wk inc flu hosp,2026-02-28,quantile,0.8,59.0
2026-02-14,46,2,wk inc flu hosp,2026-02-28,quantile,0.85,64.0
2026-02-14,46,2,wk inc flu hosp,2026-02-28,quantile,0.9,70.0
2026-02-14,46,2,wk inc flu hosp,2026-02-28,quantile,0.95,81.0
2026-02-14,46,2,wk inc flu hosp,2026-02-28,quantile,0.975,89.0
2026-02-14,46,2,wk inc flu hosp,2026-02-28,quantile,0.99,100.0
2026-02-14,46,3,wk inc flu hosp,2026-03-07,quantile,0.01,3.3239634037017822
2026-02-14,46,3,wk inc flu hosp,2026-03-07,quantile,0.025,4.229019641876221
2026-02-14,46,3,wk inc flu hosp,2026-03-07,quantile,0.05,5.399191997074162
2026-02-14,46,3,wk inc flu hosp,2026-03-07,quantile,0.1,8.728177231761821
2026-02-14,46,3,wk inc flu hosp,2026-03-07,quantile,0.15,11.171410388462906
2026-02-14,46,3,wk inc flu hosp,2026-03-07,quantile,0.2,13.55865347274714
2026-02-14,46,3,wk inc flu hosp,2026-03-07,quantile,0.25,16.153395486155908
2026-02-14,46,3,wk inc flu hosp,2026-03-07,quantile,0.3,19.02351266123368
2026-02-14,46,3,wk inc flu hosp,2026-03-07,quantile,0.35,22.072938556800583
2026-02-14,46,3,wk inc flu hosp,2026-03-07,quantile,0.4,25.313107163216323
2026-02-14,46,3,wk inc flu hosp,2026-03-07,quantile,0.45,28.70080084063593
2026-02-14,46,3,wk inc flu hosp,2026-03-07,quantile,0.5,32.26428446328473
2026-02-14,46,3,wk inc flu hosp,2026-03-07,quantile,0.55,36.63193768025789
2026-02-14,46,3,wk inc flu hosp,2026-03-07,quantile,0.6,39.0
2026-02-14,46,3,wk inc flu hosp,2026-03-07,quantile,0.65,42.95246182403637
2026-02-14,46,3,wk inc flu hosp,2026-03-07,quantile,0.7,47.0
2026-02-14,46,3,wk inc flu hosp,2026-03-07,quantile,0.75,51.0
2026-02-14,46,3,wk inc flu hosp,2026-03-07,quantile,0.8,55.0
2026-02-14,46,3,wk inc flu hosp,2026-03-07,quantile,0.85,65.0
2026-02-14,46,3,wk inc flu hosp,2026-03-07,quantile,0.9,73.4267367638286
2026-02-14,46,3,wk inc flu hosp,2026-03-07,quantile,0.95,85.37125011253171
2026-02-14,46,3,wk inc flu hosp,2026-03-07,quantile,0.975,96.4599493823727
2026-02-14,46,3,wk inc flu hosp,2026-03-07,quantile,0.99,110.20397984576948
2026-02-14,47,0,wk inc flu hosp,2026-02-14,quantile,0.01,168.0
2026-02-14,47,0,wk inc flu hosp,2026-02-14,quantile,0.025,180.0
2026-02-14,47,0,wk inc flu hosp,2026-02-14,quantile,0.05,192.0
2026-02-14,47,0,wk inc flu hosp,2026-02-14,quantile,0.1,203.0
2026-02-14,47,0,wk inc flu hosp,2026-02-14,quantile,0.15,214.0
2026-02-14,47,0,wk inc flu hosp,2026-02-14,quantile,0.2,218.0
2026-02-14,47,0,wk inc flu hosp,2026-02-14,quantile,0.25,221.0
2026-02-14,47,0,wk inc flu hosp,2026-02-14,quantile,0.3,225.0
2026-02-14,47,0,wk inc flu hosp,2026-02-14,quantile,0.35,230.0
2026-02-14,47,0,wk inc flu hosp,2026-02-14,quantile,0.4,237.0
2026-02-14,47,0,wk inc flu hosp,2026-02-14,quantile,0.45,244.0
2026-02-14,47,0,wk inc flu hosp,2026-02-14,quantile,0.5,250.0
2026-02-14,47,0,wk inc flu hosp,2026-02-14,quantile,0.55,260.0
2026-02-14,47,0,wk inc flu hosp,2026-02-14,quantile,0.6,273.0825939093199
2026-02-14,47,0,wk inc flu hosp,2026-02-14,quantile,0.65,289.0061598678404
2026-02-14,47,0,wk inc flu hosp,2026-02-14,quantile,0.7,305.1866220546576
2026-02-14,47,0,wk inc flu hosp,2026-02-14,quantile,0.75,324.8777549851123
2026-02-14,47,0,wk inc flu hosp,2026-02-14,quantile,0.8,345.0
2026-02-14,47,0,wk inc flu hosp,2026-02-14,quantile,0.85,363.0
2026-02-14,47,0,wk inc flu hosp,2026-02-14,quantile,0.9,391.0
2026-02-14,47,0,wk inc flu hosp,2026-02-14,quantile,0.95,435.9299292935742
2026-02-14,47,0,wk inc flu hosp,2026-02-14,quantile,0.975,457.65362612422825
2026-02-14,47,0,wk inc flu hosp,2026-02-14,quantile,0.99,477.0
2026-02-14,47,1,wk inc flu hosp,2026-02-21,quantile,0.01,72.0
2026-02-14,47,1,wk inc flu hosp,2026-02-21,quantile,0.025,85.0
2026-02-14,47,1,wk inc flu hosp,2026-02-21,quantile,0.05,101.94137184363944
2026-02-14,47,1,wk inc flu hosp,2026-02-21,quantile,0.1,130.53552901168894
2026-02-14,47,1,wk inc flu hosp,2026-02-21,quantile,0.15,151.8223993452828
2026-02-14,47,1,wk inc flu hosp,2026-02-21,quantile,0.2,168.0
2026-02-14,47,1,wk inc flu hosp,2026-02-21,quantile,0.25,178.0
2026-02-14,47,1,wk inc flu hosp,2026-02-21,quantile,0.3,189.0
2026-02-14,47,1,wk inc flu hosp,2026-02-21,quantile,0.35,199.0
2026-02-14,47,1,wk inc flu hosp,2026-02-21,quantile,0.4,203.0
2026-02-14,47,1,wk inc flu hosp,2026-02-21,quantile,0.45,213.5593842357698
2026-02-14,47,1,wk inc flu hosp,2026-02-21,quantile,0.5,230.52850986305208
2026-02-14,47,1,wk inc flu hosp,2026-02-21,quantile,0.55,244.0
2026-02-14,47,1,wk inc flu hosp,2026-02-21,quantile,0.6,266.0
2026-02-14,47,1,wk inc flu hosp,2026-02-21,quantile,0.65,279.0
2026-02-14,47,1,wk inc flu hosp,2026-02-21,quantile,0.7,297.0
2026-02-14,47,1,wk inc flu hosp,2026-02-21,quantile,0.75,319.0
2026-02-14,47,1,wk inc flu hosp,2026-02-21,quantile,0.8,348.0
2026-02-14,47,1,wk inc flu hosp,2026-02-21,quantile,0.85,388.0
2026-02-14,47,1,wk inc flu hosp,2026-02-21,quantile,0.9,436.0
2026-02-14,47,1,wk inc flu hosp,2026-02-21,quantile,0.95,489.6136523110673
2026-02-14,47,1,wk inc flu hosp,2026-02-21,quantile,0.975,541.9392408550448
2026-02-14,47,1,wk inc flu hosp,2026-02-21,quantile,0.99,589.0
2026-02-14,47,2,wk inc flu hosp,2026-02-28,quantile,0.01,46.0
2026-02-14,47,2,wk inc flu hosp,2026-02-28,quantile,0.025,54.76663308314675
2026-02-14,47,2,wk inc flu hosp,2026-02-28,quantile,0.05,77.7806988512837
2026-02-14,47,2,wk inc flu hosp,2026-02-28,quantile,0.1,109.31171280805464
2026-02-14,47,2,wk inc flu hosp,2026-02-28,quantile,0.15,120.0
2026-02-14,47,2,wk inc flu hosp,2026-02-28,quantile,0.2,128.0
2026-02-14,47,2,wk inc flu hosp,2026-02-28,quantile,0.25,140.0
2026-02-14,47,2,wk inc flu hosp,2026-02-28,quantile,0.3,153.0
2026-02-14,47,2,wk inc flu hosp,2026-02-28,quantile,0.35,161.0
2026-02-14,47,2,wk inc flu hosp,2026-02-28,quantile,0.4,173.0
2026-02-14,47,2,wk inc flu hosp,2026-02-28,quantile,0.45,183.0
2026-02-14,47,2,wk inc flu hosp,2026-02-28,quantile,0.5,197.0
2026-02-14,47,2,wk inc flu hosp,2026-02-28,quantile,0.55,209.0
2026-02-14,47,2,wk inc flu hosp,2026-02-28,quantile,0.6,224.0
2026-02-14,47,2,wk inc flu hosp,2026-02-28,quantile,0.65,250.0
2026-02-14,47,2,wk inc flu hosp,2026-02-28,quantile,0.7,274.0
2026-02-14,47,2,wk inc flu hosp,2026-02-28,quantile,0.75,292.0
2026-02-14,47,2,wk inc flu hosp,2026-02-28,quantile,0.8,310.0
2026-02-14,47,2,wk inc flu hosp,2026-02-28,quantile,0.85,347.8602905751272
2026-02-14,47,2,wk inc flu hosp,2026-02-28,quantile,0.9,402.0
2026-02-14,47,2,wk inc flu hosp,2026-02-28,quantile,0.95,432.0
2026-02-14,47,2,wk inc flu hosp,2026-02-28,quantile,0.975,507.0
2026-02-14,47,2,wk inc flu hosp,2026-02-28,quantile,0.99,590.0
2026-02-14,47,3,wk inc flu hosp,2026-03-07,quantile,0.01,33.816037608818775
2026-02-14,47,3,wk inc flu hosp,2026-03-07,quantile,0.025,39.79787607932794
2026-02-14,47,3,wk inc flu hosp,2026-03-07,quantile,0.05,60.17749618454652
2026-02-14,47,3,wk inc flu hosp,2026-03-07,quantile,0.1,75.0
2026-02-14,47,3,wk inc flu hosp,2026-03-07,quantile,0.15,86.0
2026-02-14,47,3,wk inc flu hosp,2026-03-07,quantile,0.2,94.0
2026-02-14,47,3,wk inc flu hosp,2026-03-07,quantile,0.25,104.0
2026-02-14,47,3,wk inc flu hosp,2026-03-07,quantile,0.3,115.0
2026-02-14,47,3,wk inc flu hosp,2026-03-07,quantile,0.35,127.0
2026-02-14,47,3,wk inc flu hosp,2026-03-07,quantile,0.4,137.0
2026-02-14,47,3,wk inc flu hosp,2026-03-07,quantile,0.45,146.0
2026-02-14,47,3,wk inc flu hosp,2026-03-07,quantile,0.5,158.0
2026-02-14,47,3,wk inc flu hosp,2026-03-07,quantile,0.55,175.0
2026-02-14,47,3,wk inc flu hosp,2026-03-07,quantile,0.6,191.0
2026-02-14,47,3,wk inc flu hosp,2026-03-07,quantile,0.65,216.0
2026-02-14,47,3,wk inc flu hosp,2026-03-07,quantile,0.7,242.0
2026-02-14,47,3,wk inc flu hosp,2026-03-07,quantile,0.75,269.0
2026-02-14,47,3,wk inc flu hosp,2026-03-07,quantile,0.8,285.41542874510407
2026-02-14,47,3,wk inc flu hosp,2026-03-07,quantile,0.85,344.0
2026-02-14,47,3,wk inc flu hosp,2026-03-07,quantile,0.9,413.0
2026-02-14,47,3,wk inc flu hosp,2026-03-07,quantile,0.95,494.0
2026-02-14,47,3,wk inc flu hosp,2026-03-07,quantile,0.975,558.0
2026-02-14,47,3,wk inc flu hosp,2026-03-07,quantile,0.99,621.0
2026-02-14,48,0,wk inc flu hosp,2026-02-14,quantile,0.01,738.0
2026-02-14,48,0,wk inc flu hosp,2026-02-14,quantile,0.025,778.0
2026-02-14,48,0,wk inc flu hosp,2026-02-14,quantile,0.05,839.0
2026-02-14,48,0,wk inc flu hosp,2026-02-14,quantile,0.1,904.0
2026-02-14,48,0,wk inc flu hosp,2026-02-14,quantile,0.15,953.0
2026-02-14,48,0,wk inc flu hosp,2026-02-14,quantile,0.2,995.0
2026-02-14,48,0,wk inc flu hosp,2026-02-14,quantile,0.25,1025.0
2026-02-14,48,0,wk inc flu hosp,2026-02-14,quantile,0.3,1063.0
2026-02-14,48,0,wk inc flu hosp,2026-02-14,quantile,0.35,1102.0
2026-02-14,48,0,wk inc flu hosp,2026-02-14,quantile,0.4,1138.0
2026-02-14,48,0,wk inc flu hosp,2026-02-14,quantile,0.45,1169.0
2026-02-14,48,0,wk inc flu hosp,2026-02-14,quantile,0.5,1211.0
2026-02-14,48,0,wk inc flu hosp,2026-02-14,quantile,0.55,1238.0
2026-02-14,48,0,wk inc flu hosp,2026-02-14,quantile,0.6,1302.729420033094
2026-02-14,48,0,wk inc flu hosp,2026-02-14,quantile,0.65,1392.4755621172535
2026-02-14,48,0,wk inc flu hosp,2026-02-14,quantile,0.7,1444.0
2026-02-14,48,0,wk inc flu hosp,2026-02-14,quantile,0.75,1488.0
2026-02-14,48,0,wk inc flu hosp,2026-02-14,quantile,0.8,1544.0
2026-02-14,48,0,wk inc flu hosp,2026-02-14,quantile,0.85,1602.0
2026-02-14,48,0,wk inc flu hosp,2026-02-14,quantile,0.9,1664.400259358816
2026-02-14,48,0,wk inc flu hosp,2026-02-14,quantile,0.95,1727.0
2026-02-14,48,0,wk inc flu hosp,2026-02-14,quantile,0.975,1834.0
2026-02-14,48,0,wk inc flu hosp,2026-02-14,quantile,0.99,1934.0
2026-02-14,48,1,wk inc flu hosp,2026-02-21,quantile,0.01,443.0
2026-02-14,48,1,wk inc flu hosp,2026-02-21,quantile,0.025,501.0
2026-02-14,48,1,wk inc flu hosp,2026-02-21,quantile,0.05,568.0
2026-02-14,48,1,wk inc flu hosp,2026-02-21,quantile,0.1,657.0
2026-02-14,48,1,wk inc flu hosp,2026-02-21,quantile,0.15,728.3125002998469
2026-02-14,48,1,wk inc flu hosp,2026-02-21,quantile,0.2,782.7021473761793
2026-02-14,48,1,wk inc flu hosp,2026-02-21,quantile,0.25,830.9244015350413
2026-02-14,48,1,wk inc flu hosp,2026-02-21,quantile,0.3,875.457915010177
2026-02-14,48,1,wk inc flu hosp,2026-02-21,quantile,0.35,917.7625224843448
2026-02-14,48,1,wk inc flu hosp,2026-02-21,quantile,0.4,958.8284195525572
2026-02-14,48,1,wk inc flu hosp,2026-02-21,quantile,0.45,999.4155881103688
2026-02-14,48,1,wk inc flu hosp,2026-02-21,quantile,0.5,1040.1806726676002
2026-02-14,48,1,wk inc flu hosp,2026-02-21,quantile,0.55,1081.7606038416209
2026-02-14,48,1,wk inc flu hosp,2026-02-21,quantile,0.6,1124.8450325787146
2026-02-14,48,1,wk inc flu hosp,2026-02-21,quantile,0.65,1170.2603721572284
2026-02-14,48,1,wk inc flu hosp,2026-02-21,quantile,0.7,1230.2080068528176
2026-02-14,48,1,wk inc flu hosp,2026-02-21,quantile,0.75,1293.0
2026-02-14,48,1,wk inc flu hosp,2026-02-21,quantile,0.8,1352.9530374598787
2026-02-14,48,1,wk inc flu hosp,2026-02-21,quantile,0.85,1465.0
2026-02-14,48,1,wk inc flu hosp,2026-02-21,quantile,0.9,1549.0
2026-02-14,48,1,wk inc flu hosp,2026-02-21,quantile,0.95,1722.0
2026-02-14,48,1,wk inc flu hosp,2026-02-21,quantile,0.975,1888.0
2026-02-14,48,1,wk inc flu hosp,2026-02-21,quantile,0.99,2020.0
2026-02-14,48,2,wk inc flu hosp,2026-02-28,quantile,0.01,286.9754638671875
2026-02-14,48,2,wk inc flu hosp,2026-02-28,quantile,0.025,318.6734619140625
2026-02-14,48,2,wk inc flu hosp,2026-02-28,quantile,0.05,365.93062470095305
2026-02-14,48,2,wk inc flu hosp,2026-02-28,quantile,0.1,452.5030943640929
2026-02-14,48,2,wk inc flu hosp,2026-02-28,quantile,0.15,514.5347673462405
2026-02-14,48,2,wk inc flu hosp,2026-02-28,quantile,0.2,575.4896383148514
2026-02-14,48,2,wk inc flu hosp,2026-02-28,quantile,0.25,639.0497063765769
2026-02-14,48,2,wk inc flu hosp,2026-02-28,quantile,0.3,701.1173786034891
2026-02-14,48,2,wk inc flu hosp,2026-02-28,quantile,0.35,762.3760394440225
2026-02-14,48,2,wk inc flu hosp,2026-02-28,quantile,0.4,821.1285609557855
2026-02-14,48,2,wk inc flu hosp,2026-02-28,quantile,0.45,873.0045302419384
2026-02-14,48,2,wk inc flu hosp,2026-02-28,quantile,0.5,939.7763908452246
2026-02-14,48,2,wk inc flu hosp,2026-02-28,quantile,0.55,979.0
2026-02-14,48,2,wk inc flu hosp,2026-02-28,quantile,0.6,1024.0
2026-02-14,48,2,wk inc flu hosp,2026-02-28,quantile,0.65,1088.0
2026-02-14,48,2,wk inc flu hosp,2026-02-28,quantile,0.7,1144.0
2026-02-14,48,2,wk inc flu hosp,2026-02-28,quantile,0.75,1175.0
2026-02-14,48,2,wk inc flu hosp,2026-02-28,quantile,0.8,1240.0
2026-02-14,48,2,wk inc flu hosp,2026-02-28,quantile,0.85,1324.0
2026-02-14,48,2,wk inc flu hosp,2026-02-28,quantile,0.9,1436.0
2026-02-14,48,2,wk inc flu hosp,2026-02-28,quantile,0.95,1653.0
2026-02-14,48,2,wk inc flu hosp,2026-02-28,quantile,0.975,1850.0
2026-02-14,48,2,wk inc flu hosp,2026-02-28,quantile,0.99,2145.0
2026-02-14,48,3,wk inc flu hosp,2026-03-07,quantile,0.01,216.82513605205975
2026-02-14,48,3,wk inc flu hosp,2026-03-07,quantile,0.025,236.4723679111219
2026-02-14,48,3,wk inc flu hosp,2026-03-07,quantile,0.05,270.45554064425784
2026-02-14,48,3,wk inc flu hosp,2026-03-07,quantile,0.1,335.0
2026-02-14,48,3,wk inc flu hosp,2026-03-07,quantile,0.15,373.0
2026-02-14,48,3,wk inc flu hosp,2026-03-07,quantile,0.2,419.6182921346455
2026-02-14,48,3,wk inc flu hosp,2026-03-07,quantile,0.25,467.097691397215
2026-02-14,48,3,wk inc flu hosp,2026-03-07,quantile,0.3,514.221129308024
2026-02-14,48,3,wk inc flu hosp,2026-03-07,quantile,0.35,563.6716139739148
2026-02-14,48,3,wk inc flu hosp,2026-03-07,quantile,0.4,618.0498602868629
2026-02-14,48,3,wk inc flu hosp,2026-03-07,quantile,0.45,676.2021249521943
2026-02-14,48,3,wk inc flu hosp,2026-03-07,quantile,0.5,737.4663963325147
2026-02-14,48,3,wk inc flu hosp,2026-03-07,quantile,0.55,788.0
2026-02-14,48,3,wk inc flu hosp,2026-03-07,quantile,0.6,826.0
2026-02-14,48,3,wk inc flu hosp,2026-03-07,quantile,0.65,878.0
2026-02-14,48,3,wk inc flu hosp,2026-03-07,quantile,0.7,966.1093876797672
2026-02-14,48,3,wk inc flu hosp,2026-03-07,quantile,0.75,1055.0
2026-02-14,48,3,wk inc flu hosp,2026-03-07,quantile,0.8,1094.0
2026-02-14,48,3,wk inc flu hosp,2026-03-07,quantile,0.85,1166.0
2026-02-14,48,3,wk inc flu hosp,2026-03-07,quantile,0.9,1332.0
2026-02-14,48,3,wk inc flu hosp,2026-03-07,quantile,0.95,1604.0
2026-02-14,48,3,wk inc flu hosp,2026-03-07,quantile,0.975,1834.0
2026-02-14,48,3,wk inc flu hosp,2026-03-07,quantile,0.99,2143.0
2026-02-14,49,0,wk inc flu hosp,2026-02-14,quantile,0.01,37.14166259765625
2026-02-14,49,0,wk inc flu hosp,2026-02-14,quantile,0.025,39.65074157714844
2026-02-14,49,0,wk inc flu hosp,2026-02-14,quantile,0.05,42.16004180908203
2026-02-14,49,0,wk inc flu hosp,2026-02-14,quantile,0.1,45.418067932128906
2026-02-14,49,0,wk inc flu hosp,2026-02-14,quantile,0.15,51.561994909010735
2026-02-14,49,0,wk inc flu hosp,2026-02-14,quantile,0.2,57.0
2026-02-14,49,0,wk inc flu hosp,2026-02-14,quantile,0.25,59.54637515876868
2026-02-14,49,0,wk inc flu hosp,2026-02-14,quantile,0.3,65.135640868389
2026-02-14,49,0,wk inc flu hosp,2026-02-14,quantile,0.35,71.24704876315344
2026-02-14,49,0,wk inc flu hosp,2026-02-14,quantile,0.4,76.84143972784267
2026-02-14,49,0,wk inc flu hosp,2026-02-14,quantile,0.45,82.18088654139751
2026-02-14,49,0,wk inc flu hosp,2026-02-14,quantile,0.5,87.57951486897919
2026-02-14,49,0,wk inc flu hosp,2026-02-14,quantile,0.55,91.0
2026-02-14,49,0,wk inc flu hosp,2026-02-14,quantile,0.6,94.0
2026-02-14,49,0,wk inc flu hosp,2026-02-14,quantile,0.65,97.0
2026-02-14,49,0,wk inc flu hosp,2026-02-14,quantile,0.7,98.0
2026-02-14,49,0,wk inc flu hosp,2026-02-14,quantile,0.75,103.0
2026-02-14,49,0,wk inc flu hosp,2026-02-14,quantile,0.8,107.0
2026-02-14,49,0,wk inc flu hosp,2026-02-14,quantile,0.85,112.0
2026-02-14,49,0,wk inc flu hosp,2026-02-14,quantile,0.9,117.0
2026-02-14,49,0,wk inc flu hosp,2026-02-14,quantile,0.95,123.0
2026-02-14,49,0,wk inc flu hosp,2026-02-14,quantile,0.975,131.0
2026-02-14,49,0,wk inc flu hosp,2026-02-14,quantile,0.99,134.0
2026-02-14,49,1,wk inc flu hosp,2026-02-21,quantile,0.01,21.62537384033203
2026-02-14,49,1,wk inc flu hosp,2026-02-21,quantile,0.025,27.53054149515071
2026-02-14,49,1,wk inc flu hosp,2026-02-21,quantile,0.05,34.29202482386638
2026-02-14,49,1,wk inc flu hosp,2026-02-21,quantile,0.1,41.49081210826196
2026-02-14,49,1,wk inc flu hosp,2026-02-21,quantile,0.15,46.09229918803454
2026-02-14,49,1,wk inc flu hosp,2026-02-21,quantile,0.2,50.317590504254085
2026-02-14,49,1,wk inc flu hosp,2026-02-21,quantile,0.25,54.18399910581518
2026-02-14,49,1,wk inc flu hosp,2026-02-21,quantile,0.3,57.42625748327161
2026-02-14,49,1,wk inc flu hosp,2026-02-21,quantile,0.35,60.97061147434715
2026-02-14,49,1,wk inc flu hosp,2026-02-21,quantile,0.4,64.84323068295625
2026-02-14,49,1,wk inc flu hosp,2026-02-21,quantile,0.45,68.70817787952788
2026-02-14,49,1,wk inc flu hosp,2026-02-21,quantile,0.5,73.1237688653326
2026-02-14,49,1,wk inc flu hosp,2026-02-21,quantile,0.55,77.55999221733846
2026-02-14,49,1,wk inc flu hosp,2026-02-21,quantile,0.6,82.42317154932381
2026-02-14,49,1,wk inc flu hosp,2026-02-21,quantile,0.65,88.19022783639952
2026-02-14,49,1,wk inc flu hosp,2026-02-21,quantile,0.7,94.38617119175504
2026-02-14,49,1,wk inc flu hosp,2026-02-21,quantile,0.75,101.12443230080096
2026-02-14,49,1,wk inc flu hosp,2026-02-21,quantile,0.8,110.1055533757946
2026-02-14,49,1,wk inc flu hosp,2026-02-21,quantile,0.85,117.0
2026-02-14,49,1,wk inc flu hosp,2026-02-21,quantile,0.9,123.0
2026-02-14,49,1,wk inc flu hosp,2026-02-21,quantile,0.95,137.0
2026-02-14,49,1,wk inc flu hosp,2026-02-21,quantile,0.975,155.0
2026-02-14,49,1,wk inc flu hosp,2026-02-21,quantile,0.99,177.0
2026-02-14,49,2,wk inc flu hosp,2026-02-28,quantile,0.01,12.0
2026-02-14,49,2,wk inc flu hosp,2026-02-28,quantile,0.025,18.235248530972807
2026-02-14,49,2,wk inc flu hosp,2026-02-28,quantile,0.05,25.16190346711244
2026-02-14,49,2,wk inc flu hosp,2026-02-28,quantile,0.1,30.496351498156724
2026-02-14,49,2,wk inc flu hosp,2026-02-28,quantile,0.15,34.49576661907487
2026-02-14,49,2,wk inc flu hosp,2026-02-28,quantile,0.2,38.60824594457308
2026-02-14,49,2,wk inc flu hosp,2026-02-28,quantile,0.25,42.40734252204342
2026-02-14,49,2,wk inc flu hosp,2026-02-28,quantile,0.3,46.087764789734216
2026-02-14,49,2,wk inc flu hosp,2026-02-28,quantile,0.35,49.481708379440434
2026-02-14,49,2,wk inc flu hosp,2026-02-28,quantile,0.4,52.937946032515626
2026-02-14,49,2,wk inc flu hosp,2026-02-28,quantile,0.45,56.958385342949306
2026-02-14,49,2,wk inc flu hosp,2026-02-28,quantile,0.5,60.83912930587222
2026-02-14,49,2,wk inc flu hosp,2026-02-28,quantile,0.55,65.2498778357647
2026-02-14,49,2,wk inc flu hosp,2026-02-28,quantile,0.6,70.68633373155727
2026-02-14,49,2,wk inc flu hosp,2026-02-28,quantile,0.65,76.08267187557297
2026-02-14,49,2,wk inc flu hosp,2026-02-28,quantile,0.7,83.51626918485897
2026-02-14,49,2,wk inc flu hosp,2026-02-28,quantile,0.75,92.57683506501289
2026-02-14,49,2,wk inc flu hosp,2026-02-28,quantile,0.8,99.0
2026-02-14,49,2,wk inc flu hosp,2026-02-28,quantile,0.85,107.0
2026-02-14,49,2,wk inc flu hosp,2026-02-28,quantile,0.9,115.0
2026-02-14,49,2,wk inc flu hosp,2026-02-28,quantile,0.95,129.0
2026-02-14,49,2,wk inc flu hosp,2026-02-28,quantile,0.975,142.0
2026-02-14,49,2,wk inc flu hosp,2026-02-28,quantile,0.99,157.0
2026-02-14,49,3,wk inc flu hosp,2026-03-07,quantile,0.01,6.198267445070459
2026-02-14,49,3,wk inc flu hosp,2026-03-07,quantile,0.025,12.746765112146132
2026-02-14,49,3,wk inc flu hosp,2026-03-07,quantile,0.05,20.246957722619165
2026-02-14,49,3,wk inc flu hosp,2026-03-07,quantile,0.1,26.910069477266795
2026-02-14,49,3,wk inc flu hosp,2026-03-07,quantile,0.15,30.95168603888802
2026-02-14,49,3,wk inc flu hosp,2026-03-07,quantile,0.2,33.857251012546584
2026-02-14,49,3,wk inc flu hosp,2026-03-07,quantile,0.25,37.27202842128479
2026-02-14,49,3,wk inc flu hosp,2026-03-07,quantile,0.3,40.40678938706554
2026-02-14,49,3,wk inc flu hosp,2026-03-07,quantile,0.35,43.9075573378496
2026-02-14,49,3,wk inc flu hosp,2026-03-07,quantile,0.4,46.86233844063611
2026-02-14,49,3,wk inc flu hosp,2026-03-07,quantile,0.45,50.4492789607269
2026-02-14,49,3,wk inc flu hosp,2026-03-07,quantile,0.5,54.31211214075678
2026-02-14,49,3,wk inc flu hosp,2026-03-07,quantile,0.55,58.54802456196377
2026-02-14,49,3,wk inc flu hosp,2026-03-07,quantile,0.6,63.42115885000682
2026-02-14,49,3,wk inc flu hosp,2026-03-07,quantile,0.65,69.0026916513139
2026-02-14,49,3,wk inc flu hosp,2026-03-07,quantile,0.7,74.97645193575954
2026-02-14,49,3,wk inc flu hosp,2026-03-07,quantile,0.75,83.76902166839614
2026-02-14,49,3,wk inc flu hosp,2026-03-07,quantile,0.8,94.71259687512271
2026-02-14,49,3,wk inc flu hosp,2026-03-07,quantile,0.85,101.0
2026-02-14,49,3,wk inc flu hosp,2026-03-07,quantile,0.9,124.0
2026-02-14,49,3,wk inc flu hosp,2026-03-07,quantile,0.95,161.0
2026-02-14,49,3,wk inc flu hosp,2026-03-07,quantile,0.975,178.0
2026-02-14,49,3,wk inc flu hosp,2026-03-07,quantile,0.99,199.0
2026-02-14,50,0,wk inc flu hosp,2026-02-14,quantile,0.01,12.0
2026-02-14,50,0,wk inc flu hosp,2026-02-14,quantile,0.025,13.0
2026-02-14,50,0,wk inc flu hosp,2026-02-14,quantile,0.05,14.575199127197266
2026-02-14,50,0,wk inc flu hosp,2026-02-14,quantile,0.1,16.057302474975586
2026-02-14,50,0,wk inc flu hosp,2026-02-14,quantile,0.15,18.0
2026-02-14,50,0,wk inc flu hosp,2026-02-14,quantile,0.2,19.0
2026-02-14,50,0,wk inc flu hosp,2026-02-14,quantile,0.25,20.0
2026-02-14,50,0,wk inc flu hosp,2026-02-14,quantile,0.3,21.6969603632531
2026-02-14,50,0,wk inc flu hosp,2026-02-14,quantile,0.35,23.37175292612965
2026-02-14,50,0,wk inc flu hosp,2026-02-14,quantile,0.4,25.0
2026-02-14,50,0,wk inc flu hosp,2026-02-14,quantile,0.45,27.0
2026-02-14,50,0,wk inc flu hosp,2026-02-14,quantile,0.5,28.0
2026-02-14,50,0,wk inc flu hosp,2026-02-14,quantile,0.55,29.0
2026-02-14,50,0,wk inc flu hosp,2026-02-14,quantile,0.6,30.28204722598961
2026-02-14,50,0,wk inc flu hosp,2026-02-14,quantile,0.65,31.423597576941127
2026-02-14,50,0,wk inc flu hosp,2026-02-14,quantile,0.7,32.64947671683884
2026-02-14,50,0,wk inc flu hosp,2026-02-14,quantile,0.75,33.99870794350549
2026-02-14,50,0,wk inc flu hosp,2026-02-14,quantile,0.8,35.53328635812771
2026-02-14,50,0,wk inc flu hosp,2026-02-14,quantile,0.85,37.0
2026-02-14,50,0,wk inc flu hosp,2026-02-14,quantile,0.9,39.734592508995874
2026-02-14,50,0,wk inc flu hosp,2026-02-14,quantile,0.95,43.0
2026-02-14,50,0,wk inc flu hosp,2026-02-14,quantile,0.975,46.67339849890259
2026-02-14,50,0,wk inc flu hosp,2026-02-14,quantile,0.99,50.6528710576031
2026-02-14,50,1,wk inc flu hosp,2026-02-21,quantile,0.01,5.837600703276671
2026-02-14,50,1,wk inc flu hosp,2026-02-21,quantile,0.025,7.974345076031468
2026-02-14,50,1,wk inc flu hosp,2026-02-21,quantile,0.05,9.770663261413574
2026-02-14,50,1,wk inc flu hosp,2026-02-21,quantile,0.1,11.083953857421877
2026-02-14,50,1,wk inc flu hosp,2026-02-21,quantile,0.15,13.364573304537366
2026-02-14,50,1,wk inc flu hosp,2026-02-21,quantile,0.2,15.640825176092978
2026-02-14,50,1,wk inc flu hosp,2026-02-21,quantile,0.25,17.844187820778945
2026-02-14,50,1,wk inc flu hosp,2026-02-21,quantile,0.3,19.550833174635823
2026-02-14,50,1,wk inc flu hosp,2026-02-21,quantile,0.35,21.90552312334389
2026-02-14,50,1,wk inc flu hosp,2026-02-21,quantile,0.4,23.818837588723905
2026-02-14,50,1,wk inc flu hosp,2026-02-21,quantile,0.45,24.0
2026-02-14,50,1,wk inc flu hosp,2026-02-21,quantile,0.5,26.0
2026-02-14,50,1,wk inc flu hosp,2026-02-21,quantile,0.55,27.0
2026-02-14,50,1,wk inc flu hosp,2026-02-21,quantile,0.6,29.0
2026-02-14,50,1,wk inc flu hosp,2026-02-21,quantile,0.65,30.0
2026-02-14,50,1,wk inc flu hosp,2026-02-21,quantile,0.7,32.0
2026-02-14,50,1,wk inc flu hosp,2026-02-21,quantile,0.75,34.0
2026-02-14,50,1,wk inc flu hosp,2026-02-21,quantile,0.8,36.0
2026-02-14,50,1,wk inc flu hosp,2026-02-21,quantile,0.85,37.9308076094257
2026-02-14,50,1,wk inc flu hosp,2026-02-21,quantile,0.9,41.36559740832556
2026-02-14,50,1,wk inc flu hosp,2026-02-21,quantile,0.95,46.7302781773623
2026-02-14,50,1,wk inc flu hosp,2026-02-21,quantile,0.975,51.64814365464777
2026-02-14,50,1,wk inc flu hosp,2026-02-21,quantile,0.99,57.67551674462402
2026-02-14,50,2,wk inc flu hosp,2026-02-28,quantile,0.01,3.0335737823470508
2026-02-14,50,2,wk inc flu hosp,2026-02-28,quantile,0.025,3.930953457003855
2026-02-14,50,2,wk inc flu hosp,2026-02-28,quantile,0.05,5.695758525460665
2026-02-14,50,2,wk inc flu hosp,2026-02-28,quantile,0.1,7.45169876662354
2026-02-14,50,2,wk inc flu hosp,2026-02-28,quantile,0.15,9.796267740339058
2026-02-14,50,2,wk inc flu hosp,2026-02-28,quantile,0.2,12.39410441827786
2026-02-14,50,2,wk inc flu hosp,2026-02-28,quantile,0.25,14.522519038409458
2026-02-14,50,2,wk inc flu hosp,2026-02-28,quantile,0.3,16.59100117432267
2026-02-14,50,2,wk inc flu hosp,2026-02-28,quantile,0.35,19.02012482970132
2026-02-14,50,2,wk inc flu hosp,2026-02-28,quantile,0.4,20.673439376308693
2026-02-14,50,2,wk inc flu hosp,2026-02-28,quantile,0.45,22.274472353591392
2026-02-14,50,2,wk inc flu hosp,2026-02-28,quantile,0.5,23.9084139954102
2026-02-14,50,2,wk inc flu hosp,2026-02-28,quantile,0.55,25.0
2026-02-14,50,2,wk inc flu hosp,2026-02-28,quantile,0.6,26.0
2026-02-14,50,2,wk inc flu hosp,2026-02-28,quantile,0.65,27.0
2026-02-14,50,2,wk inc flu hosp,2026-02-28,quantile,0.7,28.0
2026-02-14,50,2,wk inc flu hosp,2026-02-28,quantile,0.75,32.0
2026-02-14,50,2,wk inc flu hosp,2026-02-28,quantile,0.8,36.34240687378865
2026-02-14,50,2,wk inc flu hosp,2026-02-28,quantile,0.85,38.0
2026-02-14,50,2,wk inc flu hosp,2026-02-28,quantile,0.9,39.0
2026-02-14,50,2,wk inc flu hosp,2026-02-28,quantile,0.95,45.0
2026-02-14,50,2,wk inc flu hosp,2026-02-28,quantile,0.975,51.0
2026-02-14,50,2,wk inc flu hosp,2026-02-28,quantile,0.99,58.0
2026-02-14,50,3,wk inc flu hosp,2026-03-07,quantile,0.01,1.9827072611590364
2026-02-14,50,3,wk inc flu hosp,2026-03-07,quantile,0.025,3.404173204433814
2026-02-14,50,3,wk inc flu hosp,2026-03-07,quantile,0.05,4.81168556693385
2026-02-14,50,3,wk inc flu hosp,2026-03-07,quantile,0.1,8.445623813498422
2026-02-14,50,3,wk inc flu hosp,2026-03-07,quantile,0.15,10.82095143350681
2026-02-14,50,3,wk inc flu hosp,2026-03-07,quantile,0.2,13.0
2026-02-14,50,3,wk inc flu hosp,2026-03-07,quantile,0.25,15.644567271701884
2026-02-14,50,3,wk inc flu hosp,2026-03-07,quantile,0.3,16.731248842603552
2026-02-14,50,3,wk inc flu hosp,2026-03-07,quantile,0.35,18.55815820623196
2026-02-14,50,3,wk inc flu hosp,2026-03-07,quantile,0.4,20.37922749478783
2026-02-14,50,3,wk inc flu hosp,2026-03-07,quantile,0.45,22.22224178100266
2026-02-14,50,3,wk inc flu hosp,2026-03-07,quantile,0.5,24.113918099829505
2026-02-14,50,3,wk inc flu hosp,2026-03-07,quantile,0.55,26.08285441562632
2026-02-14,50,3,wk inc flu hosp,2026-03-07,quantile,0.6,28.16264739111753
2026-02-14,50,3,wk inc flu hosp,2026-03-07,quantile,0.65,30.39611075267223
2026-02-14,50,3,wk inc flu hosp,2026-03-07,quantile,0.7,32.84206808520376
2026-02-14,50,3,wk inc flu hosp,2026-03-07,quantile,0.75,35.0
2026-02-14,50,3,wk inc flu hosp,2026-03-07,quantile,0.8,36.0
2026-02-14,50,3,wk inc flu hosp,2026-03-07,quantile,0.85,40.0
2026-02-14,50,3,wk inc flu hosp,2026-03-07,quantile,0.9,47.81790725376172
2026-02-14,50,3,wk inc flu hosp,2026-03-07,quantile,0.95,55.99955450995395
2026-02-14,50,3,wk inc flu hosp,2026-03-07,quantile,0.975,63.61888450184921
2026-02-14,50,3,wk inc flu hosp,2026-03-07,quantile,0.99,73.08883149956321
2026-02-14,51,0,wk inc flu hosp,2026-02-14,quantile,0.01,139.0
2026-02-14,51,0,wk inc flu hosp,2026-02-14,quantile,0.025,143.0
2026-02-14,51,0,wk inc flu hosp,2026-02-14,quantile,0.05,151.0
2026-02-14,51,0,wk inc flu hosp,2026-02-14,quantile,0.1,152.0
2026-02-14,51,0,wk inc flu hosp,2026-02-14,quantile,0.15,160.49612426757812
2026-02-14,51,0,wk inc flu hosp,2026-02-14,quantile,0.2,172.62294860987805
2026-02-14,51,0,wk inc flu hosp,2026-02-14,quantile,0.25,186.56076107739852
2026-02-14,51,0,wk inc flu hosp,2026-02-14,quantile,0.3,199.5156699791248
2026-02-14,51,0,wk inc flu hosp,2026-02-14,quantile,0.35,211.66660183698508
2026-02-14,51,0,wk inc flu hosp,2026-02-14,quantile,0.4,223.5328615002288
2026-02-14,51,0,wk inc flu hosp,2026-02-14,quantile,0.45,234.5739181020628
2026-02-14,51,0,wk inc flu hosp,2026-02-14,quantile,0.5,246.62221812738235
2026-02-14,51,0,wk inc flu hosp,2026-02-14,quantile,0.55,256.0
2026-02-14,51,0,wk inc flu hosp,2026-02-14,quantile,0.6,264.0
2026-02-14,51,0,wk inc flu hosp,2026-02-14,quantile,0.65,273.0
2026-02-14,51,0,wk inc flu hosp,2026-02-14,quantile,0.7,290.0
2026-02-14,51,0,wk inc flu hosp,2026-02-14,quantile,0.75,296.0
2026-02-14,51,0,wk inc flu hosp,2026-02-14,quantile,0.8,306.0
2026-02-14,51,0,wk inc flu hosp,2026-02-14,quantile,0.85,332.0
2026-02-14,51,0,wk inc flu hosp,2026-02-14,quantile,0.9,346.0
2026-02-14,51,0,wk inc flu hosp,2026-02-14,quantile,0.95,371.0
2026-02-14,51,0,wk inc flu hosp,2026-02-14,quantile,0.975,399.0
2026-02-14,51,0,wk inc flu hosp,2026-02-14,quantile,0.99,429.0
2026-02-14,51,1,wk inc flu hosp,2026-02-21,quantile,0.01,70.72038269042969
2026-02-14,51,1,wk inc flu hosp,2026-02-21,quantile,0.025,78.60365295410156
2026-02-14,51,1,wk inc flu hosp,2026-02-21,quantile,0.05,93.08362951973442
2026-02-14,51,1,wk inc flu hosp,2026-02-21,quantile,0.1,115.82182955170414
2026-02-14,51,1,wk inc flu hosp,2026-02-21,quantile,0.15,129.0
2026-02-14,51,1,wk inc flu hosp,2026-02-21,quantile,0.2,133.26535732899322
2026-02-14,51,1,wk inc flu hosp,2026-02-21,quantile,0.25,148.95126434145428
2026-02-14,51,1,wk inc flu hosp,2026-02-21,quantile,0.3,163.7812896446597
2026-02-14,51,1,wk inc flu hosp,2026-02-21,quantile,0.35,173.0
2026-02-14,51,1,wk inc flu hosp,2026-02-21,quantile,0.4,178.0
2026-02-14,51,1,wk inc flu hosp,2026-02-21,quantile,0.45,185.0
2026-02-14,51,1,wk inc flu hosp,2026-02-21,quantile,0.5,197.0
2026-02-14,51,1,wk inc flu hosp,2026-02-21,quantile,0.55,210.0
2026-02-14,51,1,wk inc flu hosp,2026-02-21,quantile,0.6,226.0
2026-02-14,51,1,wk inc flu hosp,2026-02-21,quantile,0.65,243.0
2026-02-14,51,1,wk inc flu hosp,2026-02-21,quantile,0.7,262.0
2026-02-14,51,1,wk inc flu hosp,2026-02-21,quantile,0.75,282.0
2026-02-14,51,1,wk inc flu hosp,2026-02-21,quantile,0.8,306.0
2026-02-14,51,1,wk inc flu hosp,2026-02-21,quantile,0.85,336.0
2026-02-14,51,1,wk inc flu hosp,2026-02-21,quantile,0.9,382.0
2026-02-14,51,1,wk inc flu hosp,2026-02-21,quantile,0.95,447.0
2026-02-14,51,1,wk inc flu hosp,2026-02-21,quantile,0.975,511.4755588773673
2026-02-14,51,1,wk inc flu hosp,2026-02-21,quantile,0.99,579.0646097840068
2026-02-14,51,2,wk inc flu hosp,2026-02-28,quantile,0.01,41.00490188598633
2026-02-14,51,2,wk inc flu hosp,2026-02-28,quantile,0.025,46.95243835449219
2026-02-14,51,2,wk inc flu hosp,2026-02-28,quantile,0.05,62.104123590052886
2026-02-14,51,2,wk inc flu hosp,2026-02-28,quantile,0.1,85.35414733381953
2026-02-14,51,2,wk inc flu hosp,2026-02-28,quantile,0.15,96.5202223426464
2026-02-14,51,2,wk inc flu hosp,2026-02-28,quantile,0.2,116.7700460511544
2026-02-14,51,2,wk inc flu hosp,2026-02-28,quantile,0.25,122.0
2026-02-14,51,2,wk inc flu hosp,2026-02-28,quantile,0.3,128.0
2026-02-14,51,2,wk inc flu hosp,2026-02-28,quantile,0.35,132.0
2026-02-14,51,2,wk inc flu hosp,2026-02-28,quantile,0.4,143.0
2026-02-14,51,2,wk inc flu hosp,2026-02-28,quantile,0.45,150.0
2026-02-14,51,2,wk inc flu hosp,2026-02-28,quantile,0.5,158.0
2026-02-14,51,2,wk inc flu hosp,2026-02-28,quantile,0.55,164.0
2026-02-14,51,2,wk inc flu hosp,2026-02-28,quantile,0.6,179.0
2026-02-14,51,2,wk inc flu hosp,2026-02-28,quantile,0.65,198.0
2026-02-14,51,2,wk inc flu hosp,2026-02-28,quantile,0.7,222.0
2026-02-14,51,2,wk inc flu hosp,2026-02-28,quantile,0.75,249.0
2026-02-14,51,2,wk inc flu hosp,2026-02-28,quantile,0.8,280.0
2026-02-14,51,2,wk inc flu hosp,2026-02-28,quantile,0.85,323.0
2026-02-14,51,2,wk inc flu hosp,2026-02-28,quantile,0.9,360.0
2026-02-14,51,2,wk inc flu hosp,2026-02-28,quantile,0.95,408.0
2026-02-14,51,2,wk inc flu hosp,2026-02-28,quantile,0.975,452.0
2026-02-14,51,2,wk inc flu hosp,2026-02-28,quantile,0.99,506.0
2026-02-14,51,3,wk inc flu hosp,2026-03-07,quantile,0.01,24.89004135131836
2026-02-14,51,3,wk inc flu hosp,2026-03-07,quantile,0.025,29.370180130004883
2026-02-14,51,3,wk inc flu hosp,2026-03-07,quantile,0.05,49.31062362791515
2026-02-14,51,3,wk inc flu hosp,2026-03-07,quantile,0.1,60.80648812614376
2026-02-14,51,3,wk inc flu hosp,2026-03-07,quantile,0.15,72.0
2026-02-14,51,3,wk inc flu hosp,2026-03-07,quantile,0.2,83.0
2026-02-14,51,3,wk inc flu hosp,2026-03-07,quantile,0.25,86.0
2026-02-14,51,3,wk inc flu hosp,2026-03-07,quantile,0.3,94.0
2026-02-14,51,3,wk inc flu hosp,2026-03-07,quantile,0.35,102.0
2026-02-14,51,3,wk inc flu hosp,2026-03-07,quantile,0.4,107.0
2026-02-14,51,3,wk inc flu hosp,2026-03-07,quantile,0.45,114.0
2026-02-14,51,3,wk inc flu hosp,2026-03-07,quantile,0.5,130.0
2026-02-14,51,3,wk inc flu hosp,2026-03-07,quantile,0.55,139.0
2026-02-14,51,3,wk inc flu hosp,2026-03-07,quantile,0.6,148.0
2026-02-14,51,3,wk inc flu hosp,2026-03-07,quantile,0.65,158.0
2026-02-14,51,3,wk inc flu hosp,2026-03-07,quantile,0.7,174.0
2026-02-14,51,3,wk inc flu hosp,2026-03-07,quantile,0.75,202.0
2026-02-14,51,3,wk inc flu hosp,2026-03-07,quantile,0.8,237.0
2026-02-14,51,3,wk inc flu hosp,2026-03-07,quantile,0.85,283.0
2026-02-14,51,3,wk inc flu hosp,2026-03-07,quantile,0.9,348.0
2026-02-14,51,3,wk inc flu hosp,2026-03-07,quantile,0.95,471.0
2026-02-14,51,3,wk inc flu hosp,2026-03-07,quantile,0.975,585.0
2026-02-14,51,3,wk inc flu hosp,2026-03-07,quantile,0.99,697.0
2026-02-14,53,0,wk inc flu hosp,2026-02-14,quantile,0.01,235.01123046875
2026-02-14,53,0,wk inc flu hosp,2026-02-14,quantile,0.025,247.0498504638672
2026-02-14,53,0,wk inc flu hosp,2026-02-14,quantile,0.05,258.221435546875
2026-02-14,53,0,wk inc flu hosp,2026-02-14,quantile,0.1,272.994873046875
2026-02-14,53,0,wk inc flu hosp,2026-02-14,quantile,0.15,283.82098388671875
2026-02-14,53,0,wk inc flu hosp,2026-02-14,quantile,0.2,293.2167053222656
2026-02-14,53,0,wk inc flu hosp,2026-02-14,quantile,0.25,301.75994873046875
2026-02-14,53,0,wk inc flu hosp,2026-02-14,quantile,0.3,310.2402648925781
2026-02-14,53,0,wk inc flu hosp,2026-02-14,quantile,0.35,318.2051086425781
2026-02-14,53,0,wk inc flu hosp,2026-02-14,quantile,0.4,326.5616149902344
2026-02-14,53,0,wk inc flu hosp,2026-02-14,quantile,0.45,334.765380859375
2026-02-14,53,0,wk inc flu hosp,2026-02-14,quantile,0.5,343.4672546386719
2026-02-14,53,0,wk inc flu hosp,2026-02-14,quantile,0.55,364.9783173364412
2026-02-14,53,0,wk inc flu hosp,2026-02-14,quantile,0.6,375.0
2026-02-14,53,0,wk inc flu hosp,2026-02-14,quantile,0.65,389.74833808281215
2026-02-14,53,0,wk inc flu hosp,2026-02-14,quantile,0.7,410.0
2026-02-14,53,0,wk inc flu hosp,2026-02-14,quantile,0.75,418.0
2026-02-14,53,0,wk inc flu hosp,2026-02-14,quantile,0.8,426.0
2026-02-14,53,0,wk inc flu hosp,2026-02-14,quantile,0.85,445.0
2026-02-14,53,0,wk inc flu hosp,2026-02-14,quantile,0.9,463.7963310950236
2026-02-14,53,0,wk inc flu hosp,2026-02-14,quantile,0.95,505.0
2026-02-14,53,0,wk inc flu hosp,2026-02-14,quantile,0.975,525.0
2026-02-14,53,0,wk inc flu hosp,2026-02-14,quantile,0.99,555.0
2026-02-14,53,1,wk inc flu hosp,2026-02-21,quantile,0.01,147.0
2026-02-14,53,1,wk inc flu hosp,2026-02-21,quantile,0.025,161.0
2026-02-14,53,1,wk inc flu hosp,2026-02-21,quantile,0.05,173.0
2026-02-14,53,1,wk inc flu hosp,2026-02-21,quantile,0.1,193.0
2026-02-14,53,1,wk inc flu hosp,2026-02-21,quantile,0.15,211.0
2026-02-14,53,1,wk inc flu hosp,2026-02-21,quantile,0.2,228.0
2026-02-14,53,1,wk inc flu hosp,2026-02-21,quantile,0.25,243.0
2026-02-14,53,1,wk inc flu hosp,2026-02-21,quantile,0.3,256.0
2026-02-14,53,1,wk inc flu hosp,2026-02-21,quantile,0.35,272.0
2026-02-14,53,1,wk inc flu hosp,2026-02-21,quantile,0.4,280.28619384765625
2026-02-14,53,1,wk inc flu hosp,2026-02-21,quantile,0.45,288.8337097167969
2026-02-14,53,1,wk inc flu hosp,2026-02-21,quantile,0.5,300.577041849604
2026-02-14,53,1,wk inc flu hosp,2026-02-21,quantile,0.55,314.87503854256806
2026-02-14,53,1,wk inc flu hosp,2026-02-21,quantile,0.6,326.0
2026-02-14,53,1,wk inc flu hosp,2026-02-21,quantile,0.65,345.8172120906342
2026-02-14,53,1,wk inc flu hosp,2026-02-21,quantile,0.7,370.001397556421
2026-02-14,53,1,wk inc flu hosp,2026-02-21,quantile,0.75,396.0
2026-02-14,53,1,wk inc flu hosp,2026-02-21,quantile,0.8,413.0
2026-02-14,53,1,wk inc flu hosp,2026-02-21,quantile,0.85,435.0
2026-02-14,53,1,wk inc flu hosp,2026-02-21,quantile,0.9,495.2665518973595
2026-02-14,53,1,wk inc flu hosp,2026-02-21,quantile,0.95,552.0
2026-02-14,53,1,wk inc flu hosp,2026-02-21,quantile,0.975,606.0
2026-02-14,53,1,wk inc flu hosp,2026-02-21,quantile,0.99,644.0
2026-02-14,53,2,wk inc flu hosp,2026-02-28,quantile,0.01,82.5713672001879
2026-02-14,53,2,wk inc flu hosp,2026-02-28,quantile,0.025,98.4799830961931
2026-02-14,53,2,wk inc flu hosp,2026-02-28,quantile,0.05,115.81344908531588
2026-02-14,53,2,wk inc flu hosp,2026-02-28,quantile,0.1,138.59117329260857
2026-02-14,53,2,wk inc flu hosp,2026-02-28,quantile,0.15,159.894242288656
2026-02-14,53,2,wk inc flu hosp,2026-02-28,quantile,0.2,175.93789745503645
2026-02-14,53,2,wk inc flu hosp,2026-02-28,quantile,0.25,193.12350463867188
2026-02-14,53,2,wk inc flu hosp,2026-02-28,quantile,0.3,201.292724609375
2026-02-14,53,2,wk inc flu hosp,2026-02-28,quantile,0.35,209.0635223388672
2026-02-14,53,2,wk inc flu hosp,2026-02-28,quantile,0.4,217.0030517578125
2026-02-14,53,2,wk inc flu hosp,2026-02-28,quantile,0.45,231.0
2026-02-14,53,2,wk inc flu hosp,2026-02-28,quantile,0.5,252.0
2026-02-14,53,2,wk inc flu hosp,2026-02-28,quantile,0.55,270.0
2026-02-14,53,2,wk inc flu hosp,2026-02-28,quantile,0.6,290.0
2026-02-14,53,2,wk inc flu hosp,2026-02-28,quantile,0.65,318.0
2026-02-14,53,2,wk inc flu hosp,2026-02-28,quantile,0.7,337.45173418203086
2026-02-14,53,2,wk inc flu hosp,2026-02-28,quantile,0.75,357.0
2026-02-14,53,2,wk inc flu hosp,2026-02-28,quantile,0.8,378.0
2026-02-14,53,2,wk inc flu hosp,2026-02-28,quantile,0.85,404.0
2026-02-14,53,2,wk inc flu hosp,2026-02-28,quantile,0.9,442.0
2026-02-14,53,2,wk inc flu hosp,2026-02-28,quantile,0.95,478.0
2026-02-14,53,2,wk inc flu hosp,2026-02-28,quantile,0.975,518.0
2026-02-14,53,2,wk inc flu hosp,2026-02-28,quantile,0.99,594.0
2026-02-14,53,3,wk inc flu hosp,2026-03-07,quantile,0.01,64.91634199188377
2026-02-14,53,3,wk inc flu hosp,2026-03-07,quantile,0.025,78.63462187828945
2026-02-14,53,3,wk inc flu hosp,2026-03-07,quantile,0.05,92.30728854702268
2026-02-14,53,3,wk inc flu hosp,2026-03-07,quantile,0.1,112.158409699671
2026-02-14,53,3,wk inc flu hosp,2026-03-07,quantile,0.15,130.86879028332808
2026-02-14,53,3,wk inc flu hosp,2026-03-07,quantile,0.2,139.38858032226562
2026-02-14,53,3,wk inc flu hosp,2026-03-07,quantile,0.25,147.026123046875
2026-02-14,53,3,wk inc flu hosp,2026-03-07,quantile,0.3,154.29359436035156
2026-02-14,53,3,wk inc flu hosp,2026-03-07,quantile,0.35,161.36288452148438
2026-02-14,53,3,wk inc flu hosp,2026-03-07,quantile,0.4,174.0
2026-02-14,53,3,wk inc flu hosp,2026-03-07,quantile,0.45,204.0
2026-02-14,53,3,wk inc flu hosp,2026-03-07,quantile,0.5,214.0
2026-02-14,53,3,wk inc flu hosp,2026-03-07,quantile,0.55,225.0
2026-02-14,53,3,wk inc flu hosp,2026-03-07,quantile,0.6,240.91800993415677
2026-02-14,53,3,wk inc flu hosp,2026-03-07,quantile,0.65,264.0741200928989
2026-02-14,53,3,wk inc flu hosp,2026-03-07,quantile,0.7,291.8193839250504
2026-02-14,53,3,wk inc flu hosp,2026-03-07,quantile,0.75,334.7039801055746
2026-02-14,53,3,wk inc flu hosp,2026-03-07,quantile,0.8,362.4723482657057
2026-02-14,53,3,wk inc flu hosp,2026-03-07,quantile,0.85,377.0442277889303
2026-02-14,53,3,wk inc flu hosp,2026-03-07,quantile,0.9,395.7869444298142
2026-02-14,53,3,wk inc flu hosp,2026-03-07,quantile,0.95,477.0
2026-02-14,53,3,wk inc flu hosp,2026-03-07,quantile,0.975,546.0
2026-02-14,53,3,wk inc flu hosp,2026-03-07,quantile,0.99,620.0
2026-02-14,54,0,wk inc flu hosp,2026-02-14,quantile,0.01,66.66860313162726
2026-02-14,54,0,wk inc flu hosp,2026-02-14,quantile,0.025,76.67509672419324
2026-02-14,54,0,wk inc flu hosp,2026-02-14,quantile,0.05,85.84065253580646
2026-02-14,54,0,wk inc flu hosp,2026-02-14,quantile,0.1,97.0500093167496
2026-02-14,54,0,wk inc flu hosp,2026-02-14,quantile,0.15,104.0
2026-02-14,54,0,wk inc flu hosp,2026-02-14,quantile,0.2,111.0
2026-02-14,54,0,wk inc flu hosp,2026-02-14,quantile,0.25,115.0
2026-02-14,54,0,wk inc flu hosp,2026-02-14,quantile,0.3,118.0
2026-02-14,54,0,wk inc flu hosp,2026-02-14,quantile,0.35,122.0
2026-02-14,54,0,wk inc flu hosp,2026-02-14,quantile,0.4,124.0
2026-02-14,54,0,wk inc flu hosp,2026-02-14,quantile,0.45,127.0
2026-02-14,54,0,wk inc flu hosp,2026-02-14,quantile,0.5,130.0
2026-02-14,54,0,wk inc flu hosp,2026-02-14,quantile,0.55,141.9724051114728
2026-02-14,54,0,wk inc flu hosp,2026-02-14,quantile,0.6,148.0
2026-02-14,54,0,wk inc flu hosp,2026-02-14,quantile,0.65,154.0
2026-02-14,54,0,wk inc flu hosp,2026-02-14,quantile,0.7,159.0
2026-02-14,54,0,wk inc flu hosp,2026-02-14,quantile,0.75,164.0
2026-02-14,54,0,wk inc flu hosp,2026-02-14,quantile,0.8,172.0
2026-02-14,54,0,wk inc flu hosp,2026-02-14,quantile,0.85,176.0
2026-02-14,54,0,wk inc flu hosp,2026-02-14,quantile,0.9,187.0
2026-02-14,54,0,wk inc flu hosp,2026-02-14,quantile,0.95,199.0
2026-02-14,54,0,wk inc flu hosp,2026-02-14,quantile,0.975,222.0
2026-02-14,54,0,wk inc flu hosp,2026-02-14,quantile,0.99,245.6925486236373
2026-02-14,54,1,wk inc flu hosp,2026-02-21,quantile,0.01,32.4581587387197
2026-02-14,54,1,wk inc flu hosp,2026-02-21,quantile,0.025,41.60404239063487
2026-02-14,54,1,wk inc flu hosp,2026-02-21,quantile,0.05,49.0
2026-02-14,54,1,wk inc flu hosp,2026-02-21,quantile,0.1,60.0
2026-02-14,54,1,wk inc flu hosp,2026-02-21,quantile,0.15,68.0
2026-02-14,54,1,wk inc flu hosp,2026-02-21,quantile,0.2,76.0
2026-02-14,54,1,wk inc flu hosp,2026-02-21,quantile,0.25,82.65991150428138
2026-02-14,54,1,wk inc flu hosp,2026-02-21,quantile,0.3,90.0
2026-02-14,54,1,wk inc flu hosp,2026-02-21,quantile,0.35,97.0
2026-02-14,54,1,wk inc flu hosp,2026-02-21,quantile,0.4,103.0
2026-02-14,54,1,wk inc flu hosp,2026-02-21,quantile,0.45,106.0
2026-02-14,54,1,wk inc flu hosp,2026-02-21,quantile,0.5,111.0
2026-02-14,54,1,wk inc flu hosp,2026-02-21,quantile,0.55,115.26272710128832
2026-02-14,54,1,wk inc flu hosp,2026-02-21,quantile,0.6,120.96568936729112
2026-02-14,54,1,wk inc flu hosp,2026-02-21,quantile,0.65,127.0048663571036
2026-02-14,54,1,wk inc flu hosp,2026-02-21,quantile,0.7,133.52844700765752
2026-02-14,54,1,wk inc flu hosp,2026-02-21,quantile,0.75,140.75169786962272
2026-02-14,54,1,wk inc flu hosp,2026-02-21,quantile,0.8,149.01902146128467
2026-02-14,54,1,wk inc flu hosp,2026-02-21,quantile,0.85,158.9533622217017
2026-02-14,54,1,wk inc flu hosp,2026-02-21,quantile,0.9,171.90841418135847
2026-02-14,54,1,wk inc flu hosp,2026-02-21,quantile,0.95,192.04319778954863
2026-02-14,54,1,wk inc flu hosp,2026-02-21,quantile,0.975,210.40988271743635
2026-02-14,54,1,wk inc flu hosp,2026-02-21,quantile,0.99,232.81954847215783
2026-02-14,54,2,wk inc flu hosp,2026-02-28,quantile,0.01,18.79193302386506
2026-02-14,54,2,wk inc flu hosp,2026-02-28,quantile,0.025,24.0
2026-02-14,54,2,wk inc flu hosp,2026-02-28,quantile,0.05,29.73920597266181
2026-02-14,54,2,wk inc flu hosp,2026-02-28,quantile,0.1,37.69391455223138
2026-02-14,54,2,wk inc flu hosp,2026-02-28,quantile,0.15,43.43441705101233
2026-02-14,54,2,wk inc flu hosp,2026-02-28,quantile,0.2,48.968948083103925
2026-02-14,54,2,wk inc flu hosp,2026-02-28,quantile,0.25,54.198578158349854
2026-02-14,54,2,wk inc flu hosp,2026-02-28,quantile,0.3,59.48968138069333
2026-02-14,54,2,wk inc flu hosp,2026-02-28,quantile,0.35,65.0
2026-02-14,54,2,wk inc flu hosp,2026-02-28,quantile,0.4,72.0
2026-02-14,54,2,wk inc flu hosp,2026-02-28,quantile,0.45,80.0
2026-02-14,54,2,wk inc flu hosp,2026-02-28,quantile,0.5,88.0
2026-02-14,54,2,wk inc flu hosp,2026-02-28,quantile,0.55,96.0
2026-02-14,54,2,wk inc flu hosp,2026-02-28,quantile,0.6,104.59106149393791
2026-02-14,54,2,wk inc flu hosp,2026-02-28,quantile,0.65,117.0
2026-02-14,54,2,wk inc flu hosp,2026-02-28,quantile,0.7,129.0
2026-02-14,54,2,wk inc flu hosp,2026-02-28,quantile,0.75,143.38284849708953
2026-02-14,54,2,wk inc flu hosp,2026-02-28,quantile,0.8,153.56095238457306
2026-02-14,54,2,wk inc flu hosp,2026-02-28,quantile,0.85,165.86522651405775
2026-02-14,54,2,wk inc flu hosp,2026-02-28,quantile,0.9,182.02040973726167
2026-02-14,54,2,wk inc flu hosp,2026-02-28,quantile,0.95,207.3455654752544
2026-02-14,54,2,wk inc flu hosp,2026-02-28,quantile,0.975,230.6467171907545
2026-02-14,54,2,wk inc flu hosp,2026-02-28,quantile,0.99,259.29903476241446
2026-02-14,54,3,wk inc flu hosp,2026-03-07,quantile,0.01,13.369234551367484
2026-02-14,54,3,wk inc flu hosp,2026-03-07,quantile,0.025,19.253249309957383
2026-02-14,54,3,wk inc flu hosp,2026-03-07,quantile,0.05,23.935866063462864
2026-02-14,54,3,wk inc flu hosp,2026-03-07,quantile,0.1,29.917166635652507
2026-02-14,54,3,wk inc flu hosp,2026-03-07,quantile,0.15,35.35157771930366
2026-02-14,54,3,wk inc flu hosp,2026-03-07,quantile,0.2,40.59544340421945
2026-02-14,54,3,wk inc flu hosp,2026-03-07,quantile,0.25,45.946758924872526
2026-02-14,54,3,wk inc flu hosp,2026-03-07,quantile,0.3,50.59671851917528
2026-02-14,54,3,wk inc flu hosp,2026-03-07,quantile,0.35,56.32328985128983
2026-02-14,54,3,wk inc flu hosp,2026-03-07,quantile,0.4,62.85257564481302
2026-02-14,54,3,wk inc flu hosp,2026-03-07,quantile,0.45,70.5823967321751
2026-02-14,54,3,wk inc flu hosp,2026-03-07,quantile,0.5,77.0
2026-02-14,54,3,wk inc flu hosp,2026-03-07,quantile,0.55,80.0
2026-02-14,54,3,wk inc flu hosp,2026-03-07,quantile,0.6,83.0
2026-02-14,54,3,wk inc flu hosp,2026-03-07,quantile,0.65,89.0
2026-02-14,54,3,wk inc flu hosp,2026-03-07,quantile,0.7,101.0
2026-02-14,54,3,wk inc flu hosp,2026-03-07,quantile,0.75,118.0
2026-02-14,54,3,wk inc flu hosp,2026-03-07,quantile,0.8,137.0
2026-02-14,54,3,wk inc flu hosp,2026-03-07,quantile,0.85,162.0
2026-02-14,54,3,wk inc flu hosp,2026-03-07,quantile,0.9,198.7111744307533
2026-02-14,54,3,wk inc flu hosp,2026-03-07,quantile,0.95,229.45506450182685
2026-02-14,54,3,wk inc flu hosp,2026-03-07,quantile,0.975,257.9108198396543
2026-02-14,54,3,wk inc flu hosp,2026-03-07,quantile,0.99,293.08751971036486
2026-02-14,55,0,wk inc flu hosp,2026-02-14,quantile,0.01,131.0
2026-02-14,55,0,wk inc flu hosp,2026-02-14,quantile,0.025,135.0
2026-02-14,55,0,wk inc flu hosp,2026-02-14,quantile,0.05,140.0
2026-02-14,55,0,wk inc flu hosp,2026-02-14,quantile,0.1,153.0
2026-02-14,55,0,wk inc flu hosp,2026-02-14,quantile,0.15,166.0
2026-02-14,55,0,wk inc flu hosp,2026-02-14,quantile,0.2,179.0
2026-02-14,55,0,wk inc flu hosp,2026-02-14,quantile,0.25,183.0
2026-02-14,55,0,wk inc flu hosp,2026-02-14,quantile,0.3,187.0
2026-02-14,55,0,wk inc flu hosp,2026-02-14,quantile,0.35,190.0
2026-02-14,55,0,wk inc flu hosp,2026-02-14,quantile,0.4,194.0
2026-02-14,55,0,wk inc flu hosp,2026-02-14,quantile,0.45,206.03968420420725
2026-02-14,55,0,wk inc flu hosp,2026-02-14,quantile,0.5,221.2077981364585
2026-02-14,55,0,wk inc flu hosp,2026-02-14,quantile,0.55,236.01073468207505
2026-02-14,55,0,wk inc flu hosp,2026-02-14,quantile,0.6,249.85296890376304
2026-02-14,55,0,wk inc flu hosp,2026-02-14,quantile,0.65,266.31484589266483
2026-02-14,55,0,wk inc flu hosp,2026-02-14,quantile,0.7,283.0
2026-02-14,55,0,wk inc flu hosp,2026-02-14,quantile,0.75,295.0
2026-02-14,55,0,wk inc flu hosp,2026-02-14,quantile,0.8,307.0
2026-02-14,55,0,wk inc flu hosp,2026-02-14,quantile,0.85,322.0
2026-02-14,55,0,wk inc flu hosp,2026-02-14,quantile,0.9,341.0
2026-02-14,55,0,wk inc flu hosp,2026-02-14,quantile,0.95,371.0
2026-02-14,55,0,wk inc flu hosp,2026-02-14,quantile,0.975,397.0
2026-02-14,55,0,wk inc flu hosp,2026-02-14,quantile,0.99,428.0
2026-02-14,55,1,wk inc flu hosp,2026-02-21,quantile,0.01,41.20193519916469
2026-02-14,55,1,wk inc flu hosp,2026-02-21,quantile,0.025,53.82809564783184
2026-02-14,55,1,wk inc flu hosp,2026-02-21,quantile,0.05,73.76241367415972
2026-02-14,55,1,wk inc flu hosp,2026-02-21,quantile,0.1,83.0
2026-02-14,55,1,wk inc flu hosp,2026-02-21,quantile,0.15,100.0
2026-02-14,55,1,wk inc flu hosp,2026-02-21,quantile,0.2,110.0
2026-02-14,55,1,wk inc flu hosp,2026-02-21,quantile,0.25,133.0
2026-02-14,55,1,wk inc flu hosp,2026-02-21,quantile,0.3,143.0
2026-02-14,55,1,wk inc flu hosp,2026-02-21,quantile,0.35,148.0
2026-02-14,55,1,wk inc flu hosp,2026-02-21,quantile,0.4,151.0
2026-02-14,55,1,wk inc flu hosp,2026-02-21,quantile,0.45,159.35109915701898
2026-02-14,55,1,wk inc flu hosp,2026-02-21,quantile,0.5,174.13858183292896
2026-02-14,55,1,wk inc flu hosp,2026-02-21,quantile,0.55,190.78603803963483
2026-02-14,55,1,wk inc flu hosp,2026-02-21,quantile,0.6,209.27171402664945
2026-02-14,55,1,wk inc flu hosp,2026-02-21,quantile,0.65,230.5990123557044
2026-02-14,55,1,wk inc flu hosp,2026-02-21,quantile,0.7,253.59712526630375
2026-02-14,55,1,wk inc flu hosp,2026-02-21,quantile,0.75,280.69462293179186
2026-02-14,55,1,wk inc flu hosp,2026-02-21,quantile,0.8,313.9484681865761
2026-02-14,55,1,wk inc flu hosp,2026-02-21,quantile,0.85,350.930867818085
2026-02-14,55,1,wk inc flu hosp,2026-02-21,quantile,0.9,392.0
2026-02-14,55,1,wk inc flu hosp,2026-02-21,quantile,0.95,463.0
2026-02-14,55,1,wk inc flu hosp,2026-02-21,quantile,0.975,499.0
2026-02-14,55,1,wk inc flu hosp,2026-02-21,quantile,0.99,542.0
2026-02-14,55,2,wk inc flu hosp,2026-02-28,quantile,0.01,25.95655312645535
2026-02-14,55,2,wk inc flu hosp,2026-02-28,quantile,0.025,29.87973164242916
2026-02-14,55,2,wk inc flu hosp,2026-02-28,quantile,0.05,39.72515543936095
2026-02-14,55,2,wk inc flu hosp,2026-02-28,quantile,0.1,53.0
2026-02-14,55,2,wk inc flu hosp,2026-02-28,quantile,0.15,64.40278787805163
2026-02-14,55,2,wk inc flu hosp,2026-02-28,quantile,0.2,77.2964260363406
2026-02-14,55,2,wk inc flu hosp,2026-02-28,quantile,0.25,90.15707083150404
2026-02-14,55,2,wk inc flu hosp,2026-02-28,quantile,0.3,108.0
2026-02-14,55,2,wk inc flu hosp,2026-02-28,quantile,0.35,117.1611148962332
2026-02-14,55,2,wk inc flu hosp,2026-02-28,quantile,0.4,131.75536350957583
2026-02-14,55,2,wk inc flu hosp,2026-02-28,quantile,0.45,147.18927122267624
2026-02-14,55,2,wk inc flu hosp,2026-02-28,quantile,0.5,163.7898344244813
2026-02-14,55,2,wk inc flu hosp,2026-02-28,quantile,0.55,182.40947963916875
2026-02-14,55,2,wk inc flu hosp,2026-02-28,quantile,0.6,202.83858987992969
2026-02-14,55,2,wk inc flu hosp,2026-02-28,quantile,0.65,222.0
2026-02-14,55,2,wk inc flu hosp,2026-02-28,quantile,0.7,236.0
2026-02-14,55,2,wk inc flu hosp,2026-02-28,quantile,0.75,251.0
2026-02-14,55,2,wk inc flu hosp,2026-02-28,quantile,0.8,270.0834189615759
2026-02-14,55,2,wk inc flu hosp,2026-02-28,quantile,0.85,323.77701590626856
2026-02-14,55,2,wk inc flu hosp,2026-02-28,quantile,0.9,400.0
2026-02-14,55,2,wk inc flu hosp,2026-02-28,quantile,0.95,461.0
2026-02-14,55,2,wk inc flu hosp,2026-02-28,quantile,0.975,572.0
2026-02-14,55,2,wk inc flu hosp,2026-02-28,quantile,0.99,613.0
2026-02-14,55,3,wk inc flu hosp,2026-03-07,quantile,0.01,12.0
2026-02-14,55,3,wk inc flu hosp,2026-03-07,quantile,0.025,22.28452978578502
2026-02-14,55,3,wk inc flu hosp,2026-03-07,quantile,0.05,27.0
2026-02-14,55,3,wk inc flu hosp,2026-03-07,quantile,0.1,41.514874596678986
2026-02-14,55,3,wk inc flu hosp,2026-03-07,quantile,0.15,62.540934123314194
2026-02-14,55,3,wk inc flu hosp,2026-03-07,quantile,0.2,75.0
2026-02-14,55,3,wk inc flu hosp,2026-03-07,quantile,0.25,78.0
2026-02-14,55,3,wk inc flu hosp,2026-03-07,quantile,0.3,80.0
2026-02-14,55,3,wk inc flu hosp,2026-03-07,quantile,0.35,92.0
2026-02-14,55,3,wk inc flu hosp,2026-03-07,quantile,0.4,125.0
2026-02-14,55,3,wk inc flu hosp,2026-03-07,quantile,0.45,144.0
2026-02-14,55,3,wk inc flu hosp,2026-03-07,quantile,0.5,154.0
2026-02-14,55,3,wk inc flu hosp,2026-03-07,quantile,0.55,159.0
2026-02-14,55,3,wk inc flu hosp,2026-03-07,quantile,0.6,175.0
2026-02-14,55,3,wk inc flu hosp,2026-03-07,quantile,0.65,199.0
2026-02-14,55,3,wk inc flu hosp,2026-03-07,quantile,0.7,228.0
2026-02-14,55,3,wk inc flu hosp,2026-03-07,quantile,0.75,262.0
2026-02-14,55,3,wk inc flu hosp,2026-03-07,quantile,0.8,303.0
2026-02-14,55,3,wk inc flu hosp,2026-03-07,quantile,0.85,358.4477422310408
2026-02-14,55,3,wk inc flu hosp,2026-03-07,quantile,0.9,430.0
2026-02-14,55,3,wk inc flu hosp,2026-03-07,quantile,0.95,493.0
2026-02-14,55,3,wk inc flu hosp,2026-03-07,quantile,0.975,552.0
2026-02-14,55,3,wk inc flu hosp,2026-03-07,quantile,0.99,624.0
2026-02-14,56,0,wk inc flu hosp,2026-02-14,quantile,0.01,2.5139111886024974
2026-02-14,56,0,wk inc flu hosp,2026-02-14,quantile,0.025,3.7255965781029534
2026-02-14,56,0,wk inc flu hosp,2026-02-14,quantile,0.05,5.189789721207654
2026-02-14,56,0,wk inc flu hosp,2026-02-14,quantile,0.1,7.4097869490009
2026-02-14,56,0,wk inc flu hosp,2026-02-14,quantile,0.15,9.10011199202047
2026-02-14,56,0,wk inc flu hosp,2026-02-14,quantile,0.2,10.29229995343289
2026-02-14,56,0,wk inc flu hosp,2026-02-14,quantile,0.25,11.577444568415276
2026-02-14,56,0,wk inc flu hosp,2026-02-14,quantile,0.3,12.89741174502118
2026-02-14,56,0,wk inc flu hosp,2026-02-14,quantile,0.35,14.18956117469097
2026-02-14,56,0,wk inc flu hosp,2026-02-14,quantile,0.4,15.51968523901352
2026-02-14,56,0,wk inc flu hosp,2026-02-14,quantile,0.45,16.963867756778658
2026-02-14,56,0,wk inc flu hosp,2026-02-14,quantile,0.5,18.0
2026-02-14,56,0,wk inc flu hosp,2026-02-14,quantile,0.55,19.0
2026-02-14,56,0,wk inc flu hosp,2026-02-14,quantile,0.6,20.0
2026-02-14,56,0,wk inc flu hosp,2026-02-14,quantile,0.65,21.0
2026-02-14,56,0,wk inc flu hosp,2026-02-14,quantile,0.7,23.0
2026-02-14,56,0,wk inc flu hosp,2026-02-14,quantile,0.75,24.0
2026-02-14,56,0,wk inc flu hosp,2026-02-14,quantile,0.8,26.0
2026-02-14,56,0,wk inc flu hosp,2026-02-14,quantile,0.85,28.0
2026-02-14,56,0,wk inc flu hosp,2026-02-14,quantile,0.9,30.0
2026-02-14,56,0,wk inc flu hosp,2026-02-14,quantile,0.95,33.0
2026-02-14,56,0,wk inc flu hosp,2026-02-14,quantile,0.975,36.0
2026-02-14,56,0,wk inc flu hosp,2026-02-14,quantile,0.99,40.0
2026-02-14,56,1,wk inc flu hosp,2026-02-21,quantile,0.01,0.6302349640125897
2026-02-14,56,1,wk inc flu hosp,2026-02-21,quantile,0.025,1.510753429781159
2026-02-14,56,1,wk inc flu hosp,2026-02-21,quantile,0.05,2.201495371894074
2026-02-14,56,1,wk inc flu hosp,2026-02-21,quantile,0.1,3.7913075329802384
2026-02-14,56,1,wk inc flu hosp,2026-02-21,quantile,0.15,5.196611455484515
2026-02-14,56,1,wk inc flu hosp,2026-02-21,quantile,0.2,6.350313072901146
2026-02-14,56,1,wk inc flu hosp,2026-02-21,quantile,0.25,7.520904387379677
2026-02-14,56,1,wk inc flu hosp,2026-02-21,quantile,0.3,8.595461939458442
2026-02-14,56,1,wk inc flu hosp,2026-02-21,quantile,0.35,9.794463660730369
2026-02-14,56,1,wk inc flu hosp,2026-02-21,quantile,0.4,11.117466950213164
2026-02-14,56,1,wk inc flu hosp,2026-02-21,quantile,0.45,12.48595754967502
2026-02-14,56,1,wk inc flu hosp,2026-02-21,quantile,0.5,13.925145698454156
2026-02-14,56,1,wk inc flu hosp,2026-02-21,quantile,0.55,15.484859049580123
2026-02-14,56,1,wk inc flu hosp,2026-02-21,quantile,0.6,17.055411929400055
2026-02-14,56,1,wk inc flu hosp,2026-02-21,quantile,0.65,18.8477111454486
2026-02-14,56,1,wk inc flu hosp,2026-02-21,quantile,0.7,20.75440856629368
2026-02-14,56,1,wk inc flu hosp,2026-02-21,quantile,0.75,23.0
2026-02-14,56,1,wk inc flu hosp,2026-02-21,quantile,0.8,25.0
2026-02-14,56,1,wk inc flu hosp,2026-02-21,quantile,0.85,28.0
2026-02-14,56,1,wk inc flu hosp,2026-02-21,quantile,0.9,31.0
2026-02-14,56,1,wk inc flu hosp,2026-02-21,quantile,0.95,36.0
2026-02-14,56,1,wk inc flu hosp,2026-02-21,quantile,0.975,42.0
2026-02-14,56,1,wk inc flu hosp,2026-02-21,quantile,0.99,44.0
2026-02-14,56,2,wk inc flu hosp,2026-02-28,quantile,0.01,0.960985999071096
2026-02-14,56,2,wk inc flu hosp,2026-02-28,quantile,0.025,1.476259477840656
2026-02-14,56,2,wk inc flu hosp,2026-02-28,quantile,0.05,2.476898310902384
2026-02-14,56,2,wk inc flu hosp,2026-02-28,quantile,0.1,3.895434306062104
2026-02-14,56,2,wk inc flu hosp,2026-02-28,quantile,0.15,5.128565992203336
2026-02-14,56,2,wk inc flu hosp,2026-02-28,quantile,0.2,6.354783527747815
2026-02-14,56,2,wk inc flu hosp,2026-02-28,quantile,0.25,7.613357543700178
2026-02-14,56,2,wk inc flu hosp,2026-02-28,quantile,0.3,8.815198691705689
2026-02-14,56,2,wk inc flu hosp,2026-02-28,quantile,0.35,10.100581653744088
2026-02-14,56,2,wk inc flu hosp,2026-02-28,quantile,0.4,11.387156435057198
2026-02-14,56,2,wk inc flu hosp,2026-02-28,quantile,0.45,12.595720877724355
2026-02-14,56,2,wk inc flu hosp,2026-02-28,quantile,0.5,14.164069986355637
2026-02-14,56,2,wk inc flu hosp,2026-02-28,quantile,0.55,16.002614327536666
2026-02-14,56,2,wk inc flu hosp,2026-02-28,quantile,0.6,18.0
2026-02-14,56,2,wk inc flu hosp,2026-02-28,quantile,0.65,19.0
2026-02-14,56,2,wk inc flu hosp,2026-02-28,quantile,0.7,20.0
2026-02-14,56,2,wk inc flu hosp,2026-02-28,quantile,0.75,22.0
2026-02-14,56,2,wk inc flu hosp,2026-02-28,quantile,0.8,24.64847314387642
2026-02-14,56,2,wk inc flu hosp,2026-02-28,quantile,0.85,27.0
2026-02-14,56,2,wk inc flu hosp,2026-02-28,quantile,0.9,31.0
2026-02-14,56,2,wk inc flu hosp,2026-02-28,quantile,0.95,35.0
2026-02-14,56,2,wk inc flu hosp,2026-02-28,quantile,0.975,40.0
2026-02-14,56,2,wk inc flu hosp,2026-02-28,quantile,0.99,46.0
2026-02-14,56,3,wk inc flu hosp,2026-03-07,quantile,0.01,0.7541290343156026
2026-02-14,56,3,wk inc flu hosp,2026-03-07,quantile,0.025,1.7390619255884951
2026-02-14,56,3,wk inc flu hosp,2026-03-07,quantile,0.05,2.393502567200894
2026-02-14,56,3,wk inc flu hosp,2026-03-07,quantile,0.1,3.795050147353941
2026-02-14,56,3,wk inc flu hosp,2026-03-07,quantile,0.15,5.074468417581045
2026-02-14,56,3,wk inc flu hosp,2026-03-07,quantile,0.2,6.288752224993583
2026-02-14,56,3,wk inc flu hosp,2026-03-07,quantile,0.25,7.386331615898699
2026-02-14,56,3,wk inc flu hosp,2026-03-07,quantile,0.3,8.58891331479218
2026-02-14,56,3,wk inc flu hosp,2026-03-07,quantile,0.35,9.925768756323269
2026-02-14,56,3,wk inc flu hosp,2026-03-07,quantile,0.4,11.403209123266802
2026-02-14,56,3,wk inc flu hosp,2026-03-07,quantile,0.45,13.027371533926065
2026-02-14,56,3,wk inc flu hosp,2026-03-07,quantile,0.5,14.906301659858872
2026-02-14,56,3,wk inc flu hosp,2026-03-07,quantile,0.55,16.0
2026-02-14,56,3,wk inc flu hosp,2026-03-07,quantile,0.6,17.59178303240232
2026-02-14,56,3,wk inc flu hosp,2026-03-07,quantile,0.65,20.27976841211264
2026-02-14,56,3,wk inc flu hosp,2026-03-07,quantile,0.7,22.88504912635629
2026-02-14,56,3,wk inc flu hosp,2026-03-07,quantile,0.75,25.0
2026-02-14,56,3,wk inc flu hosp,2026-03-07,quantile,0.8,28.0
2026-02-14,56,3,wk inc flu hosp,2026-03-07,quantile,0.85,31.0
2026-02-14,56,3,wk inc flu hosp,2026-03-07,quantile,0.9,34.0
2026-02-14,56,3,wk inc flu hosp,2026-03-07,quantile,0.95,40.0
2026-02-14,56,3,wk inc flu hosp,2026-03-07,quantile,0.975,46.0
2026-02-14,56,3,wk inc flu hosp,2026-03-07,quantile,0.99,53.0
2026-02-14,72,0,wk inc flu hosp,2026-02-14,quantile,0.01,69.37168610646573
2026-02-14,72,0,wk inc flu hosp,2026-02-14,quantile,0.025,84.88564860506656
2026-02-14,72,0,wk inc flu hosp,2026-02-14,quantile,0.05,94.72456183823707
2026-02-14,72,0,wk inc flu hosp,2026-02-14,quantile,0.1,109.72327514638634
2026-02-14,72,0,wk inc flu hosp,2026-02-14,quantile,0.15,124.67801241344182
2026-02-14,72,0,wk inc flu hosp,2026-02-14,quantile,0.2,135.66878566464732
2026-02-14,72,0,wk inc flu hosp,2026-02-14,quantile,0.25,142.15159575537757
2026-02-14,72,0,wk inc flu hosp,2026-02-14,quantile,0.3,147.85428737599273
2026-02-14,72,0,wk inc flu hosp,2026-02-14,quantile,0.35,152.5
2026-02-14,72,0,wk inc flu hosp,2026-02-14,quantile,0.4,158.81805064703448
2026-02-14,72,0,wk inc flu hosp,2026-02-14,quantile,0.45,164.20763765927921
2026-02-14,72,0,wk inc flu hosp,2026-02-14,quantile,0.5,169.60157472072652
2026-02-14,72,0,wk inc flu hosp,2026-02-14,quantile,0.55,175.04527430363248
2026-02-14,72,0,wk inc flu hosp,2026-02-14,quantile,0.6,180.08736850029572
2026-02-14,72,0,wk inc flu hosp,2026-02-14,quantile,0.65,186.28560995388236
2026-02-14,72,0,wk inc flu hosp,2026-02-14,quantile,0.7,192.71547501177898
2026-02-14,72,0,wk inc flu hosp,2026-02-14,quantile,0.75,199.98522523275665
2026-02-14,72,0,wk inc flu hosp,2026-02-14,quantile,0.8,207.76655977522796
2026-02-14,72,0,wk inc flu hosp,2026-02-14,quantile,0.85,217.86808111631154
2026-02-14,72,0,wk inc flu hosp,2026-02-14,quantile,0.9,229.95687355280202
2026-02-14,72,0,wk inc flu hosp,2026-02-14,quantile,0.95,248.57074605140872
2026-02-14,72,0,wk inc flu hosp,2026-02-14,quantile,0.975,265.1798634955843
2026-02-14,72,0,wk inc flu hosp,2026-02-14,quantile,0.99,284.16461115144995
2026-02-14,72,1,wk inc flu hosp,2026-02-21,quantile,0.01,49.20385711207207
2026-02-14,72,1,wk inc flu hosp,2026-02-21,quantile,0.025,66.12136680021825
2026-02-14,72,1,wk inc flu hosp,2026-02-21,quantile,0.05,78.94584685954504
2026-02-14,72,1,wk inc flu hosp,2026-02-21,quantile,0.1,95.85192377955333
2026-02-14,72,1,wk inc flu hosp,2026-02-21,quantile,0.15,108.10388073711792
2026-02-14,72,1,wk inc flu hosp,2026-02-21,quantile,0.2,118.53554231486466
2026-02-14,72,1,wk inc flu hosp,2026-02-21,quantile,0.25,128.7417035732014
2026-02-14,72,1,wk inc flu hosp,2026-02-21,quantile,0.3,137.6952834505438
2026-02-14,72,1,wk inc flu hosp,2026-02-21,quantile,0.35,146.83636202026938
2026-02-14,72,1,wk inc flu hosp,2026-02-21,quantile,0.4,156.53770311110492
2026-02-14,72,1,wk inc flu hosp,2026-02-21,quantile,0.45,166.4492702894114
2026-02-14,72,1,wk inc flu hosp,2026-02-21,quantile,0.5,175.5
2026-02-14,72,1,wk inc flu hosp,2026-02-21,quantile,0.55,184.5
2026-02-14,72,1,wk inc flu hosp,2026-02-21,quantile,0.6,193.5
2026-02-14,72,1,wk inc flu hosp,2026-02-21,quantile,0.65,203.5
2026-02-14,72,1,wk inc flu hosp,2026-02-21,quantile,0.7,214.5
2026-02-14,72,1,wk inc flu hosp,2026-02-21,quantile,0.75,226.5
2026-02-14,72,1,wk inc flu hosp,2026-02-21,quantile,0.8,241.0
2026-02-14,72,1,wk inc flu hosp,2026-02-21,quantile,0.85,257.5
2026-02-14,72,1,wk inc flu hosp,2026-02-21,quantile,0.9,281.0
2026-02-14,72,1,wk inc flu hosp,2026-02-21,quantile,0.95,317.5
2026-02-14,72,1,wk inc flu hosp,2026-02-21,quantile,0.975,351.5
2026-02-14,72,1,wk inc flu hosp,2026-02-21,quantile,0.99,385.0
2026-02-14,72,2,wk inc flu hosp,2026-02-28,quantile,0.01,40.43050235678539
2026-02-14,72,2,wk inc flu hosp,2026-02-28,quantile,0.025,53.67017246918199
2026-02-14,72,2,wk inc flu hosp,2026-02-28,quantile,0.05,67.27866717585783
2026-02-14,72,2,wk inc flu hosp,2026-02-28,quantile,0.1,85.3578718824615
2026-02-14,72,2,wk inc flu hosp,2026-02-28,quantile,0.15,98.66465697332262
2026-02-14,72,2,wk inc flu hosp,2026-02-28,quantile,0.2,108.68972927403587
2026-02-14,72,2,wk inc flu hosp,2026-02-28,quantile,0.25,118.86859192038676
2026-02-14,72,2,wk inc flu hosp,2026-02-28,quantile,0.3,130.21804601741724
2026-02-14,72,2,wk inc flu hosp,2026-02-28,quantile,0.35,141.2942287037746
2026-02-14,72,2,wk inc flu hosp,2026-02-28,quantile,0.4,152.58922668120832
2026-02-14,72,2,wk inc flu hosp,2026-02-28,quantile,0.45,164.94348067471742
2026-02-14,72,2,wk inc flu hosp,2026-02-28,quantile,0.5,177.6168559587793
2026-02-14,72,2,wk inc flu hosp,2026-02-28,quantile,0.55,190.30127235846396
2026-02-14,72,2,wk inc flu hosp,2026-02-28,quantile,0.6,205.5383852978932
2026-02-14,72,2,wk inc flu hosp,2026-02-28,quantile,0.65,217.97077131738655
2026-02-14,72,2,wk inc flu hosp,2026-02-28,quantile,0.7,231.42206040623844
2026-02-14,72,2,wk inc flu hosp,2026-02-28,quantile,0.75,246.63492848062398
2026-02-14,72,2,wk inc flu hosp,2026-02-28,quantile,0.8,265.7294964606801
2026-02-14,72,2,wk inc flu hosp,2026-02-28,quantile,0.85,289.5028087112082
2026-02-14,72,2,wk inc flu hosp,2026-02-28,quantile,0.9,323.93284337191653
2026-02-14,72,2,wk inc flu hosp,2026-02-28,quantile,0.95,392.55501695706783
2026-02-14,72,2,wk inc flu hosp,2026-02-28,quantile,0.975,455.5
2026-02-14,72,2,wk inc flu hosp,2026-02-28,quantile,0.99,514.0
2026-02-14,72,3,wk inc flu hosp,2026-03-07,quantile,0.01,35.10648139039516
2026-02-14,72,3,wk inc flu hosp,2026-03-07,quantile,0.025,48.720344970477925
2026-02-14,72,3,wk inc flu hosp,2026-03-07,quantile,0.05,62.68154566104363
2026-02-14,72,3,wk inc flu hosp,2026-03-07,quantile,0.1,81.12610060979327
2026-02-14,72,3,wk inc flu hosp,2026-03-07,quantile,0.15,94.9028457973757
2026-02-14,72,3,wk inc flu hosp,2026-03-07,quantile,0.2,106.22427981271707
2026-02-14,72,3,wk inc flu hosp,2026-03-07,quantile,0.25,117.02454971409314
2026-02-14,72,3,wk inc flu hosp,2026-03-07,quantile,0.3,126.52026454505064
2026-02-14,72,3,wk inc flu hosp,2026-03-07,quantile,0.35,135.84242093976712
2026-02-14,72,3,wk inc flu hosp,2026-03-07,quantile,0.4,145.5826635042051
2026-02-14,72,3,wk inc flu hosp,2026-03-07,quantile,0.45,156.0
2026-02-14,72,3,wk inc flu hosp,2026-03-07,quantile,0.5,169.5
2026-02-14,72,3,wk inc flu hosp,2026-03-07,quantile,0.55,183.5
2026-02-14,72,3,wk inc flu hosp,2026-03-07,quantile,0.6,199.5
2026-02-14,72,3,wk inc flu hosp,2026-03-07,quantile,0.65,217.0
2026-02-14,72,3,wk inc flu hosp,2026-03-07,quantile,0.7,236.5
2026-02-14,72,3,wk inc flu hosp,2026-03-07,quantile,0.75,256.98322704694544
2026-02-14,72,3,wk inc flu hosp,2026-03-07,quantile,0.8,278.0586085462022
2026-02-14,72,3,wk inc flu hosp,2026-03-07,quantile,0.85,305.99102610868766
2026-02-14,72,3,wk inc flu hosp,2026-03-07,quantile,0.9,345.67193691716056
2026-02-14,72,3,wk inc flu hosp,2026-03-07,quantile,0.95,426.97699582019897
2026-02-14,72,3,wk inc flu hosp,2026-03-07,quantile,0.975,520.5
2026-02-14,72,3,wk inc flu hosp,2026-03-07,quantile,0.99,601.0
2026-02-14,US,0,wk inc flu hosp,2026-02-14,quantile,0.01,8470.0
2026-02-14,US,0,wk inc flu hosp,2026-02-14,quantile,0.025,8815.0
2026-02-14,US,0,wk inc flu hosp,2026-02-14,quantile,0.05,9469.0
2026-02-14,US,0,wk inc flu hosp,2026-02-14,quantile,0.1,9833.0
2026-02-14,US,0,wk inc flu hosp,2026-02-14,quantile,0.15,10368.17400018433
2026-02-14,US,0,wk inc flu hosp,2026-02-14,quantile,0.2,11223.57693657591
2026-02-14,US,0,wk inc flu hosp,2026-02-14,quantile,0.25,11536.0
2026-02-14,US,0,wk inc flu hosp,2026-02-14,quantile,0.3,11813.220717460166
2026-02-14,US,0,wk inc flu hosp,2026-02-14,quantile,0.35,12600.032474423542
2026-02-14,US,0,wk inc flu hosp,2026-02-14,quantile,0.4,13014.0
2026-02-14,US,0,wk inc flu hosp,2026-02-14,quantile,0.45,13389.0
2026-02-14,US,0,wk inc flu hosp,2026-02-14,quantile,0.5,13773.0
2026-02-14,US,0,wk inc flu hosp,2026-02-14,quantile,0.55,14163.0
2026-02-14,US,0,wk inc flu hosp,2026-02-14,quantile,0.6,14570.0
2026-02-14,US,0,wk inc flu hosp,2026-02-14,quantile,0.65,15003.0
2026-02-14,US,0,wk inc flu hosp,2026-02-14,quantile,0.7,15478.0
2026-02-14,US,0,wk inc flu hosp,2026-02-14,quantile,0.75,15996.0
2026-02-14,US,0,wk inc flu hosp,2026-02-14,quantile,0.8,16311.0
2026-02-14,US,0,wk inc flu hosp,2026-02-14,quantile,0.85,16449.0
2026-02-14,US,0,wk inc flu hosp,2026-02-14,quantile,0.9,16622.0
2026-02-14,US,0,wk inc flu hosp,2026-02-14,quantile,0.95,18038.0
2026-02-14,US,0,wk inc flu hosp,2026-02-14,quantile,0.975,19620.0
2026-02-14,US,0,wk inc flu hosp,2026-02-14,quantile,0.99,20947.208141821644
2026-02-14,US,1,wk inc flu hosp,2026-02-21,quantile,0.01,4390.0
2026-02-14,US,1,wk inc flu hosp,2026-02-21,quantile,0.025,5018.0
2026-02-14,US,1,wk inc flu hosp,2026-02-21,quantile,0.05,5696.0
2026-02-14,US,1,wk inc flu hosp,2026-02-21,quantile,0.1,6662.0
2026-02-14,US,1,wk inc flu hosp,2026-02-21,quantile,0.15,7437.0
2026-02-14,US,1,wk inc flu hosp,2026-02-21,quantile,0.2,8091.0
2026-02-14,US,1,wk inc flu hosp,2026-02-21,quantile,0.25,8300.0
2026-02-14,US,1,wk inc flu hosp,2026-02-21,quantile,0.3,8799.587997122835
2026-02-14,US,1,wk inc flu hosp,2026-02-21,quantile,0.35,9559.72746228752
2026-02-14,US,1,wk inc flu hosp,2026-02-21,quantile,0.4,10376.752449281068
2026-02-14,US,1,wk inc flu hosp,2026-02-21,quantile,0.45,11214.0
2026-02-14,US,1,wk inc flu hosp,2026-02-21,quantile,0.5,11504.0
2026-02-14,US,1,wk inc flu hosp,2026-02-21,quantile,0.55,12590.0
2026-02-14,US,1,wk inc flu hosp,2026-02-21,quantile,0.6,13338.0
2026-02-14,US,1,wk inc flu hosp,2026-02-21,quantile,0.65,13859.0
2026-02-14,US,1,wk inc flu hosp,2026-02-21,quantile,0.7,14141.0
2026-02-14,US,1,wk inc flu hosp,2026-02-21,quantile,0.75,14629.540408661063
2026-02-14,US,1,wk inc flu hosp,2026-02-21,quantile,0.8,16252.579433727386
2026-02-14,US,1,wk inc flu hosp,2026-02-21,quantile,0.85,17044.0
2026-02-14,US,1,wk inc flu hosp,2026-02-21,quantile,0.9,17554.0
2026-02-14,US,1,wk inc flu hosp,2026-02-21,quantile,0.95,18015.0
2026-02-14,US,1,wk inc flu hosp,2026-02-21,quantile,0.975,18697.0
2026-02-14,US,1,wk inc flu hosp,2026-02-21,quantile,0.99,18743.0
2026-02-14,US,2,wk inc flu hosp,2026-02-28,quantile,0.01,2883.0
2026-02-14,US,2,wk inc flu hosp,2026-02-28,quantile,0.025,3682.825038008145
2026-02-14,US,2,wk inc flu hosp,2026-02-28,quantile,0.05,4246.032736395826
2026-02-14,US,2,wk inc flu hosp,2026-02-28,quantile,0.1,5467.0
2026-02-14,US,2,wk inc flu hosp,2026-02-28,quantile,0.15,6015.0
2026-02-14,US,2,wk inc flu hosp,2026-02-28,quantile,0.2,7036.630890057062
2026-02-14,US,2,wk inc flu hosp,2026-02-28,quantile,0.25,7395.275955103042
2026-02-14,US,2,wk inc flu hosp,2026-02-28,quantile,0.3,8011.269195444247
2026-02-14,US,2,wk inc flu hosp,2026-02-28,quantile,0.35,8642.932423226357
2026-02-14,US,2,wk inc flu hosp,2026-02-28,quantile,0.4,9247.16917165885
2026-02-14,US,2,wk inc flu hosp,2026-02-28,quantile,0.45,9692.0
2026-02-14,US,2,wk inc flu hosp,2026-02-28,quantile,0.5,9917.0
2026-02-14,US,2,wk inc flu hosp,2026-02-28,quantile,0.55,11123.0
2026-02-14,US,2,wk inc flu hosp,2026-02-28,quantile,0.6,11480.0
2026-02-14,US,2,wk inc flu hosp,2026-02-28,quantile,0.65,11923.0
2026-02-14,US,2,wk inc flu hosp,2026-02-28,quantile,0.7,13000.0
2026-02-14,US,2,wk inc flu hosp,2026-02-28,quantile,0.75,14266.0
2026-02-14,US,2,wk inc flu hosp,2026-02-28,quantile,0.8,15768.0
2026-02-14,US,2,wk inc flu hosp,2026-02-28,quantile,0.85,16959.0
2026-02-14,US,2,wk inc flu hosp,2026-02-28,quantile,0.9,17310.0
2026-02-14,US,2,wk inc flu hosp,2026-02-28,quantile,0.95,17623.0
2026-02-14,US,2,wk inc flu hosp,2026-02-28,quantile,0.975,17747.0
2026-02-14,US,2,wk inc flu hosp,2026-02-28,quantile,0.99,18782.0
2026-02-14,US,3,wk inc flu hosp,2026-03-07,quantile,0.01,1712.5487841144204
2026-02-14,US,3,wk inc flu hosp,2026-03-07,quantile,0.025,2683.2117184792387
2026-02-14,US,3,wk inc flu hosp,2026-03-07,quantile,0.05,3461.0
2026-02-14,US,3,wk inc flu hosp,2026-03-07,quantile,0.1,3967.0
2026-02-14,US,3,wk inc flu hosp,2026-03-07,quantile,0.15,5019.692443747851
2026-02-14,US,3,wk inc flu hosp,2026-03-07,quantile,0.2,5926.0
2026-02-14,US,3,wk inc flu hosp,2026-03-07,quantile,0.25,6369.0
2026-02-14,US,3,wk inc flu hosp,2026-03-07,quantile,0.3,6778.0
2026-02-14,US,3,wk inc flu hosp,2026-03-07,quantile,0.35,7180.0
2026-02-14,US,3,wk inc flu hosp,2026-03-07,quantile,0.4,7560.0
2026-02-14,US,3,wk inc flu hosp,2026-03-07,quantile,0.45,7879.0
2026-02-14,US,3,wk inc flu hosp,2026-03-07,quantile,0.5,8280.0
2026-02-14,US,3,wk inc flu hosp,2026-03-07,quantile,0.55,8816.0
2026-02-14,US,3,wk inc flu hosp,2026-03-07,quantile,0.6,9199.0
2026-02-14,US,3,wk inc flu hosp,2026-03-07,quantile,0.65,9608.0
2026-02-14,US,3,wk inc flu hosp,2026-03-07,quantile,0.7,10174.0
2026-02-14,US,3,wk inc flu hosp,2026-03-07,quantile,0.75,11402.0
2026-02-14,US,3,wk inc flu hosp,2026-03-07,quantile,0.8,12916.0
2026-02-14,US,3,wk inc flu hosp,2026-03-07,quantile,0.85,14763.0
2026-02-14,US,3,wk inc flu hosp,2026-03-07,quantile,0.9,14991.0
2026-02-14,US,3,wk inc flu hosp,2026-03-07,quantile,0.95,15595.0
2026-02-14,US,3,wk inc flu hosp,2026-03-07,quantile,0.975,16834.0
2026-02-14,US,3,wk inc flu hosp,2026-03-07,quantile,0.99,18619.0
2026-02-14,01,0,wk flu hosp rate change,2026-02-14,pmf,stable,0.12946828588275394
2026-02-14,01,0,wk flu hosp rate change,2026-02-14,pmf,increase,0.35839634748805016
2026-02-14,01,0,wk flu hosp rate change,2026-02-14,pmf,large_increase,0.13477846285326434
2026-02-14,01,0,wk flu hosp rate change,2026-02-14,pmf,decrease,0.17793638455647104
2026-02-14,01,0,wk flu hosp rate change,2026-02-14,pmf,large_decrease,0.19942051921946052
2026-02-14,01,1,wk flu hosp rate change,2026-02-21,pmf,stable,0.09711546530109649
2026-02-14,01,1,wk flu hosp rate change,2026-02-21,pmf,increase,0.1824016770987611
2026-02-14,01,1,wk flu hosp rate change,2026-02-21,pmf,large_increase,0.03221142934782606
2026-02-14,01,1,wk flu hosp rate change,2026-02-21,pmf,decrease,0.4334539167145326
2026-02-14,01,1,wk flu hosp rate change,2026-02-21,pmf,large_decrease,0.25481751153778376
2026-02-14,01,2,wk flu hosp rate change,2026-02-28,pmf,stable,0.15436295080628581
2026-02-14,01,2,wk flu hosp rate change,2026-02-28,pmf,increase,0.10818584464239411
2026-02-14,01,2,wk flu hosp rate change,2026-02-28,pmf,large_increase,0.02009314019510644
2026-02-14,01,2,wk flu hosp rate change,2026-02-28,pmf,decrease,0.4738556364137118
2026-02-14,01,2,wk flu hosp rate change,2026-02-28,pmf,large_decrease,0.24350242794250182
2026-02-14,01,3,wk flu hosp rate change,2026-03-07,pmf,stable,0.101117584558578
2026-02-14,01,3,wk flu hosp rate change,2026-03-07,pmf,increase,0.08688876444676163
2026-02-14,01,3,wk flu hosp rate change,2026-03-07,pmf,large_increase,0.015199150994660404
2026-02-14,01,3,wk flu hosp rate change,2026-03-07,pmf,decrease,0.6482544341172813
2026-02-14,01,3,wk flu hosp rate change,2026-03-07,pmf,large_decrease,0.14854006588271856
2026-02-14,02,0,wk flu hosp rate change,2026-02-14,pmf,stable,0.71875
2026-02-14,02,0,wk flu hosp rate change,2026-02-14,pmf,increase,0.014161305000000013
2026-02-14,02,0,wk flu hosp rate change,2026-02-14,pmf,large_increase,0.017088694999999987
2026-02-14,02,0,wk flu hosp rate change,2026-02-14,pmf,decrease,0.17911304999999997
2026-02-14,02,0,wk flu hosp rate change,2026-02-14,pmf,large_decrease,0.07088695000000003
2026-02-14,02,1,wk flu hosp rate change,2026-02-21,pmf,stable,0.6
2026-02-14,02,1,wk flu hosp rate change,2026-02-21,pmf,increase,0.050000000000000044
2026-02-14,02,1,wk flu hosp rate change,2026-02-21,pmf,large_increase,0.0
2026-02-14,02,1,wk flu hosp rate change,2026-02-21,pmf,decrease,0.35
2026-02-14,02,1,wk flu hosp rate change,2026-02-21,pmf,large_decrease,0.0
2026-02-14,02,2,wk flu hosp rate change,2026-02-28,pmf,stable,0.5565209160249398
2026-02-14,02,2,wk flu hosp rate change,2026-02-28,pmf,increase,0.025000000000000022
2026-02-14,02,2,wk flu hosp rate change,2026-02-28,pmf,large_increase,0.0
2026-02-14,02,2,wk flu hosp rate change,2026-02-28,pmf,decrease,0.4184790839750602
2026-02-14,02,2,wk flu hosp rate change,2026-02-28,pmf,large_decrease,0.0
2026-02-14,02,3,wk flu hosp rate change,2026-03-07,pmf,stable,0.3375
2026-02-14,02,3,wk flu hosp rate change,2026-03-07,pmf,increase,0.0625
2026-02-14,02,3,wk flu hosp rate change,2026-03-07,pmf,large_increase,0.0
2026-02-14,02,3,wk flu hosp rate change,2026-03-07,pmf,decrease,0.6
2026-02-14,02,3,wk flu hosp rate change,2026-03-07,pmf,large_decrease,0.0
2026-02-14,04,0,wk flu hosp rate change,2026-02-14,pmf,stable,0.10850469230788073
2026-02-14,04,0,wk flu hosp rate change,2026-02-14,pmf,increase,0.16628517980862778
2026-02-14,04,0,wk flu hosp rate change,2026-02-14,pmf,large_increase,0.13918196001468364
2026-02-14,04,0,wk flu hosp rate change,2026-02-14,pmf,decrease,0.4763423178688079
2026-02-14,04,0,wk flu hosp rate change,2026-02-14,pmf,large_decrease,0.10968585
2026-02-14,04,1,wk flu hosp rate change,2026-02-21,pmf,stable,0.25205553831724303
2026-02-14,04,1,wk flu hosp rate change,2026-02-21,pmf,increase,0.19157081950442123
2026-02-14,04,1,wk flu hosp rate change,2026-02-21,pmf,large_increase,0.059571855207512736
2026-02-14,04,1,wk flu hosp rate change,2026-02-21,pmf,decrease,0.496801786970823
2026-02-14,04,1,wk flu hosp rate change,2026-02-21,pmf,large_decrease,0.0
2026-02-14,04,2,wk flu hosp rate change,2026-02-28,pmf,stable,0.22064850351783827
2026-02-14,04,2,wk flu hosp rate change,2026-02-28,pmf,increase,0.14736788271430346
2026-02-14,04,2,wk flu hosp rate change,2026-02-28,pmf,large_increase,0.014117169230769222
2026-02-14,04,2,wk flu hosp rate change,2026-02-28,pmf,decrease,0.617866444537089
2026-02-14,04,2,wk flu hosp rate change,2026-02-28,pmf,large_decrease,0.0
2026-02-14,04,3,wk flu hosp rate change,2026-03-07,pmf,stable,0.25695553996298337
2026-02-14,04,3,wk flu hosp rate change,2026-03-07,pmf,increase,0.1332276591100796
2026-02-14,04,3,wk flu hosp rate change,2026-03-07,pmf,large_increase,0.0
2026-02-14,04,3,wk flu hosp rate change,2026-03-07,pmf,decrease,0.609816800926937
2026-02-14,04,3,wk flu hosp rate change,2026-03-07,pmf,large_decrease,0.0
2026-02-14,05,0,wk flu hosp rate change,2026-02-14,pmf,stable,0.08088235294117652
2026-02-14,05,0,wk flu hosp rate change,2026-02-14,pmf,increase,0.07376194563025207
2026-02-14,05,0,wk flu hosp rate change,2026-02-14,pmf,large_increase,0.02035570142857146
2026-02-14,05,0,wk flu hosp rate change,2026-02-14,pmf,decrease,0.33824184672853025
2026-02-14,05,0,wk flu hosp rate change,2026-02-14,pmf,large_decrease,0.4867581532714697
2026-02-14,05,1,wk flu hosp rate change,2026-02-21,pmf,stable,0.03237754662698411
2026-02-14,05,1,wk flu hosp rate change,2026-02-21,pmf,increase,0.04684213624338629
2026-02-14,05,1,wk flu hosp rate change,2026-02-21,pmf,large_increase,0.029791379629629633
2026-02-14,05,1,wk flu hosp rate change,2026-02-21,pmf,decrease,0.5124768422480357
2026-02-14,05,1,wk flu hosp rate change,2026-02-21,pmf,large_decrease,0.37851209525196433
2026-02-14,05,2,wk flu hosp rate change,2026-02-28,pmf,stable,0.09316853188085172
2026-02-14,05,2,wk flu hosp rate change,2026-02-28,pmf,increase,0.05574608261297498
2026-02-14,05,2,wk flu hosp rate change,2026-02-28,pmf,large_increase,0.0
2026-02-14,05,2,wk flu hosp rate change,2026-02-28,pmf,decrease,0.6252532869999927
2026-02-14,05,2,wk flu hosp rate change,2026-02-28,pmf,large_decrease,0.22583209850618052
2026-02-14,05,3,wk flu hosp rate change,2026-03-07,pmf,stable,0.06831352064447826
2026-02-14,05,3,wk flu hosp rate change,2026-03-07,pmf,increase,0.043279920531992255
2026-02-14,05,3,wk flu hosp rate change,2026-03-07,pmf,large_increase,0.0
2026-02-14,05,3,wk flu hosp rate change,2026-03-07,pmf,decrease,0.7341781701473382
2026-02-14,05,3,wk flu hosp rate change,2026-03-07,pmf,large_decrease,0.15422838867619132
2026-02-14,06,0,wk flu hosp rate change,2026-02-14,pmf,stable,0.15167394352686148
2026-02-14,06,0,wk flu hosp rate change,2026-02-14,pmf,increase,0.22349494566000938
2026-02-14,06,0,wk flu hosp rate change,2026-02-14,pmf,large_increase,0.0
2026-02-14,06,0,wk flu hosp rate change,2026-02-14,pmf,decrease,0.4701874032181924
2026-02-14,06,0,wk flu hosp rate change,2026-02-14,pmf,large_decrease,0.15464370759493673
2026-02-14,06,1,wk flu hosp rate change,2026-02-21,pmf,stable,0.1663892205854519
2026-02-14,06,1,wk flu hosp rate change,2026-02-21,pmf,increase,0.17517331764984223
2026-02-14,06,1,wk flu hosp rate change,2026-02-21,pmf,large_increase,0.0
2026-02-14,06,1,wk flu hosp rate change,2026-02-21,pmf,decrease,0.6584374617647059
2026-02-14,06,1,wk flu hosp rate change,2026-02-21,pmf,large_decrease,0.0
2026-02-14,06,2,wk flu hosp rate change,2026-02-28,pmf,stable,0.21277139895851527
2026-02-14,06,2,wk flu hosp rate change,2026-02-28,pmf,increase,0.07670517604843907
2026-02-14,06,2,wk flu hosp rate change,2026-02-28,pmf,large_increase,0.0
2026-02-14,06,2,wk flu hosp rate change,2026-02-28,pmf,decrease,0.7105234249930457
2026-02-14,06,2,wk flu hosp rate change,2026-02-28,pmf,large_decrease,0.0
2026-02-14,06,3,wk flu hosp rate change,2026-03-07,pmf,stable,0.16862360680622412
2026-02-14,06,3,wk flu hosp rate change,2026-03-07,pmf,increase,0.02909163611830412
2026-02-14,06,3,wk flu hosp rate change,2026-03-07,pmf,large_increase,0.0
2026-02-14,06,3,wk flu hosp rate change,2026-03-07,pmf,decrease,0.8022847570754718
2026-02-14,06,3,wk flu hosp rate change,2026-03-07,pmf,large_decrease,0.0
2026-02-14,08,0,wk flu hosp rate change,2026-02-14,pmf,stable,0.2740100232914582
2026-02-14,08,0,wk flu hosp rate change,2026-02-14,pmf,increase,0.22947908434147324
2026-02-14,08,0,wk flu hosp rate change,2026-02-14,pmf,large_increase,0.0
2026-02-14,08,0,wk flu hosp rate change,2026-02-14,pmf,decrease,0.4965108923670686
2026-02-14,08,0,wk flu hosp rate change,2026-02-14,pmf,large_decrease,0.0
2026-02-14,08,1,wk flu hosp rate change,2026-02-21,pmf,stable,0.3641870916666667
2026-02-14,08,1,wk flu hosp rate change,2026-02-21,pmf,increase,0.18404178333333332
2026-02-14,08,1,wk flu hosp rate change,2026-02-21,pmf,large_increase,0.0
2026-02-14,08,1,wk flu hosp rate change,2026-02-21,pmf,decrease,0.451771125
2026-02-14,08,1,wk flu hosp rate change,2026-02-21,pmf,large_decrease,0.0
2026-02-14,08,2,wk flu hosp rate change,2026-02-28,pmf,stable,0.402068532142857
2026-02-14,08,2,wk flu hosp rate change,2026-02-28,pmf,increase,0.052948975000000065
2026-02-14,08,2,wk flu hosp rate change,2026-02-28,pmf,large_increase,0.0
2026-02-14,08,2,wk flu hosp rate change,2026-02-28,pmf,decrease,0.544982492857143
2026-02-14,08,2,wk flu hosp rate change,2026-02-28,pmf,large_decrease,0.0
2026-02-14,08,3,wk flu hosp rate change,2026-03-07,pmf,stable,0.36044219791666665
2026-02-14,08,3,wk flu hosp rate change,2026-03-07,pmf,increase,0.06815111458333334
2026-02-14,08,3,wk flu hosp rate change,2026-03-07,pmf,large_increase,0.0
2026-02-14,08,3,wk flu hosp rate change,2026-03-07,pmf,decrease,0.5714066875
2026-02-14,08,3,wk flu hosp rate change,2026-03-07,pmf,large_decrease,0.0
2026-02-14,09,0,wk flu hosp rate change,2026-02-14,pmf,stable,0.31630851933363435
2026-02-14,09,0,wk flu hosp rate change,2026-02-14,pmf,increase,0.322198907121212
2026-02-14,09,0,wk flu hosp rate change,2026-02-14,pmf,large_increase,0.010714309545454603
2026-02-14,09,0,wk flu hosp rate change,2026-02-14,pmf,decrease,0.350778263999699
2026-02-14,09,0,wk flu hosp rate change,2026-02-14,pmf,large_decrease,0.0
2026-02-14,09,1,wk flu hosp rate change,2026-02-21,pmf,stable,0.34109630699150556
2026-02-14,09,1,wk flu hosp rate change,2026-02-21,pmf,increase,0.2768913361344538
2026-02-14,09,1,wk flu hosp rate change,2026-02-21,pmf,large_increase,0.027570485294117653
2026-02-14,09,1,wk flu hosp rate change,2026-02-21,pmf,decrease,0.35444187157992296
2026-02-14,09,1,wk flu hosp rate change,2026-02-21,pmf,large_decrease,0.0
2026-02-14,09,2,wk flu hosp rate change,2026-02-28,pmf,stable,0.41053909875
2026-02-14,09,2,wk flu hosp rate change,2026-02-28,pmf,increase,0.22671573125
2026-02-14,09,2,wk flu hosp rate change,2026-02-28,pmf,large_increase,0.0
2026-02-14,09,2,wk flu hosp rate change,2026-02-28,pmf,decrease,0.36274517
2026-02-14,09,2,wk flu hosp rate change,2026-02-28,pmf,large_decrease,0.0
2026-02-14,09,3,wk flu hosp rate change,2026-03-07,pmf,stable,0.4930399696788743
2026-02-14,09,3,wk flu hosp rate change,2026-03-07,pmf,increase,0.1526383944828239
2026-02-14,09,3,wk flu hosp rate change,2026-03-07,pmf,large_increase,0.016833135838301816
2026-02-14,09,3,wk flu hosp rate change,2026-03-07,pmf,decrease,0.33748849999999997
2026-02-14,09,3,wk flu hosp rate change,2026-03-07,pmf,large_decrease,0.0
2026-02-14,10,0,wk flu hosp rate change,2026-02-14,pmf,stable,0.30937499999999996
2026-02-14,10,0,wk flu hosp rate change,2026-02-14,pmf,increase,0.018713488214285756
2026-02-14,10,0,wk flu hosp rate change,2026-02-14,pmf,large_increase,0.021911511785714266
2026-02-14,10,0,wk flu hosp rate change,2026-02-14,pmf,decrease,0.14810107611846401
2026-02-14,10,0,wk flu hosp rate change,2026-02-14,pmf,large_decrease,0.501898923881536
2026-02-14,10,1,wk flu hosp rate change,2026-02-21,pmf,stable,0.1488636363636362
2026-02-14,10,1,wk flu hosp rate change,2026-02-21,pmf,increase,0.05030569545454555
2026-02-14,10,1,wk flu hosp rate change,2026-02-21,pmf,large_increase,0.013330668181818162
2026-02-14,10,1,wk flu hosp rate change,2026-02-21,pmf,decrease,0.45143775000000014
2026-02-14,10,1,wk flu hosp rate change,2026-02-21,pmf,large_decrease,0.33606224999999995
2026-02-14,10,2,wk flu hosp rate change,2026-02-28,pmf,stable,0.08194444444444449
2026-02-14,10,2,wk flu hosp rate change,2026-02-28,pmf,increase,0.04882188749999994
2026-02-14,10,2,wk flu hosp rate change,2026-02-28,pmf,large_increase,0.013678112500000061
2026-02-14,10,2,wk flu hosp rate change,2026-02-28,pmf,decrease,0.7402703942944897
2026-02-14,10,2,wk flu hosp rate change,2026-02-28,pmf,large_decrease,0.11528516126106576
2026-02-14,10,3,wk flu hosp rate change,2026-03-07,pmf,stable,0.059160902777777746
2026-02-14,10,3,wk flu hosp rate change,2026-03-07,pmf,increase,0.049278930555555545
2026-02-14,10,3,wk flu hosp rate change,2026-03-07,pmf,large_increase,0.0
2026-02-14,10,3,wk flu hosp rate change,2026-03-07,pmf,decrease,0.8915601666666667
2026-02-14,10,3,wk flu hosp rate change,2026-03-07,pmf,large_decrease,0.0
2026-02-14,11,0,wk flu hosp rate change,2026-02-14,pmf,stable,0.99
2026-02-14,11,0,wk flu hosp rate change,2026-02-14,pmf,increase,0.0
2026-02-14,11,0,wk flu hosp rate change,2026-02-14,pmf,large_increase,0.0
2026-02-14,11,0,wk flu hosp rate change,2026-02-14,pmf,decrease,0.01
2026-02-14,11,0,wk flu hosp rate change,2026-02-14,pmf,large_decrease,0.0
2026-02-14,11,1,wk flu hosp rate change,2026-02-21,pmf,stable,0.9344267491158
2026-02-14,11,1,wk flu hosp rate change,2026-02-21,pmf,increase,0.04057325088419994
2026-02-14,11,1,wk flu hosp rate change,2026-02-21,pmf,large_increase,0.0
2026-02-14,11,1,wk flu hosp rate change,2026-02-21,pmf,decrease,0.025
2026-02-14,11,1,wk flu hosp rate change,2026-02-21,pmf,large_decrease,0.0
2026-02-14,11,2,wk flu hosp rate change,2026-02-28,pmf,stable,0.8956705164526856
2026-02-14,11,2,wk flu hosp rate change,2026-02-28,pmf,increase,0.05432948354731437
2026-02-14,11,2,wk flu hosp rate change,2026-02-28,pmf,large_increase,0.0
2026-02-14,11,2,wk flu hosp rate change,2026-02-28,pmf,decrease,0.05
2026-02-14,11,2,wk flu hosp rate change,2026-02-28,pmf,large_decrease,0.0
2026-02-14,11,3,wk flu hosp rate change,2026-03-07,pmf,stable,0.8065799083921282
2026-02-14,11,3,wk flu hosp rate change,2026-03-07,pmf,increase,0.07616064304827386
2026-02-14,11,3,wk flu hosp rate change,2026-03-07,pmf,large_increase,0.017259448559597934
2026-02-14,11,3,wk flu hosp rate change,2026-03-07,pmf,decrease,0.1
2026-02-14,11,3,wk flu hosp rate change,2026-03-07,pmf,large_decrease,0.0
2026-02-14,12,0,wk flu hosp rate change,2026-02-14,pmf,stable,0.03643533048967251
2026-02-14,12,0,wk flu hosp rate change,2026-02-14,pmf,increase,0.026235998949579842
2026-02-14,12,0,wk flu hosp rate change,2026-02-14,pmf,large_increase,0.0
2026-02-14,12,0,wk flu hosp rate change,2026-02-14,pmf,decrease,0.4472570479453446
2026-02-14,12,0,wk flu hosp rate change,2026-02-14,pmf,large_decrease,0.49007162261540305
2026-02-14,12,1,wk flu hosp rate change,2026-02-21,pmf,stable,0.06604672786320254
2026-02-14,12,1,wk flu hosp rate change,2026-02-21,pmf,increase,0.01867547865853658
2026-02-14,12,1,wk flu hosp rate change,2026-02-21,pmf,large_increase,0.0
2026-02-14,12,1,wk flu hosp rate change,2026-02-21,pmf,decrease,0.39318016941291567
2026-02-14,12,1,wk flu hosp rate change,2026-02-21,pmf,large_decrease,0.5220976240653452
2026-02-14,12,2,wk flu hosp rate change,2026-02-28,pmf,stable,0.09067928748116205
2026-02-14,12,2,wk flu hosp rate change,2026-02-28,pmf,increase,0.02582603289473684
2026-02-14,12,2,wk flu hosp rate change,2026-02-28,pmf,large_increase,0.0
2026-02-14,12,2,wk flu hosp rate change,2026-02-28,pmf,decrease,0.4156879574762687
2026-02-14,12,2,wk flu hosp rate change,2026-02-28,pmf,large_decrease,0.4678067221478324
2026-02-14,12,3,wk flu hosp rate change,2026-03-07,pmf,stable,0.06424219217192684
2026-02-14,12,3,wk flu hosp rate change,2026-03-07,pmf,increase,0.03222328125000007
2026-02-14,12,3,wk flu hosp rate change,2026-03-07,pmf,large_increase,0.0
2026-02-14,12,3,wk flu hosp rate change,2026-03-07,pmf,decrease,0.4275130192251319
2026-02-14,12,3,wk flu hosp rate change,2026-03-07,pmf,large_decrease,0.4760215073529412
2026-02-14,13,0,wk flu hosp rate change,2026-02-14,pmf,stable,0.2275254320483534
2026-02-14,13,0,wk flu hosp rate change,2026-02-14,pmf,increase,0.2148578866666666
2026-02-14,13,0,wk flu hosp rate change,2026-02-14,pmf,large_increase,0.0
2026-02-14,13,0,wk flu hosp rate change,2026-02-14,pmf,decrease,0.55761668128498
2026-02-14,13,0,wk flu hosp rate change,2026-02-14,pmf,large_decrease,0.0
2026-02-14,13,1,wk flu hosp rate change,2026-02-21,pmf,stable,0.22982257189542488
2026-02-14,13,1,wk flu hosp rate change,2026-02-21,pmf,increase,0.15602295588235293
2026-02-14,13,1,wk flu hosp rate change,2026-02-21,pmf,large_increase,0.0
2026-02-14,13,1,wk flu hosp rate change,2026-02-21,pmf,decrease,0.6141544722222222
2026-02-14,13,1,wk flu hosp rate change,2026-02-21,pmf,large_decrease,0.0
2026-02-14,13,2,wk flu hosp rate change,2026-02-28,pmf,stable,0.1864271767857143
2026-02-14,13,2,wk flu hosp rate change,2026-02-28,pmf,increase,0.08496062738095234
2026-02-14,13,2,wk flu hosp rate change,2026-02-28,pmf,large_increase,0.0
2026-02-14,13,2,wk flu hosp rate change,2026-02-28,pmf,decrease,0.7286121958333334
2026-02-14,13,2,wk flu hosp rate change,2026-02-28,pmf,large_decrease,0.0
2026-02-14,13,3,wk flu hosp rate change,2026-03-07,pmf,stable,0.22796212505494506
2026-02-14,13,3,wk flu hosp rate change,2026-03-07,pmf,increase,0.021582589230769278
2026-02-14,13,3,wk flu hosp rate change,2026-03-07,pmf,large_increase,0.0
2026-02-14,13,3,wk flu hosp rate change,2026-03-07,pmf,decrease,0.7504552857142857
2026-02-14,13,3,wk flu hosp rate change,2026-03-07,pmf,large_decrease,0.0
2026-02-14,15,0,wk flu hosp rate change,2026-02-14,pmf,stable,0.5376564572498536
2026-02-14,15,0,wk flu hosp rate change,2026-02-14,pmf,increase,0.033333333333333326
2026-02-14,15,0,wk flu hosp rate change,2026-02-14,pmf,large_increase,0.0
2026-02-14,15,0,wk flu hosp rate change,2026-02-14,pmf,decrease,0.4290102094168131
2026-02-14,15,0,wk flu hosp rate change,2026-02-14,pmf,large_decrease,0.0
2026-02-14,15,1,wk flu hosp rate change,2026-02-21,pmf,stable,0.4106252656397178
2026-02-14,15,1,wk flu hosp rate change,2026-02-21,pmf,increase,0.033333333333333326
2026-02-14,15,1,wk flu hosp rate change,2026-02-21,pmf,large_increase,0.0
2026-02-14,15,1,wk flu hosp rate change,2026-02-21,pmf,decrease,0.5560414010269489
2026-02-14,15,1,wk flu hosp rate change,2026-02-21,pmf,large_decrease,0.0
2026-02-14,15,2,wk flu hosp rate change,2026-02-28,pmf,stable,0.24061153393219115
2026-02-14,15,2,wk flu hosp rate change,2026-02-28,pmf,increase,0.021630934000000046
2026-02-14,15,2,wk flu hosp rate change,2026-02-28,pmf,large_increase,0.0
2026-02-14,15,2,wk flu hosp rate change,2026-02-28,pmf,decrease,0.7377575320678088
2026-02-14,15,2,wk flu hosp rate change,2026-02-28,pmf,large_decrease,0.0
2026-02-14,15,3,wk flu hosp rate change,2026-03-07,pmf,stable,0.31402694506750706
2026-02-14,15,3,wk flu hosp rate change,2026-03-07,pmf,increase,0.021307810000000038
2026-02-14,15,3,wk flu hosp rate change,2026-03-07,pmf,large_increase,0.0
2026-02-14,15,3,wk flu hosp rate change,2026-03-07,pmf,decrease,0.6646652449324929
2026-02-14,15,3,wk flu hosp rate change,2026-03-07,pmf,large_decrease,0.0
2026-02-14,16,0,wk flu hosp rate change,2026-02-14,pmf,stable,0.3183662492699616
2026-02-14,16,0,wk flu hosp rate change,2026-02-14,pmf,increase,0.17196100937499992
2026-02-14,16,0,wk flu hosp rate change,2026-02-14,pmf,large_increase,0.028038990625000038
2026-02-14,16,0,wk flu hosp rate change,2026-02-14,pmf,decrease,0.22233300574241444
2026-02-14,16,0,wk flu hosp rate change,2026-02-14,pmf,large_decrease,0.259300744987624
2026-02-14,16,1,wk flu hosp rate change,2026-02-21,pmf,stable,0.15550293823056827
2026-02-14,16,1,wk flu hosp rate change,2026-02-21,pmf,increase,0.19016781257820425
2026-02-14,16,1,wk flu hosp rate change,2026-02-21,pmf,large_increase,0.023079465625000073
2026-02-14,16,1,wk flu hosp rate change,2026-02-21,pmf,decrease,0.5298515461117307
2026-02-14,16,1,wk flu hosp rate change,2026-02-21,pmf,large_decrease,0.10139823745449669
2026-02-14,16,2,wk flu hosp rate change,2026-02-28,pmf,stable,0.13744549841269837
2026-02-14,16,2,wk flu hosp rate change,2026-02-28,pmf,increase,0.10549259444444448
2026-02-14,16,2,wk flu hosp rate change,2026-02-28,pmf,large_increase,0.0
2026-02-14,16,2,wk flu hosp rate change,2026-02-28,pmf,decrease,0.7012166571428572
2026-02-14,16,2,wk flu hosp rate change,2026-02-28,pmf,large_decrease,0.05584525
2026-02-14,16,3,wk flu hosp rate change,2026-03-07,pmf,stable,0.07102121689507235
2026-02-14,16,3,wk flu hosp rate change,2026-03-07,pmf,increase,0.15652109894552702
2026-02-14,16,3,wk flu hosp rate change,2026-03-07,pmf,large_increase,0.0
2026-02-14,16,3,wk flu hosp rate change,2026-03-07,pmf,decrease,0.7724576841594006
2026-02-14,16,3,wk flu hosp rate change,2026-03-07,pmf,large_decrease,0.0
2026-02-14,17,0,wk flu hosp rate change,2026-02-14,pmf,stable,0.1683424620409224
2026-02-14,17,0,wk flu hosp rate change,2026-02-14,pmf,increase,0.2160393210353535
2026-02-14,17,0,wk flu hosp rate change,2026-02-14,pmf,large_increase,0.024573238055555557
2026-02-14,17,0,wk flu hosp rate change,2026-02-14,pmf,decrease,0.5141161761654658
2026-02-14,17,0,wk flu hosp rate change,2026-02-14,pmf,large_decrease,0.0769288027027027
2026-02-14,17,1,wk flu hosp rate change,2026-02-21,pmf,stable,0.18010357371408914
2026-02-14,17,1,wk flu hosp rate change,2026-02-21,pmf,increase,0.20361301624134542
2026-02-14,17,1,wk flu hosp rate change,2026-02-21,pmf,large_increase,0.03198906605697749
2026-02-14,17,1,wk flu hosp rate change,2026-02-21,pmf,decrease,0.5368477006372996
2026-02-14,17,1,wk flu hosp rate change,2026-02-21,pmf,large_decrease,0.04744664335028842
2026-02-14,17,2,wk flu hosp rate change,2026-02-28,pmf,stable,0.15664086238020858
2026-02-14,17,2,wk flu hosp rate change,2026-02-28,pmf,increase,0.14312323005936267
2026-02-14,17,2,wk flu hosp rate change,2026-02-28,pmf,large_increase,0.0
2026-02-14,17,2,wk flu hosp rate change,2026-02-28,pmf,decrease,0.7002359075604287
2026-02-14,17,2,wk flu hosp rate change,2026-02-28,pmf,large_decrease,0.0
2026-02-14,17,3,wk flu hosp rate change,2026-03-07,pmf,stable,0.1692056112892768
2026-02-14,17,3,wk flu hosp rate change,2026-03-07,pmf,increase,0.11883919300010304
2026-02-14,17,3,wk flu hosp rate change,2026-03-07,pmf,large_increase,0.020394341543953476
2026-02-14,17,3,wk flu hosp rate change,2026-03-07,pmf,decrease,0.6915608541666667
2026-02-14,17,3,wk flu hosp rate change,2026-03-07,pmf,large_decrease,0.0
2026-02-14,18,0,wk flu hosp rate change,2026-02-14,pmf,stable,0.123168251089744
2026-02-14,18,0,wk flu hosp rate change,2026-02-14,pmf,increase,0.3259634889760056
2026-02-14,18,0,wk flu hosp rate change,2026-02-14,pmf,large_increase,0.09562471774193548
2026-02-14,18,0,wk flu hosp rate change,2026-02-14,pmf,decrease,0.3276191255256482
2026-02-14,18,0,wk flu hosp rate change,2026-02-14,pmf,large_decrease,0.1276244166666667
2026-02-14,18,1,wk flu hosp rate change,2026-02-21,pmf,stable,0.19294245864605064
2026-02-14,18,1,wk flu hosp rate change,2026-02-21,pmf,increase,0.19177326650720639
2026-02-14,18,1,wk flu hosp rate change,2026-02-21,pmf,large_increase,0.02401671388115323
2026-02-14,18,1,wk flu hosp rate change,2026-02-21,pmf,decrease,0.5253326414675706
2026-02-14,18,1,wk flu hosp rate change,2026-02-21,pmf,large_decrease,0.06593491949801908
2026-02-14,18,2,wk flu hosp rate change,2026-02-28,pmf,stable,0.16855452595979803
2026-02-14,18,2,wk flu hosp rate change,2026-02-28,pmf,increase,0.19719395421510877
2026-02-14,18,2,wk flu hosp rate change,2026-02-28,pmf,large_increase,0.019513169014084508
2026-02-14,18,2,wk flu hosp rate change,2026-02-28,pmf,decrease,0.5828924859476878
2026-02-14,18,2,wk flu hosp rate change,2026-02-28,pmf,large_decrease,0.0318458648633209
2026-02-14,18,3,wk flu hosp rate change,2026-03-07,pmf,stable,0.17559108655077604
2026-02-14,18,3,wk flu hosp rate change,2026-03-07,pmf,increase,0.16327779169729295
2026-02-14,18,3,wk flu hosp rate change,2026-03-07,pmf,large_increase,0.025773456693299557
2026-02-14,18,3,wk flu hosp rate change,2026-03-07,pmf,decrease,0.6353576650586314
2026-02-14,18,3,wk flu hosp rate change,2026-03-07,pmf,large_decrease,0.0
2026-02-14,19,0,wk flu hosp rate change,2026-02-14,pmf,stable,0.09732142857142856
2026-02-14,19,0,wk flu hosp rate change,2026-02-14,pmf,increase,0.0714285714285714
2026-02-14,19,0,wk flu hosp rate change,2026-02-14,pmf,large_increase,0.0
2026-02-14,19,0,wk flu hosp rate change,2026-02-14,pmf,decrease,0.3069081
2026-02-14,19,0,wk flu hosp rate change,2026-02-14,pmf,large_decrease,0.5243419
2026-02-14,19,1,wk flu hosp rate change,2026-02-21,pmf,stable,0.0920434
2026-02-14,19,1,wk flu hosp rate change,2026-02-21,pmf,increase,0.1019814
2026-02-14,19,1,wk flu hosp rate change,2026-02-21,pmf,large_increase,0.0
2026-02-14,19,1,wk flu hosp rate change,2026-02-21,pmf,decrease,0.4720083428571429
2026-02-14,19,1,wk flu hosp rate change,2026-02-21,pmf,large_decrease,0.3339668571428571
2026-02-14,19,2,wk flu hosp rate change,2026-02-28,pmf,stable,0.10740743310344814
2026-02-14,19,2,wk flu hosp rate change,2026-02-28,pmf,increase,0.04681860689655182
2026-02-14,19,2,wk flu hosp rate change,2026-02-28,pmf,large_increase,0.0
2026-02-14,19,2,wk flu hosp rate change,2026-02-28,pmf,decrease,0.4790562457142857
2026-02-14,19,2,wk flu hosp rate change,2026-02-28,pmf,large_decrease,0.36671771428571437
2026-02-14,19,3,wk flu hosp rate change,2026-03-07,pmf,stable,0.06564301428571429
2026-02-14,19,3,wk flu hosp rate change,2026-03-07,pmf,increase,0.04224070000000002
2026-02-14,19,3,wk flu hosp rate change,2026-03-07,pmf,large_increase,0.0
2026-02-14,19,3,wk flu hosp rate change,2026-03-07,pmf,decrease,0.5212191428571428
2026-02-14,19,3,wk flu hosp rate change,2026-03-07,pmf,large_decrease,0.3708971428571429
2026-02-14,20,0,wk flu hosp rate change,2026-02-14,pmf,stable,0.13104172168272343
2026-02-14,20,0,wk flu hosp rate change,2026-02-14,pmf,increase,0.12312537749999997
2026-02-14,20,0,wk flu hosp rate change,2026-02-14,pmf,large_increase,0.016874622500000047
2026-02-14,20,0,wk flu hosp rate change,2026-02-14,pmf,decrease,0.36110329260299084
2026-02-14,20,0,wk flu hosp rate change,2026-02-14,pmf,large_decrease,0.3678549857142857
2026-02-14,20,1,wk flu hosp rate change,2026-02-21,pmf,stable,0.10210858333333339
2026-02-14,20,1,wk flu hosp rate change,2026-02-21,pmf,increase,0.0873104916666666
2026-02-14,20,1,wk flu hosp rate change,2026-02-21,pmf,large_increase,0.01984607500000002
2026-02-14,20,1,wk flu hosp rate change,2026-02-21,pmf,decrease,0.4516467206162655
2026-02-14,20,1,wk flu hosp rate change,2026-02-21,pmf,large_decrease,0.3390881293837345
2026-02-14,20,2,wk flu hosp rate change,2026-02-28,pmf,stable,0.10262306482988648
2026-02-14,20,2,wk flu hosp rate change,2026-02-28,pmf,increase,0.1085364704642311
2026-02-14,20,2,wk flu hosp rate change,2026-02-28,pmf,large_increase,0.0
2026-02-14,20,2,wk flu hosp rate change,2026-02-28,pmf,decrease,0.4430266562837635
2026-02-14,20,2,wk flu hosp rate change,2026-02-28,pmf,large_decrease,0.34581380842211895
2026-02-14,20,3,wk flu hosp rate change,2026-03-07,pmf,stable,0.07968345202398797
2026-02-14,20,3,wk flu hosp rate change,2026-03-07,pmf,increase,0.061189065217391314
2026-02-14,20,3,wk flu hosp rate change,2026-03-07,pmf,large_increase,0.0
2026-02-14,20,3,wk flu hosp rate change,2026-03-07,pmf,decrease,0.5441171018746604
2026-02-14,20,3,wk flu hosp rate change,2026-03-07,pmf,large_decrease,0.3150103808839602
2026-02-14,21,0,wk flu hosp rate change,2026-02-14,pmf,stable,0.08366784056794119
2026-02-14,21,0,wk flu hosp rate change,2026-02-14,pmf,increase,0.1902998764735464
2026-02-14,21,0,wk flu hosp rate change,2026-02-14,pmf,large_increase,0.025015837570159016
2026-02-14,21,0,wk flu hosp rate change,2026-02-14,pmf,decrease,0.2764322467247047
2026-02-14,21,0,wk flu hosp rate change,2026-02-14,pmf,large_decrease,0.4245841986636487
2026-02-14,21,1,wk flu hosp rate change,2026-02-21,pmf,stable,0.09550564882211077
2026-02-14,21,1,wk flu hosp rate change,2026-02-21,pmf,increase,0.19795671419021688
2026-02-14,21,1,wk flu hosp rate change,2026-02-21,pmf,large_increase,0.012292360000000002
2026-02-14,21,1,wk flu hosp rate change,2026-02-21,pmf,decrease,0.49627920579653484
2026-02-14,21,1,wk flu hosp rate change,2026-02-21,pmf,large_decrease,0.1979660711911375
2026-02-14,21,2,wk flu hosp rate change,2026-02-28,pmf,stable,0.13357365339831329
2026-02-14,21,2,wk flu hosp rate change,2026-02-28,pmf,increase,0.14368340960864912
2026-02-14,21,2,wk flu hosp rate change,2026-02-28,pmf,large_increase,0.020980144993037686
2026-02-14,21,2,wk flu hosp rate change,2026-02-28,pmf,decrease,0.6008942315931904
2026-02-14,21,2,wk flu hosp rate change,2026-02-28,pmf,large_decrease,0.10086856040680947
2026-02-14,21,3,wk flu hosp rate change,2026-03-07,pmf,stable,0.15287824496818858
2026-02-14,21,3,wk flu hosp rate change,2026-03-07,pmf,increase,0.10385703207733754
2026-02-14,21,3,wk flu hosp rate change,2026-03-07,pmf,large_increase,0.028205492512826447
2026-02-14,21,3,wk flu hosp rate change,2026-03-07,pmf,decrease,0.6947159693773606
2026-02-14,21,3,wk flu hosp rate change,2026-03-07,pmf,large_decrease,0.020343261064286883
2026-02-14,22,0,wk flu hosp rate change,2026-02-14,pmf,stable,0.043952412778260896
2026-02-14,22,0,wk flu hosp rate change,2026-02-14,pmf,increase,0.13450191604248085
2026-02-14,22,0,wk flu hosp rate change,2026-02-14,pmf,large_increase,0.0
2026-02-14,22,0,wk flu hosp rate change,2026-02-14,pmf,decrease,0.27822185488304696
2026-02-14,22,0,wk flu hosp rate change,2026-02-14,pmf,large_decrease,0.5433238162962113
2026-02-14,22,1,wk flu hosp rate change,2026-02-21,pmf,stable,0.07962695617602977
2026-02-14,22,1,wk flu hosp rate change,2026-02-21,pmf,increase,0.10240390365216478
2026-02-14,22,1,wk flu hosp rate change,2026-02-21,pmf,large_increase,0.018445124125612944
2026-02-14,22,1,wk flu hosp rate change,2026-02-21,pmf,decrease,0.4200748493795258
2026-02-14,22,1,wk flu hosp rate change,2026-02-21,pmf,large_decrease,0.37944916666666667
2026-02-14,22,2,wk flu hosp rate change,2026-02-28,pmf,stable,0.07843216610597126
2026-02-14,22,2,wk flu hosp rate change,2026-02-28,pmf,increase,0.04984122413793113
2026-02-14,22,2,wk flu hosp rate change,2026-02-28,pmf,large_increase,0.0
2026-02-14,22,2,wk flu hosp rate change,2026-02-28,pmf,decrease,0.5930302514710482
2026-02-14,22,2,wk flu hosp rate change,2026-02-28,pmf,large_decrease,0.27869635828504946
2026-02-14,22,3,wk flu hosp rate change,2026-03-07,pmf,stable,0.039348274694783525
2026-02-14,22,3,wk flu hosp rate change,2026-03-07,pmf,increase,0.019120970588235364
2026-02-14,22,3,wk flu hosp rate change,2026-03-07,pmf,large_increase,0.0
2026-02-14,22,3,wk flu hosp rate change,2026-03-07,pmf,decrease,0.8400146413949598
2026-02-14,22,3,wk flu hosp rate change,2026-03-07,pmf,large_decrease,0.10151611332202125
2026-02-14,23,0,wk flu hosp rate change,2026-02-14,pmf,stable,0.3633546001258642
2026-02-14,23,0,wk flu hosp rate change,2026-02-14,pmf,increase,0.042798005454545485
2026-02-14,23,0,wk flu hosp rate change,2026-02-14,pmf,large_increase,0.012201994545454564
2026-02-14,23,0,wk flu hosp rate change,2026-02-14,pmf,decrease,0.21848502292895466
2026-02-14,23,0,wk flu hosp rate change,2026-02-14,pmf,large_decrease,0.3631603769451811
2026-02-14,23,1,wk flu hosp rate change,2026-02-21,pmf,stable,0.2079663843672649
2026-02-14,23,1,wk flu hosp rate change,2026-02-21,pmf,increase,0.0798989556745926
2026-02-14,23,1,wk flu hosp rate change,2026-02-21,pmf,large_increase,0.013581864048994419
2026-02-14,23,1,wk flu hosp rate change,2026-02-21,pmf,decrease,0.5367811768818054
2026-02-14,23,1,wk flu hosp rate change,2026-02-21,pmf,large_decrease,0.1617716190273427
2026-02-14,23,2,wk flu hosp rate change,2026-02-28,pmf,stable,0.12493569662100112
2026-02-14,23,2,wk flu hosp rate change,2026-02-28,pmf,increase,0.07833333333333337
2026-02-14,23,2,wk flu hosp rate change,2026-02-28,pmf,large_increase,0.0
2026-02-14,23,2,wk flu hosp rate change,2026-02-28,pmf,decrease,0.7453861024892366
2026-02-14,23,2,wk flu hosp rate change,2026-02-28,pmf,large_decrease,0.05134486755642889
2026-02-14,23,3,wk flu hosp rate change,2026-03-07,pmf,stable,0.09036858171068629
2026-02-14,23,3,wk flu hosp rate change,2026-03-07,pmf,increase,0.05988862222222224
2026-02-14,23,3,wk flu hosp rate change,2026-03-07,pmf,large_increase,0.0
2026-02-14,23,3,wk flu hosp rate change,2026-03-07,pmf,decrease,0.8497427960670915
2026-02-14,23,3,wk flu hosp rate change,2026-03-07,pmf,large_decrease,0.0
2026-02-14,24,0,wk flu hosp rate change,2026-02-14,pmf,stable,0.32179338790500156
2026-02-14,24,0,wk flu hosp rate change,2026-02-14,pmf,increase,0.07003976923076927
2026-02-14,24,0,wk flu hosp rate change,2026-02-14,pmf,large_increase,0.0
2026-02-14,24,0,wk flu hosp rate change,2026-02-14,pmf,decrease,0.6081668428642292
2026-02-14,24,0,wk flu hosp rate change,2026-02-14,pmf,large_decrease,0.0
2026-02-14,24,1,wk flu hosp rate change,2026-02-21,pmf,stable,0.45070572222222227
2026-02-14,24,1,wk flu hosp rate change,2026-02-21,pmf,increase,0.08245527777777772
2026-02-14,24,1,wk flu hosp rate change,2026-02-21,pmf,large_increase,0.0
2026-02-14,24,1,wk flu hosp rate change,2026-02-21,pmf,decrease,0.466839
2026-02-14,24,1,wk flu hosp rate change,2026-02-21,pmf,large_decrease,0.0
2026-02-14,24,2,wk flu hosp rate change,2026-02-28,pmf,stable,0.553714138095238
2026-02-14,24,2,wk flu hosp rate change,2026-02-28,pmf,increase,0.034711261904761925
2026-02-14,24,2,wk flu hosp rate change,2026-02-28,pmf,large_increase,0.0
2026-02-14,24,2,wk flu hosp rate change,2026-02-28,pmf,decrease,0.41157460000000007
2026-02-14,24,2,wk flu hosp rate change,2026-02-28,pmf,large_decrease,0.0
2026-02-14,24,3,wk flu hosp rate change,2026-03-07,pmf,stable,0.6632063602594283
2026-02-14,24,3,wk flu hosp rate change,2026-03-07,pmf,increase,0.043115639740571754
2026-02-14,24,3,wk flu hosp rate change,2026-03-07,pmf,large_increase,0.0
2026-02-14,24,3,wk flu hosp rate change,2026-03-07,pmf,decrease,0.293678
2026-02-14,24,3,wk flu hosp rate change,2026-03-07,pmf,large_decrease,0.0
2026-02-14,25,0,wk flu hosp rate change,2026-02-14,pmf,stable,0.31953044877125025
2026-02-14,25,0,wk flu hosp rate change,2026-02-14,pmf,increase,0.20065347857142857
2026-02-14,25,0,wk flu hosp rate change,2026-02-14,pmf,large_increase,0.0
2026-02-14,25,0,wk flu hosp rate change,2026-02-14,pmf,decrease,0.4798160726573212
2026-02-14,25,0,wk flu hosp rate change,2026-02-14,pmf,large_decrease,0.0
2026-02-14,25,1,wk flu hosp rate change,2026-02-21,pmf,stable,0.34396361363636363
2026-02-14,25,1,wk flu hosp rate change,2026-02-21,pmf,increase,0.1325435113636364
2026-02-14,25,1,wk flu hosp rate change,2026-02-21,pmf,large_increase,0.0
2026-02-14,25,1,wk flu hosp rate change,2026-02-21,pmf,decrease,0.523492875
2026-02-14,25,1,wk flu hosp rate change,2026-02-21,pmf,large_decrease,0.0
2026-02-14,25,2,wk flu hosp rate change,2026-02-28,pmf,stable,0.30848082543859656
2026-02-14,25,2,wk flu hosp rate change,2026-02-28,pmf,increase,0.09832772456140348
2026-02-14,25,2,wk flu hosp rate change,2026-02-28,pmf,large_increase,0.0
2026-02-14,25,2,wk flu hosp rate change,2026-02-28,pmf,decrease,0.59319145
2026-02-14,25,2,wk flu hosp rate change,2026-02-28,pmf,large_decrease,0.0
2026-02-14,25,3,wk flu hosp rate change,2026-03-07,pmf,stable,0.3993551605042934
2026-02-14,25,3,wk flu hosp rate change,2026-03-07,pmf,increase,0.03419645488032197
2026-02-14,25,3,wk flu hosp rate change,2026-03-07,pmf,large_increase,0.0
2026-02-14,25,3,wk flu hosp rate change,2026-03-07,pmf,decrease,0.5664483846153846
2026-02-14,25,3,wk flu hosp rate change,2026-03-07,pmf,large_decrease,0.0
2026-02-14,26,0,wk flu hosp rate change,2026-02-14,pmf,stable,0.27274811578947367
2026-02-14,26,0,wk flu hosp rate change,2026-02-14,pmf,increase,0.1462595342105263
2026-02-14,26,0,wk flu hosp rate change,2026-02-14,pmf,large_increase,0.0
2026-02-14,26,0,wk flu hosp rate change,2026-02-14,pmf,decrease,0.5704521761764706
2026-02-14,26,0,wk flu hosp rate change,2026-02-14,pmf,large_decrease,0.010540173823529418
2026-02-14,26,1,wk flu hosp rate change,2026-02-21,pmf,stable,0.2167666081081081
2026-02-14,26,1,wk flu hosp rate change,2026-02-21,pmf,increase,0.18824014189189187
2026-02-14,26,1,wk flu hosp rate change,2026-02-21,pmf,large_increase,0.0
2026-02-14,26,1,wk flu hosp rate change,2026-02-21,pmf,decrease,0.59499325
2026-02-14,26,1,wk flu hosp rate change,2026-02-21,pmf,large_decrease,0.0
2026-02-14,26,2,wk flu hosp rate change,2026-02-28,pmf,stable,0.2595214721744472
2026-02-14,26,2,wk flu hosp rate change,2026-02-28,pmf,increase,0.10407673918918914
2026-02-14,26,2,wk flu hosp rate change,2026-02-28,pmf,large_increase,0.0
2026-02-14,26,2,wk flu hosp rate change,2026-02-28,pmf,decrease,0.6364017886363637
2026-02-14,26,2,wk flu hosp rate change,2026-02-28,pmf,large_decrease,0.0
2026-02-14,26,3,wk flu hosp rate change,2026-03-07,pmf,stable,0.20673877476958524
2026-02-14,26,3,wk flu hosp rate change,2026-03-07,pmf,increase,0.12612656451612902
2026-02-14,26,3,wk flu hosp rate change,2026-03-07,pmf,large_increase,0.0
2026-02-14,26,3,wk flu hosp rate change,2026-03-07,pmf,decrease,0.6671346607142857
2026-02-14,26,3,wk flu hosp rate change,2026-03-07,pmf,large_decrease,0.0
2026-02-14,27,0,wk flu hosp rate change,2026-02-14,pmf,stable,0.17969585752587758
2026-02-14,27,0,wk flu hosp rate change,2026-02-14,pmf,increase,0.19137841874999995
2026-02-14,27,0,wk flu hosp rate change,2026-02-14,pmf,large_increase,0.0
2026-02-14,27,0,wk flu hosp rate change,2026-02-14,pmf,decrease,0.4982788737241225
2026-02-14,27,0,wk flu hosp rate change,2026-02-14,pmf,large_decrease,0.13064685
2026-02-14,27,1,wk flu hosp rate change,2026-02-21,pmf,stable,0.13571081040556743
2026-02-14,27,1,wk flu hosp rate change,2026-02-21,pmf,increase,0.159100975958827
2026-02-14,27,1,wk flu hosp rate change,2026-02-21,pmf,large_increase,0.011335612500000036
2026-02-14,27,1,wk flu hosp rate change,2026-02-21,pmf,decrease,0.6938526011356055
2026-02-14,27,1,wk flu hosp rate change,2026-02-21,pmf,large_decrease,0.0
2026-02-14,27,2,wk flu hosp rate change,2026-02-28,pmf,stable,0.10039702569914899
2026-02-14,27,2,wk flu hosp rate change,2026-02-28,pmf,increase,0.11028412992756187
2026-02-14,27,2,wk flu hosp rate change,2026-02-28,pmf,large_increase,0.0
2026-02-14,27,2,wk flu hosp rate change,2026-02-28,pmf,decrease,0.7893188443732891
2026-02-14,27,2,wk flu hosp rate change,2026-02-28,pmf,large_decrease,0.0
2026-02-14,27,3,wk flu hosp rate change,2026-03-07,pmf,stable,0.14855465815864988
2026-02-14,27,3,wk flu hosp rate change,2026-03-07,pmf,increase,0.09975744554836119
2026-02-14,27,3,wk flu hosp rate change,2026-03-07,pmf,large_increase,0.0
2026-02-14,27,3,wk flu hosp rate change,2026-03-07,pmf,decrease,0.7516878962929889
2026-02-14,27,3,wk flu hosp rate change,2026-03-07,pmf,large_decrease,0.0
2026-02-14,28,0,wk flu hosp rate change,2026-02-14,pmf,stable,0.120353717964235
2026-02-14,28,0,wk flu hosp rate change,2026-02-14,pmf,increase,0.3759416065334218
2026-02-14,28,0,wk flu hosp rate change,2026-02-14,pmf,large_increase,0.08306862500000001
2026-02-14,28,0,wk flu hosp rate change,2026-02-14,pmf,decrease,0.2386066397880575
2026-02-14,28,0,wk flu hosp rate change,2026-02-14,pmf,large_decrease,0.18202941071428572
2026-02-14,28,1,wk flu hosp rate change,2026-02-21,pmf,stable,0.18251066662625137
2026-02-14,28,1,wk flu hosp rate change,2026-02-21,pmf,increase,0.1596851980875572
2026-02-14,28,1,wk flu hosp rate change,2026-02-21,pmf,large_increase,0.061458750000000006
2026-02-14,28,1,wk flu hosp rate change,2026-02-21,pmf,decrease,0.47079630633882297
2026-02-14,28,1,wk flu hosp rate change,2026-02-21,pmf,large_decrease,0.12554907894736844
2026-02-14,28,2,wk flu hosp rate change,2026-02-28,pmf,stable,0.21969740413020977
2026-02-14,28,2,wk flu hosp rate change,2026-02-28,pmf,increase,0.1343562478425413
2026-02-14,28,2,wk flu hosp rate change,2026-02-28,pmf,large_increase,0.014527169455820332
2026-02-14,28,2,wk flu hosp rate change,2026-02-28,pmf,decrease,0.5344266785714286
2026-02-14,28,2,wk flu hosp rate change,2026-02-28,pmf,large_decrease,0.0969925
2026-02-14,28,3,wk flu hosp rate change,2026-03-07,pmf,stable,0.28097556158321657
2026-02-14,28,3,wk flu hosp rate change,2026-03-07,pmf,increase,0.14707466568951066
2026-02-14,28,3,wk flu hosp rate change,2026-03-07,pmf,large_increase,0.01720352272727277
2026-02-14,28,3,wk flu hosp rate change,2026-03-07,pmf,decrease,0.5053806249999999
2026-02-14,28,3,wk flu hosp rate change,2026-03-07,pmf,large_decrease,0.04936562500000006
2026-02-14,29,0,wk flu hosp rate change,2026-02-14,pmf,stable,0.010874310454733083
2026-02-14,29,0,wk flu hosp rate change,2026-02-14,pmf,increase,0.012308041545024628
2026-02-14,29,0,wk flu hosp rate change,2026-02-14,pmf,large_increase,0.0
2026-02-14,29,0,wk flu hosp rate change,2026-02-14,pmf,decrease,0.09056483989213415
2026-02-14,29,0,wk flu hosp rate change,2026-02-14,pmf,large_decrease,0.8862528081081081
2026-02-14,29,1,wk flu hosp rate change,2026-02-21,pmf,stable,0.02789719254759815
2026-02-14,29,1,wk flu hosp rate change,2026-02-21,pmf,increase,0.024451324119068585
2026-02-14,29,1,wk flu hosp rate change,2026-02-21,pmf,large_increase,0.0
2026-02-14,29,1,wk flu hosp rate change,2026-02-21,pmf,decrease,0.14665770208333317
2026-02-14,29,1,wk flu hosp rate change,2026-02-21,pmf,large_decrease,0.8009937812500001
2026-02-14,29,2,wk flu hosp rate change,2026-02-28,pmf,stable,0.02289310455128213
2026-02-14,29,2,wk flu hosp rate change,2026-02-28,pmf,increase,0.019284949615384628
2026-02-14,29,2,wk flu hosp rate change,2026-02-28,pmf,large_increase,0.0
2026-02-14,29,2,wk flu hosp rate change,2026-02-28,pmf,decrease,0.3100959458333332
2026-02-14,29,2,wk flu hosp rate change,2026-02-28,pmf,large_decrease,0.647726
2026-02-14,29,3,wk flu hosp rate change,2026-03-07,pmf,stable,0.04640318695652179
2026-02-14,29,3,wk flu hosp rate change,2026-03-07,pmf,increase,0.0
2026-02-14,29,3,wk flu hosp rate change,2026-03-07,pmf,large_increase,0.0
2026-02-14,29,3,wk flu hosp rate change,2026-03-07,pmf,decrease,0.3396947542199489
2026-02-14,29,3,wk flu hosp rate change,2026-03-07,pmf,large_decrease,0.6139020588235293
2026-02-14,30,0,wk flu hosp rate change,2026-02-14,pmf,stable,0.20333333333333325
2026-02-14,30,0,wk flu hosp rate change,2026-02-14,pmf,increase,0.030000000000000027
2026-02-14,30,0,wk flu hosp rate change,2026-02-14,pmf,large_increase,0.0
2026-02-14,30,0,wk flu hosp rate change,2026-02-14,pmf,decrease,0.19585339170573346
2026-02-14,30,0,wk flu hosp rate change,2026-02-14,pmf,large_decrease,0.5708132749609333
2026-02-14,30,1,wk flu hosp rate change,2026-02-21,pmf,stable,0.10770736250914592
2026-02-14,30,1,wk flu hosp rate change,2026-02-21,pmf,increase,0.04456983176926077
2026-02-14,30,1,wk flu hosp rate change,2026-02-21,pmf,large_increase,0.0
2026-02-14,30,1,wk flu hosp rate change,2026-02-21,pmf,decrease,0.3079334815105378
2026-02-14,30,1,wk flu hosp rate change,2026-02-21,pmf,large_decrease,0.5397893242110555
2026-02-14,30,2,wk flu hosp rate change,2026-02-28,pmf,stable,0.11118282072591801
2026-02-14,30,2,wk flu hosp rate change,2026-02-28,pmf,increase,0.0672471786040334
2026-02-14,30,2,wk flu hosp rate change,2026-02-28,pmf,large_increase,0.010822720231021488
2026-02-14,30,2,wk flu hosp rate change,2026-02-28,pmf,decrease,0.3522359471056937
2026-02-14,30,2,wk flu hosp rate change,2026-02-28,pmf,large_decrease,0.4585113333333334
2026-02-14,30,3,wk flu hosp rate change,2026-03-07,pmf,stable,0.11618783424948564
2026-02-14,30,3,wk flu hosp rate change,2026-03-07,pmf,increase,0.08097100606086227
2026-02-14,30,3,wk flu hosp rate change,2026-03-07,pmf,large_increase,0.010465215245207604
2026-02-14,30,3,wk flu hosp rate change,2026-03-07,pmf,decrease,0.42814656944444446
2026-02-14,30,3,wk flu hosp rate change,2026-03-07,pmf,large_decrease,0.364229375
2026-02-14,31,0,wk flu hosp rate change,2026-02-14,pmf,stable,0.2708720858426149
2026-02-14,31,0,wk flu hosp rate change,2026-02-14,pmf,increase,0.14394355208333331
2026-02-14,31,0,wk flu hosp rate change,2026-02-14,pmf,large_increase,0.04980644791666666
2026-02-14,31,0,wk flu hosp rate change,2026-02-14,pmf,decrease,0.24903922665738515
2026-02-14,31,0,wk flu hosp rate change,2026-02-14,pmf,large_decrease,0.28633868749999997
2026-02-14,31,1,wk flu hosp rate change,2026-02-21,pmf,stable,0.21626597916666668
2026-02-14,31,1,wk flu hosp rate change,2026-02-21,pmf,increase,0.1112649912280701
2026-02-14,31,1,wk flu hosp rate change,2026-02-21,pmf,large_increase,0.03531059210526322
2026-02-14,31,1,wk flu hosp rate change,2026-02-21,pmf,decrease,0.4004122226793869
2026-02-14,31,1,wk flu hosp rate change,2026-02-21,pmf,large_decrease,0.2367462148206131
2026-02-14,31,2,wk flu hosp rate change,2026-02-28,pmf,stable,0.07685635294117643
2026-02-14,31,2,wk flu hosp rate change,2026-02-28,pmf,increase,0.0734168970588236
2026-02-14,31,2,wk flu hosp rate change,2026-02-28,pmf,large_increase,0.0
2026-02-14,31,2,wk flu hosp rate change,2026-02-28,pmf,decrease,0.49495848557459265
2026-02-14,31,2,wk flu hosp rate change,2026-02-28,pmf,large_decrease,0.3547682644254073
2026-02-14,31,3,wk flu hosp rate change,2026-03-07,pmf,stable,0.05677447580645156
2026-02-14,31,3,wk flu hosp rate change,2026-03-07,pmf,increase,0.033636250000000034
2026-02-14,31,3,wk flu hosp rate change,2026-03-07,pmf,large_increase,0.0
2026-02-14,31,3,wk flu hosp rate change,2026-03-07,pmf,decrease,0.7159781335811103
2026-02-14,31,3,wk flu hosp rate change,2026-03-07,pmf,large_decrease,0.19361114061243812
2026-02-14,32,0,wk flu hosp rate change,2026-02-14,pmf,stable,0.22499999999999998
2026-02-14,32,0,wk flu hosp rate change,2026-02-14,pmf,increase,0.09999999999999998
2026-02-14,32,0,wk flu hosp rate change,2026-02-14,pmf,large_increase,0.0
2026-02-14,32,0,wk flu hosp rate change,2026-02-14,pmf,decrease,0.629002380932924
2026-02-14,32,0,wk flu hosp rate change,2026-02-14,pmf,large_decrease,0.04599761906707604
2026-02-14,32,1,wk flu hosp rate change,2026-02-21,pmf,stable,0.20755252187500017
2026-02-14,32,1,wk flu hosp rate change,2026-02-21,pmf,increase,0.09582082812499992
2026-02-14,32,1,wk flu hosp rate change,2026-02-21,pmf,large_increase,0.0
2026-02-14,32,1,wk flu hosp rate change,2026-02-21,pmf,decrease,0.6966266499999999
2026-02-14,32,1,wk flu hosp rate change,2026-02-21,pmf,large_decrease,0.0
2026-02-14,32,2,wk flu hosp rate change,2026-02-28,pmf,stable,0.17718487472826083
2026-02-14,32,2,wk flu hosp rate change,2026-02-28,pmf,increase,0.07201680652173914
2026-02-14,32,2,wk flu hosp rate change,2026-02-28,pmf,large_increase,0.0
2026-02-14,32,2,wk flu hosp rate change,2026-02-28,pmf,decrease,0.75079831875
2026-02-14,32,2,wk flu hosp rate change,2026-02-28,pmf,large_decrease,0.0
2026-02-14,32,3,wk flu hosp rate change,2026-03-07,pmf,stable,0.25477780505952385
2026-02-14,32,3,wk flu hosp rate change,2026-03-07,pmf,increase,0.035755552083333364
2026-02-14,32,3,wk flu hosp rate change,2026-03-07,pmf,large_increase,0.0
2026-02-14,32,3,wk flu hosp rate change,2026-03-07,pmf,decrease,0.7094666428571428
2026-02-14,32,3,wk flu hosp rate change,2026-03-07,pmf,large_decrease,0.0
2026-02-14,33,0,wk flu hosp rate change,2026-02-14,pmf,stable,0.36691746125401925
2026-02-14,33,0,wk flu hosp rate change,2026-02-14,pmf,increase,0.0
2026-02-14,33,0,wk flu hosp rate change,2026-02-14,pmf,large_increase,0.0
2026-02-14,33,0,wk flu hosp rate change,2026-02-14,pmf,decrease,0.21949142871581984
2026-02-14,33,0,wk flu hosp rate change,2026-02-14,pmf,large_decrease,0.4135911100301609
2026-02-14,33,1,wk flu hosp rate change,2026-02-21,pmf,stable,0.23241582547682427
2026-02-14,33,1,wk flu hosp rate change,2026-02-21,pmf,increase,0.03541666666666665
2026-02-14,33,1,wk flu hosp rate change,2026-02-21,pmf,large_increase,0.0
2026-02-14,33,1,wk flu hosp rate change,2026-02-21,pmf,decrease,0.4957155078565092
2026-02-14,33,1,wk flu hosp rate change,2026-02-21,pmf,large_decrease,0.2364519999999999
2026-02-14,33,2,wk flu hosp rate change,2026-02-28,pmf,stable,0.13291889187470296
2026-02-14,33,2,wk flu hosp rate change,2026-02-28,pmf,increase,0.05384615384615388
2026-02-14,33,2,wk flu hosp rate change,2026-02-28,pmf,large_increase,0.0
2026-02-14,33,2,wk flu hosp rate change,2026-02-28,pmf,decrease,0.7630518310974805
2026-02-14,33,2,wk flu hosp rate change,2026-02-28,pmf,large_decrease,0.0501831231816626
2026-02-14,33,3,wk flu hosp rate change,2026-03-07,pmf,stable,0.19785700424262598
2026-02-14,33,3,wk flu hosp rate change,2026-03-07,pmf,increase,0.04806451851851856
2026-02-14,33,3,wk flu hosp rate change,2026-03-07,pmf,large_increase,0.0
2026-02-14,33,3,wk flu hosp rate change,2026-03-07,pmf,decrease,0.7540784772388555
2026-02-14,33,3,wk flu hosp rate change,2026-03-07,pmf,large_decrease,0.0
2026-02-14,34,0,wk flu hosp rate change,2026-02-14,pmf,stable,0.27209720354679306
2026-02-14,34,0,wk flu hosp rate change,2026-02-14,pmf,increase,0.2638747055555556
2026-02-14,34,0,wk flu hosp rate change,2026-02-14,pmf,large_increase,0.0
2026-02-14,34,0,wk flu hosp rate change,2026-02-14,pmf,decrease,0.46402809089765135
2026-02-14,34,0,wk flu hosp rate change,2026-02-14,pmf,large_decrease,0.0
2026-02-14,34,1,wk flu hosp rate change,2026-02-21,pmf,stable,0.2607257242481127
2026-02-14,34,1,wk flu hosp rate change,2026-02-21,pmf,increase,0.148178124308593
2026-02-14,34,1,wk flu hosp rate change,2026-02-21,pmf,large_increase,0.013541455599565322
2026-02-14,34,1,wk flu hosp rate change,2026-02-21,pmf,decrease,0.577554695843729
2026-02-14,34,1,wk flu hosp rate change,2026-02-21,pmf,large_decrease,0.0
2026-02-14,34,2,wk flu hosp rate change,2026-02-28,pmf,stable,0.2860003525
2026-02-14,34,2,wk flu hosp rate change,2026-02-28,pmf,increase,0.14255629866207953
2026-02-14,34,2,wk flu hosp rate change,2026-02-28,pmf,large_increase,0.01646320550458713
2026-02-14,34,2,wk flu hosp rate change,2026-02-28,pmf,decrease,0.5549801433333333
2026-02-14,34,2,wk flu hosp rate change,2026-02-28,pmf,large_decrease,0.0
2026-02-14,34,3,wk flu hosp rate change,2026-03-07,pmf,stable,0.3078309284946237
2026-02-14,34,3,wk flu hosp rate change,2026-03-07,pmf,increase,0.10886410483870967
2026-02-14,34,3,wk flu hosp rate change,2026-03-07,pmf,large_increase,0.0
2026-02-14,34,3,wk flu hosp rate change,2026-03-07,pmf,decrease,0.5833049666666666
2026-02-14,34,3,wk flu hosp rate change,2026-03-07,pmf,large_decrease,0.0
2026-02-14,35,0,wk flu hosp rate change,2026-02-14,pmf,stable,0.15326463389142053
2026-02-14,35,0,wk flu hosp rate change,2026-02-14,pmf,increase,0.15851673846153846
2026-02-14,35,0,wk flu hosp rate change,2026-02-14,pmf,large_increase,0.09148326153846154
2026-02-14,35,0,wk flu hosp rate change,2026-02-14,pmf,decrease,0.14422439718372448
2026-02-14,35,0,wk flu hosp rate change,2026-02-14,pmf,large_decrease,0.452510968924855
2026-02-14,35,1,wk flu hosp rate change,2026-02-21,pmf,stable,0.10737235511656196
2026-02-14,35,1,wk flu hosp rate change,2026-02-21,pmf,increase,0.16201203322043345
2026-02-14,35,1,wk flu hosp rate change,2026-02-21,pmf,large_increase,0.08736012946816873
2026-02-14,35,1,wk flu hosp rate change,2026-02-21,pmf,decrease,0.33941215405772507
2026-02-14,35,1,wk flu hosp rate change,2026-02-21,pmf,large_decrease,0.3038433281371108
2026-02-14,35,2,wk flu hosp rate change,2026-02-28,pmf,stable,0.07511873732718899
2026-02-14,35,2,wk flu hosp rate change,2026-02-28,pmf,increase,0.07717809238709672
2026-02-14,35,2,wk flu hosp rate change,2026-02-28,pmf,large_increase,0.011673856000000038
2026-02-14,35,2,wk flu hosp rate change,2026-02-28,pmf,decrease,0.6060933142857142
2026-02-14,35,2,wk flu hosp rate change,2026-02-28,pmf,large_decrease,0.229936
2026-02-14,35,3,wk flu hosp rate change,2026-03-07,pmf,stable,0.121924645962733
2026-02-14,35,3,wk flu hosp rate change,2026-03-07,pmf,increase,0.14211378260869556
2026-02-14,35,3,wk flu hosp rate change,2026-03-07,pmf,large_increase,0.04418500000000003
2026-02-14,35,3,wk flu hosp rate change,2026-03-07,pmf,decrease,0.46698990476190483
2026-02-14,35,3,wk flu hosp rate change,2026-03-07,pmf,large_decrease,0.2247866666666666
2026-02-14,36,0,wk flu hosp rate change,2026-02-14,pmf,stable,0.32326682424242426
2026-02-14,36,0,wk flu hosp rate change,2026-02-14,pmf,increase,0.05840710909090907
2026-02-14,36,0,wk flu hosp rate change,2026-02-14,pmf,large_increase,0.0
2026-02-14,36,0,wk flu hosp rate change,2026-02-14,pmf,decrease,0.6183260666666667
2026-02-14,36,0,wk flu hosp rate change,2026-02-14,pmf,large_decrease,0.0
2026-02-14,36,1,wk flu hosp rate change,2026-02-21,pmf,stable,0.31426795135135144
2026-02-14,36,1,wk flu hosp rate change,2026-02-21,pmf,increase,0.1265726486486486
2026-02-14,36,1,wk flu hosp rate change,2026-02-21,pmf,large_increase,0.0
2026-02-14,36,1,wk flu hosp rate change,2026-02-21,pmf,decrease,0.5591594
2026-02-14,36,1,wk flu hosp rate change,2026-02-21,pmf,large_decrease,0.0
2026-02-14,36,2,wk flu hosp rate change,2026-02-28,pmf,stable,0.33473433333333324
2026-02-14,36,2,wk flu hosp rate change,2026-02-28,pmf,increase,0.11332969999999998
2026-02-14,36,2,wk flu hosp rate change,2026-02-28,pmf,large_increase,0.0
2026-02-14,36,2,wk flu hosp rate change,2026-02-28,pmf,decrease,0.5519359666666668
2026-02-14,36,2,wk flu hosp rate change,2026-02-28,pmf,large_decrease,0.0
2026-02-14,36,3,wk flu hosp rate change,2026-03-07,pmf,stable,0.3877848388157895
2026-02-14,36,3,wk flu hosp rate change,2026-03-07,pmf,increase,0.1087216875
2026-02-14,36,3,wk flu hosp rate change,2026-03-07,pmf,large_increase,0.0
2026-02-14,36,3,wk flu hosp rate change,2026-03-07,pmf,decrease,0.5034934736842105
2026-02-14,36,3,wk flu hosp rate change,2026-03-07,pmf,large_decrease,0.0
2026-02-14,37,0,wk flu hosp rate change,2026-02-14,pmf,stable,0.13615253270007543
2026-02-14,37,0,wk flu hosp rate change,2026-02-14,pmf,increase,0.25209924698728625
2026-02-14,37,0,wk flu hosp rate change,2026-02-14,pmf,large_increase,0.019608795999999984
2026-02-14,37,0,wk flu hosp rate change,2026-02-14,pmf,decrease,0.4203007362997472
2026-02-14,37,0,wk flu hosp rate change,2026-02-14,pmf,large_decrease,0.17183868801289112
2026-02-14,37,1,wk flu hosp rate change,2026-02-21,pmf,stable,0.09367922794531158
2026-02-14,37,1,wk flu hosp rate change,2026-02-21,pmf,increase,0.16506584565924642
2026-02-14,37,1,wk flu hosp rate change,2026-02-21,pmf,large_increase,0.03102147826086954
2026-02-14,37,1,wk flu hosp rate change,2026-02-21,pmf,decrease,0.7102334481345725
2026-02-14,37,1,wk flu hosp rate change,2026-02-21,pmf,large_decrease,0.0
2026-02-14,37,2,wk flu hosp rate change,2026-02-28,pmf,stable,0.1052217689096192
2026-02-14,37,2,wk flu hosp rate change,2026-02-28,pmf,increase,0.13946717551020416
2026-02-14,37,2,wk flu hosp rate change,2026-02-28,pmf,large_increase,0.0
2026-02-14,37,2,wk flu hosp rate change,2026-02-28,pmf,decrease,0.7553110555801766
2026-02-14,37,2,wk flu hosp rate change,2026-02-28,pmf,large_decrease,0.0
2026-02-14,37,3,wk flu hosp rate change,2026-03-07,pmf,stable,0.15636991299873682
2026-02-14,37,3,wk flu hosp rate change,2026-03-07,pmf,increase,0.12283734999999996
2026-02-14,37,3,wk flu hosp rate change,2026-03-07,pmf,large_increase,0.0
2026-02-14,37,3,wk flu hosp rate change,2026-03-07,pmf,decrease,0.7207927370012632
2026-02-14,37,3,wk flu hosp rate change,2026-03-07,pmf,large_decrease,0.0
2026-02-14,38,0,wk flu hosp rate change,2026-02-14,pmf,stable,0.45022516532177803
2026-02-14,38,0,wk flu hosp rate change,2026-02-14,pmf,increase,0.07770827999999996
2026-02-14,38,0,wk flu hosp rate change,2026-02-14,pmf,large_increase,0.04729172000000004
2026-02-14,38,0,wk flu hosp rate change,2026-02-14,pmf,decrease,0.0788150813114421
2026-02-14,38,0,wk flu hosp rate change,2026-02-14,pmf,large_decrease,0.34595975336677987
2026-02-14,38,1,wk flu hosp rate change,2026-02-21,pmf,stable,0.38055555555555554
2026-02-14,38,1,wk flu hosp rate change,2026-02-21,pmf,increase,0.06082511111111111
2026-02-14,38,1,wk flu hosp rate change,2026-02-21,pmf,large_increase,0.033619333333333334
2026-02-14,38,1,wk flu hosp rate change,2026-02-21,pmf,decrease,0.32122639046279317
2026-02-14,38,1,wk flu hosp rate change,2026-02-21,pmf,large_decrease,0.20377360953720686
2026-02-14,38,2,wk flu hosp rate change,2026-02-28,pmf,stable,0.148076923076923
2026-02-14,38,2,wk flu hosp rate change,2026-02-28,pmf,increase,0.058001476923077
2026-02-14,38,2,wk flu hosp rate change,2026-02-28,pmf,large_increase,0.018921599999999983
2026-02-14,38,2,wk flu hosp rate change,2026-02-28,pmf,decrease,0.5906851080038709
2026-02-14,38,2,wk flu hosp rate change,2026-02-28,pmf,large_decrease,0.18431489199612916
2026-02-14,38,3,wk flu hosp rate change,2026-03-07,pmf,stable,0.09196428571428561
2026-02-14,38,3,wk flu hosp rate change,2026-03-07,pmf,increase,0.04375000000000007
2026-02-14,38,3,wk flu hosp rate change,2026-03-07,pmf,large_increase,0.0
2026-02-14,38,3,wk flu hosp rate change,2026-03-07,pmf,decrease,0.8445539725054363
2026-02-14,38,3,wk flu hosp rate change,2026-03-07,pmf,large_decrease,0.01973174178027804
2026-02-14,39,0,wk flu hosp rate change,2026-02-14,pmf,stable,0.09573633167504714
2026-02-14,39,0,wk flu hosp rate change,2026-02-14,pmf,increase,0.21993837722331666
2026-02-14,39,0,wk flu hosp rate change,2026-02-14,pmf,large_increase,0.09088809350649352
2026-02-14,39,0,wk flu hosp rate change,2026-02-14,pmf,decrease,0.4237429028583006
2026-02-14,39,0,wk flu hosp rate change,2026-02-14,pmf,large_decrease,0.1696942947368421
2026-02-14,39,1,wk flu hosp rate change,2026-02-21,pmf,stable,0.11604333120088717
2026-02-14,39,1,wk flu hosp rate change,2026-02-21,pmf,increase,0.17124656839853025
2026-02-14,39,1,wk flu hosp rate change,2026-02-21,pmf,large_increase,0.044613607092874985
2026-02-14,39,1,wk flu hosp rate change,2026-02-21,pmf,decrease,0.6058451226788094
2026-02-14,39,1,wk flu hosp rate change,2026-02-21,pmf,large_decrease,0.06225137062889814
2026-02-14,39,2,wk flu hosp rate change,2026-02-28,pmf,stable,0.09192061207166213
2026-02-14,39,2,wk flu hosp rate change,2026-02-28,pmf,increase,0.15260929424544434
2026-02-14,39,2,wk flu hosp rate change,2026-02-28,pmf,large_increase,0.04541664157675762
2026-02-14,39,2,wk flu hosp rate change,2026-02-28,pmf,decrease,0.7100534521061359
2026-02-14,39,2,wk flu hosp rate change,2026-02-28,pmf,large_decrease,0.0
2026-02-14,39,3,wk flu hosp rate change,2026-03-07,pmf,stable,0.11032780086590332
2026-02-14,39,3,wk flu hosp rate change,2026-03-07,pmf,increase,0.13834489846766873
2026-02-14,39,3,wk flu hosp rate change,2026-03-07,pmf,large_increase,0.025390382978723425
2026-02-14,39,3,wk flu hosp rate change,2026-03-07,pmf,decrease,0.7259369176877045
2026-02-14,39,3,wk flu hosp rate change,2026-03-07,pmf,large_decrease,0.0
2026-02-14,40,0,wk flu hosp rate change,2026-02-14,pmf,stable,0.05666681498089132
2026-02-14,40,0,wk flu hosp rate change,2026-02-14,pmf,increase,0.04436029078947368
2026-02-14,40,0,wk flu hosp rate change,2026-02-14,pmf,large_increase,0.0
2026-02-14,40,0,wk flu hosp rate change,2026-02-14,pmf,decrease,0.24582023589630175
2026-02-14,40,0,wk flu hosp rate change,2026-02-14,pmf,large_decrease,0.6531526583333332
2026-02-14,40,1,wk flu hosp rate change,2026-02-21,pmf,stable,0.051944879326923044
2026-02-14,40,1,wk flu hosp rate change,2026-02-21,pmf,increase,0.028153793750000045
2026-02-14,40,1,wk flu hosp rate change,2026-02-21,pmf,large_increase,0.0
2026-02-14,40,1,wk flu hosp rate change,2026-02-21,pmf,decrease,0.502466826923077
2026-02-14,40,1,wk flu hosp rate change,2026-02-21,pmf,large_decrease,0.41743449999999993
2026-02-14,40,2,wk flu hosp rate change,2026-02-28,pmf,stable,0.0388583100643205
2026-02-14,40,2,wk flu hosp rate change,2026-02-28,pmf,increase,0.0
2026-02-14,40,2,wk flu hosp rate change,2026-02-28,pmf,large_increase,0.0
2026-02-14,40,2,wk flu hosp rate change,2026-02-28,pmf,decrease,0.5713381899356793
2026-02-14,40,2,wk flu hosp rate change,2026-02-28,pmf,large_decrease,0.38980350000000014
2026-02-14,40,3,wk flu hosp rate change,2026-03-07,pmf,stable,0.06873712961474043
2026-02-14,40,3,wk flu hosp rate change,2026-03-07,pmf,increase,0.0
2026-02-14,40,3,wk flu hosp rate change,2026-03-07,pmf,large_increase,0.0
2026-02-14,40,3,wk flu hosp rate change,2026-03-07,pmf,decrease,0.7283834953852593
2026-02-14,40,3,wk flu hosp rate change,2026-03-07,pmf,large_decrease,0.20287937500000025
2026-02-14,41,0,wk flu hosp rate change,2026-02-14,pmf,stable,0.012565797058823547
2026-02-14,41,0,wk flu hosp rate change,2026-02-14,pmf,increase,0.027050434803921553
2026-02-14,41,0,wk flu hosp rate change,2026-02-14,pmf,large_increase,0.0
2026-02-14,41,0,wk flu hosp rate change,2026-02-14,pmf,decrease,0.07302068136151829
2026-02-14,41,0,wk flu hosp rate change,2026-02-14,pmf,large_decrease,0.8873630867757366
2026-02-14,41,1,wk flu hosp rate change,2026-02-21,pmf,stable,0.020136824067995107
2026-02-14,41,1,wk flu hosp rate change,2026-02-21,pmf,increase,0.05878465486304407
2026-02-14,41,1,wk flu hosp rate change,2026-02-21,pmf,large_increase,0.0
2026-02-14,41,1,wk flu hosp rate change,2026-02-21,pmf,decrease,0.09378801113941637
2026-02-14,41,1,wk flu hosp rate change,2026-02-21,pmf,large_decrease,0.8272905099295444
2026-02-14,41,2,wk flu hosp rate change,2026-02-28,pmf,stable,0.019622842214285785
2026-02-14,41,2,wk flu hosp rate change,2026-02-28,pmf,increase,0.0
2026-02-14,41,2,wk flu hosp rate change,2026-02-28,pmf,large_increase,0.0
2026-02-14,41,2,wk flu hosp rate change,2026-02-28,pmf,decrease,0.09314538000793637
2026-02-14,41,2,wk flu hosp rate change,2026-02-28,pmf,large_decrease,0.8872317777777778
2026-02-14,41,3,wk flu hosp rate change,2026-03-07,pmf,stable,0.03234238803921563
2026-02-14,41,3,wk flu hosp rate change,2026-03-07,pmf,increase,0.022140085294117706
2026-02-14,41,3,wk flu hosp rate change,2026-03-07,pmf,large_increase,0.0
2026-02-14,41,3,wk flu hosp rate change,2026-03-07,pmf,decrease,0.17934261287356323
2026-02-14,41,3,wk flu hosp rate change,2026-03-07,pmf,large_decrease,0.7661749137931034
2026-02-14,42,0,wk flu hosp rate change,2026-02-14,pmf,stable,0.09487688011163331
2026-02-14,42,0,wk flu hosp rate change,2026-02-14,pmf,increase,0.08923505084782613
2026-02-14,42,0,wk flu hosp rate change,2026-02-14,pmf,large_increase,0.014855978499999978
2026-02-14,42,0,wk flu hosp rate change,2026-02-14,pmf,decrease,0.26283243981005544
2026-02-14,42,0,wk flu hosp rate change,2026-02-14,pmf,large_decrease,0.5381996507304851
2026-02-14,42,1,wk flu hosp rate change,2026-02-21,pmf,stable,0.07697190851608182
2026-02-14,42,1,wk flu hosp rate change,2026-02-21,pmf,increase,0.08369470940649493
2026-02-14,42,1,wk flu hosp rate change,2026-02-21,pmf,large_increase,0.02294015638297875
2026-02-14,42,1,wk flu hosp rate change,2026-02-21,pmf,decrease,0.41521272569444445
2026-02-14,42,1,wk flu hosp rate change,2026-02-21,pmf,large_decrease,0.40118050000000005
2026-02-14,42,2,wk flu hosp rate change,2026-02-28,pmf,stable,0.0602572156640776
2026-02-14,42,2,wk flu hosp rate change,2026-02-28,pmf,increase,0.0633343840109224
2026-02-14,42,2,wk flu hosp rate change,2026-02-28,pmf,large_increase,0.016628903124999983
2026-02-14,42,2,wk flu hosp rate change,2026-02-28,pmf,decrease,0.42790456862857146
2026-02-14,42,2,wk flu hosp rate change,2026-02-28,pmf,large_decrease,0.43187492857142856
2026-02-14,42,3,wk flu hosp rate change,2026-03-07,pmf,stable,0.05922916458477234
2026-02-14,42,3,wk flu hosp rate change,2026-03-07,pmf,increase,0.04495204084158422
2026-02-14,42,3,wk flu hosp rate change,2026-03-07,pmf,large_increase,0.0
2026-02-14,42,3,wk flu hosp rate change,2026-03-07,pmf,decrease,0.5810870088593578
2026-02-14,42,3,wk flu hosp rate change,2026-03-07,pmf,large_decrease,0.3147317857142856
2026-02-14,44,0,wk flu hosp rate change,2026-02-14,pmf,stable,0.6681065089013993
2026-02-14,44,0,wk flu hosp rate change,2026-02-14,pmf,increase,0.07704617999999996
2026-02-14,44,0,wk flu hosp rate change,2026-02-14,pmf,large_increase,0.010453820000000058
2026-02-14,44,0,wk flu hosp rate change,2026-02-14,pmf,decrease,0.24439349109860062
2026-02-14,44,0,wk flu hosp rate change,2026-02-14,pmf,large_decrease,0.0
2026-02-14,44,1,wk flu hosp rate change,2026-02-21,pmf,stable,0.475
2026-02-14,44,1,wk flu hosp rate change,2026-02-21,pmf,increase,0.135528875
2026-02-14,44,1,wk flu hosp rate change,2026-02-21,pmf,large_increase,0.03947112500000005
2026-02-14,44,1,wk flu hosp rate change,2026-02-21,pmf,decrease,0.35
2026-02-14,44,1,wk flu hosp rate change,2026-02-21,pmf,large_decrease,0.0
2026-02-14,44,2,wk flu hosp rate change,2026-02-28,pmf,stable,0.36250000000000004
2026-02-14,44,2,wk flu hosp rate change,2026-02-28,pmf,increase,0.16249999999999998
2026-02-14,44,2,wk flu hosp rate change,2026-02-28,pmf,large_increase,0.0
2026-02-14,44,2,wk flu hosp rate change,2026-02-28,pmf,decrease,0.475
2026-02-14,44,2,wk flu hosp rate change,2026-02-28,pmf,large_decrease,0.0
2026-02-14,44,3,wk flu hosp rate change,2026-03-07,pmf,stable,0.27884624999999996
2026-02-14,44,3,wk flu hosp rate change,2026-03-07,pmf,increase,0.15500000000000003
2026-02-14,44,3,wk flu hosp rate change,2026-03-07,pmf,large_increase,0.019230749999999963
2026-02-14,44,3,wk flu hosp rate change,2026-03-07,pmf,decrease,0.546923
2026-02-14,44,3,wk flu hosp rate change,2026-03-07,pmf,large_decrease,0.0
2026-02-14,45,0,wk flu hosp rate change,2026-02-14,pmf,stable,0.10336818993786101
2026-02-14,45,0,wk flu hosp rate change,2026-02-14,pmf,increase,0.07038930238095242
2026-02-14,45,0,wk flu hosp rate change,2026-02-14,pmf,large_increase,0.0
2026-02-14,45,0,wk flu hosp rate change,2026-02-14,pmf,decrease,0.19890854682423642
2026-02-14,45,0,wk flu hosp rate change,2026-02-14,pmf,large_decrease,0.6273339608569501
2026-02-14,45,1,wk flu hosp rate change,2026-02-21,pmf,stable,0.04057532885404336
2026-02-14,45,1,wk flu hosp rate change,2026-02-21,pmf,increase,0.04842715300955314
2026-02-14,45,1,wk flu hosp rate change,2026-02-21,pmf,large_increase,0.0
2026-02-14,45,1,wk flu hosp rate change,2026-02-21,pmf,decrease,0.5374812200208378
2026-02-14,45,1,wk flu hosp rate change,2026-02-21,pmf,large_decrease,0.37351629811556575
2026-02-14,45,2,wk flu hosp rate change,2026-02-28,pmf,stable,0.07698646478560955
2026-02-14,45,2,wk flu hosp rate change,2026-02-28,pmf,increase,0.07012508517846006
2026-02-14,45,2,wk flu hosp rate change,2026-02-28,pmf,large_increase,0.0
2026-02-14,45,2,wk flu hosp rate change,2026-02-28,pmf,decrease,0.7696249993219311
2026-02-14,45,2,wk flu hosp rate change,2026-02-28,pmf,large_decrease,0.08326345071399929
2026-02-14,45,3,wk flu hosp rate change,2026-03-07,pmf,stable,0.12753304637893836
2026-02-14,45,3,wk flu hosp rate change,2026-03-07,pmf,increase,0.08658863269027894
2026-02-14,45,3,wk flu hosp rate change,2026-03-07,pmf,large_increase,0.012956240285621368
2026-02-14,45,3,wk flu hosp rate change,2026-03-07,pmf,decrease,0.7729220806451613
2026-02-14,45,3,wk flu hosp rate change,2026-03-07,pmf,large_decrease,0.0
2026-02-14,46,0,wk flu hosp rate change,2026-02-14,pmf,stable,0.423713854314831
2026-02-14,46,0,wk flu hosp rate change,2026-02-14,pmf,increase,0.06460536986140208
2026-02-14,46,0,wk flu hosp rate change,2026-02-14,pmf,large_increase,0.08668077582376688
2026-02-14,46,0,wk flu hosp rate change,2026-02-14,pmf,decrease,0.16798432500000005
2026-02-14,46,0,wk flu hosp rate change,2026-02-14,pmf,large_decrease,0.257015675
2026-02-14,46,1,wk flu hosp rate change,2026-02-21,pmf,stable,0.22814956449315438
2026-02-14,46,1,wk flu hosp rate change,2026-02-21,pmf,increase,0.08444581287430197
2026-02-14,46,1,wk flu hosp rate change,2026-02-21,pmf,large_increase,0.06302827641572384
2026-02-14,46,1,wk flu hosp rate change,2026-02-21,pmf,decrease,0.38671084621681984
2026-02-14,46,1,wk flu hosp rate change,2026-02-21,pmf,large_decrease,0.2376655
2026-02-14,46,2,wk flu hosp rate change,2026-02-28,pmf,stable,0.2142493348837995
2026-02-14,46,2,wk flu hosp rate change,2026-02-28,pmf,increase,0.10680012727272725
2026-02-14,46,2,wk flu hosp rate change,2026-02-28,pmf,large_increase,0.018199872727272748
2026-02-14,46,2,wk flu hosp rate change,2026-02-28,pmf,decrease,0.4544324251881141
2026-02-14,46,2,wk flu hosp rate change,2026-02-28,pmf,large_decrease,0.20631823992808643
2026-02-14,46,3,wk flu hosp rate change,2026-03-07,pmf,stable,0.16186698989213066
2026-02-14,46,3,wk flu hosp rate change,2026-03-07,pmf,increase,0.12052549294141646
2026-02-14,46,3,wk flu hosp rate change,2026-03-07,pmf,large_increase,0.017607517166452924
2026-02-14,46,3,wk flu hosp rate change,2026-03-07,pmf,decrease,0.5582853408270203
2026-02-14,46,3,wk flu hosp rate change,2026-03-07,pmf,large_decrease,0.14171465917297965
2026-02-14,47,0,wk flu hosp rate change,2026-02-14,pmf,stable,0.11419807956574568
2026-02-14,47,0,wk flu hosp rate change,2026-02-14,pmf,increase,0.1688982566569749
2026-02-14,47,0,wk flu hosp rate change,2026-02-14,pmf,large_increase,0.0443128686326395
2026-02-14,47,0,wk flu hosp rate change,2026-02-14,pmf,decrease,0.6083714769628217
2026-02-14,47,0,wk flu hosp rate change,2026-02-14,pmf,large_decrease,0.06421931818181822
2026-02-14,47,1,wk flu hosp rate change,2026-02-21,pmf,stable,0.14972552083333335
2026-02-14,47,1,wk flu hosp rate change,2026-02-21,pmf,increase,0.1639311201109135
2026-02-14,47,1,wk flu hosp rate change,2026-02-21,pmf,large_increase,0.028395442389086534
2026-02-14,47,1,wk flu hosp rate change,2026-02-21,pmf,decrease,0.6090899018771647
2026-02-14,47,1,wk flu hosp rate change,2026-02-21,pmf,large_decrease,0.048858014789501865
2026-02-14,47,2,wk flu hosp rate change,2026-02-28,pmf,stable,0.182886590012158
2026-02-14,47,2,wk flu hosp rate change,2026-02-28,pmf,increase,0.13085143082117534
2026-02-14,47,2,wk flu hosp rate change,2026-02-28,pmf,large_increase,0.0
2026-02-14,47,2,wk flu hosp rate change,2026-02-28,pmf,decrease,0.6862619791666666
2026-02-14,47,2,wk flu hosp rate change,2026-02-28,pmf,large_decrease,0.0
2026-02-14,47,3,wk flu hosp rate change,2026-03-07,pmf,stable,0.17664090177133662
2026-02-14,47,3,wk flu hosp rate change,2026-03-07,pmf,increase,0.11646557971014493
2026-02-14,47,3,wk flu hosp rate change,2026-03-07,pmf,large_increase,0.0
2026-02-14,47,3,wk flu hosp rate change,2026-03-07,pmf,decrease,0.7068935185185184
2026-02-14,47,3,wk flu hosp rate change,2026-03-07,pmf,large_decrease,0.0
2026-02-14,48,0,wk flu hosp rate change,2026-02-14,pmf,stable,0.15201640337758893
2026-02-14,48,0,wk flu hosp rate change,2026-02-14,pmf,increase,0.2381626074428571
2026-02-14,48,0,wk flu hosp rate change,2026-02-14,pmf,large_increase,0.011058380950000002
2026-02-14,48,0,wk flu hosp rate change,2026-02-14,pmf,decrease,0.5302580905372463
2026-02-14,48,0,wk flu hosp rate change,2026-02-14,pmf,large_decrease,0.0685045176923077
2026-02-14,48,1,wk flu hosp rate change,2026-02-21,pmf,stable,0.19407004069530875
2026-02-14,48,1,wk flu hosp rate change,2026-02-21,pmf,increase,0.09929070664739881
2026-02-14,48,1,wk flu hosp rate change,2026-02-21,pmf,large_increase,0.0
2026-02-14,48,1,wk flu hosp rate change,2026-02-21,pmf,decrease,0.6932060448986718
2026-02-14,48,1,wk flu hosp rate change,2026-02-21,pmf,large_decrease,0.01343320775862068
2026-02-14,48,2,wk flu hosp rate change,2026-02-28,pmf,stable,0.19028039841900024
2026-02-14,48,2,wk flu hosp rate change,2026-02-28,pmf,increase,0.05897792235023047
2026-02-14,48,2,wk flu hosp rate change,2026-02-28,pmf,large_increase,0.0
2026-02-14,48,2,wk flu hosp rate change,2026-02-28,pmf,decrease,0.7507416792307693
2026-02-14,48,2,wk flu hosp rate change,2026-02-28,pmf,large_decrease,0.0
2026-02-14,48,3,wk flu hosp rate change,2026-03-07,pmf,stable,0.1765614456243032
2026-02-14,48,3,wk flu hosp rate change,2026-03-07,pmf,increase,0.03870561847826093
2026-02-14,48,3,wk flu hosp rate change,2026-03-07,pmf,large_increase,0.0
2026-02-14,48,3,wk flu hosp rate change,2026-03-07,pmf,decrease,0.7847329358974359
2026-02-14,48,3,wk flu hosp rate change,2026-03-07,pmf,large_decrease,0.0
2026-02-14,49,0,wk flu hosp rate change,2026-02-14,pmf,stable,0.3009501578878536
2026-02-14,49,0,wk flu hosp rate change,2026-02-14,pmf,increase,0.26489161000000006
2026-02-14,49,0,wk flu hosp rate change,2026-02-14,pmf,large_increase,0.0
2026-02-14,49,0,wk flu hosp rate change,2026-02-14,pmf,decrease,0.4341582321121463
2026-02-14,49,0,wk flu hosp rate change,2026-02-14,pmf,large_decrease,0.0
2026-02-14,49,1,wk flu hosp rate change,2026-02-21,pmf,stable,0.2871252450647588
2026-02-14,49,1,wk flu hosp rate change,2026-02-21,pmf,increase,0.20883791879955094
2026-02-14,49,1,wk flu hosp rate change,2026-02-21,pmf,large_increase,0.0
2026-02-14,49,1,wk flu hosp rate change,2026-02-21,pmf,decrease,0.5040368361356903
2026-02-14,49,1,wk flu hosp rate change,2026-02-21,pmf,large_decrease,0.0
2026-02-14,49,2,wk flu hosp rate change,2026-02-28,pmf,stable,0.34061106089066084
2026-02-14,49,2,wk flu hosp rate change,2026-02-28,pmf,increase,0.09812396071428564
2026-02-14,49,2,wk flu hosp rate change,2026-02-28,pmf,large_increase,0.0
2026-02-14,49,2,wk flu hosp rate change,2026-02-28,pmf,decrease,0.5612649783950535
2026-02-14,49,2,wk flu hosp rate change,2026-02-28,pmf,large_decrease,0.0
2026-02-14,49,3,wk flu hosp rate change,2026-03-07,pmf,stable,0.3832544542007129
2026-02-14,49,3,wk flu hosp rate change,2026-03-07,pmf,increase,0.09724847297297301
2026-02-14,49,3,wk flu hosp rate change,2026-03-07,pmf,large_increase,0.0
2026-02-14,49,3,wk flu hosp rate change,2026-03-07,pmf,decrease,0.5194970728263141
2026-02-14,49,3,wk flu hosp rate change,2026-03-07,pmf,large_decrease,0.0
2026-02-14,50,0,wk flu hosp rate change,2026-02-14,pmf,stable,0.6256408956244274
2026-02-14,50,0,wk flu hosp rate change,2026-02-14,pmf,increase,0.015477954103696123
2026-02-14,50,0,wk flu hosp rate change,2026-02-14,pmf,large_increase,0.04983407054797295
2026-02-14,50,0,wk flu hosp rate change,2026-02-14,pmf,decrease,0.030301004649712582
2026-02-14,50,0,wk flu hosp rate change,2026-02-14,pmf,large_decrease,0.27874607507419097
2026-02-14,50,1,wk flu hosp rate change,2026-02-21,pmf,stable,0.5534438388585966
2026-02-14,50,1,wk flu hosp rate change,2026-02-21,pmf,increase,0.0681043143517992
2026-02-14,50,1,wk flu hosp rate change,2026-02-21,pmf,large_increase,0.025982914516169853
2026-02-14,50,1,wk flu hosp rate change,2026-02-21,pmf,decrease,0.2204325453079038
2026-02-14,50,1,wk flu hosp rate change,2026-02-21,pmf,large_decrease,0.13203638696553055
2026-02-14,50,2,wk flu hosp rate change,2026-02-28,pmf,stable,0.48357172705015833
2026-02-14,50,2,wk flu hosp rate change,2026-02-28,pmf,increase,0.06487082857142856
2026-02-14,50,2,wk flu hosp rate change,2026-02-28,pmf,large_increase,0.010129171428571393
2026-02-14,50,2,wk flu hosp rate change,2026-02-28,pmf,decrease,0.381048606660688
2026-02-14,50,2,wk flu hosp rate change,2026-02-28,pmf,large_decrease,0.06037966628915369
2026-02-14,50,3,wk flu hosp rate change,2026-03-07,pmf,stable,0.4188204485184356
2026-02-14,50,3,wk flu hosp rate change,2026-03-07,pmf,increase,0.11348515196807385
2026-02-14,50,3,wk flu hosp rate change,2026-03-07,pmf,large_increase,0.023723701148994913
2026-02-14,50,3,wk flu hosp rate change,2026-03-07,pmf,decrease,0.44397069836449565
2026-02-14,50,3,wk flu hosp rate change,2026-03-07,pmf,large_decrease,0.0
2026-02-14,51,0,wk flu hosp rate change,2026-02-14,pmf,stable,0.2654749460346104
2026-02-14,51,0,wk flu hosp rate change,2026-02-14,pmf,increase,0.1927272325
2026-02-14,51,0,wk flu hosp rate change,2026-02-14,pmf,large_increase,0.010104842499999989
2026-02-14,51,0,wk flu hosp rate change,2026-02-14,pmf,decrease,0.5316929789653896
2026-02-14,51,0,wk flu hosp rate change,2026-02-14,pmf,large_decrease,0.0
2026-02-14,51,1,wk flu hosp rate change,2026-02-21,pmf,stable,0.20212066911764703
2026-02-14,51,1,wk flu hosp rate change,2026-02-21,pmf,increase,0.15364411146439594
2026-02-14,51,1,wk flu hosp rate change,2026-02-21,pmf,large_increase,0.01792926353560409
2026-02-14,51,1,wk flu hosp rate change,2026-02-21,pmf,decrease,0.6263059558823529
2026-02-14,51,1,wk flu hosp rate change,2026-02-21,pmf,large_decrease,0.0
2026-02-14,51,2,wk flu hosp rate change,2026-02-28,pmf,stable,0.1836362761824324
2026-02-14,51,2,wk flu hosp rate change,2026-02-28,pmf,increase,0.12611031756756763
2026-02-14,51,2,wk flu hosp rate change,2026-02-28,pmf,large_increase,0.0
2026-02-14,51,2,wk flu hosp rate change,2026-02-28,pmf,decrease,0.69025340625
2026-02-14,51,2,wk flu hosp rate change,2026-02-28,pmf,large_decrease,0.0
2026-02-14,51,3,wk flu hosp rate change,2026-03-07,pmf,stable,0.17761185322299655
2026-02-14,51,3,wk flu hosp rate change,2026-03-07,pmf,increase,0.09223091463414634
2026-02-14,51,3,wk flu hosp rate change,2026-03-07,pmf,large_increase,0.0
2026-02-14,51,3,wk flu hosp rate change,2026-03-07,pmf,decrease,0.7301572321428571
2026-02-14,51,3,wk flu hosp rate change,2026-03-07,pmf,large_decrease,0.0
2026-02-14,53,0,wk flu hosp rate change,2026-02-14,pmf,stable,0.23416497410200715
2026-02-14,53,0,wk flu hosp rate change,2026-02-14,pmf,increase,0.37317725588284933
2026-02-14,53,0,wk flu hosp rate change,2026-02-14,pmf,large_increase,0.09333466041865868
2026-02-14,53,0,wk flu hosp rate change,2026-02-14,pmf,decrease,0.29932310959648484
2026-02-14,53,0,wk flu hosp rate change,2026-02-14,pmf,large_decrease,0.0
2026-02-14,53,1,wk flu hosp rate change,2026-02-21,pmf,stable,0.2344009073701866
2026-02-14,53,1,wk flu hosp rate change,2026-02-21,pmf,increase,0.25231645541241277
2026-02-14,53,1,wk flu hosp rate change,2026-02-21,pmf,large_increase,0.04039564814814822
2026-02-14,53,1,wk flu hosp rate change,2026-02-21,pmf,decrease,0.4728869890692524
2026-02-14,53,1,wk flu hosp rate change,2026-02-21,pmf,large_decrease,0.0
2026-02-14,53,2,wk flu hosp rate change,2026-02-28,pmf,stable,0.25178211153846153
2026-02-14,53,2,wk flu hosp rate change,2026-02-28,pmf,increase,0.17748603846153843
2026-02-14,53,2,wk flu hosp rate change,2026-02-28,pmf,large_increase,0.0
2026-02-14,53,2,wk flu hosp rate change,2026-02-28,pmf,decrease,0.57073185
2026-02-14,53,2,wk flu hosp rate change,2026-02-28,pmf,large_decrease,0.0
2026-02-14,53,3,wk flu hosp rate change,2026-03-07,pmf,stable,0.28180527788830245
2026-02-14,53,3,wk flu hosp rate change,2026-03-07,pmf,increase,0.08904433810226042
2026-02-14,53,3,wk flu hosp rate change,2026-03-07,pmf,large_increase,0.0
2026-02-14,53,3,wk flu hosp rate change,2026-03-07,pmf,decrease,0.6291503840094371
2026-02-14,53,3,wk flu hosp rate change,2026-03-07,pmf,large_decrease,0.0
2026-02-14,54,0,wk flu hosp rate change,2026-02-14,pmf,stable,0.18318073024129
2026-02-14,54,0,wk flu hosp rate change,2026-02-14,pmf,increase,0.1367711045454545
2026-02-14,54,0,wk flu hosp rate change,2026-02-14,pmf,large_increase,0.11322889545454551
2026-02-14,54,0,wk flu hosp rate change,2026-02-14,pmf,decrease,0.16906034475871007
2026-02-14,54,0,wk flu hosp rate change,2026-02-14,pmf,large_decrease,0.39775892499999993
2026-02-14,54,1,wk flu hosp rate change,2026-02-21,pmf,stable,0.09983206199693151
2026-02-14,54,1,wk flu hosp rate change,2026-02-21,pmf,increase,0.10101637241214312
2026-02-14,54,1,wk flu hosp rate change,2026-02-21,pmf,large_increase,0.02950613805707769
2026-02-14,54,1,wk flu hosp rate change,2026-02-21,pmf,decrease,0.38714017753384766
2026-02-14,54,1,wk flu hosp rate change,2026-02-21,pmf,large_decrease,0.38250525
2026-02-14,54,2,wk flu hosp rate change,2026-02-28,pmf,stable,0.10778626309396622
2026-02-14,54,2,wk flu hosp rate change,2026-02-28,pmf,increase,0.11710239763414498
2026-02-14,54,2,wk flu hosp rate change,2026-02-28,pmf,large_increase,0.03127389287678928
2026-02-14,54,2,wk flu hosp rate change,2026-02-28,pmf,decrease,0.2738321963950995
2026-02-14,54,2,wk flu hosp rate change,2026-02-28,pmf,large_decrease,0.47000525000000004
2026-02-14,54,3,wk flu hosp rate change,2026-03-07,pmf,stable,0.06505250290817144
2026-02-14,54,3,wk flu hosp rate change,2026-03-07,pmf,increase,0.09824884524044408
2026-02-14,54,3,wk flu hosp rate change,2026-03-07,pmf,large_increase,0.03854020448296336
2026-02-14,54,3,wk flu hosp rate change,2026-03-07,pmf,decrease,0.381026910135838
2026-02-14,54,3,wk flu hosp rate change,2026-03-07,pmf,large_decrease,0.4171315372325831
2026-02-14,55,0,wk flu hosp rate change,2026-02-14,pmf,stable,0.12363281804181403
2026-02-14,55,0,wk flu hosp rate change,2026-02-14,pmf,increase,0.20113195512820503
2026-02-14,55,0,wk flu hosp rate change,2026-02-14,pmf,large_increase,0.04102252403846163
2026-02-14,55,0,wk flu hosp rate change,2026-02-14,pmf,decrease,0.43935337586844236
2026-02-14,55,0,wk flu hosp rate change,2026-02-14,pmf,large_decrease,0.19485932692307695
2026-02-14,55,1,wk flu hosp rate change,2026-02-21,pmf,stable,0.10183651881468303
2026-02-14,55,1,wk flu hosp rate change,2026-02-21,pmf,increase,0.15409245896427837
2026-02-14,55,1,wk flu hosp rate change,2026-02-21,pmf,large_increase,0.05364137323943663
2026-02-14,55,1,wk flu hosp rate change,2026-02-21,pmf,decrease,0.539575898981602
2026-02-14,55,1,wk flu hosp rate change,2026-02-21,pmf,large_decrease,0.15085375
2026-02-14,55,2,wk flu hosp rate change,2026-02-28,pmf,stable,0.1429157158781501
2026-02-14,55,2,wk flu hosp rate change,2026-02-28,pmf,increase,0.11555185394166967
2026-02-14,55,2,wk flu hosp rate change,2026-02-28,pmf,large_increase,0.03728851351351359
2026-02-14,55,2,wk flu hosp rate change,2026-02-28,pmf,decrease,0.6510956893679554
2026-02-14,55,2,wk flu hosp rate change,2026-02-28,pmf,large_decrease,0.05314822729871127
2026-02-14,55,3,wk flu hosp rate change,2026-03-07,pmf,stable,0.14695548761438681
2026-02-14,55,3,wk flu hosp rate change,2026-03-07,pmf,increase,0.14810739852067067
2026-02-14,55,3,wk flu hosp rate change,2026-03-07,pmf,large_increase,0.019781510416666648
2026-02-14,55,3,wk flu hosp rate change,2026-03-07,pmf,decrease,0.6851556034482759
2026-02-14,55,3,wk flu hosp rate change,2026-03-07,pmf,large_decrease,0.0
2026-02-14,56,0,wk flu hosp rate change,2026-02-14,pmf,stable,0.6891327985588813
2026-02-14,56,0,wk flu hosp rate change,2026-02-14,pmf,increase,0.0
2026-02-14,56,0,wk flu hosp rate change,2026-02-14,pmf,large_increase,0.08333333333333337
2026-02-14,56,0,wk flu hosp rate change,2026-02-14,pmf,decrease,0.0
2026-02-14,56,0,wk flu hosp rate change,2026-02-14,pmf,large_decrease,0.22753386810778528
2026-02-14,56,1,wk flu hosp rate change,2026-02-21,pmf,stable,0.5044394050697745
2026-02-14,56,1,wk flu hosp rate change,2026-02-21,pmf,increase,0.06095224999999993
2026-02-14,56,1,wk flu hosp rate change,2026-02-21,pmf,large_increase,0.03904775000000005
2026-02-14,56,1,wk flu hosp rate change,2026-02-21,pmf,decrease,0.30876490746653795
2026-02-14,56,1,wk flu hosp rate change,2026-02-21,pmf,large_decrease,0.0867956874636876
2026-02-14,56,2,wk flu hosp rate change,2026-02-28,pmf,stable,0.5150460136744659
2026-02-14,56,2,wk flu hosp rate change,2026-02-28,pmf,increase,0.08626179999999994
2026-02-14,56,2,wk flu hosp rate change,2026-02-28,pmf,large_increase,0.013738200000000034
2026-02-14,56,2,wk flu hosp rate change,2026-02-28,pmf,decrease,0.3849539863255342
2026-02-14,56,2,wk flu hosp rate change,2026-02-28,pmf,large_decrease,0.0
2026-02-14,56,3,wk flu hosp rate change,2026-03-07,pmf,stable,0.4636455295350073
2026-02-14,56,3,wk flu hosp rate change,2026-03-07,pmf,increase,0.13438764285714289
2026-02-14,56,3,wk flu hosp rate change,2026-03-07,pmf,large_increase,0.015612357142857136
2026-02-14,56,3,wk flu hosp rate change,2026-03-07,pmf,decrease,0.38635447046499266
2026-02-14,56,3,wk flu hosp rate change,2026-03-07,pmf,large_decrease,0.0
2026-02-14,72,0,wk flu hosp rate change,2026-02-14,pmf,stable,0.1775597426145091
2026-02-14,72,0,wk flu hosp rate change,2026-02-14,pmf,increase,0.3677625343811775
2026-02-14,72,0,wk flu hosp rate change,2026-02-14,pmf,large_increase,0.2212723457471123
2026-02-14,72,0,wk flu hosp rate change,2026-02-14,pmf,decrease,0.18067373239897944
2026-02-14,72,0,wk flu hosp rate change,2026-02-14,pmf,large_decrease,0.05273164485822165
2026-02-14,72,1,wk flu hosp rate change,2026-02-21,pmf,stable,0.16854450605527665
2026-02-14,72,1,wk flu hosp rate change,2026-02-21,pmf,increase,0.3676343444481894
2026-02-14,72,1,wk flu hosp rate change,2026-02-21,pmf,large_increase,0.18454893939393935
2026-02-14,72,1,wk flu hosp rate change,2026-02-21,pmf,decrease,0.2651073303645154
2026-02-14,72,1,wk flu hosp rate change,2026-02-21,pmf,large_decrease,0.014164879738079214
2026-02-14,72,2,wk flu hosp rate change,2026-02-28,pmf,stable,0.19114445608766928
2026-02-14,72,2,wk flu hosp rate change,2026-02-28,pmf,increase,0.3465754628231854
2026-02-14,72,2,wk flu hosp rate change,2026-02-28,pmf,large_increase,0.17391549101651915
2026-02-14,72,2,wk flu hosp rate change,2026-02-28,pmf,decrease,0.28836459007262616
2026-02-14,72,2,wk flu hosp rate change,2026-02-28,pmf,large_decrease,0.0
2026-02-14,72,3,wk flu hosp rate change,2026-03-07,pmf,stable,0.2897977693365815
2026-02-14,72,3,wk flu hosp rate change,2026-03-07,pmf,increase,0.31049857226266764
2026-02-14,72,3,wk flu hosp rate change,2026-03-07,pmf,large_increase,0.14474089202304663
2026-02-14,72,3,wk flu hosp rate change,2026-03-07,pmf,decrease,0.2549627663777042
2026-02-14,72,3,wk flu hosp rate change,2026-03-07,pmf,large_decrease,0.0
2026-02-14,US,0,wk flu hosp rate change,2026-02-14,pmf,stable,0.2584770022988403
2026-02-14,US,0,wk flu hosp rate change,2026-02-14,pmf,increase,0.0818738360169492
2026-02-14,US,0,wk flu hosp rate change,2026-02-14,pmf,large_increase,0.0
2026-02-14,US,0,wk flu hosp rate change,2026-02-14,pmf,decrease,0.5129248062570273
2026-02-14,US,0,wk flu hosp rate change,2026-02-14,pmf,large_decrease,0.14672435542718318
2026-02-14,US,1,wk flu hosp rate change,2026-02-21,pmf,stable,0.20038229432796895
2026-02-14,US,1,wk flu hosp rate change,2026-02-21,pmf,increase,0.07163178524945768
2026-02-14,US,1,wk flu hosp rate change,2026-02-21,pmf,large_increase,0.0
2026-02-14,US,1,wk flu hosp rate change,2026-02-21,pmf,decrease,0.6668228583107721
2026-02-14,US,1,wk flu hosp rate change,2026-02-21,pmf,large_decrease,0.06116306211180123
2026-02-14,US,2,wk flu hosp rate change,2026-02-28,pmf,stable,0.25685408722961733
2026-02-14,US,2,wk flu hosp rate change,2026-02-28,pmf,increase,0.014148160637681206
2026-02-14,US,2,wk flu hosp rate change,2026-02-28,pmf,large_increase,0.0
2026-02-14,US,2,wk flu hosp rate change,2026-02-28,pmf,decrease,0.7289977521327015
2026-02-14,US,2,wk flu hosp rate change,2026-02-28,pmf,large_decrease,0.0
2026-02-14,US,3,wk flu hosp rate change,2026-03-07,pmf,stable,0.20667469881109635
2026-02-14,US,3,wk flu hosp rate change,2026-03-07,pmf,increase,0.0
2026-02-14,US,3,wk flu hosp rate change,2026-03-07,pmf,large_increase,0.0
2026-02-14,US,3,wk flu hosp rate change,2026-03-07,pmf,decrease,0.7933253011889037
2026-02-14,US,3,wk flu hosp rate change,2026-03-07,pmf,large_decrease,0.0
