reference_date,location,horizon,target,target_end_date,output_type,output_type_id,value
2026-03-14,01,0,wk inc flu hosp,2026-03-14,quantile,0.01,47.0
2026-03-14,01,0,wk inc flu hosp,2026-03-14,quantile,0.025,56.0
2026-03-14,01,0,wk inc flu hosp,2026-03-14,quantile,0.05,65.0
2026-03-14,01,0,wk inc flu hosp,2026-03-14,quantile,0.1,75.6506988408687
2026-03-14,01,0,wk inc flu hosp,2026-03-14,quantile,0.15,81.90340658141211
2026-03-14,01,0,wk inc flu hosp,2026-03-14,quantile,0.2,85.69494150830941
2026-03-14,01,0,wk inc flu hosp,2026-03-14,quantile,0.25,91.82887026445026
2026-03-14,01,0,wk inc flu hosp,2026-03-14,quantile,0.3,96.0
2026-03-14,01,0,wk inc flu hosp,2026-03-14,quantile,0.35,98.0
2026-03-14,01,0,wk inc flu hosp,2026-03-14,quantile,0.4,103.0
2026-03-14,01,0,wk inc flu hosp,2026-03-14,quantile,0.45,106.0
2026-03-14,01,0,wk inc flu hosp,2026-03-14,quantile,0.5,111.0
2026-03-14,01,0,wk inc flu hosp,2026-03-14,quantile,0.55,115.0
2026-03-14,01,0,wk inc flu hosp,2026-03-14,quantile,0.6,119.0
2026-03-14,01,0,wk inc flu hosp,2026-03-14,quantile,0.65,124.0
2026-03-14,01,0,wk inc flu hosp,2026-03-14,quantile,0.7,127.7700424194336
2026-03-14,01,0,wk inc flu hosp,2026-03-14,quantile,0.75,130.7620086669922
2026-03-14,01,0,wk inc flu hosp,2026-03-14,quantile,0.8,134.1756134033203
2026-03-14,01,0,wk inc flu hosp,2026-03-14,quantile,0.85,142.0
2026-03-14,01,0,wk inc flu hosp,2026-03-14,quantile,0.9,154.0
2026-03-14,01,0,wk inc flu hosp,2026-03-14,quantile,0.95,166.0
2026-03-14,01,0,wk inc flu hosp,2026-03-14,quantile,0.975,175.0
2026-03-14,01,0,wk inc flu hosp,2026-03-14,quantile,0.99,190.07658713476584
2026-03-14,01,1,wk inc flu hosp,2026-03-21,quantile,0.01,30.0
2026-03-14,01,1,wk inc flu hosp,2026-03-21,quantile,0.025,37.0
2026-03-14,01,1,wk inc flu hosp,2026-03-21,quantile,0.05,42.736745112045
2026-03-14,01,1,wk inc flu hosp,2026-03-21,quantile,0.1,58.0
2026-03-14,01,1,wk inc flu hosp,2026-03-21,quantile,0.15,62.0
2026-03-14,01,1,wk inc flu hosp,2026-03-21,quantile,0.2,66.0
2026-03-14,01,1,wk inc flu hosp,2026-03-21,quantile,0.25,70.0
2026-03-14,01,1,wk inc flu hosp,2026-03-21,quantile,0.3,72.0
2026-03-14,01,1,wk inc flu hosp,2026-03-21,quantile,0.35,76.0
2026-03-14,01,1,wk inc flu hosp,2026-03-21,quantile,0.4,79.13910840412292
2026-03-14,01,1,wk inc flu hosp,2026-03-21,quantile,0.45,85.92910730936806
2026-03-14,01,1,wk inc flu hosp,2026-03-21,quantile,0.5,92.88426475781972
2026-03-14,01,1,wk inc flu hosp,2026-03-21,quantile,0.55,100.11005367483128
2026-03-14,01,1,wk inc flu hosp,2026-03-21,quantile,0.6,107.72325897216795
2026-03-14,01,1,wk inc flu hosp,2026-03-21,quantile,0.65,110.56835174560548
2026-03-14,01,1,wk inc flu hosp,2026-03-21,quantile,0.7,113.53062438964844
2026-03-14,01,1,wk inc flu hosp,2026-03-21,quantile,0.75,116.7452621459961
2026-03-14,01,1,wk inc flu hosp,2026-03-21,quantile,0.8,120.2619400024414
2026-03-14,01,1,wk inc flu hosp,2026-03-21,quantile,0.85,124.3303680419922
2026-03-14,01,1,wk inc flu hosp,2026-03-21,quantile,0.9,133.0
2026-03-14,01,1,wk inc flu hosp,2026-03-21,quantile,0.95,149.0
2026-03-14,01,1,wk inc flu hosp,2026-03-21,quantile,0.975,166.0
2026-03-14,01,1,wk inc flu hosp,2026-03-21,quantile,0.99,188.0
2026-03-14,01,2,wk inc flu hosp,2026-03-28,quantile,0.01,16.0
2026-03-14,01,2,wk inc flu hosp,2026-03-28,quantile,0.025,22.0
2026-03-14,01,2,wk inc flu hosp,2026-03-28,quantile,0.05,32.53995777631594
2026-03-14,01,2,wk inc flu hosp,2026-03-28,quantile,0.1,39.0
2026-03-14,01,2,wk inc flu hosp,2026-03-28,quantile,0.15,47.0
2026-03-14,01,2,wk inc flu hosp,2026-03-28,quantile,0.2,50.0
2026-03-14,01,2,wk inc flu hosp,2026-03-28,quantile,0.25,53.0
2026-03-14,01,2,wk inc flu hosp,2026-03-28,quantile,0.3,56.48163276420727
2026-03-14,01,2,wk inc flu hosp,2026-03-28,quantile,0.35,64.32290412369238
2026-03-14,01,2,wk inc flu hosp,2026-03-28,quantile,0.4,72.2346215144407
2026-03-14,01,2,wk inc flu hosp,2026-03-28,quantile,0.45,80.32595045910296
2026-03-14,01,2,wk inc flu hosp,2026-03-28,quantile,0.5,88.7082761207968
2026-03-14,01,2,wk inc flu hosp,2026-03-28,quantile,0.55,93.21561431884766
2026-03-14,01,2,wk inc flu hosp,2026-03-28,quantile,0.6,95.6418228149414
2026-03-14,01,2,wk inc flu hosp,2026-03-28,quantile,0.65,98.10497283935548
2026-03-14,01,2,wk inc flu hosp,2026-03-28,quantile,0.7,100.98845672607422
2026-03-14,01,2,wk inc flu hosp,2026-03-28,quantile,0.75,103.7762451171875
2026-03-14,01,2,wk inc flu hosp,2026-03-28,quantile,0.8,107.2602310180664
2026-03-14,01,2,wk inc flu hosp,2026-03-28,quantile,0.85,115.0
2026-03-14,01,2,wk inc flu hosp,2026-03-28,quantile,0.9,123.0
2026-03-14,01,2,wk inc flu hosp,2026-03-28,quantile,0.95,135.0
2026-03-14,01,2,wk inc flu hosp,2026-03-28,quantile,0.975,161.0
2026-03-14,01,2,wk inc flu hosp,2026-03-28,quantile,0.99,210.0
2026-03-14,01,3,wk inc flu hosp,2026-04-04,quantile,0.01,7.0
2026-03-14,01,3,wk inc flu hosp,2026-04-04,quantile,0.025,16.30592548903408
2026-03-14,01,3,wk inc flu hosp,2026-04-04,quantile,0.05,26.0
2026-03-14,01,3,wk inc flu hosp,2026-04-04,quantile,0.1,29.0
2026-03-14,01,3,wk inc flu hosp,2026-04-04,quantile,0.15,37.0
2026-03-14,01,3,wk inc flu hosp,2026-04-04,quantile,0.2,40.0
2026-03-14,01,3,wk inc flu hosp,2026-04-04,quantile,0.25,45.36861814284193
2026-03-14,01,3,wk inc flu hosp,2026-04-04,quantile,0.3,53.66831443992391
2026-03-14,01,3,wk inc flu hosp,2026-04-04,quantile,0.35,61.98120458788214
2026-03-14,01,3,wk inc flu hosp,2026-04-04,quantile,0.4,70.4225520003464
2026-03-14,01,3,wk inc flu hosp,2026-04-04,quantile,0.45,77.42189025878906
2026-03-14,01,3,wk inc flu hosp,2026-04-04,quantile,0.5,79.52336120605469
2026-03-14,01,3,wk inc flu hosp,2026-04-04,quantile,0.55,81.71320343017578
2026-03-14,01,3,wk inc flu hosp,2026-04-04,quantile,0.6,83.9802017211914
2026-03-14,01,3,wk inc flu hosp,2026-04-04,quantile,0.65,86.46160125732422
2026-03-14,01,3,wk inc flu hosp,2026-04-04,quantile,0.7,88.97306823730469
2026-03-14,01,3,wk inc flu hosp,2026-04-04,quantile,0.75,91.8799057006836
2026-03-14,01,3,wk inc flu hosp,2026-04-04,quantile,0.8,95.23016357421876
2026-03-14,01,3,wk inc flu hosp,2026-04-04,quantile,0.85,99.18314361572266
2026-03-14,01,3,wk inc flu hosp,2026-04-04,quantile,0.9,104.21636962890624
2026-03-14,01,3,wk inc flu hosp,2026-04-04,quantile,0.95,113.0
2026-03-14,01,3,wk inc flu hosp,2026-04-04,quantile,0.975,151.0
2026-03-14,01,3,wk inc flu hosp,2026-04-04,quantile,0.99,211.0
2026-03-14,02,0,wk inc flu hosp,2026-03-14,quantile,0.01,0.5941579421792575
2026-03-14,02,0,wk inc flu hosp,2026-03-14,quantile,0.025,1.3443219512222284
2026-03-14,02,0,wk inc flu hosp,2026-03-14,quantile,0.05,2.235809030416958
2026-03-14,02,0,wk inc flu hosp,2026-03-14,quantile,0.1,3.599768666000565
2026-03-14,02,0,wk inc flu hosp,2026-03-14,quantile,0.15,4.706268673322604
2026-03-14,02,0,wk inc flu hosp,2026-03-14,quantile,0.2,5.3969518580576
2026-03-14,02,0,wk inc flu hosp,2026-03-14,quantile,0.25,5.950234198092947
2026-03-14,02,0,wk inc flu hosp,2026-03-14,quantile,0.3,6.455015743625888
2026-03-14,02,0,wk inc flu hosp,2026-03-14,quantile,0.35,6.9512386515836955
2026-03-14,02,0,wk inc flu hosp,2026-03-14,quantile,0.4,7.424520352395632
2026-03-14,02,0,wk inc flu hosp,2026-03-14,quantile,0.45,7.957202488131891
2026-03-14,02,0,wk inc flu hosp,2026-03-14,quantile,0.5,8.522139403621393
2026-03-14,02,0,wk inc flu hosp,2026-03-14,quantile,0.55,9.295399533277251
2026-03-14,02,0,wk inc flu hosp,2026-03-14,quantile,0.6,10.167757031301342
2026-03-14,02,0,wk inc flu hosp,2026-03-14,quantile,0.65,11.098207372933821
2026-03-14,02,0,wk inc flu hosp,2026-03-14,quantile,0.7,12.092188776501617
2026-03-14,02,0,wk inc flu hosp,2026-03-14,quantile,0.75,12.679042952919442
2026-03-14,02,0,wk inc flu hosp,2026-03-14,quantile,0.8,14.089841772338502
2026-03-14,02,0,wk inc flu hosp,2026-03-14,quantile,0.85,15.700739549170233
2026-03-14,02,0,wk inc flu hosp,2026-03-14,quantile,0.9,17.96236267376661
2026-03-14,02,0,wk inc flu hosp,2026-03-14,quantile,0.95,21.766592095255074
2026-03-14,02,0,wk inc flu hosp,2026-03-14,quantile,0.975,25.425107633000124
2026-03-14,02,0,wk inc flu hosp,2026-03-14,quantile,0.99,29.448621422315505
2026-03-14,02,1,wk inc flu hosp,2026-03-21,quantile,0.01,0.5658163963753282
2026-03-14,02,1,wk inc flu hosp,2026-03-21,quantile,0.025,1.2115105893232765
2026-03-14,02,1,wk inc flu hosp,2026-03-21,quantile,0.05,2.0366257755613493
2026-03-14,02,1,wk inc flu hosp,2026-03-21,quantile,0.1,3.308944874133426
2026-03-14,02,1,wk inc flu hosp,2026-03-21,quantile,0.15,4.333286333994424
2026-03-14,02,1,wk inc flu hosp,2026-03-21,quantile,0.2,4.993084086216687
2026-03-14,02,1,wk inc flu hosp,2026-03-21,quantile,0.25,5.533721251766778
2026-03-14,02,1,wk inc flu hosp,2026-03-21,quantile,0.3,6.046835494790584
2026-03-14,02,1,wk inc flu hosp,2026-03-21,quantile,0.35,6.9509416363524
2026-03-14,02,1,wk inc flu hosp,2026-03-21,quantile,0.4,7.928802945351727
2026-03-14,02,1,wk inc flu hosp,2026-03-21,quantile,0.45,8.916732044460705
2026-03-14,02,1,wk inc flu hosp,2026-03-21,quantile,0.5,9.950184391213178
2026-03-14,02,1,wk inc flu hosp,2026-03-21,quantile,0.55,11.122595499020527
2026-03-14,02,1,wk inc flu hosp,2026-03-21,quantile,0.6,12.387707793245305
2026-03-14,02,1,wk inc flu hosp,2026-03-21,quantile,0.65,13.457194316091286
2026-03-14,02,1,wk inc flu hosp,2026-03-21,quantile,0.7,14.609093764977706
2026-03-14,02,1,wk inc flu hosp,2026-03-21,quantile,0.75,15.935097076252877
2026-03-14,02,1,wk inc flu hosp,2026-03-21,quantile,0.8,17.896975932348063
2026-03-14,02,1,wk inc flu hosp,2026-03-21,quantile,0.85,20.364548604673345
2026-03-14,02,1,wk inc flu hosp,2026-03-21,quantile,0.9,23.57034644725544
2026-03-14,02,1,wk inc flu hosp,2026-03-21,quantile,0.95,28.60237662943492
2026-03-14,02,1,wk inc flu hosp,2026-03-21,quantile,0.975,33.46179706518265
2026-03-14,02,1,wk inc flu hosp,2026-03-21,quantile,0.99,39.09744785081676
2026-03-14,02,2,wk inc flu hosp,2026-03-28,quantile,0.01,0.5575435400859593
2026-03-14,02,2,wk inc flu hosp,2026-03-28,quantile,0.025,1.3316670283494003
2026-03-14,02,2,wk inc flu hosp,2026-03-28,quantile,0.05,1.907089915246455
2026-03-14,02,2,wk inc flu hosp,2026-03-28,quantile,0.1,3.0783293433840013
2026-03-14,02,2,wk inc flu hosp,2026-03-28,quantile,0.15,3.6634646072722856
2026-03-14,02,2,wk inc flu hosp,2026-03-28,quantile,0.2,3.9964479065983944
2026-03-14,02,2,wk inc flu hosp,2026-03-28,quantile,0.25,4.31706974586605
2026-03-14,02,2,wk inc flu hosp,2026-03-28,quantile,0.3,4.715615679239569
2026-03-14,02,2,wk inc flu hosp,2026-03-28,quantile,0.35,5.698995496824032
2026-03-14,02,2,wk inc flu hosp,2026-03-28,quantile,0.4,6.7831532359591815
2026-03-14,02,2,wk inc flu hosp,2026-03-28,quantile,0.45,7.891688182608233
2026-03-14,02,2,wk inc flu hosp,2026-03-28,quantile,0.5,8.879036271972854
2026-03-14,02,2,wk inc flu hosp,2026-03-28,quantile,0.55,9.87986877679936
2026-03-14,02,2,wk inc flu hosp,2026-03-28,quantile,0.6,10.968553636003946
2026-03-14,02,2,wk inc flu hosp,2026-03-28,quantile,0.65,12.071097013428208
2026-03-14,02,2,wk inc flu hosp,2026-03-28,quantile,0.7,13.581209519999181
2026-03-14,02,2,wk inc flu hosp,2026-03-28,quantile,0.75,15.213813894241955
2026-03-14,02,2,wk inc flu hosp,2026-03-28,quantile,0.8,17.272077916984358
2026-03-14,02,2,wk inc flu hosp,2026-03-28,quantile,0.85,20.147980135393738
2026-03-14,02,2,wk inc flu hosp,2026-03-28,quantile,0.9,24.199186055777886
2026-03-14,02,2,wk inc flu hosp,2026-03-28,quantile,0.95,32.14082794935594
2026-03-14,02,2,wk inc flu hosp,2026-03-28,quantile,0.975,38.39088292596611
2026-03-14,02,2,wk inc flu hosp,2026-03-28,quantile,0.99,45.7402045443479
2026-03-14,02,3,wk inc flu hosp,2026-04-04,quantile,0.01,0.4500452930756093
2026-03-14,02,3,wk inc flu hosp,2026-04-04,quantile,0.025,0.6362891475698976
2026-03-14,02,3,wk inc flu hosp,2026-04-04,quantile,0.05,1.0692952531898254
2026-03-14,02,3,wk inc flu hosp,2026-04-04,quantile,0.1,2.1557974815368652
2026-03-14,02,3,wk inc flu hosp,2026-04-04,quantile,0.15,2.8125840425491333
2026-03-14,02,3,wk inc flu hosp,2026-04-04,quantile,0.2,2.9233665466308594
2026-03-14,02,3,wk inc flu hosp,2026-04-04,quantile,0.25,3.5500361919403076
2026-03-14,02,3,wk inc flu hosp,2026-04-04,quantile,0.3,3.660833239555359
2026-03-14,02,3,wk inc flu hosp,2026-04-04,quantile,0.35,4.677089886692057
2026-03-14,02,3,wk inc flu hosp,2026-04-04,quantile,0.4,5.874019080295258
2026-03-14,02,3,wk inc flu hosp,2026-04-04,quantile,0.45,7.140269727119258
2026-03-14,02,3,wk inc flu hosp,2026-04-04,quantile,0.5,7.975836629797597
2026-03-14,02,3,wk inc flu hosp,2026-04-04,quantile,0.55,8.760879381163887
2026-03-14,02,3,wk inc flu hosp,2026-04-04,quantile,0.6,9.605711550572062
2026-03-14,02,3,wk inc flu hosp,2026-04-04,quantile,0.65,10.959736171102715
2026-03-14,02,3,wk inc flu hosp,2026-04-04,quantile,0.7,11.923869231567927
2026-03-14,02,3,wk inc flu hosp,2026-04-04,quantile,0.75,13.540839370631257
2026-03-14,02,3,wk inc flu hosp,2026-04-04,quantile,0.8,15.852389482738566
2026-03-14,02,3,wk inc flu hosp,2026-04-04,quantile,0.85,18.263865909380712
2026-03-14,02,3,wk inc flu hosp,2026-04-04,quantile,0.9,21.751536480311774
2026-03-14,02,3,wk inc flu hosp,2026-04-04,quantile,0.95,28.197724309175126
2026-03-14,02,3,wk inc flu hosp,2026-04-04,quantile,0.975,34.42337670950673
2026-03-14,02,3,wk inc flu hosp,2026-04-04,quantile,0.99,40.1131330383126
2026-03-14,04,0,wk inc flu hosp,2026-03-14,quantile,0.01,76.0
2026-03-14,04,0,wk inc flu hosp,2026-03-14,quantile,0.025,85.81309161100242
2026-03-14,04,0,wk inc flu hosp,2026-03-14,quantile,0.05,101.96395237196732
2026-03-14,04,0,wk inc flu hosp,2026-03-14,quantile,0.1,123.49372781912756
2026-03-14,04,0,wk inc flu hosp,2026-03-14,quantile,0.15,138.0
2026-03-14,04,0,wk inc flu hosp,2026-03-14,quantile,0.2,148.0
2026-03-14,04,0,wk inc flu hosp,2026-03-14,quantile,0.25,154.0
2026-03-14,04,0,wk inc flu hosp,2026-03-14,quantile,0.3,165.0633177988142
2026-03-14,04,0,wk inc flu hosp,2026-03-14,quantile,0.35,175.6410391033577
2026-03-14,04,0,wk inc flu hosp,2026-03-14,quantile,0.4,185.3238570740461
2026-03-14,04,0,wk inc flu hosp,2026-03-14,quantile,0.45,190.5961151123047
2026-03-14,04,0,wk inc flu hosp,2026-03-14,quantile,0.5,194.1037139892578
2026-03-14,04,0,wk inc flu hosp,2026-03-14,quantile,0.55,199.0
2026-03-14,04,0,wk inc flu hosp,2026-03-14,quantile,0.6,209.0
2026-03-14,04,0,wk inc flu hosp,2026-03-14,quantile,0.65,215.0
2026-03-14,04,0,wk inc flu hosp,2026-03-14,quantile,0.7,233.0
2026-03-14,04,0,wk inc flu hosp,2026-03-14,quantile,0.75,240.66377143607252
2026-03-14,04,0,wk inc flu hosp,2026-03-14,quantile,0.8,249.10415140315413
2026-03-14,04,0,wk inc flu hosp,2026-03-14,quantile,0.85,259.12604665684506
2026-03-14,04,0,wk inc flu hosp,2026-03-14,quantile,0.9,272.01666747607743
2026-03-14,04,0,wk inc flu hosp,2026-03-14,quantile,0.95,295.0
2026-03-14,04,0,wk inc flu hosp,2026-03-14,quantile,0.975,320.0
2026-03-14,04,0,wk inc flu hosp,2026-03-14,quantile,0.99,341.0
2026-03-14,04,1,wk inc flu hosp,2026-03-21,quantile,0.01,60.0
2026-03-14,04,1,wk inc flu hosp,2026-03-21,quantile,0.025,68.70659805977668
2026-03-14,04,1,wk inc flu hosp,2026-03-21,quantile,0.05,78.80449014428142
2026-03-14,04,1,wk inc flu hosp,2026-03-21,quantile,0.1,94.21188038207816
2026-03-14,04,1,wk inc flu hosp,2026-03-21,quantile,0.15,105.6324431532254
2026-03-14,04,1,wk inc flu hosp,2026-03-21,quantile,0.2,115.66586745678116
2026-03-14,04,1,wk inc flu hosp,2026-03-21,quantile,0.25,126.0175065614212
2026-03-14,04,1,wk inc flu hosp,2026-03-21,quantile,0.3,135.2263641357422
2026-03-14,04,1,wk inc flu hosp,2026-03-21,quantile,0.35,138.32923889160156
2026-03-14,04,1,wk inc flu hosp,2026-03-21,quantile,0.4,141.34974670410156
2026-03-14,04,1,wk inc flu hosp,2026-03-21,quantile,0.45,151.0
2026-03-14,04,1,wk inc flu hosp,2026-03-21,quantile,0.5,166.0
2026-03-14,04,1,wk inc flu hosp,2026-03-21,quantile,0.55,181.77957070153627
2026-03-14,04,1,wk inc flu hosp,2026-03-21,quantile,0.6,187.0
2026-03-14,04,1,wk inc flu hosp,2026-03-21,quantile,0.65,190.0
2026-03-14,04,1,wk inc flu hosp,2026-03-21,quantile,0.7,203.0
2026-03-14,04,1,wk inc flu hosp,2026-03-21,quantile,0.75,227.0
2026-03-14,04,1,wk inc flu hosp,2026-03-21,quantile,0.8,259.0
2026-03-14,04,1,wk inc flu hosp,2026-03-21,quantile,0.85,278.057958001122
2026-03-14,04,1,wk inc flu hosp,2026-03-21,quantile,0.9,299.5553342150809
2026-03-14,04,1,wk inc flu hosp,2026-03-21,quantile,0.95,332.8899108167865
2026-03-14,04,1,wk inc flu hosp,2026-03-21,quantile,0.975,363.2265196324398
2026-03-14,04,1,wk inc flu hosp,2026-03-21,quantile,0.99,400.162419790404
2026-03-14,04,2,wk inc flu hosp,2026-03-28,quantile,0.01,44.5411015665611
2026-03-14,04,2,wk inc flu hosp,2026-03-28,quantile,0.025,60.38491773433097
2026-03-14,04,2,wk inc flu hosp,2026-03-28,quantile,0.05,72.41016390184095
2026-03-14,04,2,wk inc flu hosp,2026-03-28,quantile,0.1,86.84412384033203
2026-03-14,04,2,wk inc flu hosp,2026-03-28,quantile,0.15,90.86067199707033
2026-03-14,04,2,wk inc flu hosp,2026-03-28,quantile,0.2,94.26426696777344
2026-03-14,04,2,wk inc flu hosp,2026-03-28,quantile,0.25,97.3064422607422
2026-03-14,04,2,wk inc flu hosp,2026-03-28,quantile,0.3,106.0
2026-03-14,04,2,wk inc flu hosp,2026-03-28,quantile,0.35,121.0
2026-03-14,04,2,wk inc flu hosp,2026-03-28,quantile,0.4,135.0
2026-03-14,04,2,wk inc flu hosp,2026-03-28,quantile,0.45,151.0
2026-03-14,04,2,wk inc flu hosp,2026-03-28,quantile,0.5,160.0
2026-03-14,04,2,wk inc flu hosp,2026-03-28,quantile,0.55,165.0
2026-03-14,04,2,wk inc flu hosp,2026-03-28,quantile,0.6,170.0
2026-03-14,04,2,wk inc flu hosp,2026-03-28,quantile,0.65,172.0
2026-03-14,04,2,wk inc flu hosp,2026-03-28,quantile,0.7,176.0
2026-03-14,04,2,wk inc flu hosp,2026-03-28,quantile,0.75,198.0
2026-03-14,04,2,wk inc flu hosp,2026-03-28,quantile,0.8,241.0
2026-03-14,04,2,wk inc flu hosp,2026-03-28,quantile,0.85,286.2858912733756
2026-03-14,04,2,wk inc flu hosp,2026-03-28,quantile,0.9,312.11711581701144
2026-03-14,04,2,wk inc flu hosp,2026-03-28,quantile,0.95,352.45493758077413
2026-03-14,04,2,wk inc flu hosp,2026-03-28,quantile,0.975,389.4265873874824
2026-03-14,04,2,wk inc flu hosp,2026-03-28,quantile,0.99,434.7321351087974
2026-03-14,04,3,wk inc flu hosp,2026-04-04,quantile,0.01,39.50999127463578
2026-03-14,04,3,wk inc flu hosp,2026-04-04,quantile,0.025,49.17677230683681
2026-03-14,04,3,wk inc flu hosp,2026-04-04,quantile,0.05,59.0007254091158
2026-03-14,04,3,wk inc flu hosp,2026-04-04,quantile,0.1,66.13285064697266
2026-03-14,04,3,wk inc flu hosp,2026-04-04,quantile,0.15,69.85985565185547
2026-03-14,04,3,wk inc flu hosp,2026-04-04,quantile,0.2,72.64069366455078
2026-03-14,04,3,wk inc flu hosp,2026-04-04,quantile,0.25,81.0
2026-03-14,04,3,wk inc flu hosp,2026-04-04,quantile,0.3,96.0
2026-03-14,04,3,wk inc flu hosp,2026-04-04,quantile,0.35,110.0
2026-03-14,04,3,wk inc flu hosp,2026-04-04,quantile,0.4,125.0
2026-03-14,04,3,wk inc flu hosp,2026-04-04,quantile,0.45,140.0
2026-03-14,04,3,wk inc flu hosp,2026-04-04,quantile,0.5,144.0
2026-03-14,04,3,wk inc flu hosp,2026-04-04,quantile,0.55,148.0
2026-03-14,04,3,wk inc flu hosp,2026-04-04,quantile,0.6,153.0
2026-03-14,04,3,wk inc flu hosp,2026-04-04,quantile,0.65,157.0
2026-03-14,04,3,wk inc flu hosp,2026-04-04,quantile,0.7,160.0
2026-03-14,04,3,wk inc flu hosp,2026-04-04,quantile,0.75,165.0
2026-03-14,04,3,wk inc flu hosp,2026-04-04,quantile,0.8,212.0
2026-03-14,04,3,wk inc flu hosp,2026-04-04,quantile,0.85,280.0
2026-03-14,04,3,wk inc flu hosp,2026-04-04,quantile,0.9,313.7082614790889
2026-03-14,04,3,wk inc flu hosp,2026-04-04,quantile,0.95,355.7893248921432
2026-03-14,04,3,wk inc flu hosp,2026-04-04,quantile,0.975,394.43247014638473
2026-03-14,04,3,wk inc flu hosp,2026-04-04,quantile,0.99,441.8677803997178
2026-03-14,05,0,wk inc flu hosp,2026-03-14,quantile,0.01,33.862291545530006
2026-03-14,05,0,wk inc flu hosp,2026-03-14,quantile,0.025,38.64885424233913
2026-03-14,05,0,wk inc flu hosp,2026-03-14,quantile,0.05,44.310022235795145
2026-03-14,05,0,wk inc flu hosp,2026-03-14,quantile,0.1,52.53913770949168
2026-03-14,05,0,wk inc flu hosp,2026-03-14,quantile,0.15,59.82092940273134
2026-03-14,05,0,wk inc flu hosp,2026-03-14,quantile,0.2,66.44934422726968
2026-03-14,05,0,wk inc flu hosp,2026-03-14,quantile,0.25,71.47296265885976
2026-03-14,05,0,wk inc flu hosp,2026-03-14,quantile,0.3,76.95056177441447
2026-03-14,05,0,wk inc flu hosp,2026-03-14,quantile,0.35,80.0
2026-03-14,05,0,wk inc flu hosp,2026-03-14,quantile,0.4,82.5
2026-03-14,05,0,wk inc flu hosp,2026-03-14,quantile,0.45,85.0
2026-03-14,05,0,wk inc flu hosp,2026-03-14,quantile,0.5,87.5
2026-03-14,05,0,wk inc flu hosp,2026-03-14,quantile,0.55,90.7471771823212
2026-03-14,05,0,wk inc flu hosp,2026-03-14,quantile,0.6,94.5786075048544
2026-03-14,05,0,wk inc flu hosp,2026-03-14,quantile,0.65,98.51100223271621
2026-03-14,05,0,wk inc flu hosp,2026-03-14,quantile,0.7,102.59087166725567
2026-03-14,05,0,wk inc flu hosp,2026-03-14,quantile,0.75,106.44002322431265
2026-03-14,05,0,wk inc flu hosp,2026-03-14,quantile,0.8,110.24703277124631
2026-03-14,05,0,wk inc flu hosp,2026-03-14,quantile,0.85,114.91649181530798
2026-03-14,05,0,wk inc flu hosp,2026-03-14,quantile,0.9,121.00364903588589
2026-03-14,05,0,wk inc flu hosp,2026-03-14,quantile,0.95,130.33061049130538
2026-03-14,05,0,wk inc flu hosp,2026-03-14,quantile,0.975,139.29705349465456
2026-03-14,05,0,wk inc flu hosp,2026-03-14,quantile,0.99,150.0662294301792
2026-03-14,05,1,wk inc flu hosp,2026-03-21,quantile,0.01,20.49619992313741
2026-03-14,05,1,wk inc flu hosp,2026-03-21,quantile,0.025,27.0622379837192
2026-03-14,05,1,wk inc flu hosp,2026-03-21,quantile,0.05,35.06891426005189
2026-03-14,05,1,wk inc flu hosp,2026-03-21,quantile,0.1,42.232048845412905
2026-03-14,05,1,wk inc flu hosp,2026-03-21,quantile,0.15,48.12200413901212
2026-03-14,05,1,wk inc flu hosp,2026-03-21,quantile,0.2,52.06935511947762
2026-03-14,05,1,wk inc flu hosp,2026-03-21,quantile,0.25,55.61191756463473
2026-03-14,05,1,wk inc flu hosp,2026-03-21,quantile,0.3,59.499858898384566
2026-03-14,05,1,wk inc flu hosp,2026-03-21,quantile,0.35,62.301033933433885
2026-03-14,05,1,wk inc flu hosp,2026-03-21,quantile,0.4,65.56324431905804
2026-03-14,05,1,wk inc flu hosp,2026-03-21,quantile,0.45,69.82482751310232
2026-03-14,05,1,wk inc flu hosp,2026-03-21,quantile,0.5,73.62052405861095
2026-03-14,05,1,wk inc flu hosp,2026-03-21,quantile,0.55,77.98563139733498
2026-03-14,05,1,wk inc flu hosp,2026-03-21,quantile,0.6,80.54449081420898
2026-03-14,05,1,wk inc flu hosp,2026-03-21,quantile,0.65,84.00849914550781
2026-03-14,05,1,wk inc flu hosp,2026-03-21,quantile,0.7,86.9632339477539
2026-03-14,05,1,wk inc flu hosp,2026-03-21,quantile,0.75,91.01998901367188
2026-03-14,05,1,wk inc flu hosp,2026-03-21,quantile,0.8,95.31326293945312
2026-03-14,05,1,wk inc flu hosp,2026-03-21,quantile,0.85,100.18052673339844
2026-03-14,05,1,wk inc flu hosp,2026-03-21,quantile,0.9,106.2736930847168
2026-03-14,05,1,wk inc flu hosp,2026-03-21,quantile,0.95,127.0
2026-03-14,05,1,wk inc flu hosp,2026-03-21,quantile,0.975,145.5
2026-03-14,05,1,wk inc flu hosp,2026-03-21,quantile,0.99,172.0
2026-03-14,05,2,wk inc flu hosp,2026-03-28,quantile,0.01,14.100826281853282
2026-03-14,05,2,wk inc flu hosp,2026-03-28,quantile,0.025,18.17803817427435
2026-03-14,05,2,wk inc flu hosp,2026-03-28,quantile,0.05,23.1332580578804
2026-03-14,05,2,wk inc flu hosp,2026-03-28,quantile,0.1,31.839053312657764
2026-03-14,05,2,wk inc flu hosp,2026-03-28,quantile,0.15,37.68009281713333
2026-03-14,05,2,wk inc flu hosp,2026-03-28,quantile,0.2,41.83838639863466
2026-03-14,05,2,wk inc flu hosp,2026-03-28,quantile,0.25,45.749403430625634
2026-03-14,05,2,wk inc flu hosp,2026-03-28,quantile,0.3,49.52216687504266
2026-03-14,05,2,wk inc flu hosp,2026-03-28,quantile,0.35,51.845603942871094
2026-03-14,05,2,wk inc flu hosp,2026-03-28,quantile,0.4,54.03710174560547
2026-03-14,05,2,wk inc flu hosp,2026-03-28,quantile,0.45,55.730628967285156
2026-03-14,05,2,wk inc flu hosp,2026-03-28,quantile,0.5,57.42433547973633
2026-03-14,05,2,wk inc flu hosp,2026-03-28,quantile,0.55,59.17913246154785
2026-03-14,05,2,wk inc flu hosp,2026-03-28,quantile,0.6,60.50202941894531
2026-03-14,05,2,wk inc flu hosp,2026-03-28,quantile,0.65,63.23038101196289
2026-03-14,05,2,wk inc flu hosp,2026-03-28,quantile,0.7,67.06037521362305
2026-03-14,05,2,wk inc flu hosp,2026-03-28,quantile,0.75,70.53813552856445
2026-03-14,05,2,wk inc flu hosp,2026-03-28,quantile,0.8,74.7530288696289
2026-03-14,05,2,wk inc flu hosp,2026-03-28,quantile,0.85,79.58821105957031
2026-03-14,05,2,wk inc flu hosp,2026-03-28,quantile,0.9,93.0
2026-03-14,05,2,wk inc flu hosp,2026-03-28,quantile,0.95,121.5
2026-03-14,05,2,wk inc flu hosp,2026-03-28,quantile,0.975,149.0
2026-03-14,05,2,wk inc flu hosp,2026-03-28,quantile,0.99,180.5
2026-03-14,05,3,wk inc flu hosp,2026-04-04,quantile,0.01,8.414683174402908
2026-03-14,05,3,wk inc flu hosp,2026-04-04,quantile,0.025,12.952669741053352
2026-03-14,05,3,wk inc flu hosp,2026-04-04,quantile,0.05,19.13206795541259
2026-03-14,05,3,wk inc flu hosp,2026-04-04,quantile,0.1,25.938956871025514
2026-03-14,05,3,wk inc flu hosp,2026-04-04,quantile,0.15,30.4711756308691
2026-03-14,05,3,wk inc flu hosp,2026-04-04,quantile,0.2,34.272775650024414
2026-03-14,05,3,wk inc flu hosp,2026-04-04,quantile,0.25,36.53303337097168
2026-03-14,05,3,wk inc flu hosp,2026-04-04,quantile,0.3,37.710371017456055
2026-03-14,05,3,wk inc flu hosp,2026-04-04,quantile,0.35,38.8336124420166
2026-03-14,05,3,wk inc flu hosp,2026-04-04,quantile,0.4,39.96975517272949
2026-03-14,05,3,wk inc flu hosp,2026-04-04,quantile,0.45,42.102155685424805
2026-03-14,05,3,wk inc flu hosp,2026-04-04,quantile,0.5,43.75475311279297
2026-03-14,05,3,wk inc flu hosp,2026-04-04,quantile,0.55,44.91738700866699
2026-03-14,05,3,wk inc flu hosp,2026-04-04,quantile,0.6,46.17228889465332
2026-03-14,05,3,wk inc flu hosp,2026-04-04,quantile,0.65,48.387718200683594
2026-03-14,05,3,wk inc flu hosp,2026-04-04,quantile,0.7,50.16603088378906
2026-03-14,05,3,wk inc flu hosp,2026-04-04,quantile,0.75,51.99159622192383
2026-03-14,05,3,wk inc flu hosp,2026-04-04,quantile,0.8,55.46868705749512
2026-03-14,05,3,wk inc flu hosp,2026-04-04,quantile,0.85,60.17604446411133
2026-03-14,05,3,wk inc flu hosp,2026-04-04,quantile,0.9,72.5
2026-03-14,05,3,wk inc flu hosp,2026-04-04,quantile,0.95,104.5
2026-03-14,05,3,wk inc flu hosp,2026-04-04,quantile,0.975,135.0
2026-03-14,05,3,wk inc flu hosp,2026-04-04,quantile,0.99,170.41752342953188
2026-03-14,06,0,wk inc flu hosp,2026-03-14,quantile,0.01,446.0
2026-03-14,06,0,wk inc flu hosp,2026-03-14,quantile,0.025,487.5
2026-03-14,06,0,wk inc flu hosp,2026-03-14,quantile,0.05,537.0
2026-03-14,06,0,wk inc flu hosp,2026-03-14,quantile,0.1,594.0
2026-03-14,06,0,wk inc flu hosp,2026-03-14,quantile,0.15,628.0
2026-03-14,06,0,wk inc flu hosp,2026-03-14,quantile,0.2,656.5
2026-03-14,06,0,wk inc flu hosp,2026-03-14,quantile,0.25,678.8727584251462
2026-03-14,06,0,wk inc flu hosp,2026-03-14,quantile,0.3,696.5
2026-03-14,06,0,wk inc flu hosp,2026-03-14,quantile,0.35,710.0
2026-03-14,06,0,wk inc flu hosp,2026-03-14,quantile,0.4,725.5
2026-03-14,06,0,wk inc flu hosp,2026-03-14,quantile,0.45,742.647794970333
2026-03-14,06,0,wk inc flu hosp,2026-03-14,quantile,0.5,770.462022490083
2026-03-14,06,0,wk inc flu hosp,2026-03-14,quantile,0.55,793.9870160263754
2026-03-14,06,0,wk inc flu hosp,2026-03-14,quantile,0.6,815.8891520570381
2026-03-14,06,0,wk inc flu hosp,2026-03-14,quantile,0.65,853.293054605047
2026-03-14,06,0,wk inc flu hosp,2026-03-14,quantile,0.7,878.7688598632812
2026-03-14,06,0,wk inc flu hosp,2026-03-14,quantile,0.75,901.1138305664062
2026-03-14,06,0,wk inc flu hosp,2026-03-14,quantile,0.8,921.8953857421875
2026-03-14,06,0,wk inc flu hosp,2026-03-14,quantile,0.85,945.60888671875
2026-03-14,06,0,wk inc flu hosp,2026-03-14,quantile,0.9,975.8853149414062
2026-03-14,06,0,wk inc flu hosp,2026-03-14,quantile,0.95,1022.0
2026-03-14,06,0,wk inc flu hosp,2026-03-14,quantile,0.975,1080.5
2026-03-14,06,0,wk inc flu hosp,2026-03-14,quantile,0.99,1152.0
2026-03-14,06,1,wk inc flu hosp,2026-03-21,quantile,0.01,271.5
2026-03-14,06,1,wk inc flu hosp,2026-03-21,quantile,0.025,301.0
2026-03-14,06,1,wk inc flu hosp,2026-03-21,quantile,0.05,344.0
2026-03-14,06,1,wk inc flu hosp,2026-03-21,quantile,0.1,400.5
2026-03-14,06,1,wk inc flu hosp,2026-03-21,quantile,0.15,442.0
2026-03-14,06,1,wk inc flu hosp,2026-03-21,quantile,0.2,474.5
2026-03-14,06,1,wk inc flu hosp,2026-03-21,quantile,0.25,505.95128359406175
2026-03-14,06,1,wk inc flu hosp,2026-03-21,quantile,0.3,533.4988456664087
2026-03-14,06,1,wk inc flu hosp,2026-03-21,quantile,0.35,554.6642421237183
2026-03-14,06,1,wk inc flu hosp,2026-03-21,quantile,0.4,576.4878628323165
2026-03-14,06,1,wk inc flu hosp,2026-03-21,quantile,0.45,600.69921875
2026-03-14,06,1,wk inc flu hosp,2026-03-21,quantile,0.5,609.68408203125
2026-03-14,06,1,wk inc flu hosp,2026-03-21,quantile,0.55,624.3222045898438
2026-03-14,06,1,wk inc flu hosp,2026-03-21,quantile,0.6,652.9177367212699
2026-03-14,06,1,wk inc flu hosp,2026-03-21,quantile,0.65,684.1940923773653
2026-03-14,06,1,wk inc flu hosp,2026-03-21,quantile,0.7,721.0655081712471
2026-03-14,06,1,wk inc flu hosp,2026-03-21,quantile,0.75,770.9603092427101
2026-03-14,06,1,wk inc flu hosp,2026-03-21,quantile,0.8,813.0
2026-03-14,06,1,wk inc flu hosp,2026-03-21,quantile,0.85,857.5
2026-03-14,06,1,wk inc flu hosp,2026-03-21,quantile,0.9,921.0
2026-03-14,06,1,wk inc flu hosp,2026-03-21,quantile,0.95,1027.5
2026-03-14,06,1,wk inc flu hosp,2026-03-21,quantile,0.975,1144.0
2026-03-14,06,1,wk inc flu hosp,2026-03-21,quantile,0.99,1269.7041560765215
2026-03-14,06,2,wk inc flu hosp,2026-03-28,quantile,0.01,169.0
2026-03-14,06,2,wk inc flu hosp,2026-03-28,quantile,0.025,187.0
2026-03-14,06,2,wk inc flu hosp,2026-03-28,quantile,0.05,225.6926757768848
2026-03-14,06,2,wk inc flu hosp,2026-03-28,quantile,0.1,287.4574965410062
2026-03-14,06,2,wk inc flu hosp,2026-03-28,quantile,0.15,334.8469616634037
2026-03-14,06,2,wk inc flu hosp,2026-03-28,quantile,0.2,361.62509936586537
2026-03-14,06,2,wk inc flu hosp,2026-03-28,quantile,0.25,392.7376478388952
2026-03-14,06,2,wk inc flu hosp,2026-03-28,quantile,0.3,415.39280487551383
2026-03-14,06,2,wk inc flu hosp,2026-03-28,quantile,0.35,430.33509826660156
2026-03-14,06,2,wk inc flu hosp,2026-03-28,quantile,0.4,439.9470672607422
2026-03-14,06,2,wk inc flu hosp,2026-03-28,quantile,0.45,448.97931744226173
2026-03-14,06,2,wk inc flu hosp,2026-03-28,quantile,0.5,466.17163673107933
2026-03-14,06,2,wk inc flu hosp,2026-03-28,quantile,0.55,483.2387171547632
2026-03-14,06,2,wk inc flu hosp,2026-03-28,quantile,0.6,507.9467916363861
2026-03-14,06,2,wk inc flu hosp,2026-03-28,quantile,0.65,536.3172468635227
2026-03-14,06,2,wk inc flu hosp,2026-03-28,quantile,0.7,573.7032998709321
2026-03-14,06,2,wk inc flu hosp,2026-03-28,quantile,0.75,618.2979559510425
2026-03-14,06,2,wk inc flu hosp,2026-03-28,quantile,0.8,669.32423789053
2026-03-14,06,2,wk inc flu hosp,2026-03-28,quantile,0.85,743.769148511416
2026-03-14,06,2,wk inc flu hosp,2026-03-28,quantile,0.9,841.8374065867654
2026-03-14,06,2,wk inc flu hosp,2026-03-28,quantile,0.95,982.0
2026-03-14,06,2,wk inc flu hosp,2026-03-28,quantile,0.975,1188.5
2026-03-14,06,2,wk inc flu hosp,2026-03-28,quantile,0.99,1399.0
2026-03-14,06,3,wk inc flu hosp,2026-04-04,quantile,0.01,102.57661643839995
2026-03-14,06,3,wk inc flu hosp,2026-04-04,quantile,0.025,120.60405711688662
2026-03-14,06,3,wk inc flu hosp,2026-04-04,quantile,0.05,158.11864285802199
2026-03-14,06,3,wk inc flu hosp,2026-04-04,quantile,0.1,212.8019822066916
2026-03-14,06,3,wk inc flu hosp,2026-04-04,quantile,0.15,238.47323962516748
2026-03-14,06,3,wk inc flu hosp,2026-04-04,quantile,0.2,259.3708215397605
2026-03-14,06,3,wk inc flu hosp,2026-04-04,quantile,0.25,280.6199843106655
2026-03-14,06,3,wk inc flu hosp,2026-04-04,quantile,0.3,293.10350036621094
2026-03-14,06,3,wk inc flu hosp,2026-04-04,quantile,0.35,304.1582336425781
2026-03-14,06,3,wk inc flu hosp,2026-04-04,quantile,0.4,317.8003490309171
2026-03-14,06,3,wk inc flu hosp,2026-04-04,quantile,0.45,333.86343358506605
2026-03-14,06,3,wk inc flu hosp,2026-04-04,quantile,0.5,353.23723999732533
2026-03-14,06,3,wk inc flu hosp,2026-04-04,quantile,0.55,370.25033060611213
2026-03-14,06,3,wk inc flu hosp,2026-04-04,quantile,0.6,390.46271326140834
2026-03-14,06,3,wk inc flu hosp,2026-04-04,quantile,0.65,417.03280074907013
2026-03-14,06,3,wk inc flu hosp,2026-04-04,quantile,0.7,448.7342513846542
2026-03-14,06,3,wk inc flu hosp,2026-04-04,quantile,0.75,494.3229797773943
2026-03-14,06,3,wk inc flu hosp,2026-04-04,quantile,0.8,551.4220748204434
2026-03-14,06,3,wk inc flu hosp,2026-04-04,quantile,0.85,625.3122790246928
2026-03-14,06,3,wk inc flu hosp,2026-04-04,quantile,0.9,725.4548613820205
2026-03-14,06,3,wk inc flu hosp,2026-04-04,quantile,0.95,926.316532339781
2026-03-14,06,3,wk inc flu hosp,2026-04-04,quantile,0.975,1168.5
2026-03-14,06,3,wk inc flu hosp,2026-04-04,quantile,0.99,1435.0
2026-03-14,08,0,wk inc flu hosp,2026-03-14,quantile,0.01,35.0
2026-03-14,08,0,wk inc flu hosp,2026-03-14,quantile,0.025,42.0
2026-03-14,08,0,wk inc flu hosp,2026-03-14,quantile,0.05,48.0
2026-03-14,08,0,wk inc flu hosp,2026-03-14,quantile,0.1,56.0
2026-03-14,08,0,wk inc flu hosp,2026-03-14,quantile,0.15,61.0
2026-03-14,08,0,wk inc flu hosp,2026-03-14,quantile,0.2,66.0
2026-03-14,08,0,wk inc flu hosp,2026-03-14,quantile,0.25,68.19189453125
2026-03-14,08,0,wk inc flu hosp,2026-03-14,quantile,0.3,70.25180984968468
2026-03-14,08,0,wk inc flu hosp,2026-03-14,quantile,0.35,74.82289390024492
2026-03-14,08,0,wk inc flu hosp,2026-03-14,quantile,0.4,78.69847472431162
2026-03-14,08,0,wk inc flu hosp,2026-03-14,quantile,0.45,82.0
2026-03-14,08,0,wk inc flu hosp,2026-03-14,quantile,0.5,86.0
2026-03-14,08,0,wk inc flu hosp,2026-03-14,quantile,0.55,89.0
2026-03-14,08,0,wk inc flu hosp,2026-03-14,quantile,0.6,92.0
2026-03-14,08,0,wk inc flu hosp,2026-03-14,quantile,0.65,96.0
2026-03-14,08,0,wk inc flu hosp,2026-03-14,quantile,0.7,101.0
2026-03-14,08,0,wk inc flu hosp,2026-03-14,quantile,0.75,105.0
2026-03-14,08,0,wk inc flu hosp,2026-03-14,quantile,0.8,111.0
2026-03-14,08,0,wk inc flu hosp,2026-03-14,quantile,0.85,117.0
2026-03-14,08,0,wk inc flu hosp,2026-03-14,quantile,0.9,125.0
2026-03-14,08,0,wk inc flu hosp,2026-03-14,quantile,0.95,139.0
2026-03-14,08,0,wk inc flu hosp,2026-03-14,quantile,0.975,150.0
2026-03-14,08,0,wk inc flu hosp,2026-03-14,quantile,0.99,162.0
2026-03-14,08,1,wk inc flu hosp,2026-03-21,quantile,0.01,23.0
2026-03-14,08,1,wk inc flu hosp,2026-03-21,quantile,0.025,27.0
2026-03-14,08,1,wk inc flu hosp,2026-03-21,quantile,0.05,30.29611428650417
2026-03-14,08,1,wk inc flu hosp,2026-03-21,quantile,0.1,39.0
2026-03-14,08,1,wk inc flu hosp,2026-03-21,quantile,0.15,42.0
2026-03-14,08,1,wk inc flu hosp,2026-03-21,quantile,0.2,47.0
2026-03-14,08,1,wk inc flu hosp,2026-03-21,quantile,0.25,50.94331026864931
2026-03-14,08,1,wk inc flu hosp,2026-03-21,quantile,0.3,57.0
2026-03-14,08,1,wk inc flu hosp,2026-03-21,quantile,0.35,59.10874938964844
2026-03-14,08,1,wk inc flu hosp,2026-03-21,quantile,0.4,60.78795623779297
2026-03-14,08,1,wk inc flu hosp,2026-03-21,quantile,0.45,62.47722625732422
2026-03-14,08,1,wk inc flu hosp,2026-03-21,quantile,0.5,65.0
2026-03-14,08,1,wk inc flu hosp,2026-03-21,quantile,0.55,69.0
2026-03-14,08,1,wk inc flu hosp,2026-03-21,quantile,0.6,74.0
2026-03-14,08,1,wk inc flu hosp,2026-03-21,quantile,0.65,79.0
2026-03-14,08,1,wk inc flu hosp,2026-03-21,quantile,0.7,87.0
2026-03-14,08,1,wk inc flu hosp,2026-03-21,quantile,0.75,94.0
2026-03-14,08,1,wk inc flu hosp,2026-03-21,quantile,0.8,104.0
2026-03-14,08,1,wk inc flu hosp,2026-03-21,quantile,0.85,116.0
2026-03-14,08,1,wk inc flu hosp,2026-03-21,quantile,0.9,129.0
2026-03-14,08,1,wk inc flu hosp,2026-03-21,quantile,0.95,147.0
2026-03-14,08,1,wk inc flu hosp,2026-03-21,quantile,0.975,170.0
2026-03-14,08,1,wk inc flu hosp,2026-03-21,quantile,0.99,197.0
2026-03-14,08,2,wk inc flu hosp,2026-03-28,quantile,0.01,13.0
2026-03-14,08,2,wk inc flu hosp,2026-03-28,quantile,0.025,16.0
2026-03-14,08,2,wk inc flu hosp,2026-03-28,quantile,0.05,19.0
2026-03-14,08,2,wk inc flu hosp,2026-03-28,quantile,0.1,27.0
2026-03-14,08,2,wk inc flu hosp,2026-03-28,quantile,0.15,31.0
2026-03-14,08,2,wk inc flu hosp,2026-03-28,quantile,0.2,33.0
2026-03-14,08,2,wk inc flu hosp,2026-03-28,quantile,0.25,39.82318009147795
2026-03-14,08,2,wk inc flu hosp,2026-03-28,quantile,0.3,44.48917770385742
2026-03-14,08,2,wk inc flu hosp,2026-03-28,quantile,0.35,46.07792282104492
2026-03-14,08,2,wk inc flu hosp,2026-03-28,quantile,0.4,47.56874847412109
2026-03-14,08,2,wk inc flu hosp,2026-03-28,quantile,0.45,49.20446395874024
2026-03-14,08,2,wk inc flu hosp,2026-03-28,quantile,0.5,50.797950744628906
2026-03-14,08,2,wk inc flu hosp,2026-03-28,quantile,0.55,54.0
2026-03-14,08,2,wk inc flu hosp,2026-03-28,quantile,0.6,59.0
2026-03-14,08,2,wk inc flu hosp,2026-03-28,quantile,0.65,66.0
2026-03-14,08,2,wk inc flu hosp,2026-03-28,quantile,0.7,71.0
2026-03-14,08,2,wk inc flu hosp,2026-03-28,quantile,0.75,80.0
2026-03-14,08,2,wk inc flu hosp,2026-03-28,quantile,0.8,89.0
2026-03-14,08,2,wk inc flu hosp,2026-03-28,quantile,0.85,100.0
2026-03-14,08,2,wk inc flu hosp,2026-03-28,quantile,0.9,121.0
2026-03-14,08,2,wk inc flu hosp,2026-03-28,quantile,0.95,156.0
2026-03-14,08,2,wk inc flu hosp,2026-03-28,quantile,0.975,181.0
2026-03-14,08,2,wk inc flu hosp,2026-03-28,quantile,0.99,224.0
2026-03-14,08,3,wk inc flu hosp,2026-04-04,quantile,0.01,6.0
2026-03-14,08,3,wk inc flu hosp,2026-04-04,quantile,0.025,9.0
2026-03-14,08,3,wk inc flu hosp,2026-04-04,quantile,0.05,11.0
2026-03-14,08,3,wk inc flu hosp,2026-04-04,quantile,0.1,19.0
2026-03-14,08,3,wk inc flu hosp,2026-04-04,quantile,0.15,21.0
2026-03-14,08,3,wk inc flu hosp,2026-04-04,quantile,0.2,24.547275894598915
2026-03-14,08,3,wk inc flu hosp,2026-04-04,quantile,0.25,29.396488189697266
2026-03-14,08,3,wk inc flu hosp,2026-04-04,quantile,0.3,30.841384887695312
2026-03-14,08,3,wk inc flu hosp,2026-04-04,quantile,0.35,32.148712158203125
2026-03-14,08,3,wk inc flu hosp,2026-04-04,quantile,0.4,33.54418182373047
2026-03-14,08,3,wk inc flu hosp,2026-04-04,quantile,0.45,34.883033752441406
2026-03-14,08,3,wk inc flu hosp,2026-04-04,quantile,0.5,37.0
2026-03-14,08,3,wk inc flu hosp,2026-04-04,quantile,0.55,41.0
2026-03-14,08,3,wk inc flu hosp,2026-04-04,quantile,0.6,45.0
2026-03-14,08,3,wk inc flu hosp,2026-04-04,quantile,0.65,52.0
2026-03-14,08,3,wk inc flu hosp,2026-04-04,quantile,0.7,59.0
2026-03-14,08,3,wk inc flu hosp,2026-04-04,quantile,0.75,65.0
2026-03-14,08,3,wk inc flu hosp,2026-04-04,quantile,0.8,74.0
2026-03-14,08,3,wk inc flu hosp,2026-04-04,quantile,0.85,89.0
2026-03-14,08,3,wk inc flu hosp,2026-04-04,quantile,0.9,113.0
2026-03-14,08,3,wk inc flu hosp,2026-04-04,quantile,0.95,138.0
2026-03-14,08,3,wk inc flu hosp,2026-04-04,quantile,0.975,167.0
2026-03-14,08,3,wk inc flu hosp,2026-04-04,quantile,0.99,210.0
2026-03-14,09,0,wk inc flu hosp,2026-03-14,quantile,0.01,6.738393964551169
2026-03-14,09,0,wk inc flu hosp,2026-03-14,quantile,0.025,10.0
2026-03-14,09,0,wk inc flu hosp,2026-03-14,quantile,0.05,13.0
2026-03-14,09,0,wk inc flu hosp,2026-03-14,quantile,0.1,16.53794050028188
2026-03-14,09,0,wk inc flu hosp,2026-03-14,quantile,0.15,19.0
2026-03-14,09,0,wk inc flu hosp,2026-03-14,quantile,0.2,20.0
2026-03-14,09,0,wk inc flu hosp,2026-03-14,quantile,0.25,22.0
2026-03-14,09,0,wk inc flu hosp,2026-03-14,quantile,0.3,23.441554957693192
2026-03-14,09,0,wk inc flu hosp,2026-03-14,quantile,0.35,26.236921216191387
2026-03-14,09,0,wk inc flu hosp,2026-03-14,quantile,0.4,29.035008026793147
2026-03-14,09,0,wk inc flu hosp,2026-03-14,quantile,0.45,31.877098028239445
2026-03-14,09,0,wk inc flu hosp,2026-03-14,quantile,0.5,34.8036699915229
2026-03-14,09,0,wk inc flu hosp,2026-03-14,quantile,0.55,37.0
2026-03-14,09,0,wk inc flu hosp,2026-03-14,quantile,0.6,39.0
2026-03-14,09,0,wk inc flu hosp,2026-03-14,quantile,0.65,41.0
2026-03-14,09,0,wk inc flu hosp,2026-03-14,quantile,0.7,43.0
2026-03-14,09,0,wk inc flu hosp,2026-03-14,quantile,0.75,45.0
2026-03-14,09,0,wk inc flu hosp,2026-03-14,quantile,0.8,48.0
2026-03-14,09,0,wk inc flu hosp,2026-03-14,quantile,0.85,52.0
2026-03-14,09,0,wk inc flu hosp,2026-03-14,quantile,0.9,56.0
2026-03-14,09,0,wk inc flu hosp,2026-03-14,quantile,0.95,64.0
2026-03-14,09,0,wk inc flu hosp,2026-03-14,quantile,0.975,69.0
2026-03-14,09,0,wk inc flu hosp,2026-03-14,quantile,0.99,76.0
2026-03-14,09,1,wk inc flu hosp,2026-03-21,quantile,0.01,3.9065484916716064
2026-03-14,09,1,wk inc flu hosp,2026-03-21,quantile,0.025,5.62764514868836
2026-03-14,09,1,wk inc flu hosp,2026-03-21,quantile,0.05,6.446420743874979
2026-03-14,09,1,wk inc flu hosp,2026-03-21,quantile,0.1,8.345741271972656
2026-03-14,09,1,wk inc flu hosp,2026-03-21,quantile,0.15,12.735953817341745
2026-03-14,09,1,wk inc flu hosp,2026-03-21,quantile,0.2,14.0
2026-03-14,09,1,wk inc flu hosp,2026-03-21,quantile,0.25,17.0
2026-03-14,09,1,wk inc flu hosp,2026-03-21,quantile,0.3,20.0
2026-03-14,09,1,wk inc flu hosp,2026-03-21,quantile,0.35,22.0
2026-03-14,09,1,wk inc flu hosp,2026-03-21,quantile,0.4,24.0
2026-03-14,09,1,wk inc flu hosp,2026-03-21,quantile,0.45,27.0
2026-03-14,09,1,wk inc flu hosp,2026-03-21,quantile,0.5,30.0
2026-03-14,09,1,wk inc flu hosp,2026-03-21,quantile,0.55,32.0
2026-03-14,09,1,wk inc flu hosp,2026-03-21,quantile,0.6,36.0
2026-03-14,09,1,wk inc flu hosp,2026-03-21,quantile,0.65,39.0
2026-03-14,09,1,wk inc flu hosp,2026-03-21,quantile,0.7,43.0
2026-03-14,09,1,wk inc flu hosp,2026-03-21,quantile,0.75,48.0
2026-03-14,09,1,wk inc flu hosp,2026-03-21,quantile,0.8,53.0
2026-03-14,09,1,wk inc flu hosp,2026-03-21,quantile,0.85,59.0
2026-03-14,09,1,wk inc flu hosp,2026-03-21,quantile,0.9,67.0
2026-03-14,09,1,wk inc flu hosp,2026-03-21,quantile,0.95,79.0
2026-03-14,09,1,wk inc flu hosp,2026-03-21,quantile,0.975,91.0
2026-03-14,09,1,wk inc flu hosp,2026-03-21,quantile,0.99,106.0
2026-03-14,09,2,wk inc flu hosp,2026-03-28,quantile,0.01,1.0
2026-03-14,09,2,wk inc flu hosp,2026-03-28,quantile,0.025,2.0
2026-03-14,09,2,wk inc flu hosp,2026-03-28,quantile,0.05,3.0
2026-03-14,09,2,wk inc flu hosp,2026-03-28,quantile,0.1,5.0
2026-03-14,09,2,wk inc flu hosp,2026-03-28,quantile,0.15,7.0
2026-03-14,09,2,wk inc flu hosp,2026-03-28,quantile,0.2,9.0
2026-03-14,09,2,wk inc flu hosp,2026-03-28,quantile,0.25,10.0
2026-03-14,09,2,wk inc flu hosp,2026-03-28,quantile,0.3,13.530873141366635
2026-03-14,09,2,wk inc flu hosp,2026-03-28,quantile,0.35,17.0
2026-03-14,09,2,wk inc flu hosp,2026-03-28,quantile,0.4,18.0
2026-03-14,09,2,wk inc flu hosp,2026-03-28,quantile,0.45,20.0
2026-03-14,09,2,wk inc flu hosp,2026-03-28,quantile,0.5,22.0
2026-03-14,09,2,wk inc flu hosp,2026-03-28,quantile,0.55,25.0
2026-03-14,09,2,wk inc flu hosp,2026-03-28,quantile,0.6,29.0
2026-03-14,09,2,wk inc flu hosp,2026-03-28,quantile,0.65,34.0
2026-03-14,09,2,wk inc flu hosp,2026-03-28,quantile,0.7,39.0
2026-03-14,09,2,wk inc flu hosp,2026-03-28,quantile,0.75,45.0
2026-03-14,09,2,wk inc flu hosp,2026-03-28,quantile,0.8,53.0
2026-03-14,09,2,wk inc flu hosp,2026-03-28,quantile,0.85,63.0
2026-03-14,09,2,wk inc flu hosp,2026-03-28,quantile,0.9,75.0
2026-03-14,09,2,wk inc flu hosp,2026-03-28,quantile,0.95,93.0
2026-03-14,09,2,wk inc flu hosp,2026-03-28,quantile,0.975,109.0
2026-03-14,09,2,wk inc flu hosp,2026-03-28,quantile,0.99,130.0
2026-03-14,09,3,wk inc flu hosp,2026-04-04,quantile,0.01,0.0
2026-03-14,09,3,wk inc flu hosp,2026-04-04,quantile,0.025,0.0
2026-03-14,09,3,wk inc flu hosp,2026-04-04,quantile,0.05,1.0
2026-03-14,09,3,wk inc flu hosp,2026-04-04,quantile,0.1,2.5189646087031283
2026-03-14,09,3,wk inc flu hosp,2026-04-04,quantile,0.15,4.0
2026-03-14,09,3,wk inc flu hosp,2026-04-04,quantile,0.2,7.0
2026-03-14,09,3,wk inc flu hosp,2026-04-04,quantile,0.25,8.56440258026123
2026-03-14,09,3,wk inc flu hosp,2026-04-04,quantile,0.3,10.457115916696363
2026-03-14,09,3,wk inc flu hosp,2026-04-04,quantile,0.35,15.0
2026-03-14,09,3,wk inc flu hosp,2026-04-04,quantile,0.4,16.0
2026-03-14,09,3,wk inc flu hosp,2026-04-04,quantile,0.45,17.0
2026-03-14,09,3,wk inc flu hosp,2026-04-04,quantile,0.5,18.0
2026-03-14,09,3,wk inc flu hosp,2026-04-04,quantile,0.55,18.0
2026-03-14,09,3,wk inc flu hosp,2026-04-04,quantile,0.6,22.0
2026-03-14,09,3,wk inc flu hosp,2026-04-04,quantile,0.65,26.0
2026-03-14,09,3,wk inc flu hosp,2026-04-04,quantile,0.7,30.0
2026-03-14,09,3,wk inc flu hosp,2026-04-04,quantile,0.75,37.0
2026-03-14,09,3,wk inc flu hosp,2026-04-04,quantile,0.8,44.0
2026-03-14,09,3,wk inc flu hosp,2026-04-04,quantile,0.85,55.0
2026-03-14,09,3,wk inc flu hosp,2026-04-04,quantile,0.9,70.0
2026-03-14,09,3,wk inc flu hosp,2026-04-04,quantile,0.95,98.0
2026-03-14,09,3,wk inc flu hosp,2026-04-04,quantile,0.975,120.0
2026-03-14,09,3,wk inc flu hosp,2026-04-04,quantile,0.99,142.0
2026-03-14,10,0,wk inc flu hosp,2026-03-14,quantile,0.01,7.0
2026-03-14,10,0,wk inc flu hosp,2026-03-14,quantile,0.025,9.0
2026-03-14,10,0,wk inc flu hosp,2026-03-14,quantile,0.05,11.284275782624258
2026-03-14,10,0,wk inc flu hosp,2026-03-14,quantile,0.1,14.320288921577143
2026-03-14,10,0,wk inc flu hosp,2026-03-14,quantile,0.15,16.572770200250645
2026-03-14,10,0,wk inc flu hosp,2026-03-14,quantile,0.2,18.48026031076833
2026-03-14,10,0,wk inc flu hosp,2026-03-14,quantile,0.25,20.19950319026002
2026-03-14,10,0,wk inc flu hosp,2026-03-14,quantile,0.3,21.0
2026-03-14,10,0,wk inc flu hosp,2026-03-14,quantile,0.35,22.0
2026-03-14,10,0,wk inc flu hosp,2026-03-14,quantile,0.4,23.307011648001662
2026-03-14,10,0,wk inc flu hosp,2026-03-14,quantile,0.45,24.938889349249592
2026-03-14,10,0,wk inc flu hosp,2026-03-14,quantile,0.5,25.0
2026-03-14,10,0,wk inc flu hosp,2026-03-14,quantile,0.55,26.0
2026-03-14,10,0,wk inc flu hosp,2026-03-14,quantile,0.6,26.0
2026-03-14,10,0,wk inc flu hosp,2026-03-14,quantile,0.65,27.0
2026-03-14,10,0,wk inc flu hosp,2026-03-14,quantile,0.7,28.0
2026-03-14,10,0,wk inc flu hosp,2026-03-14,quantile,0.75,30.0
2026-03-14,10,0,wk inc flu hosp,2026-03-14,quantile,0.8,31.0
2026-03-14,10,0,wk inc flu hosp,2026-03-14,quantile,0.85,32.0
2026-03-14,10,0,wk inc flu hosp,2026-03-14,quantile,0.9,34.0
2026-03-14,10,0,wk inc flu hosp,2026-03-14,quantile,0.95,38.0
2026-03-14,10,0,wk inc flu hosp,2026-03-14,quantile,0.975,41.0
2026-03-14,10,0,wk inc flu hosp,2026-03-14,quantile,0.99,49.0
2026-03-14,10,1,wk inc flu hosp,2026-03-21,quantile,0.01,3.572792437097597
2026-03-14,10,1,wk inc flu hosp,2026-03-21,quantile,0.025,5.0
2026-03-14,10,1,wk inc flu hosp,2026-03-21,quantile,0.05,7.0
2026-03-14,10,1,wk inc flu hosp,2026-03-21,quantile,0.1,8.970172250630768
2026-03-14,10,1,wk inc flu hosp,2026-03-21,quantile,0.15,10.876373537196418
2026-03-14,10,1,wk inc flu hosp,2026-03-21,quantile,0.2,12.366699659302252
2026-03-14,10,1,wk inc flu hosp,2026-03-21,quantile,0.25,13.958578828406058
2026-03-14,10,1,wk inc flu hosp,2026-03-21,quantile,0.3,16.021728515625
2026-03-14,10,1,wk inc flu hosp,2026-03-21,quantile,0.35,17.202026375390187
2026-03-14,10,1,wk inc flu hosp,2026-03-21,quantile,0.4,19.0
2026-03-14,10,1,wk inc flu hosp,2026-03-21,quantile,0.45,19.0
2026-03-14,10,1,wk inc flu hosp,2026-03-21,quantile,0.5,20.0
2026-03-14,10,1,wk inc flu hosp,2026-03-21,quantile,0.55,20.0
2026-03-14,10,1,wk inc flu hosp,2026-03-21,quantile,0.6,20.0
2026-03-14,10,1,wk inc flu hosp,2026-03-21,quantile,0.65,21.0
2026-03-14,10,1,wk inc flu hosp,2026-03-21,quantile,0.7,23.0
2026-03-14,10,1,wk inc flu hosp,2026-03-21,quantile,0.75,24.0
2026-03-14,10,1,wk inc flu hosp,2026-03-21,quantile,0.8,27.0
2026-03-14,10,1,wk inc flu hosp,2026-03-21,quantile,0.85,29.0
2026-03-14,10,1,wk inc flu hosp,2026-03-21,quantile,0.9,33.0
2026-03-14,10,1,wk inc flu hosp,2026-03-21,quantile,0.95,40.0
2026-03-14,10,1,wk inc flu hosp,2026-03-21,quantile,0.975,46.0
2026-03-14,10,1,wk inc flu hosp,2026-03-21,quantile,0.99,52.0
2026-03-14,10,2,wk inc flu hosp,2026-03-28,quantile,0.01,1.0
2026-03-14,10,2,wk inc flu hosp,2026-03-28,quantile,0.025,2.0
2026-03-14,10,2,wk inc flu hosp,2026-03-28,quantile,0.05,3.848122728665684
2026-03-14,10,2,wk inc flu hosp,2026-03-28,quantile,0.1,5.576945696020472
2026-03-14,10,2,wk inc flu hosp,2026-03-28,quantile,0.15,8.0
2026-03-14,10,2,wk inc flu hosp,2026-03-28,quantile,0.2,9.976158846270588
2026-03-14,10,2,wk inc flu hosp,2026-03-28,quantile,0.25,11.660266876220703
2026-03-14,10,2,wk inc flu hosp,2026-03-28,quantile,0.3,13.0
2026-03-14,10,2,wk inc flu hosp,2026-03-28,quantile,0.35,14.0
2026-03-14,10,2,wk inc flu hosp,2026-03-28,quantile,0.4,14.0
2026-03-14,10,2,wk inc flu hosp,2026-03-28,quantile,0.45,15.0
2026-03-14,10,2,wk inc flu hosp,2026-03-28,quantile,0.5,15.0
2026-03-14,10,2,wk inc flu hosp,2026-03-28,quantile,0.55,15.0
2026-03-14,10,2,wk inc flu hosp,2026-03-28,quantile,0.6,16.0
2026-03-14,10,2,wk inc flu hosp,2026-03-28,quantile,0.65,16.0
2026-03-14,10,2,wk inc flu hosp,2026-03-28,quantile,0.7,17.0
2026-03-14,10,2,wk inc flu hosp,2026-03-28,quantile,0.75,19.0
2026-03-14,10,2,wk inc flu hosp,2026-03-28,quantile,0.8,21.0
2026-03-14,10,2,wk inc flu hosp,2026-03-28,quantile,0.85,25.0
2026-03-14,10,2,wk inc flu hosp,2026-03-28,quantile,0.9,30.0
2026-03-14,10,2,wk inc flu hosp,2026-03-28,quantile,0.95,38.0
2026-03-14,10,2,wk inc flu hosp,2026-03-28,quantile,0.975,47.0
2026-03-14,10,2,wk inc flu hosp,2026-03-28,quantile,0.99,56.0
2026-03-14,10,3,wk inc flu hosp,2026-04-04,quantile,0.01,0.0221919516074465
2026-03-14,10,3,wk inc flu hosp,2026-04-04,quantile,0.025,1.0
2026-03-14,10,3,wk inc flu hosp,2026-04-04,quantile,0.05,2.0
2026-03-14,10,3,wk inc flu hosp,2026-04-04,quantile,0.1,4.0
2026-03-14,10,3,wk inc flu hosp,2026-04-04,quantile,0.15,5.0
2026-03-14,10,3,wk inc flu hosp,2026-04-04,quantile,0.2,7.0
2026-03-14,10,3,wk inc flu hosp,2026-04-04,quantile,0.25,8.225223757765342
2026-03-14,10,3,wk inc flu hosp,2026-04-04,quantile,0.3,10.0
2026-03-14,10,3,wk inc flu hosp,2026-04-04,quantile,0.35,11.0
2026-03-14,10,3,wk inc flu hosp,2026-04-04,quantile,0.4,11.0
2026-03-14,10,3,wk inc flu hosp,2026-04-04,quantile,0.45,12.0
2026-03-14,10,3,wk inc flu hosp,2026-04-04,quantile,0.5,12.0
2026-03-14,10,3,wk inc flu hosp,2026-04-04,quantile,0.55,12.0
2026-03-14,10,3,wk inc flu hosp,2026-04-04,quantile,0.6,12.0
2026-03-14,10,3,wk inc flu hosp,2026-04-04,quantile,0.65,13.0
2026-03-14,10,3,wk inc flu hosp,2026-04-04,quantile,0.7,13.0
2026-03-14,10,3,wk inc flu hosp,2026-04-04,quantile,0.75,14.0
2026-03-14,10,3,wk inc flu hosp,2026-04-04,quantile,0.8,16.0
2026-03-14,10,3,wk inc flu hosp,2026-04-04,quantile,0.85,19.0
2026-03-14,10,3,wk inc flu hosp,2026-04-04,quantile,0.9,24.0
2026-03-14,10,3,wk inc flu hosp,2026-04-04,quantile,0.95,34.0
2026-03-14,10,3,wk inc flu hosp,2026-04-04,quantile,0.975,44.0
2026-03-14,10,3,wk inc flu hosp,2026-04-04,quantile,0.99,54.0
2026-03-14,11,0,wk inc flu hosp,2026-03-14,quantile,0.01,0.8626909160341366
2026-03-14,11,0,wk inc flu hosp,2026-03-14,quantile,0.025,1.0856250256855426
2026-03-14,11,0,wk inc flu hosp,2026-03-14,quantile,0.05,2.0
2026-03-14,11,0,wk inc flu hosp,2026-03-14,quantile,0.1,3.0
2026-03-14,11,0,wk inc flu hosp,2026-03-14,quantile,0.15,4.0
2026-03-14,11,0,wk inc flu hosp,2026-03-14,quantile,0.2,4.0
2026-03-14,11,0,wk inc flu hosp,2026-03-14,quantile,0.25,4.625885310121326
2026-03-14,11,0,wk inc flu hosp,2026-03-14,quantile,0.3,5.314120445301519
2026-03-14,11,0,wk inc flu hosp,2026-03-14,quantile,0.35,5.832006100666197
2026-03-14,11,0,wk inc flu hosp,2026-03-14,quantile,0.4,6.436959146425701
2026-03-14,11,0,wk inc flu hosp,2026-03-14,quantile,0.45,7.156489728958954
2026-03-14,11,0,wk inc flu hosp,2026-03-14,quantile,0.5,7.422142028808594
2026-03-14,11,0,wk inc flu hosp,2026-03-14,quantile,0.55,7.7022705078125
2026-03-14,11,0,wk inc flu hosp,2026-03-14,quantile,0.6,8.176116020628323
2026-03-14,11,0,wk inc flu hosp,2026-03-14,quantile,0.65,9.0
2026-03-14,11,0,wk inc flu hosp,2026-03-14,quantile,0.7,10.0
2026-03-14,11,0,wk inc flu hosp,2026-03-14,quantile,0.75,10.0
2026-03-14,11,0,wk inc flu hosp,2026-03-14,quantile,0.8,11.0
2026-03-14,11,0,wk inc flu hosp,2026-03-14,quantile,0.85,12.0
2026-03-14,11,0,wk inc flu hosp,2026-03-14,quantile,0.9,13.0
2026-03-14,11,0,wk inc flu hosp,2026-03-14,quantile,0.95,15.0
2026-03-14,11,0,wk inc flu hosp,2026-03-14,quantile,0.975,17.0
2026-03-14,11,0,wk inc flu hosp,2026-03-14,quantile,0.99,18.0
2026-03-14,11,1,wk inc flu hosp,2026-03-21,quantile,0.01,0.0
2026-03-14,11,1,wk inc flu hosp,2026-03-21,quantile,0.025,0.4337763581188978
2026-03-14,11,1,wk inc flu hosp,2026-03-21,quantile,0.05,1.0
2026-03-14,11,1,wk inc flu hosp,2026-03-21,quantile,0.1,2.184186239013066
2026-03-14,11,1,wk inc flu hosp,2026-03-21,quantile,0.15,3.0
2026-03-14,11,1,wk inc flu hosp,2026-03-21,quantile,0.2,3.8977498653802423
2026-03-14,11,1,wk inc flu hosp,2026-03-21,quantile,0.25,4.0
2026-03-14,11,1,wk inc flu hosp,2026-03-21,quantile,0.3,5.0
2026-03-14,11,1,wk inc flu hosp,2026-03-21,quantile,0.35,5.276941776275635
2026-03-14,11,1,wk inc flu hosp,2026-03-21,quantile,0.4,6.0
2026-03-14,11,1,wk inc flu hosp,2026-03-21,quantile,0.45,7.0
2026-03-14,11,1,wk inc flu hosp,2026-03-21,quantile,0.5,7.0
2026-03-14,11,1,wk inc flu hosp,2026-03-21,quantile,0.55,8.0
2026-03-14,11,1,wk inc flu hosp,2026-03-21,quantile,0.6,9.0
2026-03-14,11,1,wk inc flu hosp,2026-03-21,quantile,0.65,10.0
2026-03-14,11,1,wk inc flu hosp,2026-03-21,quantile,0.7,11.0
2026-03-14,11,1,wk inc flu hosp,2026-03-21,quantile,0.75,12.0
2026-03-14,11,1,wk inc flu hosp,2026-03-21,quantile,0.8,14.0
2026-03-14,11,1,wk inc flu hosp,2026-03-21,quantile,0.85,16.0
2026-03-14,11,1,wk inc flu hosp,2026-03-21,quantile,0.9,19.0
2026-03-14,11,1,wk inc flu hosp,2026-03-21,quantile,0.95,24.0
2026-03-14,11,1,wk inc flu hosp,2026-03-21,quantile,0.975,28.0
2026-03-14,11,1,wk inc flu hosp,2026-03-21,quantile,0.99,33.0
2026-03-14,11,2,wk inc flu hosp,2026-03-28,quantile,0.01,0.0
2026-03-14,11,2,wk inc flu hosp,2026-03-28,quantile,0.025,0.0
2026-03-14,11,2,wk inc flu hosp,2026-03-28,quantile,0.05,0.712494665405262
2026-03-14,11,2,wk inc flu hosp,2026-03-28,quantile,0.1,1.0
2026-03-14,11,2,wk inc flu hosp,2026-03-28,quantile,0.15,2.0
2026-03-14,11,2,wk inc flu hosp,2026-03-28,quantile,0.2,3.0
2026-03-14,11,2,wk inc flu hosp,2026-03-28,quantile,0.25,3.5204882558706254
2026-03-14,11,2,wk inc flu hosp,2026-03-28,quantile,0.3,3.9701569080352783
2026-03-14,11,2,wk inc flu hosp,2026-03-28,quantile,0.35,4.207259178161621
2026-03-14,11,2,wk inc flu hosp,2026-03-28,quantile,0.4,4.445756912231445
2026-03-14,11,2,wk inc flu hosp,2026-03-28,quantile,0.45,5.0
2026-03-14,11,2,wk inc flu hosp,2026-03-28,quantile,0.5,6.0
2026-03-14,11,2,wk inc flu hosp,2026-03-28,quantile,0.55,7.0
2026-03-14,11,2,wk inc flu hosp,2026-03-28,quantile,0.6,7.825124944110026
2026-03-14,11,2,wk inc flu hosp,2026-03-28,quantile,0.65,8.972534975764129
2026-03-14,11,2,wk inc flu hosp,2026-03-28,quantile,0.7,10.0
2026-03-14,11,2,wk inc flu hosp,2026-03-28,quantile,0.75,12.0
2026-03-14,11,2,wk inc flu hosp,2026-03-28,quantile,0.8,14.0
2026-03-14,11,2,wk inc flu hosp,2026-03-28,quantile,0.85,16.0
2026-03-14,11,2,wk inc flu hosp,2026-03-28,quantile,0.9,20.0
2026-03-14,11,2,wk inc flu hosp,2026-03-28,quantile,0.95,26.0
2026-03-14,11,2,wk inc flu hosp,2026-03-28,quantile,0.975,30.0
2026-03-14,11,2,wk inc flu hosp,2026-03-28,quantile,0.99,35.0
2026-03-14,11,3,wk inc flu hosp,2026-04-04,quantile,0.01,0.0
2026-03-14,11,3,wk inc flu hosp,2026-04-04,quantile,0.025,0.0
2026-03-14,11,3,wk inc flu hosp,2026-04-04,quantile,0.05,0.0
2026-03-14,11,3,wk inc flu hosp,2026-04-04,quantile,0.1,0.3333005135765843
2026-03-14,11,3,wk inc flu hosp,2026-04-04,quantile,0.15,1.0
2026-03-14,11,3,wk inc flu hosp,2026-04-04,quantile,0.2,2.0
2026-03-14,11,3,wk inc flu hosp,2026-04-04,quantile,0.25,2.8098859786987305
2026-03-14,11,3,wk inc flu hosp,2026-04-04,quantile,0.3,3.0183794498443604
2026-03-14,11,3,wk inc flu hosp,2026-04-04,quantile,0.35,3.2288272380828857
2026-03-14,11,3,wk inc flu hosp,2026-04-04,quantile,0.4,3.4226698875427246
2026-03-14,11,3,wk inc flu hosp,2026-04-04,quantile,0.45,4.0
2026-03-14,11,3,wk inc flu hosp,2026-04-04,quantile,0.5,4.0
2026-03-14,11,3,wk inc flu hosp,2026-04-04,quantile,0.55,5.0
2026-03-14,11,3,wk inc flu hosp,2026-04-04,quantile,0.6,6.0
2026-03-14,11,3,wk inc flu hosp,2026-04-04,quantile,0.65,7.0
2026-03-14,11,3,wk inc flu hosp,2026-04-04,quantile,0.7,8.0
2026-03-14,11,3,wk inc flu hosp,2026-04-04,quantile,0.75,9.0
2026-03-14,11,3,wk inc flu hosp,2026-04-04,quantile,0.8,11.0
2026-03-14,11,3,wk inc flu hosp,2026-04-04,quantile,0.85,13.0
2026-03-14,11,3,wk inc flu hosp,2026-04-04,quantile,0.9,15.0
2026-03-14,11,3,wk inc flu hosp,2026-04-04,quantile,0.95,19.0
2026-03-14,11,3,wk inc flu hosp,2026-04-04,quantile,0.975,21.0
2026-03-14,11,3,wk inc flu hosp,2026-04-04,quantile,0.99,23.0
2026-03-14,12,0,wk inc flu hosp,2026-03-14,quantile,0.01,456.3551635742187
2026-03-14,12,0,wk inc flu hosp,2026-03-14,quantile,0.025,498.7464599609375
2026-03-14,12,0,wk inc flu hosp,2026-03-14,quantile,0.05,538.0
2026-03-14,12,0,wk inc flu hosp,2026-03-14,quantile,0.1,574.0
2026-03-14,12,0,wk inc flu hosp,2026-03-14,quantile,0.15,595.0
2026-03-14,12,0,wk inc flu hosp,2026-03-14,quantile,0.2,625.0
2026-03-14,12,0,wk inc flu hosp,2026-03-14,quantile,0.25,642.0
2026-03-14,12,0,wk inc flu hosp,2026-03-14,quantile,0.3,658.7414754314793
2026-03-14,12,0,wk inc flu hosp,2026-03-14,quantile,0.35,672.0
2026-03-14,12,0,wk inc flu hosp,2026-03-14,quantile,0.4,686.0
2026-03-14,12,0,wk inc flu hosp,2026-03-14,quantile,0.45,709.0
2026-03-14,12,0,wk inc flu hosp,2026-03-14,quantile,0.5,727.0
2026-03-14,12,0,wk inc flu hosp,2026-03-14,quantile,0.55,767.8745229997969
2026-03-14,12,0,wk inc flu hosp,2026-03-14,quantile,0.6,803.1840209960938
2026-03-14,12,0,wk inc flu hosp,2026-03-14,quantile,0.65,823.8722534179688
2026-03-14,12,0,wk inc flu hosp,2026-03-14,quantile,0.7,845.0393676757812
2026-03-14,12,0,wk inc flu hosp,2026-03-14,quantile,0.75,867.6805419921875
2026-03-14,12,0,wk inc flu hosp,2026-03-14,quantile,0.8,893.2911987304688
2026-03-14,12,0,wk inc flu hosp,2026-03-14,quantile,0.85,923.9261474609376
2026-03-14,12,0,wk inc flu hosp,2026-03-14,quantile,0.9,963.8349609375
2026-03-14,12,0,wk inc flu hosp,2026-03-14,quantile,0.95,1035.0
2026-03-14,12,0,wk inc flu hosp,2026-03-14,quantile,0.975,1082.0
2026-03-14,12,0,wk inc flu hosp,2026-03-14,quantile,0.99,1172.0
2026-03-14,12,1,wk inc flu hosp,2026-03-21,quantile,0.01,275.78345716651484
2026-03-14,12,1,wk inc flu hosp,2026-03-21,quantile,0.025,320.5837121867094
2026-03-14,12,1,wk inc flu hosp,2026-03-21,quantile,0.05,381.1178299243245
2026-03-14,12,1,wk inc flu hosp,2026-03-21,quantile,0.1,433.0
2026-03-14,12,1,wk inc flu hosp,2026-03-21,quantile,0.15,467.0
2026-03-14,12,1,wk inc flu hosp,2026-03-21,quantile,0.2,487.54634342597046
2026-03-14,12,1,wk inc flu hosp,2026-03-21,quantile,0.25,535.2382030293988
2026-03-14,12,1,wk inc flu hosp,2026-03-21,quantile,0.3,574.8096313476562
2026-03-14,12,1,wk inc flu hosp,2026-03-21,quantile,0.35,592.3553466796875
2026-03-14,12,1,wk inc flu hosp,2026-03-21,quantile,0.4,610.1328735351562
2026-03-14,12,1,wk inc flu hosp,2026-03-21,quantile,0.45,628.3929443359375
2026-03-14,12,1,wk inc flu hosp,2026-03-21,quantile,0.5,644.4481201171875
2026-03-14,12,1,wk inc flu hosp,2026-03-21,quantile,0.55,661.4847412109375
2026-03-14,12,1,wk inc flu hosp,2026-03-21,quantile,0.6,679.5901489257812
2026-03-14,12,1,wk inc flu hosp,2026-03-21,quantile,0.65,697.818359375
2026-03-14,12,1,wk inc flu hosp,2026-03-21,quantile,0.7,717.3908081054688
2026-03-14,12,1,wk inc flu hosp,2026-03-21,quantile,0.75,738.6624755859375
2026-03-14,12,1,wk inc flu hosp,2026-03-21,quantile,0.8,761.218505859375
2026-03-14,12,1,wk inc flu hosp,2026-03-21,quantile,0.85,788.7491455078125
2026-03-14,12,1,wk inc flu hosp,2026-03-21,quantile,0.9,823.41259765625
2026-03-14,12,1,wk inc flu hosp,2026-03-21,quantile,0.95,915.0
2026-03-14,12,1,wk inc flu hosp,2026-03-21,quantile,0.975,1061.0
2026-03-14,12,1,wk inc flu hosp,2026-03-21,quantile,0.99,1228.0
2026-03-14,12,2,wk inc flu hosp,2026-03-28,quantile,0.01,173.61622835237054
2026-03-14,12,2,wk inc flu hosp,2026-03-28,quantile,0.025,240.38442567211445
2026-03-14,12,2,wk inc flu hosp,2026-03-28,quantile,0.05,285.0
2026-03-14,12,2,wk inc flu hosp,2026-03-28,quantile,0.1,310.0
2026-03-14,12,2,wk inc flu hosp,2026-03-28,quantile,0.15,320.5066362015705
2026-03-14,12,2,wk inc flu hosp,2026-03-28,quantile,0.2,354.8862015769778
2026-03-14,12,2,wk inc flu hosp,2026-03-28,quantile,0.25,395.4199384249401
2026-03-14,12,2,wk inc flu hosp,2026-03-28,quantile,0.3,407.0
2026-03-14,12,2,wk inc flu hosp,2026-03-28,quantile,0.35,418.0
2026-03-14,12,2,wk inc flu hosp,2026-03-28,quantile,0.4,450.2021195840492
2026-03-14,12,2,wk inc flu hosp,2026-03-28,quantile,0.45,488.4641743485313
2026-03-14,12,2,wk inc flu hosp,2026-03-28,quantile,0.5,529.3272965482472
2026-03-14,12,2,wk inc flu hosp,2026-03-28,quantile,0.55,567.7476196289062
2026-03-14,12,2,wk inc flu hosp,2026-03-28,quantile,0.6,583.6803588867188
2026-03-14,12,2,wk inc flu hosp,2026-03-28,quantile,0.65,600.5711669921875
2026-03-14,12,2,wk inc flu hosp,2026-03-28,quantile,0.7,618.3240966796875
2026-03-14,12,2,wk inc flu hosp,2026-03-28,quantile,0.75,636.7926025390625
2026-03-14,12,2,wk inc flu hosp,2026-03-28,quantile,0.8,660.1644287109375
2026-03-14,12,2,wk inc flu hosp,2026-03-28,quantile,0.85,687.1921997070312
2026-03-14,12,2,wk inc flu hosp,2026-03-28,quantile,0.9,721.8043823242188
2026-03-14,12,2,wk inc flu hosp,2026-03-28,quantile,0.95,798.0
2026-03-14,12,2,wk inc flu hosp,2026-03-28,quantile,0.975,984.0
2026-03-14,12,2,wk inc flu hosp,2026-03-28,quantile,0.99,1202.0
2026-03-14,12,3,wk inc flu hosp,2026-04-04,quantile,0.01,155.7484846331662
2026-03-14,12,3,wk inc flu hosp,2026-04-04,quantile,0.025,193.0
2026-03-14,12,3,wk inc flu hosp,2026-04-04,quantile,0.05,213.2637876481224
2026-03-14,12,3,wk inc flu hosp,2026-04-04,quantile,0.1,249.7491821876141
2026-03-14,12,3,wk inc flu hosp,2026-04-04,quantile,0.15,284.1037784922788
2026-03-14,12,3,wk inc flu hosp,2026-04-04,quantile,0.2,318.0
2026-03-14,12,3,wk inc flu hosp,2026-04-04,quantile,0.25,331.0
2026-03-14,12,3,wk inc flu hosp,2026-04-04,quantile,0.3,341.0
2026-03-14,12,3,wk inc flu hosp,2026-04-04,quantile,0.35,366.8007875400458
2026-03-14,12,3,wk inc flu hosp,2026-04-04,quantile,0.4,396.2359780677247
2026-03-14,12,3,wk inc flu hosp,2026-04-04,quantile,0.45,428.64875939587137
2026-03-14,12,3,wk inc flu hosp,2026-04-04,quantile,0.5,460.3870530254883
2026-03-14,12,3,wk inc flu hosp,2026-04-04,quantile,0.55,480.5797424316406
2026-03-14,12,3,wk inc flu hosp,2026-04-04,quantile,0.6,494.468994140625
2026-03-14,12,3,wk inc flu hosp,2026-04-04,quantile,0.65,508.7540893554687
2026-03-14,12,3,wk inc flu hosp,2026-04-04,quantile,0.7,524.9857788085938
2026-03-14,12,3,wk inc flu hosp,2026-04-04,quantile,0.75,542.8603515625
2026-03-14,12,3,wk inc flu hosp,2026-04-04,quantile,0.8,562.6500854492188
2026-03-14,12,3,wk inc flu hosp,2026-04-04,quantile,0.85,587.3004760742188
2026-03-14,12,3,wk inc flu hosp,2026-04-04,quantile,0.9,620.3118896484375
2026-03-14,12,3,wk inc flu hosp,2026-04-04,quantile,0.95,669.9920043945312
2026-03-14,12,3,wk inc flu hosp,2026-04-04,quantile,0.975,817.0
2026-03-14,12,3,wk inc flu hosp,2026-04-04,quantile,0.99,1050.0
2026-03-14,13,0,wk inc flu hosp,2026-03-14,quantile,0.01,68.0
2026-03-14,13,0,wk inc flu hosp,2026-03-14,quantile,0.025,80.0
2026-03-14,13,0,wk inc flu hosp,2026-03-14,quantile,0.05,86.0
2026-03-14,13,0,wk inc flu hosp,2026-03-14,quantile,0.1,95.0
2026-03-14,13,0,wk inc flu hosp,2026-03-14,quantile,0.15,103.0
2026-03-14,13,0,wk inc flu hosp,2026-03-14,quantile,0.2,110.0
2026-03-14,13,0,wk inc flu hosp,2026-03-14,quantile,0.25,117.0
2026-03-14,13,0,wk inc flu hosp,2026-03-14,quantile,0.3,125.27376309699838
2026-03-14,13,0,wk inc flu hosp,2026-03-14,quantile,0.35,133.97178390787136
2026-03-14,13,0,wk inc flu hosp,2026-03-14,quantile,0.4,143.55867533386632
2026-03-14,13,0,wk inc flu hosp,2026-03-14,quantile,0.45,150.0
2026-03-14,13,0,wk inc flu hosp,2026-03-14,quantile,0.5,153.73872257313602
2026-03-14,13,0,wk inc flu hosp,2026-03-14,quantile,0.55,160.88852511886773
2026-03-14,13,0,wk inc flu hosp,2026-03-14,quantile,0.6,169.38087797502024
2026-03-14,13,0,wk inc flu hosp,2026-03-14,quantile,0.65,178.38792604601798
2026-03-14,13,0,wk inc flu hosp,2026-03-14,quantile,0.7,188.13249972944456
2026-03-14,13,0,wk inc flu hosp,2026-03-14,quantile,0.75,198.93912774238203
2026-03-14,13,0,wk inc flu hosp,2026-03-14,quantile,0.8,206.73870849609372
2026-03-14,13,0,wk inc flu hosp,2026-03-14,quantile,0.85,213.2051239013672
2026-03-14,13,0,wk inc flu hosp,2026-03-14,quantile,0.9,221.2277069091797
2026-03-14,13,0,wk inc flu hosp,2026-03-14,quantile,0.95,234.58868408203125
2026-03-14,13,0,wk inc flu hosp,2026-03-14,quantile,0.975,247.12030029296875
2026-03-14,13,0,wk inc flu hosp,2026-03-14,quantile,0.99,261.7106628417969
2026-03-14,13,1,wk inc flu hosp,2026-03-21,quantile,0.01,42.0
2026-03-14,13,1,wk inc flu hosp,2026-03-21,quantile,0.025,49.0
2026-03-14,13,1,wk inc flu hosp,2026-03-21,quantile,0.05,56.0
2026-03-14,13,1,wk inc flu hosp,2026-03-21,quantile,0.1,68.0
2026-03-14,13,1,wk inc flu hosp,2026-03-21,quantile,0.15,79.0
2026-03-14,13,1,wk inc flu hosp,2026-03-21,quantile,0.2,89.0
2026-03-14,13,1,wk inc flu hosp,2026-03-21,quantile,0.25,98.0
2026-03-14,13,1,wk inc flu hosp,2026-03-21,quantile,0.3,106.0
2026-03-14,13,1,wk inc flu hosp,2026-03-21,quantile,0.35,113.6281507446084
2026-03-14,13,1,wk inc flu hosp,2026-03-21,quantile,0.4,117.0
2026-03-14,13,1,wk inc flu hosp,2026-03-21,quantile,0.45,126.61199619119937
2026-03-14,13,1,wk inc flu hosp,2026-03-21,quantile,0.5,138.0
2026-03-14,13,1,wk inc flu hosp,2026-03-21,quantile,0.55,146.0
2026-03-14,13,1,wk inc flu hosp,2026-03-21,quantile,0.6,155.0
2026-03-14,13,1,wk inc flu hosp,2026-03-21,quantile,0.65,164.0
2026-03-14,13,1,wk inc flu hosp,2026-03-21,quantile,0.7,174.0
2026-03-14,13,1,wk inc flu hosp,2026-03-21,quantile,0.75,182.4839630126953
2026-03-14,13,1,wk inc flu hosp,2026-03-21,quantile,0.8,188.1955108642578
2026-03-14,13,1,wk inc flu hosp,2026-03-21,quantile,0.85,194.18017578125
2026-03-14,13,1,wk inc flu hosp,2026-03-21,quantile,0.9,203.0253143310547
2026-03-14,13,1,wk inc flu hosp,2026-03-21,quantile,0.95,219.0
2026-03-14,13,1,wk inc flu hosp,2026-03-21,quantile,0.975,259.0
2026-03-14,13,1,wk inc flu hosp,2026-03-21,quantile,0.99,306.0
2026-03-14,13,2,wk inc flu hosp,2026-03-28,quantile,0.01,23.0
2026-03-14,13,2,wk inc flu hosp,2026-03-28,quantile,0.025,29.0
2026-03-14,13,2,wk inc flu hosp,2026-03-28,quantile,0.05,35.0
2026-03-14,13,2,wk inc flu hosp,2026-03-28,quantile,0.1,53.94546123948614
2026-03-14,13,2,wk inc flu hosp,2026-03-28,quantile,0.15,66.0
2026-03-14,13,2,wk inc flu hosp,2026-03-28,quantile,0.2,71.0
2026-03-14,13,2,wk inc flu hosp,2026-03-28,quantile,0.25,77.0
2026-03-14,13,2,wk inc flu hosp,2026-03-28,quantile,0.3,82.0
2026-03-14,13,2,wk inc flu hosp,2026-03-28,quantile,0.35,92.3317597734583
2026-03-14,13,2,wk inc flu hosp,2026-03-28,quantile,0.4,108.69370564524648
2026-03-14,13,2,wk inc flu hosp,2026-03-28,quantile,0.45,118.0
2026-03-14,13,2,wk inc flu hosp,2026-03-28,quantile,0.5,127.0
2026-03-14,13,2,wk inc flu hosp,2026-03-28,quantile,0.55,137.0
2026-03-14,13,2,wk inc flu hosp,2026-03-28,quantile,0.6,147.0
2026-03-14,13,2,wk inc flu hosp,2026-03-28,quantile,0.65,153.84649658203125
2026-03-14,13,2,wk inc flu hosp,2026-03-28,quantile,0.7,158.02923583984375
2026-03-14,13,2,wk inc flu hosp,2026-03-28,quantile,0.75,163.31785583496094
2026-03-14,13,2,wk inc flu hosp,2026-03-28,quantile,0.8,168.8067169189453
2026-03-14,13,2,wk inc flu hosp,2026-03-28,quantile,0.85,176.0978240966797
2026-03-14,13,2,wk inc flu hosp,2026-03-28,quantile,0.9,185.38229370117188
2026-03-14,13,2,wk inc flu hosp,2026-03-28,quantile,0.95,201.0
2026-03-14,13,2,wk inc flu hosp,2026-03-28,quantile,0.975,259.0
2026-03-14,13,2,wk inc flu hosp,2026-03-28,quantile,0.99,333.0
2026-03-14,13,3,wk inc flu hosp,2026-04-04,quantile,0.01,12.0
2026-03-14,13,3,wk inc flu hosp,2026-04-04,quantile,0.025,16.0
2026-03-14,13,3,wk inc flu hosp,2026-04-04,quantile,0.05,23.650032610262954
2026-03-14,13,3,wk inc flu hosp,2026-04-04,quantile,0.1,40.44868397840647
2026-03-14,13,3,wk inc flu hosp,2026-04-04,quantile,0.15,48.0
2026-03-14,13,3,wk inc flu hosp,2026-04-04,quantile,0.2,56.0
2026-03-14,13,3,wk inc flu hosp,2026-04-04,quantile,0.25,62.0
2026-03-14,13,3,wk inc flu hosp,2026-04-04,quantile,0.3,74.16583984251811
2026-03-14,13,3,wk inc flu hosp,2026-04-04,quantile,0.35,84.0
2026-03-14,13,3,wk inc flu hosp,2026-04-04,quantile,0.4,93.0
2026-03-14,13,3,wk inc flu hosp,2026-04-04,quantile,0.45,103.0
2026-03-14,13,3,wk inc flu hosp,2026-04-04,quantile,0.5,113.0
2026-03-14,13,3,wk inc flu hosp,2026-04-04,quantile,0.55,123.0
2026-03-14,13,3,wk inc flu hosp,2026-04-04,quantile,0.6,129.70362854003906
2026-03-14,13,3,wk inc flu hosp,2026-04-04,quantile,0.65,133.36972045898438
2026-03-14,13,3,wk inc flu hosp,2026-04-04,quantile,0.7,137.7105255126953
2026-03-14,13,3,wk inc flu hosp,2026-04-04,quantile,0.75,142.46450805664062
2026-03-14,13,3,wk inc flu hosp,2026-04-04,quantile,0.8,148.1312255859375
2026-03-14,13,3,wk inc flu hosp,2026-04-04,quantile,0.85,155.20074462890625
2026-03-14,13,3,wk inc flu hosp,2026-04-04,quantile,0.9,164.24266052246094
2026-03-14,13,3,wk inc flu hosp,2026-04-04,quantile,0.95,177.9224395751953
2026-03-14,13,3,wk inc flu hosp,2026-04-04,quantile,0.975,236.0
2026-03-14,13,3,wk inc flu hosp,2026-04-04,quantile,0.99,315.0
2026-03-14,15,0,wk inc flu hosp,2026-03-14,quantile,0.01,5.0
2026-03-14,15,0,wk inc flu hosp,2026-03-14,quantile,0.025,6.0
2026-03-14,15,0,wk inc flu hosp,2026-03-14,quantile,0.05,7.0
2026-03-14,15,0,wk inc flu hosp,2026-03-14,quantile,0.1,8.197208536475445
2026-03-14,15,0,wk inc flu hosp,2026-03-14,quantile,0.15,9.304780830140723
2026-03-14,15,0,wk inc flu hosp,2026-03-14,quantile,0.2,10.506770482419908
2026-03-14,15,0,wk inc flu hosp,2026-03-14,quantile,0.25,11.12717342376709
2026-03-14,15,0,wk inc flu hosp,2026-03-14,quantile,0.3,11.67918872833252
2026-03-14,15,0,wk inc flu hosp,2026-03-14,quantile,0.35,12.183929443359377
2026-03-14,15,0,wk inc flu hosp,2026-03-14,quantile,0.4,12.676794052124023
2026-03-14,15,0,wk inc flu hosp,2026-03-14,quantile,0.45,13.130913734436035
2026-03-14,15,0,wk inc flu hosp,2026-03-14,quantile,0.5,13.60251522064209
2026-03-14,15,0,wk inc flu hosp,2026-03-14,quantile,0.55,15.0
2026-03-14,15,0,wk inc flu hosp,2026-03-14,quantile,0.6,15.0
2026-03-14,15,0,wk inc flu hosp,2026-03-14,quantile,0.65,15.033254623413086
2026-03-14,15,0,wk inc flu hosp,2026-03-14,quantile,0.7,16.0
2026-03-14,15,0,wk inc flu hosp,2026-03-14,quantile,0.75,16.17011070251465
2026-03-14,15,0,wk inc flu hosp,2026-03-14,quantile,0.8,19.0
2026-03-14,15,0,wk inc flu hosp,2026-03-14,quantile,0.85,23.0
2026-03-14,15,0,wk inc flu hosp,2026-03-14,quantile,0.9,24.0
2026-03-14,15,0,wk inc flu hosp,2026-03-14,quantile,0.95,26.0
2026-03-14,15,0,wk inc flu hosp,2026-03-14,quantile,0.975,29.0
2026-03-14,15,0,wk inc flu hosp,2026-03-14,quantile,0.99,32.0
2026-03-14,15,1,wk inc flu hosp,2026-03-21,quantile,0.01,2.4084538937389808
2026-03-14,15,1,wk inc flu hosp,2026-03-21,quantile,0.025,3.0
2026-03-14,15,1,wk inc flu hosp,2026-03-21,quantile,0.05,4.180954086367842
2026-03-14,15,1,wk inc flu hosp,2026-03-21,quantile,0.1,5.408733225493217
2026-03-14,15,1,wk inc flu hosp,2026-03-21,quantile,0.15,6.422321710315935
2026-03-14,15,1,wk inc flu hosp,2026-03-21,quantile,0.2,7.22457066212642
2026-03-14,15,1,wk inc flu hosp,2026-03-21,quantile,0.25,8.093146351138909
2026-03-14,15,1,wk inc flu hosp,2026-03-21,quantile,0.3,8.922355156587084
2026-03-14,15,1,wk inc flu hosp,2026-03-21,quantile,0.35,9.461265800291724
2026-03-14,15,1,wk inc flu hosp,2026-03-21,quantile,0.4,10.610716353262127
2026-03-14,15,1,wk inc flu hosp,2026-03-21,quantile,0.45,11.31044101715088
2026-03-14,15,1,wk inc flu hosp,2026-03-21,quantile,0.5,11.720252990722656
2026-03-14,15,1,wk inc flu hosp,2026-03-21,quantile,0.55,12.19160270690918
2026-03-14,15,1,wk inc flu hosp,2026-03-21,quantile,0.6,13.0
2026-03-14,15,1,wk inc flu hosp,2026-03-21,quantile,0.65,14.0
2026-03-14,15,1,wk inc flu hosp,2026-03-21,quantile,0.7,15.0
2026-03-14,15,1,wk inc flu hosp,2026-03-21,quantile,0.75,16.0
2026-03-14,15,1,wk inc flu hosp,2026-03-21,quantile,0.8,18.0
2026-03-14,15,1,wk inc flu hosp,2026-03-21,quantile,0.85,21.0
2026-03-14,15,1,wk inc flu hosp,2026-03-21,quantile,0.9,25.0
2026-03-14,15,1,wk inc flu hosp,2026-03-21,quantile,0.95,31.0
2026-03-14,15,1,wk inc flu hosp,2026-03-21,quantile,0.975,35.0
2026-03-14,15,1,wk inc flu hosp,2026-03-21,quantile,0.99,39.0
2026-03-14,15,2,wk inc flu hosp,2026-03-28,quantile,0.01,0.7606477234238409
2026-03-14,15,2,wk inc flu hosp,2026-03-28,quantile,0.025,1.2727774982562956
2026-03-14,15,2,wk inc flu hosp,2026-03-28,quantile,0.05,1.8023677870478847
2026-03-14,15,2,wk inc flu hosp,2026-03-28,quantile,0.1,3.556845343558583
2026-03-14,15,2,wk inc flu hosp,2026-03-28,quantile,0.15,5.549805631662059
2026-03-14,15,2,wk inc flu hosp,2026-03-28,quantile,0.2,7.33724902871465
2026-03-14,15,2,wk inc flu hosp,2026-03-28,quantile,0.25,8.342958450317383
2026-03-14,15,2,wk inc flu hosp,2026-03-28,quantile,0.3,8.802131652832031
2026-03-14,15,2,wk inc flu hosp,2026-03-28,quantile,0.35,9.035516719150902
2026-03-14,15,2,wk inc flu hosp,2026-03-28,quantile,0.4,9.680264472961426
2026-03-14,15,2,wk inc flu hosp,2026-03-28,quantile,0.45,10.059280395507812
2026-03-14,15,2,wk inc flu hosp,2026-03-28,quantile,0.5,10.432624816894531
2026-03-14,15,2,wk inc flu hosp,2026-03-28,quantile,0.55,10.854941368103027
2026-03-14,15,2,wk inc flu hosp,2026-03-28,quantile,0.6,11.279071807861328
2026-03-14,15,2,wk inc flu hosp,2026-03-28,quantile,0.65,12.0
2026-03-14,15,2,wk inc flu hosp,2026-03-28,quantile,0.7,13.0
2026-03-14,15,2,wk inc flu hosp,2026-03-28,quantile,0.75,14.0
2026-03-14,15,2,wk inc flu hosp,2026-03-28,quantile,0.8,16.0
2026-03-14,15,2,wk inc flu hosp,2026-03-28,quantile,0.85,20.0
2026-03-14,15,2,wk inc flu hosp,2026-03-28,quantile,0.9,25.0
2026-03-14,15,2,wk inc flu hosp,2026-03-28,quantile,0.95,34.0
2026-03-14,15,2,wk inc flu hosp,2026-03-28,quantile,0.975,38.0
2026-03-14,15,2,wk inc flu hosp,2026-03-28,quantile,0.99,43.0
2026-03-14,15,3,wk inc flu hosp,2026-04-04,quantile,0.01,0.0
2026-03-14,15,3,wk inc flu hosp,2026-04-04,quantile,0.025,0.0119792668059971
2026-03-14,15,3,wk inc flu hosp,2026-04-04,quantile,0.05,0.0937286877924823
2026-03-14,15,3,wk inc flu hosp,2026-04-04,quantile,0.1,2.1225262194173964
2026-03-14,15,3,wk inc flu hosp,2026-04-04,quantile,0.15,4.709834666623387
2026-03-14,15,3,wk inc flu hosp,2026-04-04,quantile,0.2,6.658192729061175
2026-03-14,15,3,wk inc flu hosp,2026-04-04,quantile,0.25,7.473397254943848
2026-03-14,15,3,wk inc flu hosp,2026-04-04,quantile,0.3,7.888136863708496
2026-03-14,15,3,wk inc flu hosp,2026-04-04,quantile,0.35,8.295326232910156
2026-03-14,15,3,wk inc flu hosp,2026-04-04,quantile,0.4,9.0
2026-03-14,15,3,wk inc flu hosp,2026-04-04,quantile,0.45,9.074851036071776
2026-03-14,15,3,wk inc flu hosp,2026-04-04,quantile,0.5,9.455101013183594
2026-03-14,15,3,wk inc flu hosp,2026-04-04,quantile,0.55,9.85606861114502
2026-03-14,15,3,wk inc flu hosp,2026-04-04,quantile,0.6,10.278935432434082
2026-03-14,15,3,wk inc flu hosp,2026-04-04,quantile,0.65,10.674570083618164
2026-03-14,15,3,wk inc flu hosp,2026-04-04,quantile,0.7,11.134119033813477
2026-03-14,15,3,wk inc flu hosp,2026-04-04,quantile,0.75,11.635244369506836
2026-03-14,15,3,wk inc flu hosp,2026-04-04,quantile,0.8,14.0
2026-03-14,15,3,wk inc flu hosp,2026-04-04,quantile,0.85,17.0
2026-03-14,15,3,wk inc flu hosp,2026-04-04,quantile,0.9,22.0
2026-03-14,15,3,wk inc flu hosp,2026-04-04,quantile,0.95,31.0
2026-03-14,15,3,wk inc flu hosp,2026-04-04,quantile,0.975,39.0
2026-03-14,15,3,wk inc flu hosp,2026-04-04,quantile,0.99,45.0
2026-03-14,16,0,wk inc flu hosp,2026-03-14,quantile,0.01,26.0
2026-03-14,16,0,wk inc flu hosp,2026-03-14,quantile,0.025,29.0
2026-03-14,16,0,wk inc flu hosp,2026-03-14,quantile,0.05,32.0
2026-03-14,16,0,wk inc flu hosp,2026-03-14,quantile,0.1,35.0
2026-03-14,16,0,wk inc flu hosp,2026-03-14,quantile,0.15,38.0
2026-03-14,16,0,wk inc flu hosp,2026-03-14,quantile,0.2,41.0
2026-03-14,16,0,wk inc flu hosp,2026-03-14,quantile,0.25,44.0
2026-03-14,16,0,wk inc flu hosp,2026-03-14,quantile,0.3,46.0
2026-03-14,16,0,wk inc flu hosp,2026-03-14,quantile,0.35,47.20346143257984
2026-03-14,16,0,wk inc flu hosp,2026-03-14,quantile,0.4,49.71497401826341
2026-03-14,16,0,wk inc flu hosp,2026-03-14,quantile,0.45,52.80634853368215
2026-03-14,16,0,wk inc flu hosp,2026-03-14,quantile,0.5,56.0
2026-03-14,16,0,wk inc flu hosp,2026-03-14,quantile,0.55,59.0
2026-03-14,16,0,wk inc flu hosp,2026-03-14,quantile,0.6,61.0
2026-03-14,16,0,wk inc flu hosp,2026-03-14,quantile,0.65,64.0
2026-03-14,16,0,wk inc flu hosp,2026-03-14,quantile,0.7,67.0
2026-03-14,16,0,wk inc flu hosp,2026-03-14,quantile,0.75,70.0
2026-03-14,16,0,wk inc flu hosp,2026-03-14,quantile,0.8,73.0
2026-03-14,16,0,wk inc flu hosp,2026-03-14,quantile,0.85,76.0
2026-03-14,16,0,wk inc flu hosp,2026-03-14,quantile,0.9,82.0
2026-03-14,16,0,wk inc flu hosp,2026-03-14,quantile,0.95,90.0
2026-03-14,16,0,wk inc flu hosp,2026-03-14,quantile,0.975,95.5622787475586
2026-03-14,16,0,wk inc flu hosp,2026-03-14,quantile,0.99,99.74595642089844
2026-03-14,16,1,wk inc flu hosp,2026-03-21,quantile,0.01,8.663646333184156
2026-03-14,16,1,wk inc flu hosp,2026-03-21,quantile,0.025,12.487777585149844
2026-03-14,16,1,wk inc flu hosp,2026-03-21,quantile,0.05,16.304896217538374
2026-03-14,16,1,wk inc flu hosp,2026-03-21,quantile,0.1,22.0
2026-03-14,16,1,wk inc flu hosp,2026-03-21,quantile,0.15,25.0
2026-03-14,16,1,wk inc flu hosp,2026-03-21,quantile,0.2,29.0
2026-03-14,16,1,wk inc flu hosp,2026-03-21,quantile,0.25,32.0
2026-03-14,16,1,wk inc flu hosp,2026-03-21,quantile,0.3,34.0
2026-03-14,16,1,wk inc flu hosp,2026-03-21,quantile,0.35,36.37924197319261
2026-03-14,16,1,wk inc flu hosp,2026-03-21,quantile,0.4,39.928279725432645
2026-03-14,16,1,wk inc flu hosp,2026-03-21,quantile,0.45,43.0
2026-03-14,16,1,wk inc flu hosp,2026-03-21,quantile,0.5,45.425065728080405
2026-03-14,16,1,wk inc flu hosp,2026-03-21,quantile,0.55,48.73011299338994
2026-03-14,16,1,wk inc flu hosp,2026-03-21,quantile,0.6,52.0
2026-03-14,16,1,wk inc flu hosp,2026-03-21,quantile,0.65,55.0
2026-03-14,16,1,wk inc flu hosp,2026-03-21,quantile,0.7,59.0
2026-03-14,16,1,wk inc flu hosp,2026-03-21,quantile,0.75,62.0
2026-03-14,16,1,wk inc flu hosp,2026-03-21,quantile,0.8,65.72653198242188
2026-03-14,16,1,wk inc flu hosp,2026-03-21,quantile,0.85,68.16895294189453
2026-03-14,16,1,wk inc flu hosp,2026-03-21,quantile,0.9,71.10009765625
2026-03-14,16,1,wk inc flu hosp,2026-03-21,quantile,0.95,77.0
2026-03-14,16,1,wk inc flu hosp,2026-03-21,quantile,0.975,90.0
2026-03-14,16,1,wk inc flu hosp,2026-03-21,quantile,0.99,103.0
2026-03-14,16,2,wk inc flu hosp,2026-03-28,quantile,0.01,6.384153537639223
2026-03-14,16,2,wk inc flu hosp,2026-03-28,quantile,0.025,9.181168352535234
2026-03-14,16,2,wk inc flu hosp,2026-03-28,quantile,0.05,11.821087990364992
2026-03-14,16,2,wk inc flu hosp,2026-03-28,quantile,0.1,16.0
2026-03-14,16,2,wk inc flu hosp,2026-03-28,quantile,0.15,19.66907488503989
2026-03-14,16,2,wk inc flu hosp,2026-03-28,quantile,0.2,21.53670690360422
2026-03-14,16,2,wk inc flu hosp,2026-03-28,quantile,0.25,24.442797400283965
2026-03-14,16,2,wk inc flu hosp,2026-03-28,quantile,0.3,27.019804859879084
2026-03-14,16,2,wk inc flu hosp,2026-03-28,quantile,0.35,29.441040504241705
2026-03-14,16,2,wk inc flu hosp,2026-03-28,quantile,0.4,32.62341600693034
2026-03-14,16,2,wk inc flu hosp,2026-03-28,quantile,0.45,35.98140365943498
2026-03-14,16,2,wk inc flu hosp,2026-03-28,quantile,0.5,39.47796243049726
2026-03-14,16,2,wk inc flu hosp,2026-03-28,quantile,0.55,41.6549186706543
2026-03-14,16,2,wk inc flu hosp,2026-03-28,quantile,0.6,42.92689895629883
2026-03-14,16,2,wk inc flu hosp,2026-03-28,quantile,0.65,44.18154525756836
2026-03-14,16,2,wk inc flu hosp,2026-03-28,quantile,0.7,45.5870246887207
2026-03-14,16,2,wk inc flu hosp,2026-03-28,quantile,0.75,47.02316284179688
2026-03-14,16,2,wk inc flu hosp,2026-03-28,quantile,0.8,48.77024841308594
2026-03-14,16,2,wk inc flu hosp,2026-03-28,quantile,0.85,51.0
2026-03-14,16,2,wk inc flu hosp,2026-03-28,quantile,0.9,57.0
2026-03-14,16,2,wk inc flu hosp,2026-03-28,quantile,0.95,71.0
2026-03-14,16,2,wk inc flu hosp,2026-03-28,quantile,0.975,87.0
2026-03-14,16,2,wk inc flu hosp,2026-03-28,quantile,0.99,105.0
2026-03-14,16,3,wk inc flu hosp,2026-04-04,quantile,0.01,4.0
2026-03-14,16,3,wk inc flu hosp,2026-04-04,quantile,0.025,6.0
2026-03-14,16,3,wk inc flu hosp,2026-04-04,quantile,0.05,7.0
2026-03-14,16,3,wk inc flu hosp,2026-04-04,quantile,0.1,11.0
2026-03-14,16,3,wk inc flu hosp,2026-04-04,quantile,0.15,14.771418109093698
2026-03-14,16,3,wk inc flu hosp,2026-04-04,quantile,0.2,17.186810885320376
2026-03-14,16,3,wk inc flu hosp,2026-04-04,quantile,0.25,19.515273418769908
2026-03-14,16,3,wk inc flu hosp,2026-04-04,quantile,0.3,21.69731808670425
2026-03-14,16,3,wk inc flu hosp,2026-04-04,quantile,0.35,23.99489555164063
2026-03-14,16,3,wk inc flu hosp,2026-04-04,quantile,0.4,26.178944188850515
2026-03-14,16,3,wk inc flu hosp,2026-04-04,quantile,0.45,27.84981155395508
2026-03-14,16,3,wk inc flu hosp,2026-04-04,quantile,0.5,28.75967597961425
2026-03-14,16,3,wk inc flu hosp,2026-04-04,quantile,0.55,29.70105743408203
2026-03-14,16,3,wk inc flu hosp,2026-04-04,quantile,0.6,30.73487663269043
2026-03-14,16,3,wk inc flu hosp,2026-04-04,quantile,0.65,31.71528434753418
2026-03-14,16,3,wk inc flu hosp,2026-04-04,quantile,0.7,32.863258361816406
2026-03-14,16,3,wk inc flu hosp,2026-04-04,quantile,0.75,34.14869689941406
2026-03-14,16,3,wk inc flu hosp,2026-04-04,quantile,0.8,35.59238815307617
2026-03-14,16,3,wk inc flu hosp,2026-04-04,quantile,0.85,37.35173416137695
2026-03-14,16,3,wk inc flu hosp,2026-04-04,quantile,0.9,42.0
2026-03-14,16,3,wk inc flu hosp,2026-04-04,quantile,0.95,59.0
2026-03-14,16,3,wk inc flu hosp,2026-04-04,quantile,0.975,78.0
2026-03-14,16,3,wk inc flu hosp,2026-04-04,quantile,0.99,98.0
2026-03-14,17,0,wk inc flu hosp,2026-03-14,quantile,0.01,140.0
2026-03-14,17,0,wk inc flu hosp,2026-03-14,quantile,0.025,154.0
2026-03-14,17,0,wk inc flu hosp,2026-03-14,quantile,0.05,175.64763189872662
2026-03-14,17,0,wk inc flu hosp,2026-03-14,quantile,0.1,194.51065718481885
2026-03-14,17,0,wk inc flu hosp,2026-03-14,quantile,0.15,221.7620961658164
2026-03-14,17,0,wk inc flu hosp,2026-03-14,quantile,0.2,245.55443019680928
2026-03-14,17,0,wk inc flu hosp,2026-03-14,quantile,0.25,260.4306707140554
2026-03-14,17,0,wk inc flu hosp,2026-03-14,quantile,0.3,275.98739124424463
2026-03-14,17,0,wk inc flu hosp,2026-03-14,quantile,0.35,280.0
2026-03-14,17,0,wk inc flu hosp,2026-03-14,quantile,0.4,283.0
2026-03-14,17,0,wk inc flu hosp,2026-03-14,quantile,0.45,287.0
2026-03-14,17,0,wk inc flu hosp,2026-03-14,quantile,0.5,289.0
2026-03-14,17,0,wk inc flu hosp,2026-03-14,quantile,0.55,293.0
2026-03-14,17,0,wk inc flu hosp,2026-03-14,quantile,0.6,298.0
2026-03-14,17,0,wk inc flu hosp,2026-03-14,quantile,0.65,302.0
2026-03-14,17,0,wk inc flu hosp,2026-03-14,quantile,0.7,308.0
2026-03-14,17,0,wk inc flu hosp,2026-03-14,quantile,0.75,315.0
2026-03-14,17,0,wk inc flu hosp,2026-03-14,quantile,0.8,328.0
2026-03-14,17,0,wk inc flu hosp,2026-03-14,quantile,0.85,344.0
2026-03-14,17,0,wk inc flu hosp,2026-03-14,quantile,0.9,370.0
2026-03-14,17,0,wk inc flu hosp,2026-03-14,quantile,0.95,415.0
2026-03-14,17,0,wk inc flu hosp,2026-03-14,quantile,0.975,465.0
2026-03-14,17,0,wk inc flu hosp,2026-03-14,quantile,0.99,496.0
2026-03-14,17,1,wk inc flu hosp,2026-03-21,quantile,0.01,78.0
2026-03-14,17,1,wk inc flu hosp,2026-03-21,quantile,0.025,101.98067186439748
2026-03-14,17,1,wk inc flu hosp,2026-03-21,quantile,0.05,111.0
2026-03-14,17,1,wk inc flu hosp,2026-03-21,quantile,0.1,141.0
2026-03-14,17,1,wk inc flu hosp,2026-03-21,quantile,0.15,160.7864227294922
2026-03-14,17,1,wk inc flu hosp,2026-03-21,quantile,0.2,167.52502441592884
2026-03-14,17,1,wk inc flu hosp,2026-03-21,quantile,0.25,190.75268117091204
2026-03-14,17,1,wk inc flu hosp,2026-03-21,quantile,0.3,210.0
2026-03-14,17,1,wk inc flu hosp,2026-03-21,quantile,0.35,216.0
2026-03-14,17,1,wk inc flu hosp,2026-03-21,quantile,0.4,221.0
2026-03-14,17,1,wk inc flu hosp,2026-03-21,quantile,0.45,225.0
2026-03-14,17,1,wk inc flu hosp,2026-03-21,quantile,0.5,229.0
2026-03-14,17,1,wk inc flu hosp,2026-03-21,quantile,0.55,235.0
2026-03-14,17,1,wk inc flu hosp,2026-03-21,quantile,0.6,243.0
2026-03-14,17,1,wk inc flu hosp,2026-03-21,quantile,0.65,247.0
2026-03-14,17,1,wk inc flu hosp,2026-03-21,quantile,0.7,253.0
2026-03-14,17,1,wk inc flu hosp,2026-03-21,quantile,0.75,265.0
2026-03-14,17,1,wk inc flu hosp,2026-03-21,quantile,0.8,290.0
2026-03-14,17,1,wk inc flu hosp,2026-03-21,quantile,0.85,320.0
2026-03-14,17,1,wk inc flu hosp,2026-03-21,quantile,0.9,364.0
2026-03-14,17,1,wk inc flu hosp,2026-03-21,quantile,0.95,443.0
2026-03-14,17,1,wk inc flu hosp,2026-03-21,quantile,0.975,511.0
2026-03-14,17,1,wk inc flu hosp,2026-03-21,quantile,0.99,579.0
2026-03-14,17,2,wk inc flu hosp,2026-03-28,quantile,0.01,43.0
2026-03-14,17,2,wk inc flu hosp,2026-03-28,quantile,0.025,58.7007205403688
2026-03-14,17,2,wk inc flu hosp,2026-03-28,quantile,0.05,70.0
2026-03-14,17,2,wk inc flu hosp,2026-03-28,quantile,0.1,99.0
2026-03-14,17,2,wk inc flu hosp,2026-03-28,quantile,0.15,122.0
2026-03-14,17,2,wk inc flu hosp,2026-03-28,quantile,0.2,136.83103942871094
2026-03-14,17,2,wk inc flu hosp,2026-03-28,quantile,0.25,153.01252974376845
2026-03-14,17,2,wk inc flu hosp,2026-03-28,quantile,0.3,159.0
2026-03-14,17,2,wk inc flu hosp,2026-03-28,quantile,0.35,163.0
2026-03-14,17,2,wk inc flu hosp,2026-03-28,quantile,0.4,171.0
2026-03-14,17,2,wk inc flu hosp,2026-03-28,quantile,0.45,173.0
2026-03-14,17,2,wk inc flu hosp,2026-03-28,quantile,0.5,177.0
2026-03-14,17,2,wk inc flu hosp,2026-03-28,quantile,0.55,184.0
2026-03-14,17,2,wk inc flu hosp,2026-03-28,quantile,0.6,189.0
2026-03-14,17,2,wk inc flu hosp,2026-03-28,quantile,0.65,196.0
2026-03-14,17,2,wk inc flu hosp,2026-03-28,quantile,0.7,203.0
2026-03-14,17,2,wk inc flu hosp,2026-03-28,quantile,0.75,217.0
2026-03-14,17,2,wk inc flu hosp,2026-03-28,quantile,0.8,243.0
2026-03-14,17,2,wk inc flu hosp,2026-03-28,quantile,0.85,277.0
2026-03-14,17,2,wk inc flu hosp,2026-03-28,quantile,0.9,333.0
2026-03-14,17,2,wk inc flu hosp,2026-03-28,quantile,0.95,436.0
2026-03-14,17,2,wk inc flu hosp,2026-03-28,quantile,0.975,538.0
2026-03-14,17,2,wk inc flu hosp,2026-03-28,quantile,0.99,648.0
2026-03-14,17,3,wk inc flu hosp,2026-04-04,quantile,0.01,21.0
2026-03-14,17,3,wk inc flu hosp,2026-04-04,quantile,0.025,27.52225273896545
2026-03-14,17,3,wk inc flu hosp,2026-04-04,quantile,0.05,51.252034204243934
2026-03-14,17,3,wk inc flu hosp,2026-04-04,quantile,0.1,69.0
2026-03-14,17,3,wk inc flu hosp,2026-04-04,quantile,0.15,91.0
2026-03-14,17,3,wk inc flu hosp,2026-04-04,quantile,0.2,106.40838538006612
2026-03-14,17,3,wk inc flu hosp,2026-04-04,quantile,0.25,114.0
2026-03-14,17,3,wk inc flu hosp,2026-04-04,quantile,0.3,119.0
2026-03-14,17,3,wk inc flu hosp,2026-04-04,quantile,0.35,125.0
2026-03-14,17,3,wk inc flu hosp,2026-04-04,quantile,0.4,128.0
2026-03-14,17,3,wk inc flu hosp,2026-04-04,quantile,0.45,134.0
2026-03-14,17,3,wk inc flu hosp,2026-04-04,quantile,0.5,138.0
2026-03-14,17,3,wk inc flu hosp,2026-04-04,quantile,0.55,143.0
2026-03-14,17,3,wk inc flu hosp,2026-04-04,quantile,0.6,150.0
2026-03-14,17,3,wk inc flu hosp,2026-04-04,quantile,0.65,160.0
2026-03-14,17,3,wk inc flu hosp,2026-04-04,quantile,0.7,164.0
2026-03-14,17,3,wk inc flu hosp,2026-04-04,quantile,0.75,187.0
2026-03-14,17,3,wk inc flu hosp,2026-04-04,quantile,0.8,214.0
2026-03-14,17,3,wk inc flu hosp,2026-04-04,quantile,0.85,252.0
2026-03-14,17,3,wk inc flu hosp,2026-04-04,quantile,0.9,312.0
2026-03-14,17,3,wk inc flu hosp,2026-04-04,quantile,0.95,400.0
2026-03-14,17,3,wk inc flu hosp,2026-04-04,quantile,0.975,576.0
2026-03-14,17,3,wk inc flu hosp,2026-04-04,quantile,0.99,694.0
2026-03-14,18,0,wk inc flu hosp,2026-03-14,quantile,0.01,127.0
2026-03-14,18,0,wk inc flu hosp,2026-03-14,quantile,0.025,142.0
2026-03-14,18,0,wk inc flu hosp,2026-03-14,quantile,0.05,156.0
2026-03-14,18,0,wk inc flu hosp,2026-03-14,quantile,0.1,169.0
2026-03-14,18,0,wk inc flu hosp,2026-03-14,quantile,0.15,175.60543823242188
2026-03-14,18,0,wk inc flu hosp,2026-03-14,quantile,0.2,179.51712036132812
2026-03-14,18,0,wk inc flu hosp,2026-03-14,quantile,0.25,183.3534240722656
2026-03-14,18,0,wk inc flu hosp,2026-03-14,quantile,0.3,186.55368041992188
2026-03-14,18,0,wk inc flu hosp,2026-03-14,quantile,0.35,199.04473498742576
2026-03-14,18,0,wk inc flu hosp,2026-03-14,quantile,0.4,212.1875218663425
2026-03-14,18,0,wk inc flu hosp,2026-03-14,quantile,0.45,222.79749984484408
2026-03-14,18,0,wk inc flu hosp,2026-03-14,quantile,0.5,228.706338084787
2026-03-14,18,0,wk inc flu hosp,2026-03-14,quantile,0.55,234.69250870041915
2026-03-14,18,0,wk inc flu hosp,2026-03-14,quantile,0.6,247.8187893970548
2026-03-14,18,0,wk inc flu hosp,2026-03-14,quantile,0.65,256.0
2026-03-14,18,0,wk inc flu hosp,2026-03-14,quantile,0.7,261.0
2026-03-14,18,0,wk inc flu hosp,2026-03-14,quantile,0.75,266.0
2026-03-14,18,0,wk inc flu hosp,2026-03-14,quantile,0.8,270.2744035691896
2026-03-14,18,0,wk inc flu hosp,2026-03-14,quantile,0.85,286.0
2026-03-14,18,0,wk inc flu hosp,2026-03-14,quantile,0.9,307.0
2026-03-14,18,0,wk inc flu hosp,2026-03-14,quantile,0.95,335.0
2026-03-14,18,0,wk inc flu hosp,2026-03-14,quantile,0.975,362.0
2026-03-14,18,0,wk inc flu hosp,2026-03-14,quantile,0.99,388.0
2026-03-14,18,1,wk inc flu hosp,2026-03-21,quantile,0.01,62.0
2026-03-14,18,1,wk inc flu hosp,2026-03-21,quantile,0.025,72.0
2026-03-14,18,1,wk inc flu hosp,2026-03-21,quantile,0.05,86.36558793652947
2026-03-14,18,1,wk inc flu hosp,2026-03-21,quantile,0.1,105.42639295157022
2026-03-14,18,1,wk inc flu hosp,2026-03-21,quantile,0.15,121.46362478820993
2026-03-14,18,1,wk inc flu hosp,2026-03-21,quantile,0.2,134.0
2026-03-14,18,1,wk inc flu hosp,2026-03-21,quantile,0.25,145.0
2026-03-14,18,1,wk inc flu hosp,2026-03-21,quantile,0.3,155.2903490337042
2026-03-14,18,1,wk inc flu hosp,2026-03-21,quantile,0.35,165.0
2026-03-14,18,1,wk inc flu hosp,2026-03-21,quantile,0.4,175.0
2026-03-14,18,1,wk inc flu hosp,2026-03-21,quantile,0.45,184.0
2026-03-14,18,1,wk inc flu hosp,2026-03-21,quantile,0.5,194.0
2026-03-14,18,1,wk inc flu hosp,2026-03-21,quantile,0.55,203.0
2026-03-14,18,1,wk inc flu hosp,2026-03-21,quantile,0.6,214.0
2026-03-14,18,1,wk inc flu hosp,2026-03-21,quantile,0.65,224.0
2026-03-14,18,1,wk inc flu hosp,2026-03-21,quantile,0.7,229.0
2026-03-14,18,1,wk inc flu hosp,2026-03-21,quantile,0.75,247.0
2026-03-14,18,1,wk inc flu hosp,2026-03-21,quantile,0.8,264.0
2026-03-14,18,1,wk inc flu hosp,2026-03-21,quantile,0.85,281.0
2026-03-14,18,1,wk inc flu hosp,2026-03-21,quantile,0.9,305.0
2026-03-14,18,1,wk inc flu hosp,2026-03-21,quantile,0.95,341.0
2026-03-14,18,1,wk inc flu hosp,2026-03-21,quantile,0.975,377.0
2026-03-14,18,1,wk inc flu hosp,2026-03-21,quantile,0.99,452.0
2026-03-14,18,2,wk inc flu hosp,2026-03-28,quantile,0.01,31.0
2026-03-14,18,2,wk inc flu hosp,2026-03-28,quantile,0.025,44.31158486608955
2026-03-14,18,2,wk inc flu hosp,2026-03-28,quantile,0.05,55.0
2026-03-14,18,2,wk inc flu hosp,2026-03-28,quantile,0.1,76.96618089871767
2026-03-14,18,2,wk inc flu hosp,2026-03-28,quantile,0.15,97.09502312790686
2026-03-14,18,2,wk inc flu hosp,2026-03-28,quantile,0.2,106.2058334350586
2026-03-14,18,2,wk inc flu hosp,2026-03-28,quantile,0.25,116.0
2026-03-14,18,2,wk inc flu hosp,2026-03-28,quantile,0.3,127.0
2026-03-14,18,2,wk inc flu hosp,2026-03-28,quantile,0.35,138.0
2026-03-14,18,2,wk inc flu hosp,2026-03-28,quantile,0.4,149.0
2026-03-14,18,2,wk inc flu hosp,2026-03-28,quantile,0.45,160.0
2026-03-14,18,2,wk inc flu hosp,2026-03-28,quantile,0.5,171.0
2026-03-14,18,2,wk inc flu hosp,2026-03-28,quantile,0.55,181.0
2026-03-14,18,2,wk inc flu hosp,2026-03-28,quantile,0.6,185.0
2026-03-14,18,2,wk inc flu hosp,2026-03-28,quantile,0.65,188.0
2026-03-14,18,2,wk inc flu hosp,2026-03-28,quantile,0.7,194.0
2026-03-14,18,2,wk inc flu hosp,2026-03-28,quantile,0.75,205.0
2026-03-14,18,2,wk inc flu hosp,2026-03-28,quantile,0.8,229.0
2026-03-14,18,2,wk inc flu hosp,2026-03-28,quantile,0.85,262.0
2026-03-14,18,2,wk inc flu hosp,2026-03-28,quantile,0.9,306.0
2026-03-14,18,2,wk inc flu hosp,2026-03-28,quantile,0.95,352.0
2026-03-14,18,2,wk inc flu hosp,2026-03-28,quantile,0.975,394.0
2026-03-14,18,2,wk inc flu hosp,2026-03-28,quantile,0.99,445.0
2026-03-14,18,3,wk inc flu hosp,2026-04-04,quantile,0.01,19.19455794469476
2026-03-14,18,3,wk inc flu hosp,2026-04-04,quantile,0.025,29.160624419577232
2026-03-14,18,3,wk inc flu hosp,2026-04-04,quantile,0.05,37.0
2026-03-14,18,3,wk inc flu hosp,2026-04-04,quantile,0.1,59.44160842895508
2026-03-14,18,3,wk inc flu hosp,2026-04-04,quantile,0.15,66.0
2026-03-14,18,3,wk inc flu hosp,2026-04-04,quantile,0.2,78.0
2026-03-14,18,3,wk inc flu hosp,2026-04-04,quantile,0.25,90.0
2026-03-14,18,3,wk inc flu hosp,2026-04-04,quantile,0.3,102.0
2026-03-14,18,3,wk inc flu hosp,2026-04-04,quantile,0.35,113.0
2026-03-14,18,3,wk inc flu hosp,2026-04-04,quantile,0.4,124.0
2026-03-14,18,3,wk inc flu hosp,2026-04-04,quantile,0.45,135.0
2026-03-14,18,3,wk inc flu hosp,2026-04-04,quantile,0.5,142.0
2026-03-14,18,3,wk inc flu hosp,2026-04-04,quantile,0.55,146.0
2026-03-14,18,3,wk inc flu hosp,2026-04-04,quantile,0.6,151.0
2026-03-14,18,3,wk inc flu hosp,2026-04-04,quantile,0.65,156.0
2026-03-14,18,3,wk inc flu hosp,2026-04-04,quantile,0.7,162.0
2026-03-14,18,3,wk inc flu hosp,2026-04-04,quantile,0.75,167.0
2026-03-14,18,3,wk inc flu hosp,2026-04-04,quantile,0.8,183.0
2026-03-14,18,3,wk inc flu hosp,2026-04-04,quantile,0.85,216.0
2026-03-14,18,3,wk inc flu hosp,2026-04-04,quantile,0.9,266.0
2026-03-14,18,3,wk inc flu hosp,2026-04-04,quantile,0.95,343.0
2026-03-14,18,3,wk inc flu hosp,2026-04-04,quantile,0.975,389.0
2026-03-14,18,3,wk inc flu hosp,2026-04-04,quantile,0.99,448.0
2026-03-14,19,0,wk inc flu hosp,2026-03-14,quantile,0.01,25.0
2026-03-14,19,0,wk inc flu hosp,2026-03-14,quantile,0.025,27.0
2026-03-14,19,0,wk inc flu hosp,2026-03-14,quantile,0.05,30.593981653814957
2026-03-14,19,0,wk inc flu hosp,2026-03-14,quantile,0.1,36.688531206487845
2026-03-14,19,0,wk inc flu hosp,2026-03-14,quantile,0.15,41.113022235100864
2026-03-14,19,0,wk inc flu hosp,2026-03-14,quantile,0.2,44.80906849141282
2026-03-14,19,0,wk inc flu hosp,2026-03-14,quantile,0.25,48.10671463366606
2026-03-14,19,0,wk inc flu hosp,2026-03-14,quantile,0.3,51.167877388883255
2026-03-14,19,0,wk inc flu hosp,2026-03-14,quantile,0.35,54.08878115028919
2026-03-14,19,0,wk inc flu hosp,2026-03-14,quantile,0.4,56.935396719726135
2026-03-14,19,0,wk inc flu hosp,2026-03-14,quantile,0.45,59.75900944704916
2026-03-14,19,0,wk inc flu hosp,2026-03-14,quantile,0.5,62.0
2026-03-14,19,0,wk inc flu hosp,2026-03-14,quantile,0.55,65.51631358797364
2026-03-14,19,0,wk inc flu hosp,2026-03-14,quantile,0.6,68.49417114257812
2026-03-14,19,0,wk inc flu hosp,2026-03-14,quantile,0.65,69.94915771484375
2026-03-14,19,0,wk inc flu hosp,2026-03-14,quantile,0.7,72.93631852485899
2026-03-14,19,0,wk inc flu hosp,2026-03-14,quantile,0.75,79.00915781926696
2026-03-14,19,0,wk inc flu hosp,2026-03-14,quantile,0.8,83.36881287110349
2026-03-14,19,0,wk inc flu hosp,2026-03-14,quantile,0.85,88.59828635539418
2026-03-14,19,0,wk inc flu hosp,2026-03-14,quantile,0.9,95.0
2026-03-14,19,0,wk inc flu hosp,2026-03-14,quantile,0.95,104.0
2026-03-14,19,0,wk inc flu hosp,2026-03-14,quantile,0.975,112.0
2026-03-14,19,0,wk inc flu hosp,2026-03-14,quantile,0.99,122.0
2026-03-14,19,1,wk inc flu hosp,2026-03-21,quantile,0.01,9.0
2026-03-14,19,1,wk inc flu hosp,2026-03-21,quantile,0.025,13.0
2026-03-14,19,1,wk inc flu hosp,2026-03-21,quantile,0.05,15.0
2026-03-14,19,1,wk inc flu hosp,2026-03-21,quantile,0.1,17.691586497281605
2026-03-14,19,1,wk inc flu hosp,2026-03-21,quantile,0.15,23.195061356702684
2026-03-14,19,1,wk inc flu hosp,2026-03-21,quantile,0.2,28.099801201015048
2026-03-14,19,1,wk inc flu hosp,2026-03-21,quantile,0.25,32.68225155288809
2026-03-14,19,1,wk inc flu hosp,2026-03-21,quantile,0.3,37.0
2026-03-14,19,1,wk inc flu hosp,2026-03-21,quantile,0.35,39.0
2026-03-14,19,1,wk inc flu hosp,2026-03-21,quantile,0.4,41.0
2026-03-14,19,1,wk inc flu hosp,2026-03-21,quantile,0.45,44.0
2026-03-14,19,1,wk inc flu hosp,2026-03-21,quantile,0.5,47.0
2026-03-14,19,1,wk inc flu hosp,2026-03-21,quantile,0.55,49.86954879760742
2026-03-14,19,1,wk inc flu hosp,2026-03-21,quantile,0.6,53.0
2026-03-14,19,1,wk inc flu hosp,2026-03-21,quantile,0.65,55.0
2026-03-14,19,1,wk inc flu hosp,2026-03-21,quantile,0.7,58.0
2026-03-14,19,1,wk inc flu hosp,2026-03-21,quantile,0.75,62.0
2026-03-14,19,1,wk inc flu hosp,2026-03-21,quantile,0.8,66.0
2026-03-14,19,1,wk inc flu hosp,2026-03-21,quantile,0.85,72.0
2026-03-14,19,1,wk inc flu hosp,2026-03-21,quantile,0.9,82.0
2026-03-14,19,1,wk inc flu hosp,2026-03-21,quantile,0.95,93.0
2026-03-14,19,1,wk inc flu hosp,2026-03-21,quantile,0.975,103.0
2026-03-14,19,1,wk inc flu hosp,2026-03-21,quantile,0.99,116.0
2026-03-14,19,2,wk inc flu hosp,2026-03-28,quantile,0.01,3.0
2026-03-14,19,2,wk inc flu hosp,2026-03-28,quantile,0.025,5.058283484953438
2026-03-14,19,2,wk inc flu hosp,2026-03-28,quantile,0.05,7.3011203309843005
2026-03-14,19,2,wk inc flu hosp,2026-03-28,quantile,0.1,12.669860952297594
2026-03-14,19,2,wk inc flu hosp,2026-03-28,quantile,0.15,18.19196881638037
2026-03-14,19,2,wk inc flu hosp,2026-03-28,quantile,0.2,22.53096651441796
2026-03-14,19,2,wk inc flu hosp,2026-03-28,quantile,0.25,26.345893675504232
2026-03-14,19,2,wk inc flu hosp,2026-03-28,quantile,0.3,28.228599548339844
2026-03-14,19,2,wk inc flu hosp,2026-03-28,quantile,0.35,29.11559677124023
2026-03-14,19,2,wk inc flu hosp,2026-03-28,quantile,0.4,30.06489562988281
2026-03-14,19,2,wk inc flu hosp,2026-03-28,quantile,0.45,30.96588706970215
2026-03-14,19,2,wk inc flu hosp,2026-03-28,quantile,0.5,31.893932342529297
2026-03-14,19,2,wk inc flu hosp,2026-03-28,quantile,0.55,33.0
2026-03-14,19,2,wk inc flu hosp,2026-03-28,quantile,0.6,35.0
2026-03-14,19,2,wk inc flu hosp,2026-03-28,quantile,0.65,36.0
2026-03-14,19,2,wk inc flu hosp,2026-03-28,quantile,0.7,37.0
2026-03-14,19,2,wk inc flu hosp,2026-03-28,quantile,0.75,41.0
2026-03-14,19,2,wk inc flu hosp,2026-03-28,quantile,0.8,45.0
2026-03-14,19,2,wk inc flu hosp,2026-03-28,quantile,0.85,50.0
2026-03-14,19,2,wk inc flu hosp,2026-03-28,quantile,0.9,58.0
2026-03-14,19,2,wk inc flu hosp,2026-03-28,quantile,0.95,73.0
2026-03-14,19,2,wk inc flu hosp,2026-03-28,quantile,0.975,94.0
2026-03-14,19,2,wk inc flu hosp,2026-03-28,quantile,0.99,116.0
2026-03-14,19,3,wk inc flu hosp,2026-04-04,quantile,0.01,0.8718895337933622
2026-03-14,19,3,wk inc flu hosp,2026-04-04,quantile,0.025,1.415546169127354
2026-03-14,19,3,wk inc flu hosp,2026-04-04,quantile,0.05,4.0
2026-03-14,19,3,wk inc flu hosp,2026-04-04,quantile,0.1,8.0
2026-03-14,19,3,wk inc flu hosp,2026-04-04,quantile,0.15,13.0
2026-03-14,19,3,wk inc flu hosp,2026-04-04,quantile,0.2,16.0
2026-03-14,19,3,wk inc flu hosp,2026-04-04,quantile,0.25,18.875463485717773
2026-03-14,19,3,wk inc flu hosp,2026-04-04,quantile,0.3,19.57750129699707
2026-03-14,19,3,wk inc flu hosp,2026-04-04,quantile,0.35,20.28890609741211
2026-03-14,19,3,wk inc flu hosp,2026-04-04,quantile,0.4,21.00999641418457
2026-03-14,19,3,wk inc flu hosp,2026-04-04,quantile,0.45,21.752912521362305
2026-03-14,19,3,wk inc flu hosp,2026-04-04,quantile,0.5,22.516468048095703
2026-03-14,19,3,wk inc flu hosp,2026-04-04,quantile,0.55,23.32377243041992
2026-03-14,19,3,wk inc flu hosp,2026-04-04,quantile,0.6,24.17963600158691
2026-03-14,19,3,wk inc flu hosp,2026-04-04,quantile,0.65,25.074880599975582
2026-03-14,19,3,wk inc flu hosp,2026-04-04,quantile,0.7,26.16883087158203
2026-03-14,19,3,wk inc flu hosp,2026-04-04,quantile,0.75,27.32584571838379
2026-03-14,19,3,wk inc flu hosp,2026-04-04,quantile,0.8,28.701641082763672
2026-03-14,19,3,wk inc flu hosp,2026-04-04,quantile,0.85,33.0
2026-03-14,19,3,wk inc flu hosp,2026-04-04,quantile,0.9,40.0
2026-03-14,19,3,wk inc flu hosp,2026-04-04,quantile,0.95,59.0
2026-03-14,19,3,wk inc flu hosp,2026-04-04,quantile,0.975,82.0
2026-03-14,19,3,wk inc flu hosp,2026-04-04,quantile,0.99,112.0
2026-03-14,20,0,wk inc flu hosp,2026-03-14,quantile,0.01,37.0
2026-03-14,20,0,wk inc flu hosp,2026-03-14,quantile,0.025,41.0
2026-03-14,20,0,wk inc flu hosp,2026-03-14,quantile,0.05,45.63611804409781
2026-03-14,20,0,wk inc flu hosp,2026-03-14,quantile,0.1,52.0
2026-03-14,20,0,wk inc flu hosp,2026-03-14,quantile,0.15,56.594509610094775
2026-03-14,20,0,wk inc flu hosp,2026-03-14,quantile,0.2,60.35230654604072
2026-03-14,20,0,wk inc flu hosp,2026-03-14,quantile,0.25,63.900231592825705
2026-03-14,20,0,wk inc flu hosp,2026-03-14,quantile,0.3,68.27645248630576
2026-03-14,20,0,wk inc flu hosp,2026-03-14,quantile,0.35,73.0
2026-03-14,20,0,wk inc flu hosp,2026-03-14,quantile,0.4,75.0
2026-03-14,20,0,wk inc flu hosp,2026-03-14,quantile,0.45,78.0
2026-03-14,20,0,wk inc flu hosp,2026-03-14,quantile,0.5,81.0
2026-03-14,20,0,wk inc flu hosp,2026-03-14,quantile,0.55,84.0
2026-03-14,20,0,wk inc flu hosp,2026-03-14,quantile,0.6,87.0
2026-03-14,20,0,wk inc flu hosp,2026-03-14,quantile,0.65,90.0
2026-03-14,20,0,wk inc flu hosp,2026-03-14,quantile,0.7,93.0
2026-03-14,20,0,wk inc flu hosp,2026-03-14,quantile,0.75,95.84307861328124
2026-03-14,20,0,wk inc flu hosp,2026-03-14,quantile,0.8,98.58112335205078
2026-03-14,20,0,wk inc flu hosp,2026-03-14,quantile,0.85,102.77325428915256
2026-03-14,20,0,wk inc flu hosp,2026-03-14,quantile,0.9,109.13802392706896
2026-03-14,20,0,wk inc flu hosp,2026-03-14,quantile,0.95,118.92329350890306
2026-03-14,20,0,wk inc flu hosp,2026-03-14,quantile,0.975,127.75071671668016
2026-03-14,20,0,wk inc flu hosp,2026-03-14,quantile,0.99,138.4118114512728
2026-03-14,20,1,wk inc flu hosp,2026-03-21,quantile,0.01,17.0
2026-03-14,20,1,wk inc flu hosp,2026-03-21,quantile,0.025,23.0
2026-03-14,20,1,wk inc flu hosp,2026-03-21,quantile,0.05,26.887314507591448
2026-03-14,20,1,wk inc flu hosp,2026-03-21,quantile,0.1,34.25863305025109
2026-03-14,20,1,wk inc flu hosp,2026-03-21,quantile,0.15,39.0
2026-03-14,20,1,wk inc flu hosp,2026-03-21,quantile,0.2,42.41708628126208
2026-03-14,20,1,wk inc flu hosp,2026-03-21,quantile,0.25,47.50072937609409
2026-03-14,20,1,wk inc flu hosp,2026-03-21,quantile,0.3,52.31113923502526
2026-03-14,20,1,wk inc flu hosp,2026-03-21,quantile,0.35,56.0
2026-03-14,20,1,wk inc flu hosp,2026-03-21,quantile,0.4,60.0
2026-03-14,20,1,wk inc flu hosp,2026-03-21,quantile,0.45,63.0
2026-03-14,20,1,wk inc flu hosp,2026-03-21,quantile,0.5,66.50234985351562
2026-03-14,20,1,wk inc flu hosp,2026-03-21,quantile,0.55,68.03810119628906
2026-03-14,20,1,wk inc flu hosp,2026-03-21,quantile,0.6,69.79322052001953
2026-03-14,20,1,wk inc flu hosp,2026-03-21,quantile,0.65,73.0
2026-03-14,20,1,wk inc flu hosp,2026-03-21,quantile,0.7,78.0
2026-03-14,20,1,wk inc flu hosp,2026-03-21,quantile,0.75,84.0
2026-03-14,20,1,wk inc flu hosp,2026-03-21,quantile,0.8,91.0
2026-03-14,20,1,wk inc flu hosp,2026-03-21,quantile,0.85,98.0
2026-03-14,20,1,wk inc flu hosp,2026-03-21,quantile,0.9,108.0
2026-03-14,20,1,wk inc flu hosp,2026-03-21,quantile,0.95,119.0
2026-03-14,20,1,wk inc flu hosp,2026-03-21,quantile,0.975,134.0
2026-03-14,20,1,wk inc flu hosp,2026-03-21,quantile,0.99,150.0
2026-03-14,20,2,wk inc flu hosp,2026-03-28,quantile,0.01,9.0
2026-03-14,20,2,wk inc flu hosp,2026-03-28,quantile,0.025,14.69502025982634
2026-03-14,20,2,wk inc flu hosp,2026-03-28,quantile,0.05,17.0
2026-03-14,20,2,wk inc flu hosp,2026-03-28,quantile,0.1,24.0
2026-03-14,20,2,wk inc flu hosp,2026-03-28,quantile,0.15,25.0
2026-03-14,20,2,wk inc flu hosp,2026-03-28,quantile,0.2,30.158575658194817
2026-03-14,20,2,wk inc flu hosp,2026-03-28,quantile,0.25,35.80094729120695
2026-03-14,20,2,wk inc flu hosp,2026-03-28,quantile,0.3,40.497161865234375
2026-03-14,20,2,wk inc flu hosp,2026-03-28,quantile,0.35,41.82935333251953
2026-03-14,20,2,wk inc flu hosp,2026-03-28,quantile,0.4,43.11565780639648
2026-03-14,20,2,wk inc flu hosp,2026-03-28,quantile,0.45,44.4257926940918
2026-03-14,20,2,wk inc flu hosp,2026-03-28,quantile,0.5,45.685096740722656
2026-03-14,20,2,wk inc flu hosp,2026-03-28,quantile,0.55,47.14778137207031
2026-03-14,20,2,wk inc flu hosp,2026-03-28,quantile,0.6,48.43960952758789
2026-03-14,20,2,wk inc flu hosp,2026-03-28,quantile,0.65,49.89388656616211
2026-03-14,20,2,wk inc flu hosp,2026-03-28,quantile,0.7,51.55835723876953
2026-03-14,20,2,wk inc flu hosp,2026-03-28,quantile,0.75,57.0
2026-03-14,20,2,wk inc flu hosp,2026-03-28,quantile,0.8,63.0
2026-03-14,20,2,wk inc flu hosp,2026-03-28,quantile,0.85,69.0
2026-03-14,20,2,wk inc flu hosp,2026-03-28,quantile,0.9,77.0
2026-03-14,20,2,wk inc flu hosp,2026-03-28,quantile,0.95,92.0
2026-03-14,20,2,wk inc flu hosp,2026-03-28,quantile,0.975,105.0
2026-03-14,20,2,wk inc flu hosp,2026-03-28,quantile,0.99,129.0
2026-03-14,20,3,wk inc flu hosp,2026-04-04,quantile,0.01,3.449042520654178
2026-03-14,20,3,wk inc flu hosp,2026-04-04,quantile,0.025,7.951436194144292
2026-03-14,20,3,wk inc flu hosp,2026-04-04,quantile,0.05,11.0
2026-03-14,20,3,wk inc flu hosp,2026-04-04,quantile,0.1,15.0
2026-03-14,20,3,wk inc flu hosp,2026-04-04,quantile,0.15,20.509710794756035
2026-03-14,20,3,wk inc flu hosp,2026-04-04,quantile,0.2,24.67214012145996
2026-03-14,20,3,wk inc flu hosp,2026-04-04,quantile,0.25,25.737245559692383
2026-03-14,20,3,wk inc flu hosp,2026-04-04,quantile,0.3,26.72596549987793
2026-03-14,20,3,wk inc flu hosp,2026-04-04,quantile,0.35,27.723970413208008
2026-03-14,20,3,wk inc flu hosp,2026-04-04,quantile,0.4,28.69091415405273
2026-03-14,20,3,wk inc flu hosp,2026-04-04,quantile,0.45,29.62847137451172
2026-03-14,20,3,wk inc flu hosp,2026-04-04,quantile,0.5,30.67304992675781
2026-03-14,20,3,wk inc flu hosp,2026-04-04,quantile,0.55,31.77826499938965
2026-03-14,20,3,wk inc flu hosp,2026-04-04,quantile,0.6,32.86467742919922
2026-03-14,20,3,wk inc flu hosp,2026-04-04,quantile,0.65,34.08955764770508
2026-03-14,20,3,wk inc flu hosp,2026-04-04,quantile,0.7,35.43690872192383
2026-03-14,20,3,wk inc flu hosp,2026-04-04,quantile,0.75,38.0
2026-03-14,20,3,wk inc flu hosp,2026-04-04,quantile,0.8,43.0
2026-03-14,20,3,wk inc flu hosp,2026-04-04,quantile,0.85,50.0
2026-03-14,20,3,wk inc flu hosp,2026-04-04,quantile,0.9,57.0
2026-03-14,20,3,wk inc flu hosp,2026-04-04,quantile,0.95,69.0
2026-03-14,20,3,wk inc flu hosp,2026-04-04,quantile,0.975,83.0
2026-03-14,20,3,wk inc flu hosp,2026-04-04,quantile,0.99,103.0
2026-03-14,21,0,wk inc flu hosp,2026-03-14,quantile,0.01,86.0
2026-03-14,21,0,wk inc flu hosp,2026-03-14,quantile,0.025,93.0
2026-03-14,21,0,wk inc flu hosp,2026-03-14,quantile,0.05,100.0
2026-03-14,21,0,wk inc flu hosp,2026-03-14,quantile,0.1,110.0
2026-03-14,21,0,wk inc flu hosp,2026-03-14,quantile,0.15,117.04274956607976
2026-03-14,21,0,wk inc flu hosp,2026-03-14,quantile,0.2,129.01269964324806
2026-03-14,21,0,wk inc flu hosp,2026-03-14,quantile,0.25,140.590639224278
2026-03-14,21,0,wk inc flu hosp,2026-03-14,quantile,0.3,145.44320678710938
2026-03-14,21,0,wk inc flu hosp,2026-03-14,quantile,0.35,147.90407526181568
2026-03-14,21,0,wk inc flu hosp,2026-03-14,quantile,0.4,159.72591995041898
2026-03-14,21,0,wk inc flu hosp,2026-03-14,quantile,0.45,169.3006739752279
2026-03-14,21,0,wk inc flu hosp,2026-03-14,quantile,0.5,174.31925836806897
2026-03-14,21,0,wk inc flu hosp,2026-03-14,quantile,0.55,179.4111433182416
2026-03-14,21,0,wk inc flu hosp,2026-03-14,quantile,0.6,184.6601401245024
2026-03-14,21,0,wk inc flu hosp,2026-03-14,quantile,0.65,190.1649309221091
2026-03-14,21,0,wk inc flu hosp,2026-03-14,quantile,0.7,196.0536483399184
2026-03-14,21,0,wk inc flu hosp,2026-03-14,quantile,0.75,199.0
2026-03-14,21,0,wk inc flu hosp,2026-03-14,quantile,0.8,202.0
2026-03-14,21,0,wk inc flu hosp,2026-03-14,quantile,0.85,208.0
2026-03-14,21,0,wk inc flu hosp,2026-03-14,quantile,0.9,212.0
2026-03-14,21,0,wk inc flu hosp,2026-03-14,quantile,0.95,228.0
2026-03-14,21,0,wk inc flu hosp,2026-03-14,quantile,0.975,243.0
2026-03-14,21,0,wk inc flu hosp,2026-03-14,quantile,0.99,262.0
2026-03-14,21,1,wk inc flu hosp,2026-03-21,quantile,0.01,36.0
2026-03-14,21,1,wk inc flu hosp,2026-03-21,quantile,0.025,44.0
2026-03-14,21,1,wk inc flu hosp,2026-03-21,quantile,0.05,56.0
2026-03-14,21,1,wk inc flu hosp,2026-03-21,quantile,0.1,68.0
2026-03-14,21,1,wk inc flu hosp,2026-03-21,quantile,0.15,72.0
2026-03-14,21,1,wk inc flu hosp,2026-03-21,quantile,0.2,81.01883951884263
2026-03-14,21,1,wk inc flu hosp,2026-03-21,quantile,0.25,90.4244792340851
2026-03-14,21,1,wk inc flu hosp,2026-03-21,quantile,0.3,100.8077623726778
2026-03-14,21,1,wk inc flu hosp,2026-03-21,quantile,0.35,111.81817809244916
2026-03-14,21,1,wk inc flu hosp,2026-03-21,quantile,0.4,124.36849343526434
2026-03-14,21,1,wk inc flu hosp,2026-03-21,quantile,0.45,129.107421875
2026-03-14,21,1,wk inc flu hosp,2026-03-21,quantile,0.5,131.4879150390625
2026-03-14,21,1,wk inc flu hosp,2026-03-21,quantile,0.55,134.0298614501953
2026-03-14,21,1,wk inc flu hosp,2026-03-21,quantile,0.6,144.17882084488704
2026-03-14,21,1,wk inc flu hosp,2026-03-21,quantile,0.65,159.8115410348215
2026-03-14,21,1,wk inc flu hosp,2026-03-21,quantile,0.7,175.0
2026-03-14,21,1,wk inc flu hosp,2026-03-21,quantile,0.75,179.0
2026-03-14,21,1,wk inc flu hosp,2026-03-21,quantile,0.8,183.0
2026-03-14,21,1,wk inc flu hosp,2026-03-21,quantile,0.85,189.0
2026-03-14,21,1,wk inc flu hosp,2026-03-21,quantile,0.9,195.0
2026-03-14,21,1,wk inc flu hosp,2026-03-21,quantile,0.95,232.0
2026-03-14,21,1,wk inc flu hosp,2026-03-21,quantile,0.975,264.0
2026-03-14,21,1,wk inc flu hosp,2026-03-21,quantile,0.99,302.0
2026-03-14,21,2,wk inc flu hosp,2026-03-28,quantile,0.01,23.0
2026-03-14,21,2,wk inc flu hosp,2026-03-28,quantile,0.025,31.839755954938944
2026-03-14,21,2,wk inc flu hosp,2026-03-28,quantile,0.05,38.83544379996822
2026-03-14,21,2,wk inc flu hosp,2026-03-28,quantile,0.1,48.88361115446243
2026-03-14,21,2,wk inc flu hosp,2026-03-28,quantile,0.15,56.89016243486694
2026-03-14,21,2,wk inc flu hosp,2026-03-28,quantile,0.2,62.476057619816096
2026-03-14,21,2,wk inc flu hosp,2026-03-28,quantile,0.25,69.6176963542477
2026-03-14,21,2,wk inc flu hosp,2026-03-28,quantile,0.3,77.97280344597381
2026-03-14,21,2,wk inc flu hosp,2026-03-28,quantile,0.35,86.91354693032262
2026-03-14,21,2,wk inc flu hosp,2026-03-28,quantile,0.4,97.1238971881449
2026-03-14,21,2,wk inc flu hosp,2026-03-28,quantile,0.45,102.98186492919922
2026-03-14,21,2,wk inc flu hosp,2026-03-28,quantile,0.5,105.65158081054688
2026-03-14,21,2,wk inc flu hosp,2026-03-28,quantile,0.55,108.05005645751952
2026-03-14,21,2,wk inc flu hosp,2026-03-28,quantile,0.6,117.39269178779097
2026-03-14,21,2,wk inc flu hosp,2026-03-28,quantile,0.65,130.16836261246414
2026-03-14,21,2,wk inc flu hosp,2026-03-28,quantile,0.7,146.0
2026-03-14,21,2,wk inc flu hosp,2026-03-28,quantile,0.75,151.0
2026-03-14,21,2,wk inc flu hosp,2026-03-28,quantile,0.8,154.0
2026-03-14,21,2,wk inc flu hosp,2026-03-28,quantile,0.85,158.0
2026-03-14,21,2,wk inc flu hosp,2026-03-28,quantile,0.9,180.0
2026-03-14,21,2,wk inc flu hosp,2026-03-28,quantile,0.95,214.0
2026-03-14,21,2,wk inc flu hosp,2026-03-28,quantile,0.975,259.0
2026-03-14,21,2,wk inc flu hosp,2026-03-28,quantile,0.99,308.0
2026-03-14,21,3,wk inc flu hosp,2026-04-04,quantile,0.01,12.0
2026-03-14,21,3,wk inc flu hosp,2026-04-04,quantile,0.025,17.0
2026-03-14,21,3,wk inc flu hosp,2026-04-04,quantile,0.05,28.967976036591185
2026-03-14,21,3,wk inc flu hosp,2026-04-04,quantile,0.1,47.92251358264607
2026-03-14,21,3,wk inc flu hosp,2026-04-04,quantile,0.15,60.97473907470703
2026-03-14,21,3,wk inc flu hosp,2026-04-04,quantile,0.2,65.0
2026-03-14,21,3,wk inc flu hosp,2026-04-04,quantile,0.25,75.0
2026-03-14,21,3,wk inc flu hosp,2026-04-04,quantile,0.3,84.0
2026-03-14,21,3,wk inc flu hosp,2026-04-04,quantile,0.35,92.7949874595202
2026-03-14,21,3,wk inc flu hosp,2026-04-04,quantile,0.4,100.07812213653236
2026-03-14,21,3,wk inc flu hosp,2026-04-04,quantile,0.45,104.0
2026-03-14,21,3,wk inc flu hosp,2026-04-04,quantile,0.5,107.0
2026-03-14,21,3,wk inc flu hosp,2026-04-04,quantile,0.55,109.0
2026-03-14,21,3,wk inc flu hosp,2026-04-04,quantile,0.6,112.0
2026-03-14,21,3,wk inc flu hosp,2026-04-04,quantile,0.65,116.0
2026-03-14,21,3,wk inc flu hosp,2026-04-04,quantile,0.7,119.0
2026-03-14,21,3,wk inc flu hosp,2026-04-04,quantile,0.75,123.0
2026-03-14,21,3,wk inc flu hosp,2026-04-04,quantile,0.8,126.0
2026-03-14,21,3,wk inc flu hosp,2026-04-04,quantile,0.85,130.0
2026-03-14,21,3,wk inc flu hosp,2026-04-04,quantile,0.9,155.0
2026-03-14,21,3,wk inc flu hosp,2026-04-04,quantile,0.95,189.0
2026-03-14,21,3,wk inc flu hosp,2026-04-04,quantile,0.975,231.0
2026-03-14,21,3,wk inc flu hosp,2026-04-04,quantile,0.99,281.0
2026-03-14,22,0,wk inc flu hosp,2026-03-14,quantile,0.01,65.90157705261778
2026-03-14,22,0,wk inc flu hosp,2026-03-14,quantile,0.025,76.24152644116836
2026-03-14,22,0,wk inc flu hosp,2026-03-14,quantile,0.05,85.0
2026-03-14,22,0,wk inc flu hosp,2026-03-14,quantile,0.1,92.0
2026-03-14,22,0,wk inc flu hosp,2026-03-14,quantile,0.15,100.0
2026-03-14,22,0,wk inc flu hosp,2026-03-14,quantile,0.2,104.0
2026-03-14,22,0,wk inc flu hosp,2026-03-14,quantile,0.25,109.20869295851168
2026-03-14,22,0,wk inc flu hosp,2026-03-14,quantile,0.3,114.0
2026-03-14,22,0,wk inc flu hosp,2026-03-14,quantile,0.35,120.87070853724951
2026-03-14,22,0,wk inc flu hosp,2026-03-14,quantile,0.4,128.15015484861556
2026-03-14,22,0,wk inc flu hosp,2026-03-14,quantile,0.45,131.30213928222656
2026-03-14,22,0,wk inc flu hosp,2026-03-14,quantile,0.5,133.82693481445312
2026-03-14,22,0,wk inc flu hosp,2026-03-14,quantile,0.55,137.0
2026-03-14,22,0,wk inc flu hosp,2026-03-14,quantile,0.6,142.0
2026-03-14,22,0,wk inc flu hosp,2026-03-14,quantile,0.65,147.0
2026-03-14,22,0,wk inc flu hosp,2026-03-14,quantile,0.7,153.0
2026-03-14,22,0,wk inc flu hosp,2026-03-14,quantile,0.75,158.0
2026-03-14,22,0,wk inc flu hosp,2026-03-14,quantile,0.8,163.0
2026-03-14,22,0,wk inc flu hosp,2026-03-14,quantile,0.85,169.0
2026-03-14,22,0,wk inc flu hosp,2026-03-14,quantile,0.9,187.0
2026-03-14,22,0,wk inc flu hosp,2026-03-14,quantile,0.95,204.0
2026-03-14,22,0,wk inc flu hosp,2026-03-14,quantile,0.975,214.0
2026-03-14,22,0,wk inc flu hosp,2026-03-14,quantile,0.99,222.0
2026-03-14,22,1,wk inc flu hosp,2026-03-21,quantile,0.01,45.0
2026-03-14,22,1,wk inc flu hosp,2026-03-21,quantile,0.025,55.0
2026-03-14,22,1,wk inc flu hosp,2026-03-21,quantile,0.05,63.0
2026-03-14,22,1,wk inc flu hosp,2026-03-21,quantile,0.1,68.0
2026-03-14,22,1,wk inc flu hosp,2026-03-21,quantile,0.15,74.86827949178343
2026-03-14,22,1,wk inc flu hosp,2026-03-21,quantile,0.2,84.4861667026506
2026-03-14,22,1,wk inc flu hosp,2026-03-21,quantile,0.25,93.20050801744648
2026-03-14,22,1,wk inc flu hosp,2026-03-21,quantile,0.3,99.58563995361328
2026-03-14,22,1,wk inc flu hosp,2026-03-21,quantile,0.35,102.17909240722656
2026-03-14,22,1,wk inc flu hosp,2026-03-21,quantile,0.4,104.7408676147461
2026-03-14,22,1,wk inc flu hosp,2026-03-21,quantile,0.45,107.2403335571289
2026-03-14,22,1,wk inc flu hosp,2026-03-21,quantile,0.5,109.6160888671875
2026-03-14,22,1,wk inc flu hosp,2026-03-21,quantile,0.55,112.17511749267578
2026-03-14,22,1,wk inc flu hosp,2026-03-21,quantile,0.6,114.90862274169922
2026-03-14,22,1,wk inc flu hosp,2026-03-21,quantile,0.65,117.84442138671876
2026-03-14,22,1,wk inc flu hosp,2026-03-21,quantile,0.7,125.0
2026-03-14,22,1,wk inc flu hosp,2026-03-21,quantile,0.75,128.0
2026-03-14,22,1,wk inc flu hosp,2026-03-21,quantile,0.8,138.0
2026-03-14,22,1,wk inc flu hosp,2026-03-21,quantile,0.85,148.0
2026-03-14,22,1,wk inc flu hosp,2026-03-21,quantile,0.9,159.0
2026-03-14,22,1,wk inc flu hosp,2026-03-21,quantile,0.95,179.0
2026-03-14,22,1,wk inc flu hosp,2026-03-21,quantile,0.975,187.0
2026-03-14,22,1,wk inc flu hosp,2026-03-21,quantile,0.99,215.0
2026-03-14,22,2,wk inc flu hosp,2026-03-28,quantile,0.01,28.0
2026-03-14,22,2,wk inc flu hosp,2026-03-28,quantile,0.025,39.0
2026-03-14,22,2,wk inc flu hosp,2026-03-28,quantile,0.05,48.0
2026-03-14,22,2,wk inc flu hosp,2026-03-28,quantile,0.1,51.0
2026-03-14,22,2,wk inc flu hosp,2026-03-28,quantile,0.15,62.279151086993096
2026-03-14,22,2,wk inc flu hosp,2026-03-28,quantile,0.2,73.4647445678711
2026-03-14,22,2,wk inc flu hosp,2026-03-28,quantile,0.25,76.20954895019531
2026-03-14,22,2,wk inc flu hosp,2026-03-28,quantile,0.3,78.55680847167969
2026-03-14,22,2,wk inc flu hosp,2026-03-28,quantile,0.35,80.69397735595703
2026-03-14,22,2,wk inc flu hosp,2026-03-28,quantile,0.4,83.15399932861328
2026-03-14,22,2,wk inc flu hosp,2026-03-28,quantile,0.45,85.55329895019531
2026-03-14,22,2,wk inc flu hosp,2026-03-28,quantile,0.5,87.8211898803711
2026-03-14,22,2,wk inc flu hosp,2026-03-28,quantile,0.55,90.30252838134766
2026-03-14,22,2,wk inc flu hosp,2026-03-28,quantile,0.6,92.61222076416016
2026-03-14,22,2,wk inc flu hosp,2026-03-28,quantile,0.65,95.01893615722656
2026-03-14,22,2,wk inc flu hosp,2026-03-28,quantile,0.7,97.95207977294922
2026-03-14,22,2,wk inc flu hosp,2026-03-28,quantile,0.75,101.03709411621094
2026-03-14,22,2,wk inc flu hosp,2026-03-28,quantile,0.8,108.0
2026-03-14,22,2,wk inc flu hosp,2026-03-28,quantile,0.85,114.0
2026-03-14,22,2,wk inc flu hosp,2026-03-28,quantile,0.9,128.0
2026-03-14,22,2,wk inc flu hosp,2026-03-28,quantile,0.95,146.0
2026-03-14,22,2,wk inc flu hosp,2026-03-28,quantile,0.975,174.0
2026-03-14,22,2,wk inc flu hosp,2026-03-28,quantile,0.99,209.0
2026-03-14,22,3,wk inc flu hosp,2026-04-04,quantile,0.01,18.513663653943645
2026-03-14,22,3,wk inc flu hosp,2026-04-04,quantile,0.025,26.0
2026-03-14,22,3,wk inc flu hosp,2026-04-04,quantile,0.05,33.0
2026-03-14,22,3,wk inc flu hosp,2026-04-04,quantile,0.1,43.79849494506318
2026-03-14,22,3,wk inc flu hosp,2026-04-04,quantile,0.15,53.22056198120117
2026-03-14,22,3,wk inc flu hosp,2026-04-04,quantile,0.2,55.74584197998047
2026-03-14,22,3,wk inc flu hosp,2026-04-04,quantile,0.25,58.19302368164063
2026-03-14,22,3,wk inc flu hosp,2026-04-04,quantile,0.3,60.351688385009766
2026-03-14,22,3,wk inc flu hosp,2026-04-04,quantile,0.35,62.24822235107422
2026-03-14,22,3,wk inc flu hosp,2026-04-04,quantile,0.4,64.2654037475586
2026-03-14,22,3,wk inc flu hosp,2026-04-04,quantile,0.45,66.16546630859375
2026-03-14,22,3,wk inc flu hosp,2026-04-04,quantile,0.5,68.28187561035156
2026-03-14,22,3,wk inc flu hosp,2026-04-04,quantile,0.55,70.40150451660156
2026-03-14,22,3,wk inc flu hosp,2026-04-04,quantile,0.6,72.58941650390625
2026-03-14,22,3,wk inc flu hosp,2026-04-04,quantile,0.65,74.82208251953125
2026-03-14,22,3,wk inc flu hosp,2026-04-04,quantile,0.7,79.0
2026-03-14,22,3,wk inc flu hosp,2026-04-04,quantile,0.75,83.0
2026-03-14,22,3,wk inc flu hosp,2026-04-04,quantile,0.8,90.0
2026-03-14,22,3,wk inc flu hosp,2026-04-04,quantile,0.85,95.0
2026-03-14,22,3,wk inc flu hosp,2026-04-04,quantile,0.9,107.0
2026-03-14,22,3,wk inc flu hosp,2026-04-04,quantile,0.95,113.0
2026-03-14,22,3,wk inc flu hosp,2026-04-04,quantile,0.975,144.0
2026-03-14,22,3,wk inc flu hosp,2026-04-04,quantile,0.99,187.0
2026-03-14,23,0,wk inc flu hosp,2026-03-14,quantile,0.01,5.297712273690063
2026-03-14,23,0,wk inc flu hosp,2026-03-14,quantile,0.025,7.276886410271834
2026-03-14,23,0,wk inc flu hosp,2026-03-14,quantile,0.05,9.25767946659729
2026-03-14,23,0,wk inc flu hosp,2026-03-14,quantile,0.1,11.547601902168209
2026-03-14,23,0,wk inc flu hosp,2026-03-14,quantile,0.15,13.014194389507184
2026-03-14,23,0,wk inc flu hosp,2026-03-14,quantile,0.2,14.837745538256666
2026-03-14,23,0,wk inc flu hosp,2026-03-14,quantile,0.25,16.0
2026-03-14,23,0,wk inc flu hosp,2026-03-14,quantile,0.3,17.01398646529847
2026-03-14,23,0,wk inc flu hosp,2026-03-14,quantile,0.35,18.336189327435754
2026-03-14,23,0,wk inc flu hosp,2026-03-14,quantile,0.4,19.88693332672119
2026-03-14,23,0,wk inc flu hosp,2026-03-14,quantile,0.45,20.952742488122333
2026-03-14,23,0,wk inc flu hosp,2026-03-14,quantile,0.5,22.077836630370896
2026-03-14,23,0,wk inc flu hosp,2026-03-14,quantile,0.55,23.09950223344854
2026-03-14,23,0,wk inc flu hosp,2026-03-14,quantile,0.6,24.157667092721063
2026-03-14,23,0,wk inc flu hosp,2026-03-14,quantile,0.65,25.290833010817334
2026-03-14,23,0,wk inc flu hosp,2026-03-14,quantile,0.7,26.534190011829214
2026-03-14,23,0,wk inc flu hosp,2026-03-14,quantile,0.75,27.921736952486206
2026-03-14,23,0,wk inc flu hosp,2026-03-14,quantile,0.8,29.494525912318466
2026-03-14,23,0,wk inc flu hosp,2026-03-14,quantile,0.85,31.790517444772494
2026-03-14,23,0,wk inc flu hosp,2026-03-14,quantile,0.9,34.4907936321453
2026-03-14,23,0,wk inc flu hosp,2026-03-14,quantile,0.95,39.153572308479525
2026-03-14,23,0,wk inc flu hosp,2026-03-14,quantile,0.975,43.10115798468844
2026-03-14,23,0,wk inc flu hosp,2026-03-14,quantile,0.99,47.608215034920676
2026-03-14,23,1,wk inc flu hosp,2026-03-21,quantile,0.01,1.7349884440973724
2026-03-14,23,1,wk inc flu hosp,2026-03-21,quantile,0.025,3.437813824140738
2026-03-14,23,1,wk inc flu hosp,2026-03-21,quantile,0.05,4.628498555822334
2026-03-14,23,1,wk inc flu hosp,2026-03-21,quantile,0.1,7.0
2026-03-14,23,1,wk inc flu hosp,2026-03-21,quantile,0.15,8.5
2026-03-14,23,1,wk inc flu hosp,2026-03-21,quantile,0.2,9.759487203226467
2026-03-14,23,1,wk inc flu hosp,2026-03-21,quantile,0.25,11.281456494448488
2026-03-14,23,1,wk inc flu hosp,2026-03-21,quantile,0.3,12.783858314507558
2026-03-14,23,1,wk inc flu hosp,2026-03-21,quantile,0.35,13.629567623138428
2026-03-14,23,1,wk inc flu hosp,2026-03-21,quantile,0.4,14.941973686218262
2026-03-14,23,1,wk inc flu hosp,2026-03-21,quantile,0.45,15.752429008483887
2026-03-14,23,1,wk inc flu hosp,2026-03-21,quantile,0.5,17.069272994995117
2026-03-14,23,1,wk inc flu hosp,2026-03-21,quantile,0.55,17.85846710205078
2026-03-14,23,1,wk inc flu hosp,2026-03-21,quantile,0.6,19.193798065185547
2026-03-14,23,1,wk inc flu hosp,2026-03-21,quantile,0.65,20.53834056854248
2026-03-14,23,1,wk inc flu hosp,2026-03-21,quantile,0.7,21.907384872436523
2026-03-14,23,1,wk inc flu hosp,2026-03-21,quantile,0.75,23.5
2026-03-14,23,1,wk inc flu hosp,2026-03-21,quantile,0.8,26.0
2026-03-14,23,1,wk inc flu hosp,2026-03-21,quantile,0.85,29.0
2026-03-14,23,1,wk inc flu hosp,2026-03-21,quantile,0.9,33.5
2026-03-14,23,1,wk inc flu hosp,2026-03-21,quantile,0.95,41.5
2026-03-14,23,1,wk inc flu hosp,2026-03-21,quantile,0.975,49.0
2026-03-14,23,1,wk inc flu hosp,2026-03-21,quantile,0.99,57.5
2026-03-14,23,2,wk inc flu hosp,2026-03-28,quantile,0.01,0.5400517344282225
2026-03-14,23,2,wk inc flu hosp,2026-03-28,quantile,0.025,1.0
2026-03-14,23,2,wk inc flu hosp,2026-03-28,quantile,0.05,2.5
2026-03-14,23,2,wk inc flu hosp,2026-03-28,quantile,0.1,4.0
2026-03-14,23,2,wk inc flu hosp,2026-03-28,quantile,0.15,5.0
2026-03-14,23,2,wk inc flu hosp,2026-03-28,quantile,0.2,5.897685233954355
2026-03-14,23,2,wk inc flu hosp,2026-03-28,quantile,0.25,7.504950688618513
2026-03-14,23,2,wk inc flu hosp,2026-03-28,quantile,0.3,9.072780595722552
2026-03-14,23,2,wk inc flu hosp,2026-03-28,quantile,0.35,10.009514808654785
2026-03-14,23,2,wk inc flu hosp,2026-03-28,quantile,0.4,10.791376113891602
2026-03-14,23,2,wk inc flu hosp,2026-03-28,quantile,0.45,12.052988529205322
2026-03-14,23,2,wk inc flu hosp,2026-03-28,quantile,0.5,12.82572078704834
2026-03-14,23,2,wk inc flu hosp,2026-03-28,quantile,0.55,14.08494758605957
2026-03-14,23,2,wk inc flu hosp,2026-03-28,quantile,0.6,14.861004829406738
2026-03-14,23,2,wk inc flu hosp,2026-03-28,quantile,0.65,16.154822826385498
2026-03-14,23,2,wk inc flu hosp,2026-03-28,quantile,0.7,17.461225986480713
2026-03-14,23,2,wk inc flu hosp,2026-03-28,quantile,0.75,18.80034828186035
2026-03-14,23,2,wk inc flu hosp,2026-03-28,quantile,0.8,21.0
2026-03-14,23,2,wk inc flu hosp,2026-03-28,quantile,0.85,24.0
2026-03-14,23,2,wk inc flu hosp,2026-03-28,quantile,0.9,29.5
2026-03-14,23,2,wk inc flu hosp,2026-03-28,quantile,0.95,38.5
2026-03-14,23,2,wk inc flu hosp,2026-03-28,quantile,0.975,48.5
2026-03-14,23,2,wk inc flu hosp,2026-03-28,quantile,0.99,60.0
2026-03-14,23,3,wk inc flu hosp,2026-04-04,quantile,0.01,0.0
2026-03-14,23,3,wk inc flu hosp,2026-04-04,quantile,0.025,0.11567950905968954
2026-03-14,23,3,wk inc flu hosp,2026-04-04,quantile,0.05,1.367296300213602
2026-03-14,23,3,wk inc flu hosp,2026-04-04,quantile,0.1,2.0
2026-03-14,23,3,wk inc flu hosp,2026-04-04,quantile,0.15,3.0
2026-03-14,23,3,wk inc flu hosp,2026-04-04,quantile,0.2,4.28092946641145
2026-03-14,23,3,wk inc flu hosp,2026-04-04,quantile,0.25,5.467296745237775
2026-03-14,23,3,wk inc flu hosp,2026-04-04,quantile,0.3,6.585441589355469
2026-03-14,23,3,wk inc flu hosp,2026-04-04,quantile,0.35,7.281233310699463
2026-03-14,23,3,wk inc flu hosp,2026-04-04,quantile,0.4,8.472189903259277
2026-03-14,23,3,wk inc flu hosp,2026-04-04,quantile,0.45,9.174705028533936
2026-03-14,23,3,wk inc flu hosp,2026-04-04,quantile,0.5,9.868292808532715
2026-03-14,23,3,wk inc flu hosp,2026-04-04,quantile,0.55,10.583378791809082
2026-03-14,23,3,wk inc flu hosp,2026-04-04,quantile,0.6,11.297353744506836
2026-03-14,23,3,wk inc flu hosp,2026-04-04,quantile,0.65,12.52217721939087
2026-03-14,23,3,wk inc flu hosp,2026-04-04,quantile,0.7,13.268913269042969
2026-03-14,23,3,wk inc flu hosp,2026-04-04,quantile,0.75,14.537005424499512
2026-03-14,23,3,wk inc flu hosp,2026-04-04,quantile,0.8,16.364075183868408
2026-03-14,23,3,wk inc flu hosp,2026-04-04,quantile,0.85,19.5
2026-03-14,23,3,wk inc flu hosp,2026-04-04,quantile,0.9,24.5
2026-03-14,23,3,wk inc flu hosp,2026-04-04,quantile,0.95,35.0
2026-03-14,23,3,wk inc flu hosp,2026-04-04,quantile,0.975,44.5
2026-03-14,23,3,wk inc flu hosp,2026-04-04,quantile,0.99,57.0
2026-03-14,24,0,wk inc flu hosp,2026-03-14,quantile,0.01,10.0
2026-03-14,24,0,wk inc flu hosp,2026-03-14,quantile,0.025,14.695984580745606
2026-03-14,24,0,wk inc flu hosp,2026-03-14,quantile,0.05,19.00924867420292
2026-03-14,24,0,wk inc flu hosp,2026-03-14,quantile,0.1,23.310853958129883
2026-03-14,24,0,wk inc flu hosp,2026-03-14,quantile,0.15,26.538047639072737
2026-03-14,24,0,wk inc flu hosp,2026-03-14,quantile,0.2,28.887434752316143
2026-03-14,24,0,wk inc flu hosp,2026-03-14,quantile,0.25,31.02599681918572
2026-03-14,24,0,wk inc flu hosp,2026-03-14,quantile,0.3,32.0
2026-03-14,24,0,wk inc flu hosp,2026-03-14,quantile,0.35,33.967713661740966
2026-03-14,24,0,wk inc flu hosp,2026-03-14,quantile,0.4,36.0
2026-03-14,24,0,wk inc flu hosp,2026-03-14,quantile,0.45,37.0
2026-03-14,24,0,wk inc flu hosp,2026-03-14,quantile,0.5,38.0
2026-03-14,24,0,wk inc flu hosp,2026-03-14,quantile,0.55,39.0
2026-03-14,24,0,wk inc flu hosp,2026-03-14,quantile,0.6,39.0
2026-03-14,24,0,wk inc flu hosp,2026-03-14,quantile,0.65,40.0
2026-03-14,24,0,wk inc flu hosp,2026-03-14,quantile,0.7,41.0
2026-03-14,24,0,wk inc flu hosp,2026-03-14,quantile,0.75,43.0
2026-03-14,24,0,wk inc flu hosp,2026-03-14,quantile,0.8,47.0
2026-03-14,24,0,wk inc flu hosp,2026-03-14,quantile,0.85,52.0
2026-03-14,24,0,wk inc flu hosp,2026-03-14,quantile,0.9,58.0
2026-03-14,24,0,wk inc flu hosp,2026-03-14,quantile,0.95,69.0
2026-03-14,24,0,wk inc flu hosp,2026-03-14,quantile,0.975,79.0
2026-03-14,24,0,wk inc flu hosp,2026-03-14,quantile,0.99,90.0
2026-03-14,24,1,wk inc flu hosp,2026-03-21,quantile,0.01,2.0
2026-03-14,24,1,wk inc flu hosp,2026-03-21,quantile,0.025,5.421747419342346
2026-03-14,24,1,wk inc flu hosp,2026-03-21,quantile,0.05,11.063624922563864
2026-03-14,24,1,wk inc flu hosp,2026-03-21,quantile,0.1,17.0
2026-03-14,24,1,wk inc flu hosp,2026-03-21,quantile,0.15,18.0
2026-03-14,24,1,wk inc flu hosp,2026-03-21,quantile,0.2,19.69921112060547
2026-03-14,24,1,wk inc flu hosp,2026-03-21,quantile,0.25,20.71203231811523
2026-03-14,24,1,wk inc flu hosp,2026-03-21,quantile,0.3,23.78765125117637
2026-03-14,24,1,wk inc flu hosp,2026-03-21,quantile,0.35,28.889168376850915
2026-03-14,24,1,wk inc flu hosp,2026-03-21,quantile,0.4,32.0
2026-03-14,24,1,wk inc flu hosp,2026-03-21,quantile,0.45,33.0
2026-03-14,24,1,wk inc flu hosp,2026-03-21,quantile,0.5,34.0
2026-03-14,24,1,wk inc flu hosp,2026-03-21,quantile,0.55,35.0
2026-03-14,24,1,wk inc flu hosp,2026-03-21,quantile,0.6,36.0
2026-03-14,24,1,wk inc flu hosp,2026-03-21,quantile,0.65,37.0
2026-03-14,24,1,wk inc flu hosp,2026-03-21,quantile,0.7,38.0
2026-03-14,24,1,wk inc flu hosp,2026-03-21,quantile,0.75,39.0
2026-03-14,24,1,wk inc flu hosp,2026-03-21,quantile,0.8,47.0
2026-03-14,24,1,wk inc flu hosp,2026-03-21,quantile,0.85,58.0
2026-03-14,24,1,wk inc flu hosp,2026-03-21,quantile,0.9,72.0
2026-03-14,24,1,wk inc flu hosp,2026-03-21,quantile,0.95,102.0
2026-03-14,24,1,wk inc flu hosp,2026-03-21,quantile,0.975,126.0
2026-03-14,24,1,wk inc flu hosp,2026-03-21,quantile,0.99,147.0
2026-03-14,24,2,wk inc flu hosp,2026-03-28,quantile,0.01,1.0
2026-03-14,24,2,wk inc flu hosp,2026-03-28,quantile,0.025,1.0
2026-03-14,24,2,wk inc flu hosp,2026-03-28,quantile,0.05,2.413844220462965
2026-03-14,24,2,wk inc flu hosp,2026-03-28,quantile,0.1,12.0
2026-03-14,24,2,wk inc flu hosp,2026-03-28,quantile,0.15,12.0
2026-03-14,24,2,wk inc flu hosp,2026-03-28,quantile,0.2,15.0
2026-03-14,24,2,wk inc flu hosp,2026-03-28,quantile,0.25,19.0
2026-03-14,24,2,wk inc flu hosp,2026-03-28,quantile,0.3,20.40298080444336
2026-03-14,24,2,wk inc flu hosp,2026-03-28,quantile,0.35,24.14380350152804
2026-03-14,24,2,wk inc flu hosp,2026-03-28,quantile,0.4,28.0
2026-03-14,24,2,wk inc flu hosp,2026-03-28,quantile,0.45,29.0
2026-03-14,24,2,wk inc flu hosp,2026-03-28,quantile,0.5,31.0
2026-03-14,24,2,wk inc flu hosp,2026-03-28,quantile,0.55,32.0
2026-03-14,24,2,wk inc flu hosp,2026-03-28,quantile,0.6,34.0
2026-03-14,24,2,wk inc flu hosp,2026-03-28,quantile,0.65,35.0
2026-03-14,24,2,wk inc flu hosp,2026-03-28,quantile,0.7,36.0
2026-03-14,24,2,wk inc flu hosp,2026-03-28,quantile,0.75,37.0
2026-03-14,24,2,wk inc flu hosp,2026-03-28,quantile,0.8,42.0
2026-03-14,24,2,wk inc flu hosp,2026-03-28,quantile,0.85,56.0
2026-03-14,24,2,wk inc flu hosp,2026-03-28,quantile,0.9,80.0
2026-03-14,24,2,wk inc flu hosp,2026-03-28,quantile,0.95,124.0
2026-03-14,24,2,wk inc flu hosp,2026-03-28,quantile,0.975,145.0
2026-03-14,24,2,wk inc flu hosp,2026-03-28,quantile,0.99,162.19193598062975
2026-03-14,24,3,wk inc flu hosp,2026-04-04,quantile,0.01,0.0
2026-03-14,24,3,wk inc flu hosp,2026-04-04,quantile,0.025,0.1035517482225049
2026-03-14,24,3,wk inc flu hosp,2026-04-04,quantile,0.05,1.0
2026-03-14,24,3,wk inc flu hosp,2026-04-04,quantile,0.1,8.0
2026-03-14,24,3,wk inc flu hosp,2026-04-04,quantile,0.15,8.0
2026-03-14,24,3,wk inc flu hosp,2026-04-04,quantile,0.2,11.0
2026-03-14,24,3,wk inc flu hosp,2026-04-04,quantile,0.25,15.0
2026-03-14,24,3,wk inc flu hosp,2026-04-04,quantile,0.3,19.0
2026-03-14,24,3,wk inc flu hosp,2026-04-04,quantile,0.35,22.0
2026-03-14,24,3,wk inc flu hosp,2026-04-04,quantile,0.4,24.0
2026-03-14,24,3,wk inc flu hosp,2026-04-04,quantile,0.45,26.0
2026-03-14,24,3,wk inc flu hosp,2026-04-04,quantile,0.5,28.0
2026-03-14,24,3,wk inc flu hosp,2026-04-04,quantile,0.55,30.0
2026-03-14,24,3,wk inc flu hosp,2026-04-04,quantile,0.6,31.0
2026-03-14,24,3,wk inc flu hosp,2026-04-04,quantile,0.65,32.0
2026-03-14,24,3,wk inc flu hosp,2026-04-04,quantile,0.7,33.0
2026-03-14,24,3,wk inc flu hosp,2026-04-04,quantile,0.75,34.0
2026-03-14,24,3,wk inc flu hosp,2026-04-04,quantile,0.8,35.0
2026-03-14,24,3,wk inc flu hosp,2026-04-04,quantile,0.85,50.0
2026-03-14,24,3,wk inc flu hosp,2026-04-04,quantile,0.9,78.0
2026-03-14,24,3,wk inc flu hosp,2026-04-04,quantile,0.95,131.0
2026-03-14,24,3,wk inc flu hosp,2026-04-04,quantile,0.975,156.28322976346095
2026-03-14,24,3,wk inc flu hosp,2026-04-04,quantile,0.99,170.7839021815429
2026-03-14,25,0,wk inc flu hosp,2026-03-14,quantile,0.01,15.446329122142638
2026-03-14,25,0,wk inc flu hosp,2026-03-14,quantile,0.025,19.0
2026-03-14,25,0,wk inc flu hosp,2026-03-14,quantile,0.05,21.5
2026-03-14,25,0,wk inc flu hosp,2026-03-14,quantile,0.1,26.9442687053277
2026-03-14,25,0,wk inc flu hosp,2026-03-14,quantile,0.15,32.38798030499508
2026-03-14,25,0,wk inc flu hosp,2026-03-14,quantile,0.2,36.442464174523884
2026-03-14,25,0,wk inc flu hosp,2026-03-14,quantile,0.25,40.0
2026-03-14,25,0,wk inc flu hosp,2026-03-14,quantile,0.3,42.78635706494869
2026-03-14,25,0,wk inc flu hosp,2026-03-14,quantile,0.35,45.71408691996733
2026-03-14,25,0,wk inc flu hosp,2026-03-14,quantile,0.4,48.5
2026-03-14,25,0,wk inc flu hosp,2026-03-14,quantile,0.45,51.0
2026-03-14,25,0,wk inc flu hosp,2026-03-14,quantile,0.5,54.0
2026-03-14,25,0,wk inc flu hosp,2026-03-14,quantile,0.55,57.0
2026-03-14,25,0,wk inc flu hosp,2026-03-14,quantile,0.6,60.5
2026-03-14,25,0,wk inc flu hosp,2026-03-14,quantile,0.65,64.5
2026-03-14,25,0,wk inc flu hosp,2026-03-14,quantile,0.7,68.5
2026-03-14,25,0,wk inc flu hosp,2026-03-14,quantile,0.75,73.0
2026-03-14,25,0,wk inc flu hosp,2026-03-14,quantile,0.8,78.5
2026-03-14,25,0,wk inc flu hosp,2026-03-14,quantile,0.85,85.0
2026-03-14,25,0,wk inc flu hosp,2026-03-14,quantile,0.9,94.5
2026-03-14,25,0,wk inc flu hosp,2026-03-14,quantile,0.95,109.5
2026-03-14,25,0,wk inc flu hosp,2026-03-14,quantile,0.975,124.5
2026-03-14,25,0,wk inc flu hosp,2026-03-14,quantile,0.99,141.5
2026-03-14,25,1,wk inc flu hosp,2026-03-21,quantile,0.01,6.5
2026-03-14,25,1,wk inc flu hosp,2026-03-21,quantile,0.025,8.0
2026-03-14,25,1,wk inc flu hosp,2026-03-21,quantile,0.05,12.359227005476814
2026-03-14,25,1,wk inc flu hosp,2026-03-21,quantile,0.1,18.539029013832263
2026-03-14,25,1,wk inc flu hosp,2026-03-21,quantile,0.15,25.0
2026-03-14,25,1,wk inc flu hosp,2026-03-21,quantile,0.2,29.0
2026-03-14,25,1,wk inc flu hosp,2026-03-21,quantile,0.25,30.5
2026-03-14,25,1,wk inc flu hosp,2026-03-21,quantile,0.3,31.91196454868527
2026-03-14,25,1,wk inc flu hosp,2026-03-21,quantile,0.35,35.23837089538574
2026-03-14,25,1,wk inc flu hosp,2026-03-21,quantile,0.4,37.0
2026-03-14,25,1,wk inc flu hosp,2026-03-21,quantile,0.45,39.5
2026-03-14,25,1,wk inc flu hosp,2026-03-21,quantile,0.5,42.0
2026-03-14,25,1,wk inc flu hosp,2026-03-21,quantile,0.55,46.0
2026-03-14,25,1,wk inc flu hosp,2026-03-21,quantile,0.6,51.0
2026-03-14,25,1,wk inc flu hosp,2026-03-21,quantile,0.65,56.5
2026-03-14,25,1,wk inc flu hosp,2026-03-21,quantile,0.7,62.5
2026-03-14,25,1,wk inc flu hosp,2026-03-21,quantile,0.75,70.0
2026-03-14,25,1,wk inc flu hosp,2026-03-21,quantile,0.8,79.5
2026-03-14,25,1,wk inc flu hosp,2026-03-21,quantile,0.85,92.0
2026-03-14,25,1,wk inc flu hosp,2026-03-21,quantile,0.9,108.5
2026-03-14,25,1,wk inc flu hosp,2026-03-21,quantile,0.95,129.5
2026-03-14,25,1,wk inc flu hosp,2026-03-21,quantile,0.975,150.0
2026-03-14,25,1,wk inc flu hosp,2026-03-21,quantile,0.99,176.0
2026-03-14,25,2,wk inc flu hosp,2026-03-28,quantile,0.01,2.0
2026-03-14,25,2,wk inc flu hosp,2026-03-28,quantile,0.025,3.5
2026-03-14,25,2,wk inc flu hosp,2026-03-28,quantile,0.05,5.0
2026-03-14,25,2,wk inc flu hosp,2026-03-28,quantile,0.1,10.968085278924
2026-03-14,25,2,wk inc flu hosp,2026-03-28,quantile,0.15,16.5
2026-03-14,25,2,wk inc flu hosp,2026-03-28,quantile,0.2,20.0
2026-03-14,25,2,wk inc flu hosp,2026-03-28,quantile,0.25,23.5
2026-03-14,25,2,wk inc flu hosp,2026-03-28,quantile,0.3,25.0
2026-03-14,25,2,wk inc flu hosp,2026-03-28,quantile,0.35,29.904101371765137
2026-03-14,25,2,wk inc flu hosp,2026-03-28,quantile,0.4,31.392370223999023
2026-03-14,25,2,wk inc flu hosp,2026-03-28,quantile,0.45,32.876163482666016
2026-03-14,25,2,wk inc flu hosp,2026-03-28,quantile,0.5,34.5
2026-03-14,25,2,wk inc flu hosp,2026-03-28,quantile,0.55,37.0
2026-03-14,25,2,wk inc flu hosp,2026-03-28,quantile,0.6,41.0
2026-03-14,25,2,wk inc flu hosp,2026-03-28,quantile,0.65,45.0
2026-03-14,25,2,wk inc flu hosp,2026-03-28,quantile,0.7,52.0
2026-03-14,25,2,wk inc flu hosp,2026-03-28,quantile,0.75,60.5
2026-03-14,25,2,wk inc flu hosp,2026-03-28,quantile,0.8,72.5
2026-03-14,25,2,wk inc flu hosp,2026-03-28,quantile,0.85,88.0
2026-03-14,25,2,wk inc flu hosp,2026-03-28,quantile,0.9,111.5
2026-03-14,25,2,wk inc flu hosp,2026-03-28,quantile,0.95,141.5
2026-03-14,25,2,wk inc flu hosp,2026-03-28,quantile,0.975,167.0
2026-03-14,25,2,wk inc flu hosp,2026-03-28,quantile,0.99,202.5
2026-03-14,25,3,wk inc flu hosp,2026-04-04,quantile,0.01,1.0
2026-03-14,25,3,wk inc flu hosp,2026-04-04,quantile,0.025,1.5375527716491606
2026-03-14,25,3,wk inc flu hosp,2026-04-04,quantile,0.05,2.337413038564361
2026-03-14,25,3,wk inc flu hosp,2026-04-04,quantile,0.1,5.434912803974649
2026-03-14,25,3,wk inc flu hosp,2026-04-04,quantile,0.15,10.5
2026-03-14,25,3,wk inc flu hosp,2026-04-04,quantile,0.2,13.0
2026-03-14,25,3,wk inc flu hosp,2026-04-04,quantile,0.25,16.5
2026-03-14,25,3,wk inc flu hosp,2026-04-04,quantile,0.3,20.51847980375903
2026-03-14,25,3,wk inc flu hosp,2026-04-04,quantile,0.35,25.30145263671875
2026-03-14,25,3,wk inc flu hosp,2026-04-04,quantile,0.4,26.78164768218994
2026-03-14,25,3,wk inc flu hosp,2026-04-04,quantile,0.45,28.76094913482666
2026-03-14,25,3,wk inc flu hosp,2026-04-04,quantile,0.5,30.249852180480957
2026-03-14,25,3,wk inc flu hosp,2026-04-04,quantile,0.55,32.24174118041992
2026-03-14,25,3,wk inc flu hosp,2026-04-04,quantile,0.6,35.0
2026-03-14,25,3,wk inc flu hosp,2026-04-04,quantile,0.65,38.0
2026-03-14,25,3,wk inc flu hosp,2026-04-04,quantile,0.7,42.0
2026-03-14,25,3,wk inc flu hosp,2026-04-04,quantile,0.75,48.0
2026-03-14,25,3,wk inc flu hosp,2026-04-04,quantile,0.8,59.0
2026-03-14,25,3,wk inc flu hosp,2026-04-04,quantile,0.85,75.5
2026-03-14,25,3,wk inc flu hosp,2026-04-04,quantile,0.9,100.0
2026-03-14,25,3,wk inc flu hosp,2026-04-04,quantile,0.95,149.0
2026-03-14,25,3,wk inc flu hosp,2026-04-04,quantile,0.975,180.0
2026-03-14,25,3,wk inc flu hosp,2026-04-04,quantile,0.99,221.5
2026-03-14,26,0,wk inc flu hosp,2026-03-14,quantile,0.01,87.43915988424824
2026-03-14,26,0,wk inc flu hosp,2026-03-14,quantile,0.025,114.0
2026-03-14,26,0,wk inc flu hosp,2026-03-14,quantile,0.05,126.0
2026-03-14,26,0,wk inc flu hosp,2026-03-14,quantile,0.1,137.20111384288973
2026-03-14,26,0,wk inc flu hosp,2026-03-14,quantile,0.15,150.0
2026-03-14,26,0,wk inc flu hosp,2026-03-14,quantile,0.2,165.782659729601
2026-03-14,26,0,wk inc flu hosp,2026-03-14,quantile,0.25,177.5988695664677
2026-03-14,26,0,wk inc flu hosp,2026-03-14,quantile,0.3,185.12644958496097
2026-03-14,26,0,wk inc flu hosp,2026-03-14,quantile,0.35,189.2364959716797
2026-03-14,26,0,wk inc flu hosp,2026-03-14,quantile,0.4,192.84402465820312
2026-03-14,26,0,wk inc flu hosp,2026-03-14,quantile,0.45,196.6369781494141
2026-03-14,26,0,wk inc flu hosp,2026-03-14,quantile,0.5,200.37625122070312
2026-03-14,26,0,wk inc flu hosp,2026-03-14,quantile,0.55,204.470947265625
2026-03-14,26,0,wk inc flu hosp,2026-03-14,quantile,0.6,208.44265747070312
2026-03-14,26,0,wk inc flu hosp,2026-03-14,quantile,0.65,216.0
2026-03-14,26,0,wk inc flu hosp,2026-03-14,quantile,0.7,223.0
2026-03-14,26,0,wk inc flu hosp,2026-03-14,quantile,0.75,231.0
2026-03-14,26,0,wk inc flu hosp,2026-03-14,quantile,0.8,241.0
2026-03-14,26,0,wk inc flu hosp,2026-03-14,quantile,0.85,252.0
2026-03-14,26,0,wk inc flu hosp,2026-03-14,quantile,0.9,267.0
2026-03-14,26,0,wk inc flu hosp,2026-03-14,quantile,0.95,291.0
2026-03-14,26,0,wk inc flu hosp,2026-03-14,quantile,0.975,345.0
2026-03-14,26,0,wk inc flu hosp,2026-03-14,quantile,0.99,379.0
2026-03-14,26,1,wk inc flu hosp,2026-03-21,quantile,0.01,49.0
2026-03-14,26,1,wk inc flu hosp,2026-03-21,quantile,0.025,66.0
2026-03-14,26,1,wk inc flu hosp,2026-03-21,quantile,0.05,84.0
2026-03-14,26,1,wk inc flu hosp,2026-03-21,quantile,0.1,102.257870691001
2026-03-14,26,1,wk inc flu hosp,2026-03-21,quantile,0.15,123.0
2026-03-14,26,1,wk inc flu hosp,2026-03-21,quantile,0.2,137.0
2026-03-14,26,1,wk inc flu hosp,2026-03-21,quantile,0.25,148.0
2026-03-14,26,1,wk inc flu hosp,2026-03-21,quantile,0.3,150.0
2026-03-14,26,1,wk inc flu hosp,2026-03-21,quantile,0.35,156.2741241455078
2026-03-14,26,1,wk inc flu hosp,2026-03-21,quantile,0.4,160.14712524414062
2026-03-14,26,1,wk inc flu hosp,2026-03-21,quantile,0.45,164.0861358642578
2026-03-14,26,1,wk inc flu hosp,2026-03-21,quantile,0.5,167.93002319335938
2026-03-14,26,1,wk inc flu hosp,2026-03-21,quantile,0.55,171.87527465820312
2026-03-14,26,1,wk inc flu hosp,2026-03-21,quantile,0.6,176.47872924804688
2026-03-14,26,1,wk inc flu hosp,2026-03-21,quantile,0.65,181.0043182373047
2026-03-14,26,1,wk inc flu hosp,2026-03-21,quantile,0.7,185.50115966796875
2026-03-14,26,1,wk inc flu hosp,2026-03-21,quantile,0.75,197.0
2026-03-14,26,1,wk inc flu hosp,2026-03-21,quantile,0.8,213.0
2026-03-14,26,1,wk inc flu hosp,2026-03-21,quantile,0.85,233.0
2026-03-14,26,1,wk inc flu hosp,2026-03-21,quantile,0.9,262.0
2026-03-14,26,1,wk inc flu hosp,2026-03-21,quantile,0.95,312.0
2026-03-14,26,1,wk inc flu hosp,2026-03-21,quantile,0.975,359.0
2026-03-14,26,1,wk inc flu hosp,2026-03-21,quantile,0.99,405.0
2026-03-14,26,2,wk inc flu hosp,2026-03-28,quantile,0.01,20.0
2026-03-14,26,2,wk inc flu hosp,2026-03-28,quantile,0.025,35.0
2026-03-14,26,2,wk inc flu hosp,2026-03-28,quantile,0.05,52.0
2026-03-14,26,2,wk inc flu hosp,2026-03-28,quantile,0.1,75.0
2026-03-14,26,2,wk inc flu hosp,2026-03-28,quantile,0.15,93.0
2026-03-14,26,2,wk inc flu hosp,2026-03-28,quantile,0.2,106.0
2026-03-14,26,2,wk inc flu hosp,2026-03-28,quantile,0.25,110.0
2026-03-14,26,2,wk inc flu hosp,2026-03-28,quantile,0.3,121.28203582763672
2026-03-14,26,2,wk inc flu hosp,2026-03-28,quantile,0.35,125.0133819580078
2026-03-14,26,2,wk inc flu hosp,2026-03-28,quantile,0.4,128.6617431640625
2026-03-14,26,2,wk inc flu hosp,2026-03-28,quantile,0.45,132.50587463378906
2026-03-14,26,2,wk inc flu hosp,2026-03-28,quantile,0.5,136.252685546875
2026-03-14,26,2,wk inc flu hosp,2026-03-28,quantile,0.55,140.34634399414062
2026-03-14,26,2,wk inc flu hosp,2026-03-28,quantile,0.6,144.29957580566406
2026-03-14,26,2,wk inc flu hosp,2026-03-28,quantile,0.65,148.21084594726562
2026-03-14,26,2,wk inc flu hosp,2026-03-28,quantile,0.7,152.9235382080078
2026-03-14,26,2,wk inc flu hosp,2026-03-28,quantile,0.75,158.1145477294922
2026-03-14,26,2,wk inc flu hosp,2026-03-28,quantile,0.8,175.0
2026-03-14,26,2,wk inc flu hosp,2026-03-28,quantile,0.85,200.0
2026-03-14,26,2,wk inc flu hosp,2026-03-28,quantile,0.9,236.0
2026-03-14,26,2,wk inc flu hosp,2026-03-28,quantile,0.95,304.0
2026-03-14,26,2,wk inc flu hosp,2026-03-28,quantile,0.975,366.0
2026-03-14,26,2,wk inc flu hosp,2026-03-28,quantile,0.99,435.0
2026-03-14,26,3,wk inc flu hosp,2026-04-04,quantile,0.01,8.0
2026-03-14,26,3,wk inc flu hosp,2026-04-04,quantile,0.025,18.0
2026-03-14,26,3,wk inc flu hosp,2026-04-04,quantile,0.05,32.0
2026-03-14,26,3,wk inc flu hosp,2026-04-04,quantile,0.1,54.0
2026-03-14,26,3,wk inc flu hosp,2026-04-04,quantile,0.15,68.0
2026-03-14,26,3,wk inc flu hosp,2026-04-04,quantile,0.2,73.0
2026-03-14,26,3,wk inc flu hosp,2026-04-04,quantile,0.25,87.48355865478516
2026-03-14,26,3,wk inc flu hosp,2026-04-04,quantile,0.3,91.16154479980467
2026-03-14,26,3,wk inc flu hosp,2026-04-04,quantile,0.35,94.19244384765624
2026-03-14,26,3,wk inc flu hosp,2026-04-04,quantile,0.4,97.1594467163086
2026-03-14,26,3,wk inc flu hosp,2026-04-04,quantile,0.45,100.54511260986328
2026-03-14,26,3,wk inc flu hosp,2026-04-04,quantile,0.5,103.935302734375
2026-03-14,26,3,wk inc flu hosp,2026-04-04,quantile,0.55,107.15929412841795
2026-03-14,26,3,wk inc flu hosp,2026-04-04,quantile,0.6,110.87388610839844
2026-03-14,26,3,wk inc flu hosp,2026-04-04,quantile,0.65,114.54229736328124
2026-03-14,26,3,wk inc flu hosp,2026-04-04,quantile,0.7,118.5735321044922
2026-03-14,26,3,wk inc flu hosp,2026-04-04,quantile,0.75,123.36808776855467
2026-03-14,26,3,wk inc flu hosp,2026-04-04,quantile,0.8,132.0
2026-03-14,26,3,wk inc flu hosp,2026-04-04,quantile,0.85,158.0
2026-03-14,26,3,wk inc flu hosp,2026-04-04,quantile,0.9,196.0
2026-03-14,26,3,wk inc flu hosp,2026-04-04,quantile,0.95,271.0
2026-03-14,26,3,wk inc flu hosp,2026-04-04,quantile,0.975,340.0
2026-03-14,26,3,wk inc flu hosp,2026-04-04,quantile,0.99,420.0
2026-03-14,27,0,wk inc flu hosp,2026-03-14,quantile,0.01,51.0
2026-03-14,27,0,wk inc flu hosp,2026-03-14,quantile,0.025,55.9356689453125
2026-03-14,27,0,wk inc flu hosp,2026-03-14,quantile,0.05,63.34958023633954
2026-03-14,27,0,wk inc flu hosp,2026-03-14,quantile,0.1,78.50858649784865
2026-03-14,27,0,wk inc flu hosp,2026-03-14,quantile,0.15,85.04547320379523
2026-03-14,27,0,wk inc flu hosp,2026-03-14,quantile,0.2,91.0
2026-03-14,27,0,wk inc flu hosp,2026-03-14,quantile,0.25,94.0
2026-03-14,27,0,wk inc flu hosp,2026-03-14,quantile,0.3,98.0
2026-03-14,27,0,wk inc flu hosp,2026-03-14,quantile,0.35,102.0
2026-03-14,27,0,wk inc flu hosp,2026-03-14,quantile,0.4,107.0
2026-03-14,27,0,wk inc flu hosp,2026-03-14,quantile,0.45,113.43295890786833
2026-03-14,27,0,wk inc flu hosp,2026-03-14,quantile,0.5,120.438743859492
2026-03-14,27,0,wk inc flu hosp,2026-03-14,quantile,0.55,127.65443893608013
2026-03-14,27,0,wk inc flu hosp,2026-03-14,quantile,0.6,130.0
2026-03-14,27,0,wk inc flu hosp,2026-03-14,quantile,0.65,132.0
2026-03-14,27,0,wk inc flu hosp,2026-03-14,quantile,0.7,136.0
2026-03-14,27,0,wk inc flu hosp,2026-03-14,quantile,0.75,139.0
2026-03-14,27,0,wk inc flu hosp,2026-03-14,quantile,0.8,145.0
2026-03-14,27,0,wk inc flu hosp,2026-03-14,quantile,0.85,154.0
2026-03-14,27,0,wk inc flu hosp,2026-03-14,quantile,0.9,164.0
2026-03-14,27,0,wk inc flu hosp,2026-03-14,quantile,0.95,180.0
2026-03-14,27,0,wk inc flu hosp,2026-03-14,quantile,0.975,194.0
2026-03-14,27,0,wk inc flu hosp,2026-03-14,quantile,0.99,209.0
2026-03-14,27,1,wk inc flu hosp,2026-03-21,quantile,0.01,21.0
2026-03-14,27,1,wk inc flu hosp,2026-03-21,quantile,0.025,27.0
2026-03-14,27,1,wk inc flu hosp,2026-03-21,quantile,0.05,37.0
2026-03-14,27,1,wk inc flu hosp,2026-03-21,quantile,0.1,50.58843994140625
2026-03-14,27,1,wk inc flu hosp,2026-03-21,quantile,0.15,59.0
2026-03-14,27,1,wk inc flu hosp,2026-03-21,quantile,0.2,63.0
2026-03-14,27,1,wk inc flu hosp,2026-03-21,quantile,0.25,66.56610413609812
2026-03-14,27,1,wk inc flu hosp,2026-03-21,quantile,0.3,77.4206990095896
2026-03-14,27,1,wk inc flu hosp,2026-03-21,quantile,0.35,88.21059284647488
2026-03-14,27,1,wk inc flu hosp,2026-03-21,quantile,0.4,94.0
2026-03-14,27,1,wk inc flu hosp,2026-03-21,quantile,0.45,96.0
2026-03-14,27,1,wk inc flu hosp,2026-03-21,quantile,0.5,98.0
2026-03-14,27,1,wk inc flu hosp,2026-03-21,quantile,0.55,100.0
2026-03-14,27,1,wk inc flu hosp,2026-03-21,quantile,0.6,104.0
2026-03-14,27,1,wk inc flu hosp,2026-03-21,quantile,0.65,106.0
2026-03-14,27,1,wk inc flu hosp,2026-03-21,quantile,0.7,112.0
2026-03-14,27,1,wk inc flu hosp,2026-03-21,quantile,0.75,120.0
2026-03-14,27,1,wk inc flu hosp,2026-03-21,quantile,0.8,132.0
2026-03-14,27,1,wk inc flu hosp,2026-03-21,quantile,0.85,147.0
2026-03-14,27,1,wk inc flu hosp,2026-03-21,quantile,0.9,168.0
2026-03-14,27,1,wk inc flu hosp,2026-03-21,quantile,0.95,203.0
2026-03-14,27,1,wk inc flu hosp,2026-03-21,quantile,0.975,231.0
2026-03-14,27,1,wk inc flu hosp,2026-03-21,quantile,0.99,265.0
2026-03-14,27,2,wk inc flu hosp,2026-03-28,quantile,0.01,12.0
2026-03-14,27,2,wk inc flu hosp,2026-03-28,quantile,0.025,15.0
2026-03-14,27,2,wk inc flu hosp,2026-03-28,quantile,0.05,19.0
2026-03-14,27,2,wk inc flu hosp,2026-03-28,quantile,0.1,33.0
2026-03-14,27,2,wk inc flu hosp,2026-03-28,quantile,0.15,41.0
2026-03-14,27,2,wk inc flu hosp,2026-03-28,quantile,0.2,43.08677673339844
2026-03-14,27,2,wk inc flu hosp,2026-03-28,quantile,0.25,48.6172690750702
2026-03-14,27,2,wk inc flu hosp,2026-03-28,quantile,0.3,61.406591400591545
2026-03-14,27,2,wk inc flu hosp,2026-03-28,quantile,0.35,68.0
2026-03-14,27,2,wk inc flu hosp,2026-03-28,quantile,0.4,72.0
2026-03-14,27,2,wk inc flu hosp,2026-03-28,quantile,0.45,77.0
2026-03-14,27,2,wk inc flu hosp,2026-03-28,quantile,0.5,80.0
2026-03-14,27,2,wk inc flu hosp,2026-03-28,quantile,0.55,81.0
2026-03-14,27,2,wk inc flu hosp,2026-03-28,quantile,0.6,85.0
2026-03-14,27,2,wk inc flu hosp,2026-03-28,quantile,0.65,87.0
2026-03-14,27,2,wk inc flu hosp,2026-03-28,quantile,0.7,90.0
2026-03-14,27,2,wk inc flu hosp,2026-03-28,quantile,0.75,95.0
2026-03-14,27,2,wk inc flu hosp,2026-03-28,quantile,0.8,109.0
2026-03-14,27,2,wk inc flu hosp,2026-03-28,quantile,0.85,128.0
2026-03-14,27,2,wk inc flu hosp,2026-03-28,quantile,0.9,154.0
2026-03-14,27,2,wk inc flu hosp,2026-03-28,quantile,0.95,203.0
2026-03-14,27,2,wk inc flu hosp,2026-03-28,quantile,0.975,246.0
2026-03-14,27,2,wk inc flu hosp,2026-03-28,quantile,0.99,290.0
2026-03-14,27,3,wk inc flu hosp,2026-04-04,quantile,0.01,6.0
2026-03-14,27,3,wk inc flu hosp,2026-04-04,quantile,0.025,7.0
2026-03-14,27,3,wk inc flu hosp,2026-04-04,quantile,0.05,9.003447112206404
2026-03-14,27,3,wk inc flu hosp,2026-04-04,quantile,0.1,23.0
2026-03-14,27,3,wk inc flu hosp,2026-04-04,quantile,0.15,26.0
2026-03-14,27,3,wk inc flu hosp,2026-04-04,quantile,0.2,31.72058868408203
2026-03-14,27,3,wk inc flu hosp,2026-04-04,quantile,0.25,38.61562526001309
2026-03-14,27,3,wk inc flu hosp,2026-04-04,quantile,0.3,46.0
2026-03-14,27,3,wk inc flu hosp,2026-04-04,quantile,0.35,49.0
2026-03-14,27,3,wk inc flu hosp,2026-04-04,quantile,0.4,53.0
2026-03-14,27,3,wk inc flu hosp,2026-04-04,quantile,0.45,57.0
2026-03-14,27,3,wk inc flu hosp,2026-04-04,quantile,0.5,60.0
2026-03-14,27,3,wk inc flu hosp,2026-04-04,quantile,0.55,64.0
2026-03-14,27,3,wk inc flu hosp,2026-04-04,quantile,0.6,67.0
2026-03-14,27,3,wk inc flu hosp,2026-04-04,quantile,0.65,70.0
2026-03-14,27,3,wk inc flu hosp,2026-04-04,quantile,0.7,72.0
2026-03-14,27,3,wk inc flu hosp,2026-04-04,quantile,0.75,74.0
2026-03-14,27,3,wk inc flu hosp,2026-04-04,quantile,0.8,83.0
2026-03-14,27,3,wk inc flu hosp,2026-04-04,quantile,0.85,101.0
2026-03-14,27,3,wk inc flu hosp,2026-04-04,quantile,0.9,129.0
2026-03-14,27,3,wk inc flu hosp,2026-04-04,quantile,0.95,181.0
2026-03-14,27,3,wk inc flu hosp,2026-04-04,quantile,0.975,227.0
2026-03-14,27,3,wk inc flu hosp,2026-04-04,quantile,0.99,280.0
2026-03-14,28,0,wk inc flu hosp,2026-03-14,quantile,0.01,62.15686972381743
2026-03-14,28,0,wk inc flu hosp,2026-03-14,quantile,0.025,68.53065155669267
2026-03-14,28,0,wk inc flu hosp,2026-03-14,quantile,0.05,74.26125012841688
2026-03-14,28,0,wk inc flu hosp,2026-03-14,quantile,0.1,81.15381031810095
2026-03-14,28,0,wk inc flu hosp,2026-03-14,quantile,0.15,85.9769686392738
2026-03-14,28,0,wk inc flu hosp,2026-03-14,quantile,0.2,89.90955436917147
2026-03-14,28,0,wk inc flu hosp,2026-03-14,quantile,0.25,93.35344617334938
2026-03-14,28,0,wk inc flu hosp,2026-03-14,quantile,0.3,96.50132781495864
2026-03-14,28,0,wk inc flu hosp,2026-03-14,quantile,0.35,99.46490360711472
2026-03-14,28,0,wk inc flu hosp,2026-03-14,quantile,0.4,102.31849079714858
2026-03-14,28,0,wk inc flu hosp,2026-03-14,quantile,0.45,105.117780997396
2026-03-14,28,0,wk inc flu hosp,2026-03-14,quantile,0.5,107.909573140534
2026-03-14,28,0,wk inc flu hosp,2026-03-14,quantile,0.55,111.0
2026-03-14,28,0,wk inc flu hosp,2026-03-14,quantile,0.6,114.70891932708308
2026-03-14,28,0,wk inc flu hosp,2026-03-14,quantile,0.65,120.0
2026-03-14,28,0,wk inc flu hosp,2026-03-14,quantile,0.7,125.0
2026-03-14,28,0,wk inc flu hosp,2026-03-14,quantile,0.75,130.0
2026-03-14,28,0,wk inc flu hosp,2026-03-14,quantile,0.8,136.85311982177524
2026-03-14,28,0,wk inc flu hosp,2026-03-14,quantile,0.85,144.0
2026-03-14,28,0,wk inc flu hosp,2026-03-14,quantile,0.9,152.0
2026-03-14,28,0,wk inc flu hosp,2026-03-14,quantile,0.95,163.0
2026-03-14,28,0,wk inc flu hosp,2026-03-14,quantile,0.975,173.0
2026-03-14,28,0,wk inc flu hosp,2026-03-14,quantile,0.99,184.0
2026-03-14,28,1,wk inc flu hosp,2026-03-21,quantile,0.01,35.452975133518706
2026-03-14,28,1,wk inc flu hosp,2026-03-21,quantile,0.025,44.11175665480374
2026-03-14,28,1,wk inc flu hosp,2026-03-21,quantile,0.05,52.0
2026-03-14,28,1,wk inc flu hosp,2026-03-21,quantile,0.1,61.0
2026-03-14,28,1,wk inc flu hosp,2026-03-21,quantile,0.15,67.0
2026-03-14,28,1,wk inc flu hosp,2026-03-21,quantile,0.2,73.0
2026-03-14,28,1,wk inc flu hosp,2026-03-21,quantile,0.25,77.0
2026-03-14,28,1,wk inc flu hosp,2026-03-21,quantile,0.3,79.0
2026-03-14,28,1,wk inc flu hosp,2026-03-21,quantile,0.35,81.0
2026-03-14,28,1,wk inc flu hosp,2026-03-21,quantile,0.4,83.16818072535072
2026-03-14,28,1,wk inc flu hosp,2026-03-21,quantile,0.45,88.37446597596801
2026-03-14,28,1,wk inc flu hosp,2026-03-21,quantile,0.5,94.095538595186
2026-03-14,28,1,wk inc flu hosp,2026-03-21,quantile,0.55,99.74105771092154
2026-03-14,28,1,wk inc flu hosp,2026-03-21,quantile,0.6,105.7814053269208
2026-03-14,28,1,wk inc flu hosp,2026-03-21,quantile,0.65,112.0
2026-03-14,28,1,wk inc flu hosp,2026-03-21,quantile,0.7,114.0
2026-03-14,28,1,wk inc flu hosp,2026-03-21,quantile,0.75,122.0
2026-03-14,28,1,wk inc flu hosp,2026-03-21,quantile,0.8,128.0
2026-03-14,28,1,wk inc flu hosp,2026-03-21,quantile,0.85,133.11878967285156
2026-03-14,28,1,wk inc flu hosp,2026-03-21,quantile,0.9,138.07843017578125
2026-03-14,28,1,wk inc flu hosp,2026-03-21,quantile,0.95,144.8948211669922
2026-03-14,28,1,wk inc flu hosp,2026-03-21,quantile,0.975,166.0
2026-03-14,28,1,wk inc flu hosp,2026-03-21,quantile,0.99,190.0
2026-03-14,28,2,wk inc flu hosp,2026-03-28,quantile,0.01,23.401522496228967
2026-03-14,28,2,wk inc flu hosp,2026-03-28,quantile,0.025,30.24625094224509
2026-03-14,28,2,wk inc flu hosp,2026-03-28,quantile,0.05,39.0
2026-03-14,28,2,wk inc flu hosp,2026-03-28,quantile,0.1,48.0
2026-03-14,28,2,wk inc flu hosp,2026-03-28,quantile,0.15,54.0
2026-03-14,28,2,wk inc flu hosp,2026-03-28,quantile,0.2,58.0
2026-03-14,28,2,wk inc flu hosp,2026-03-28,quantile,0.25,60.0
2026-03-14,28,2,wk inc flu hosp,2026-03-28,quantile,0.3,62.0
2026-03-14,28,2,wk inc flu hosp,2026-03-28,quantile,0.35,65.5665285500323
2026-03-14,28,2,wk inc flu hosp,2026-03-28,quantile,0.4,70.56945607348293
2026-03-14,28,2,wk inc flu hosp,2026-03-28,quantile,0.45,74.49944541584242
2026-03-14,28,2,wk inc flu hosp,2026-03-28,quantile,0.5,80.68440024250177
2026-03-14,28,2,wk inc flu hosp,2026-03-28,quantile,0.55,87.74797794727495
2026-03-14,28,2,wk inc flu hosp,2026-03-28,quantile,0.6,92.0
2026-03-14,28,2,wk inc flu hosp,2026-03-28,quantile,0.65,95.0
2026-03-14,28,2,wk inc flu hosp,2026-03-28,quantile,0.7,98.66161493896004
2026-03-14,28,2,wk inc flu hosp,2026-03-28,quantile,0.75,102.04639434814452
2026-03-14,28,2,wk inc flu hosp,2026-03-28,quantile,0.8,104.96013641357422
2026-03-14,28,2,wk inc flu hosp,2026-03-28,quantile,0.85,108.39591217041016
2026-03-14,28,2,wk inc flu hosp,2026-03-28,quantile,0.9,112.34483337402344
2026-03-14,28,2,wk inc flu hosp,2026-03-28,quantile,0.95,130.0
2026-03-14,28,2,wk inc flu hosp,2026-03-28,quantile,0.975,163.0
2026-03-14,28,2,wk inc flu hosp,2026-03-28,quantile,0.99,202.0
2026-03-14,28,3,wk inc flu hosp,2026-04-04,quantile,0.01,15.0
2026-03-14,28,3,wk inc flu hosp,2026-04-04,quantile,0.025,22.0
2026-03-14,28,3,wk inc flu hosp,2026-04-04,quantile,0.05,29.0
2026-03-14,28,3,wk inc flu hosp,2026-04-04,quantile,0.1,35.0
2026-03-14,28,3,wk inc flu hosp,2026-04-04,quantile,0.15,39.0
2026-03-14,28,3,wk inc flu hosp,2026-04-04,quantile,0.2,44.0
2026-03-14,28,3,wk inc flu hosp,2026-04-04,quantile,0.25,48.0
2026-03-14,28,3,wk inc flu hosp,2026-04-04,quantile,0.3,50.26590396787419
2026-03-14,28,3,wk inc flu hosp,2026-04-04,quantile,0.35,55.314034057957805
2026-03-14,28,3,wk inc flu hosp,2026-04-04,quantile,0.4,60.70937642210551
2026-03-14,28,3,wk inc flu hosp,2026-04-04,quantile,0.45,66.15886714175035
2026-03-14,28,3,wk inc flu hosp,2026-04-04,quantile,0.5,71.8078324572139
2026-03-14,28,3,wk inc flu hosp,2026-04-04,quantile,0.55,76.0
2026-03-14,28,3,wk inc flu hosp,2026-04-04,quantile,0.6,78.0
2026-03-14,28,3,wk inc flu hosp,2026-04-04,quantile,0.65,80.0
2026-03-14,28,3,wk inc flu hosp,2026-04-04,quantile,0.7,84.0
2026-03-14,28,3,wk inc flu hosp,2026-04-04,quantile,0.75,87.04981994628906
2026-03-14,28,3,wk inc flu hosp,2026-04-04,quantile,0.8,90.06187438964844
2026-03-14,28,3,wk inc flu hosp,2026-04-04,quantile,0.85,93.51776885986328
2026-03-14,28,3,wk inc flu hosp,2026-04-04,quantile,0.9,98.0
2026-03-14,28,3,wk inc flu hosp,2026-04-04,quantile,0.95,109.0
2026-03-14,28,3,wk inc flu hosp,2026-04-04,quantile,0.975,146.0
2026-03-14,28,3,wk inc flu hosp,2026-04-04,quantile,0.99,194.0
2026-03-14,29,0,wk inc flu hosp,2026-03-14,quantile,0.01,73.0
2026-03-14,29,0,wk inc flu hosp,2026-03-14,quantile,0.025,81.03251170299055
2026-03-14,29,0,wk inc flu hosp,2026-03-14,quantile,0.05,93.42781274864994
2026-03-14,29,0,wk inc flu hosp,2026-03-14,quantile,0.1,104.0
2026-03-14,29,0,wk inc flu hosp,2026-03-14,quantile,0.15,113.7183528784569
2026-03-14,29,0,wk inc flu hosp,2026-03-14,quantile,0.2,124.75612142440616
2026-03-14,29,0,wk inc flu hosp,2026-03-14,quantile,0.25,134.40379433562455
2026-03-14,29,0,wk inc flu hosp,2026-03-14,quantile,0.3,144.01613542631856
2026-03-14,29,0,wk inc flu hosp,2026-03-14,quantile,0.35,149.0
2026-03-14,29,0,wk inc flu hosp,2026-03-14,quantile,0.4,153.1219991579837
2026-03-14,29,0,wk inc flu hosp,2026-03-14,quantile,0.45,162.34126160649146
2026-03-14,29,0,wk inc flu hosp,2026-03-14,quantile,0.5,172.44524483871
2026-03-14,29,0,wk inc flu hosp,2026-03-14,quantile,0.55,179.46981290932655
2026-03-14,29,0,wk inc flu hosp,2026-03-14,quantile,0.6,186.75118515670096
2026-03-14,29,0,wk inc flu hosp,2026-03-14,quantile,0.65,194.42922149787805
2026-03-14,29,0,wk inc flu hosp,2026-03-14,quantile,0.7,202.6881058476644
2026-03-14,29,0,wk inc flu hosp,2026-03-14,quantile,0.75,209.3580780029297
2026-03-14,29,0,wk inc flu hosp,2026-03-14,quantile,0.8,214.43814086914065
2026-03-14,29,0,wk inc flu hosp,2026-03-14,quantile,0.85,220.17417907714844
2026-03-14,29,0,wk inc flu hosp,2026-03-14,quantile,0.9,228.49655151367188
2026-03-14,29,0,wk inc flu hosp,2026-03-14,quantile,0.95,247.0
2026-03-14,29,0,wk inc flu hosp,2026-03-14,quantile,0.975,270.0
2026-03-14,29,0,wk inc flu hosp,2026-03-14,quantile,0.99,291.0
2026-03-14,29,1,wk inc flu hosp,2026-03-21,quantile,0.01,44.0
2026-03-14,29,1,wk inc flu hosp,2026-03-21,quantile,0.025,49.0
2026-03-14,29,1,wk inc flu hosp,2026-03-21,quantile,0.05,62.55937861138058
2026-03-14,29,1,wk inc flu hosp,2026-03-21,quantile,0.1,81.17175128428379
2026-03-14,29,1,wk inc flu hosp,2026-03-21,quantile,0.15,94.0
2026-03-14,29,1,wk inc flu hosp,2026-03-21,quantile,0.2,96.0
2026-03-14,29,1,wk inc flu hosp,2026-03-21,quantile,0.25,100.0
2026-03-14,29,1,wk inc flu hosp,2026-03-21,quantile,0.3,111.40279022215864
2026-03-14,29,1,wk inc flu hosp,2026-03-21,quantile,0.35,122.86934714695376
2026-03-14,29,1,wk inc flu hosp,2026-03-21,quantile,0.4,134.26925122538483
2026-03-14,29,1,wk inc flu hosp,2026-03-21,quantile,0.45,145.78006407023224
2026-03-14,29,1,wk inc flu hosp,2026-03-21,quantile,0.5,150.42446899414062
2026-03-14,29,1,wk inc flu hosp,2026-03-21,quantile,0.55,153.69940185546875
2026-03-14,29,1,wk inc flu hosp,2026-03-21,quantile,0.6,157.00466918945312
2026-03-14,29,1,wk inc flu hosp,2026-03-21,quantile,0.65,160.4369354248047
2026-03-14,29,1,wk inc flu hosp,2026-03-21,quantile,0.7,164.28871154785156
2026-03-14,29,1,wk inc flu hosp,2026-03-21,quantile,0.75,168.77035522460938
2026-03-14,29,1,wk inc flu hosp,2026-03-21,quantile,0.8,173.58531188964844
2026-03-14,29,1,wk inc flu hosp,2026-03-21,quantile,0.85,179.3242950439453
2026-03-14,29,1,wk inc flu hosp,2026-03-21,quantile,0.9,186.12969970703125
2026-03-14,29,1,wk inc flu hosp,2026-03-21,quantile,0.95,220.0
2026-03-14,29,1,wk inc flu hosp,2026-03-21,quantile,0.975,252.0
2026-03-14,29,1,wk inc flu hosp,2026-03-21,quantile,0.99,294.0
2026-03-14,29,2,wk inc flu hosp,2026-03-28,quantile,0.01,21.0
2026-03-14,29,2,wk inc flu hosp,2026-03-28,quantile,0.025,30.409440762222296
2026-03-14,29,2,wk inc flu hosp,2026-03-28,quantile,0.05,42.73838764787217
2026-03-14,29,2,wk inc flu hosp,2026-03-28,quantile,0.1,58.0
2026-03-14,29,2,wk inc flu hosp,2026-03-28,quantile,0.15,62.0
2026-03-14,29,2,wk inc flu hosp,2026-03-28,quantile,0.2,70.88092770350498
2026-03-14,29,2,wk inc flu hosp,2026-03-28,quantile,0.25,84.3196941678668
2026-03-14,29,2,wk inc flu hosp,2026-03-28,quantile,0.3,96.12425994873048
2026-03-14,29,2,wk inc flu hosp,2026-03-28,quantile,0.35,98.6427993774414
2026-03-14,29,2,wk inc flu hosp,2026-03-28,quantile,0.4,101.09527587890624
2026-03-14,29,2,wk inc flu hosp,2026-03-28,quantile,0.45,103.52483367919922
2026-03-14,29,2,wk inc flu hosp,2026-03-28,quantile,0.5,105.7945785522461
2026-03-14,29,2,wk inc flu hosp,2026-03-28,quantile,0.55,108.26858520507812
2026-03-14,29,2,wk inc flu hosp,2026-03-28,quantile,0.6,110.77305603027344
2026-03-14,29,2,wk inc flu hosp,2026-03-28,quantile,0.65,113.59358215332033
2026-03-14,29,2,wk inc flu hosp,2026-03-28,quantile,0.7,116.72980499267578
2026-03-14,29,2,wk inc flu hosp,2026-03-28,quantile,0.75,120.05047607421876
2026-03-14,29,2,wk inc flu hosp,2026-03-28,quantile,0.8,123.78279876708984
2026-03-14,29,2,wk inc flu hosp,2026-03-28,quantile,0.85,130.0
2026-03-14,29,2,wk inc flu hosp,2026-03-28,quantile,0.9,146.0
2026-03-14,29,2,wk inc flu hosp,2026-03-28,quantile,0.95,191.0
2026-03-14,29,2,wk inc flu hosp,2026-03-28,quantile,0.975,236.0
2026-03-14,29,2,wk inc flu hosp,2026-03-28,quantile,0.99,290.0
2026-03-14,29,3,wk inc flu hosp,2026-04-04,quantile,0.01,9.0
2026-03-14,29,3,wk inc flu hosp,2026-04-04,quantile,0.025,14.886415059183983
2026-03-14,29,3,wk inc flu hosp,2026-04-04,quantile,0.05,26.099731294640485
2026-03-14,29,3,wk inc flu hosp,2026-04-04,quantile,0.1,37.0
2026-03-14,29,3,wk inc flu hosp,2026-04-04,quantile,0.15,44.21706213815867
2026-03-14,29,3,wk inc flu hosp,2026-04-04,quantile,0.2,58.73263087133659
2026-03-14,29,3,wk inc flu hosp,2026-04-04,quantile,0.25,67.6795883178711
2026-03-14,29,3,wk inc flu hosp,2026-04-04,quantile,0.3,69.95220184326172
2026-03-14,29,3,wk inc flu hosp,2026-04-04,quantile,0.35,72.18486785888672
2026-03-14,29,3,wk inc flu hosp,2026-04-04,quantile,0.4,74.21430969238281
2026-03-14,29,3,wk inc flu hosp,2026-04-04,quantile,0.45,76.1019287109375
2026-03-14,29,3,wk inc flu hosp,2026-04-04,quantile,0.5,78.2083511352539
2026-03-14,29,3,wk inc flu hosp,2026-04-04,quantile,0.55,80.38552856445312
2026-03-14,29,3,wk inc flu hosp,2026-04-04,quantile,0.6,82.58975982666016
2026-03-14,29,3,wk inc flu hosp,2026-04-04,quantile,0.65,84.95700073242188
2026-03-14,29,3,wk inc flu hosp,2026-04-04,quantile,0.7,87.39047241210938
2026-03-14,29,3,wk inc flu hosp,2026-04-04,quantile,0.75,90.12249755859376
2026-03-14,29,3,wk inc flu hosp,2026-04-04,quantile,0.8,93.18659973144533
2026-03-14,29,3,wk inc flu hosp,2026-04-04,quantile,0.85,97.03732299804688
2026-03-14,29,3,wk inc flu hosp,2026-04-04,quantile,0.9,109.0
2026-03-14,29,3,wk inc flu hosp,2026-04-04,quantile,0.95,155.0
2026-03-14,29,3,wk inc flu hosp,2026-04-04,quantile,0.975,204.0
2026-03-14,29,3,wk inc flu hosp,2026-04-04,quantile,0.99,258.0
2026-03-14,30,0,wk inc flu hosp,2026-03-14,quantile,0.01,12.0
2026-03-14,30,0,wk inc flu hosp,2026-03-14,quantile,0.025,15.0
2026-03-14,30,0,wk inc flu hosp,2026-03-14,quantile,0.05,16.0
2026-03-14,30,0,wk inc flu hosp,2026-03-14,quantile,0.1,18.43028880913688
2026-03-14,30,0,wk inc flu hosp,2026-03-14,quantile,0.15,20.58124793233068
2026-03-14,30,0,wk inc flu hosp,2026-03-14,quantile,0.2,21.0
2026-03-14,30,0,wk inc flu hosp,2026-03-14,quantile,0.25,22.0
2026-03-14,30,0,wk inc flu hosp,2026-03-14,quantile,0.3,24.0
2026-03-14,30,0,wk inc flu hosp,2026-03-14,quantile,0.35,25.0
2026-03-14,30,0,wk inc flu hosp,2026-03-14,quantile,0.4,26.0
2026-03-14,30,0,wk inc flu hosp,2026-03-14,quantile,0.45,27.0
2026-03-14,30,0,wk inc flu hosp,2026-03-14,quantile,0.5,29.0
2026-03-14,30,0,wk inc flu hosp,2026-03-14,quantile,0.55,30.0
2026-03-14,30,0,wk inc flu hosp,2026-03-14,quantile,0.6,32.459271536470425
2026-03-14,30,0,wk inc flu hosp,2026-03-14,quantile,0.65,34.657012939453125
2026-03-14,30,0,wk inc flu hosp,2026-03-14,quantile,0.7,35.58038711547852
2026-03-14,30,0,wk inc flu hosp,2026-03-14,quantile,0.75,37.0
2026-03-14,30,0,wk inc flu hosp,2026-03-14,quantile,0.8,39.0
2026-03-14,30,0,wk inc flu hosp,2026-03-14,quantile,0.85,40.0
2026-03-14,30,0,wk inc flu hosp,2026-03-14,quantile,0.9,44.0
2026-03-14,30,0,wk inc flu hosp,2026-03-14,quantile,0.95,49.0
2026-03-14,30,0,wk inc flu hosp,2026-03-14,quantile,0.975,53.0
2026-03-14,30,0,wk inc flu hosp,2026-03-14,quantile,0.99,60.0
2026-03-14,30,1,wk inc flu hosp,2026-03-21,quantile,0.01,5.0
2026-03-14,30,1,wk inc flu hosp,2026-03-21,quantile,0.025,7.0
2026-03-14,30,1,wk inc flu hosp,2026-03-21,quantile,0.05,9.0
2026-03-14,30,1,wk inc flu hosp,2026-03-21,quantile,0.1,11.055061760221232
2026-03-14,30,1,wk inc flu hosp,2026-03-21,quantile,0.15,13.833226201911394
2026-03-14,30,1,wk inc flu hosp,2026-03-21,quantile,0.2,14.0
2026-03-14,30,1,wk inc flu hosp,2026-03-21,quantile,0.25,15.51211407483614
2026-03-14,30,1,wk inc flu hosp,2026-03-21,quantile,0.3,17.599791464534963
2026-03-14,30,1,wk inc flu hosp,2026-03-21,quantile,0.35,19.88337846201448
2026-03-14,30,1,wk inc flu hosp,2026-03-21,quantile,0.4,21.0
2026-03-14,30,1,wk inc flu hosp,2026-03-21,quantile,0.45,21.47167909759057
2026-03-14,30,1,wk inc flu hosp,2026-03-21,quantile,0.5,23.81354565748116
2026-03-14,30,1,wk inc flu hosp,2026-03-21,quantile,0.55,26.397712982375342
2026-03-14,30,1,wk inc flu hosp,2026-03-21,quantile,0.6,27.700145721435547
2026-03-14,30,1,wk inc flu hosp,2026-03-21,quantile,0.65,28.51888084411621
2026-03-14,30,1,wk inc flu hosp,2026-03-21,quantile,0.7,29.371171951293945
2026-03-14,30,1,wk inc flu hosp,2026-03-21,quantile,0.75,31.0
2026-03-14,30,1,wk inc flu hosp,2026-03-21,quantile,0.8,33.0
2026-03-14,30,1,wk inc flu hosp,2026-03-21,quantile,0.85,36.0
2026-03-14,30,1,wk inc flu hosp,2026-03-21,quantile,0.9,40.0
2026-03-14,30,1,wk inc flu hosp,2026-03-21,quantile,0.95,49.0
2026-03-14,30,1,wk inc flu hosp,2026-03-21,quantile,0.975,57.0
2026-03-14,30,1,wk inc flu hosp,2026-03-21,quantile,0.99,64.0
2026-03-14,30,2,wk inc flu hosp,2026-03-28,quantile,0.01,2.0
2026-03-14,30,2,wk inc flu hosp,2026-03-28,quantile,0.025,3.0
2026-03-14,30,2,wk inc flu hosp,2026-03-28,quantile,0.05,5.0
2026-03-14,30,2,wk inc flu hosp,2026-03-28,quantile,0.1,7.0
2026-03-14,30,2,wk inc flu hosp,2026-03-28,quantile,0.15,8.28707246967195
2026-03-14,30,2,wk inc flu hosp,2026-03-28,quantile,0.2,10.419268994269732
2026-03-14,30,2,wk inc flu hosp,2026-03-28,quantile,0.25,12.5363081787806
2026-03-14,30,2,wk inc flu hosp,2026-03-28,quantile,0.3,14.0
2026-03-14,30,2,wk inc flu hosp,2026-03-28,quantile,0.35,14.726480699816696
2026-03-14,30,2,wk inc flu hosp,2026-03-28,quantile,0.4,16.481659479769807
2026-03-14,30,2,wk inc flu hosp,2026-03-28,quantile,0.45,18.22246931103525
2026-03-14,30,2,wk inc flu hosp,2026-03-28,quantile,0.5,20.092088208780773
2026-03-14,30,2,wk inc flu hosp,2026-03-28,quantile,0.55,21.332130432128903
2026-03-14,30,2,wk inc flu hosp,2026-03-28,quantile,0.6,22.05736541748047
2026-03-14,30,2,wk inc flu hosp,2026-03-28,quantile,0.65,22.823148727416992
2026-03-14,30,2,wk inc flu hosp,2026-03-28,quantile,0.7,23.644689559936523
2026-03-14,30,2,wk inc flu hosp,2026-03-28,quantile,0.75,24.54366683959961
2026-03-14,30,2,wk inc flu hosp,2026-03-28,quantile,0.8,27.0
2026-03-14,30,2,wk inc flu hosp,2026-03-28,quantile,0.85,31.0
2026-03-14,30,2,wk inc flu hosp,2026-03-28,quantile,0.9,39.0
2026-03-14,30,2,wk inc flu hosp,2026-03-28,quantile,0.95,52.0
2026-03-14,30,2,wk inc flu hosp,2026-03-28,quantile,0.975,63.0
2026-03-14,30,2,wk inc flu hosp,2026-03-28,quantile,0.99,73.0
2026-03-14,30,3,wk inc flu hosp,2026-04-04,quantile,0.01,1.0
2026-03-14,30,3,wk inc flu hosp,2026-04-04,quantile,0.025,2.0
2026-03-14,30,3,wk inc flu hosp,2026-04-04,quantile,0.05,3.0
2026-03-14,30,3,wk inc flu hosp,2026-04-04,quantile,0.1,5.667051690562282
2026-03-14,30,3,wk inc flu hosp,2026-04-04,quantile,0.15,7.450083470170107
2026-03-14,30,3,wk inc flu hosp,2026-04-04,quantile,0.2,8.958966133198174
2026-03-14,30,3,wk inc flu hosp,2026-04-04,quantile,0.25,10.248891770858222
2026-03-14,30,3,wk inc flu hosp,2026-04-04,quantile,0.3,11.370862405391078
2026-03-14,30,3,wk inc flu hosp,2026-04-04,quantile,0.35,12.7060128992008
2026-03-14,30,3,wk inc flu hosp,2026-04-04,quantile,0.4,13.425249099731444
2026-03-14,30,3,wk inc flu hosp,2026-04-04,quantile,0.45,14.024937629699709
2026-03-14,30,3,wk inc flu hosp,2026-04-04,quantile,0.5,14.598002433776855
2026-03-14,30,3,wk inc flu hosp,2026-04-04,quantile,0.55,15.208046913146973
2026-03-14,30,3,wk inc flu hosp,2026-04-04,quantile,0.6,15.86061191558838
2026-03-14,30,3,wk inc flu hosp,2026-04-04,quantile,0.65,16.483272552490234
2026-03-14,30,3,wk inc flu hosp,2026-04-04,quantile,0.7,17.171533584594727
2026-03-14,30,3,wk inc flu hosp,2026-04-04,quantile,0.75,19.0
2026-03-14,30,3,wk inc flu hosp,2026-04-04,quantile,0.8,22.0
2026-03-14,30,3,wk inc flu hosp,2026-04-04,quantile,0.85,26.0
2026-03-14,30,3,wk inc flu hosp,2026-04-04,quantile,0.9,35.0
2026-03-14,30,3,wk inc flu hosp,2026-04-04,quantile,0.95,50.0
2026-03-14,30,3,wk inc flu hosp,2026-04-04,quantile,0.975,65.0
2026-03-14,30,3,wk inc flu hosp,2026-04-04,quantile,0.99,75.0
2026-03-14,31,0,wk inc flu hosp,2026-03-14,quantile,0.01,16.0
2026-03-14,31,0,wk inc flu hosp,2026-03-14,quantile,0.025,19.446897976082685
2026-03-14,31,0,wk inc flu hosp,2026-03-14,quantile,0.05,22.761003328887423
2026-03-14,31,0,wk inc flu hosp,2026-03-14,quantile,0.1,26.905411205698684
2026-03-14,31,0,wk inc flu hosp,2026-03-14,quantile,0.15,29.897342802394608
2026-03-14,31,0,wk inc flu hosp,2026-03-14,quantile,0.2,32.38770977340371
2026-03-14,31,0,wk inc flu hosp,2026-03-14,quantile,0.25,34.60361066734886
2026-03-14,31,0,wk inc flu hosp,2026-03-14,quantile,0.3,36.65604168238276
2026-03-14,31,0,wk inc flu hosp,2026-03-14,quantile,0.35,38.61070513874565
2026-03-14,31,0,wk inc flu hosp,2026-03-14,quantile,0.4,41.420395597845385
2026-03-14,31,0,wk inc flu hosp,2026-03-14,quantile,0.45,43.57051086425781
2026-03-14,31,0,wk inc flu hosp,2026-03-14,quantile,0.5,44.45765686035156
2026-03-14,31,0,wk inc flu hosp,2026-03-14,quantile,0.55,47.0
2026-03-14,31,0,wk inc flu hosp,2026-03-14,quantile,0.6,48.23856883728984
2026-03-14,31,0,wk inc flu hosp,2026-03-14,quantile,0.65,50.3615297819874
2026-03-14,31,0,wk inc flu hosp,2026-03-14,quantile,0.7,52.64828451627451
2026-03-14,31,0,wk inc flu hosp,2026-03-14,quantile,0.75,55.17301060634578
2026-03-14,31,0,wk inc flu hosp,2026-03-14,quantile,0.8,58.053991203893226
2026-03-14,31,0,wk inc flu hosp,2026-03-14,quantile,0.85,61.50466210180621
2026-03-14,31,0,wk inc flu hosp,2026-03-14,quantile,0.9,65.98791273588671
2026-03-14,31,0,wk inc flu hosp,2026-03-14,quantile,0.95,72.9228509834124
2026-03-14,31,0,wk inc flu hosp,2026-03-14,quantile,0.975,79.21842608650131
2026-03-14,31,0,wk inc flu hosp,2026-03-14,quantile,0.99,86.86607499916698
2026-03-14,31,1,wk inc flu hosp,2026-03-21,quantile,0.01,8.0
2026-03-14,31,1,wk inc flu hosp,2026-03-21,quantile,0.025,9.648017528274211
2026-03-14,31,1,wk inc flu hosp,2026-03-21,quantile,0.05,12.010283763631234
2026-03-14,31,1,wk inc flu hosp,2026-03-21,quantile,0.1,16.49606213323059
2026-03-14,31,1,wk inc flu hosp,2026-03-21,quantile,0.15,21.185471679223745
2026-03-14,31,1,wk inc flu hosp,2026-03-21,quantile,0.2,24.724450515112228
2026-03-14,31,1,wk inc flu hosp,2026-03-21,quantile,0.25,28.0
2026-03-14,31,1,wk inc flu hosp,2026-03-21,quantile,0.3,29.057706832885746
2026-03-14,31,1,wk inc flu hosp,2026-03-21,quantile,0.35,31.0
2026-03-14,31,1,wk inc flu hosp,2026-03-21,quantile,0.4,32.0
2026-03-14,31,1,wk inc flu hosp,2026-03-21,quantile,0.45,33.0
2026-03-14,31,1,wk inc flu hosp,2026-03-21,quantile,0.5,36.0
2026-03-14,31,1,wk inc flu hosp,2026-03-21,quantile,0.55,36.0
2026-03-14,31,1,wk inc flu hosp,2026-03-21,quantile,0.6,37.0
2026-03-14,31,1,wk inc flu hosp,2026-03-21,quantile,0.65,40.0
2026-03-14,31,1,wk inc flu hosp,2026-03-21,quantile,0.7,41.0
2026-03-14,31,1,wk inc flu hosp,2026-03-21,quantile,0.75,43.0
2026-03-14,31,1,wk inc flu hosp,2026-03-21,quantile,0.8,46.0
2026-03-14,31,1,wk inc flu hosp,2026-03-21,quantile,0.85,49.0
2026-03-14,31,1,wk inc flu hosp,2026-03-21,quantile,0.9,54.0
2026-03-14,31,1,wk inc flu hosp,2026-03-21,quantile,0.95,63.0
2026-03-14,31,1,wk inc flu hosp,2026-03-21,quantile,0.975,72.0
2026-03-14,31,1,wk inc flu hosp,2026-03-21,quantile,0.99,79.0
2026-03-14,31,2,wk inc flu hosp,2026-03-28,quantile,0.01,3.4680588847189444
2026-03-14,31,2,wk inc flu hosp,2026-03-28,quantile,0.025,5.333812934025215
2026-03-14,31,2,wk inc flu hosp,2026-03-28,quantile,0.05,7.453343292295548
2026-03-14,31,2,wk inc flu hosp,2026-03-28,quantile,0.1,12.170229156527247
2026-03-14,31,2,wk inc flu hosp,2026-03-28,quantile,0.15,16.115239811286926
2026-03-14,31,2,wk inc flu hosp,2026-03-28,quantile,0.2,19.322844280091918
2026-03-14,31,2,wk inc flu hosp,2026-03-28,quantile,0.25,20.86616622829288
2026-03-14,31,2,wk inc flu hosp,2026-03-28,quantile,0.3,22.0
2026-03-14,31,2,wk inc flu hosp,2026-03-28,quantile,0.35,23.0
2026-03-14,31,2,wk inc flu hosp,2026-03-28,quantile,0.4,23.0
2026-03-14,31,2,wk inc flu hosp,2026-03-28,quantile,0.45,25.0
2026-03-14,31,2,wk inc flu hosp,2026-03-28,quantile,0.5,26.0
2026-03-14,31,2,wk inc flu hosp,2026-03-28,quantile,0.55,27.0
2026-03-14,31,2,wk inc flu hosp,2026-03-28,quantile,0.6,30.0
2026-03-14,31,2,wk inc flu hosp,2026-03-28,quantile,0.65,32.0
2026-03-14,31,2,wk inc flu hosp,2026-03-28,quantile,0.7,33.0
2026-03-14,31,2,wk inc flu hosp,2026-03-28,quantile,0.75,34.0
2026-03-14,31,2,wk inc flu hosp,2026-03-28,quantile,0.8,36.0
2026-03-14,31,2,wk inc flu hosp,2026-03-28,quantile,0.85,38.0
2026-03-14,31,2,wk inc flu hosp,2026-03-28,quantile,0.9,43.0
2026-03-14,31,2,wk inc flu hosp,2026-03-28,quantile,0.95,51.0
2026-03-14,31,2,wk inc flu hosp,2026-03-28,quantile,0.975,57.0
2026-03-14,31,2,wk inc flu hosp,2026-03-28,quantile,0.99,71.0
2026-03-14,31,3,wk inc flu hosp,2026-04-04,quantile,0.01,1.285093998624662
2026-03-14,31,3,wk inc flu hosp,2026-04-04,quantile,0.025,2.6581967032292244
2026-03-14,31,3,wk inc flu hosp,2026-04-04,quantile,0.05,5.0
2026-03-14,31,3,wk inc flu hosp,2026-04-04,quantile,0.1,9.0
2026-03-14,31,3,wk inc flu hosp,2026-04-04,quantile,0.15,12.0
2026-03-14,31,3,wk inc flu hosp,2026-04-04,quantile,0.2,15.0
2026-03-14,31,3,wk inc flu hosp,2026-04-04,quantile,0.25,16.0
2026-03-14,31,3,wk inc flu hosp,2026-04-04,quantile,0.3,16.0
2026-03-14,31,3,wk inc flu hosp,2026-04-04,quantile,0.35,17.0
2026-03-14,31,3,wk inc flu hosp,2026-04-04,quantile,0.4,18.0
2026-03-14,31,3,wk inc flu hosp,2026-04-04,quantile,0.45,19.0
2026-03-14,31,3,wk inc flu hosp,2026-04-04,quantile,0.5,20.0
2026-03-14,31,3,wk inc flu hosp,2026-04-04,quantile,0.55,22.0
2026-03-14,31,3,wk inc flu hosp,2026-04-04,quantile,0.6,22.0
2026-03-14,31,3,wk inc flu hosp,2026-04-04,quantile,0.65,23.0
2026-03-14,31,3,wk inc flu hosp,2026-04-04,quantile,0.7,23.0
2026-03-14,31,3,wk inc flu hosp,2026-04-04,quantile,0.75,24.0
2026-03-14,31,3,wk inc flu hosp,2026-04-04,quantile,0.8,24.0
2026-03-14,31,3,wk inc flu hosp,2026-04-04,quantile,0.85,26.0
2026-03-14,31,3,wk inc flu hosp,2026-04-04,quantile,0.9,31.0
2026-03-14,31,3,wk inc flu hosp,2026-04-04,quantile,0.95,42.0
2026-03-14,31,3,wk inc flu hosp,2026-04-04,quantile,0.975,52.0
2026-03-14,31,3,wk inc flu hosp,2026-04-04,quantile,0.99,64.0
2026-03-14,32,0,wk inc flu hosp,2026-03-14,quantile,0.01,14.0
2026-03-14,32,0,wk inc flu hosp,2026-03-14,quantile,0.025,17.39582978127303
2026-03-14,32,0,wk inc flu hosp,2026-03-14,quantile,0.05,21.46314416161533
2026-03-14,32,0,wk inc flu hosp,2026-03-14,quantile,0.1,26.469314423825043
2026-03-14,32,0,wk inc flu hosp,2026-03-14,quantile,0.15,29.67381327810156
2026-03-14,32,0,wk inc flu hosp,2026-03-14,quantile,0.2,33.0
2026-03-14,32,0,wk inc flu hosp,2026-03-14,quantile,0.25,33.0
2026-03-14,32,0,wk inc flu hosp,2026-03-14,quantile,0.3,35.0
2026-03-14,32,0,wk inc flu hosp,2026-03-14,quantile,0.35,36.0
2026-03-14,32,0,wk inc flu hosp,2026-03-14,quantile,0.4,37.7570982427751
2026-03-14,32,0,wk inc flu hosp,2026-03-14,quantile,0.45,39.760611344101065
2026-03-14,32,0,wk inc flu hosp,2026-03-14,quantile,0.5,41.78292551824861
2026-03-14,32,0,wk inc flu hosp,2026-03-14,quantile,0.55,43.85540165288889
2026-03-14,32,0,wk inc flu hosp,2026-03-14,quantile,0.6,46.01264609931991
2026-03-14,32,0,wk inc flu hosp,2026-03-14,quantile,0.65,48.12866973876953
2026-03-14,32,0,wk inc flu hosp,2026-03-14,quantile,0.7,49.48412704467773
2026-03-14,32,0,wk inc flu hosp,2026-03-14,quantile,0.75,51.02783966064453
2026-03-14,32,0,wk inc flu hosp,2026-03-14,quantile,0.8,52.80615234375
2026-03-14,32,0,wk inc flu hosp,2026-03-14,quantile,0.85,54.78582763671875
2026-03-14,32,0,wk inc flu hosp,2026-03-14,quantile,0.9,57.14759063720703
2026-03-14,32,0,wk inc flu hosp,2026-03-14,quantile,0.95,66.0
2026-03-14,32,0,wk inc flu hosp,2026-03-14,quantile,0.975,73.0
2026-03-14,32,0,wk inc flu hosp,2026-03-14,quantile,0.99,79.0
2026-03-14,32,1,wk inc flu hosp,2026-03-21,quantile,0.01,8.527144512584867
2026-03-14,32,1,wk inc flu hosp,2026-03-21,quantile,0.025,12.667853697840084
2026-03-14,32,1,wk inc flu hosp,2026-03-21,quantile,0.05,17.0
2026-03-14,32,1,wk inc flu hosp,2026-03-21,quantile,0.1,20.0
2026-03-14,32,1,wk inc flu hosp,2026-03-21,quantile,0.15,22.0
2026-03-14,32,1,wk inc flu hosp,2026-03-21,quantile,0.2,24.0
2026-03-14,32,1,wk inc flu hosp,2026-03-21,quantile,0.25,25.0
2026-03-14,32,1,wk inc flu hosp,2026-03-21,quantile,0.3,27.981493762674592
2026-03-14,32,1,wk inc flu hosp,2026-03-21,quantile,0.35,31.168956390218646
2026-03-14,32,1,wk inc flu hosp,2026-03-21,quantile,0.4,34.31021881103516
2026-03-14,32,1,wk inc flu hosp,2026-03-21,quantile,0.45,35.32388687133789
2026-03-14,32,1,wk inc flu hosp,2026-03-21,quantile,0.5,36.3643684387207
2026-03-14,32,1,wk inc flu hosp,2026-03-21,quantile,0.55,37.298770904541016
2026-03-14,32,1,wk inc flu hosp,2026-03-21,quantile,0.6,38.27220916748047
2026-03-14,32,1,wk inc flu hosp,2026-03-21,quantile,0.65,39.352027893066406
2026-03-14,32,1,wk inc flu hosp,2026-03-21,quantile,0.7,40.47865676879883
2026-03-14,32,1,wk inc flu hosp,2026-03-21,quantile,0.75,41.86707305908203
2026-03-14,32,1,wk inc flu hosp,2026-03-21,quantile,0.8,43.350399017333984
2026-03-14,32,1,wk inc flu hosp,2026-03-21,quantile,0.85,45.056270599365234
2026-03-14,32,1,wk inc flu hosp,2026-03-21,quantile,0.9,51.0
2026-03-14,32,1,wk inc flu hosp,2026-03-21,quantile,0.95,66.0
2026-03-14,32,1,wk inc flu hosp,2026-03-21,quantile,0.975,79.0
2026-03-14,32,1,wk inc flu hosp,2026-03-21,quantile,0.99,94.0
2026-03-14,32,2,wk inc flu hosp,2026-03-28,quantile,0.01,3.0
2026-03-14,32,2,wk inc flu hosp,2026-03-28,quantile,0.025,6.822955299609491
2026-03-14,32,2,wk inc flu hosp,2026-03-28,quantile,0.05,10.0
2026-03-14,32,2,wk inc flu hosp,2026-03-28,quantile,0.1,13.0
2026-03-14,32,2,wk inc flu hosp,2026-03-28,quantile,0.15,16.0
2026-03-14,32,2,wk inc flu hosp,2026-03-28,quantile,0.2,17.0
2026-03-14,32,2,wk inc flu hosp,2026-03-28,quantile,0.25,20.07384999426827
2026-03-14,32,2,wk inc flu hosp,2026-03-28,quantile,0.3,23.94691733959561
2026-03-14,32,2,wk inc flu hosp,2026-03-28,quantile,0.35,26.772321701049805
2026-03-14,32,2,wk inc flu hosp,2026-03-28,quantile,0.4,27.61298179626465
2026-03-14,32,2,wk inc flu hosp,2026-03-28,quantile,0.45,28.50143241882324
2026-03-14,32,2,wk inc flu hosp,2026-03-28,quantile,0.5,29.309898376464844
2026-03-14,32,2,wk inc flu hosp,2026-03-28,quantile,0.55,30.206899642944336
2026-03-14,32,2,wk inc flu hosp,2026-03-28,quantile,0.6,31.14072608947754
2026-03-14,32,2,wk inc flu hosp,2026-03-28,quantile,0.65,32.14482879638672
2026-03-14,32,2,wk inc flu hosp,2026-03-28,quantile,0.7,33.19770431518555
2026-03-14,32,2,wk inc flu hosp,2026-03-28,quantile,0.75,36.0
2026-03-14,32,2,wk inc flu hosp,2026-03-28,quantile,0.8,37.0
2026-03-14,32,2,wk inc flu hosp,2026-03-28,quantile,0.85,40.0
2026-03-14,32,2,wk inc flu hosp,2026-03-28,quantile,0.9,47.0
2026-03-14,32,2,wk inc flu hosp,2026-03-28,quantile,0.95,68.0
2026-03-14,32,2,wk inc flu hosp,2026-03-28,quantile,0.975,89.0
2026-03-14,32,2,wk inc flu hosp,2026-03-28,quantile,0.99,111.0
2026-03-14,32,3,wk inc flu hosp,2026-04-04,quantile,0.01,1.0
2026-03-14,32,3,wk inc flu hosp,2026-04-04,quantile,0.025,3.985150708669758
2026-03-14,32,3,wk inc flu hosp,2026-04-04,quantile,0.05,6.0
2026-03-14,32,3,wk inc flu hosp,2026-04-04,quantile,0.1,8.0
2026-03-14,32,3,wk inc flu hosp,2026-04-04,quantile,0.15,10.0
2026-03-14,32,3,wk inc flu hosp,2026-04-04,quantile,0.2,14.18197498532899
2026-03-14,32,3,wk inc flu hosp,2026-04-04,quantile,0.25,18.486185417955618
2026-03-14,32,3,wk inc flu hosp,2026-04-04,quantile,0.3,20.923337936401367
2026-03-14,32,3,wk inc flu hosp,2026-04-04,quantile,0.35,21.67853164672852
2026-03-14,32,3,wk inc flu hosp,2026-04-04,quantile,0.4,22.45985221862793
2026-03-14,32,3,wk inc flu hosp,2026-04-04,quantile,0.45,23.22908592224121
2026-03-14,32,3,wk inc flu hosp,2026-04-04,quantile,0.5,24.0814151763916
2026-03-14,32,3,wk inc flu hosp,2026-04-04,quantile,0.55,24.886520385742188
2026-03-14,32,3,wk inc flu hosp,2026-04-04,quantile,0.6,25.670299530029297
2026-03-14,32,3,wk inc flu hosp,2026-04-04,quantile,0.65,26.453044891357425
2026-03-14,32,3,wk inc flu hosp,2026-04-04,quantile,0.7,28.0
2026-03-14,32,3,wk inc flu hosp,2026-04-04,quantile,0.75,29.0
2026-03-14,32,3,wk inc flu hosp,2026-04-04,quantile,0.8,32.0
2026-03-14,32,3,wk inc flu hosp,2026-04-04,quantile,0.85,35.0
2026-03-14,32,3,wk inc flu hosp,2026-04-04,quantile,0.9,40.0
2026-03-14,32,3,wk inc flu hosp,2026-04-04,quantile,0.95,64.0
2026-03-14,32,3,wk inc flu hosp,2026-04-04,quantile,0.975,91.0
2026-03-14,32,3,wk inc flu hosp,2026-04-04,quantile,0.99,112.954794616576
2026-03-14,33,0,wk inc flu hosp,2026-03-14,quantile,0.01,6.0
2026-03-14,33,0,wk inc flu hosp,2026-03-14,quantile,0.025,7.0
2026-03-14,33,0,wk inc flu hosp,2026-03-14,quantile,0.05,7.89362241346152
2026-03-14,33,0,wk inc flu hosp,2026-03-14,quantile,0.1,10.137274791446837
2026-03-14,33,0,wk inc flu hosp,2026-03-14,quantile,0.15,12.0
2026-03-14,33,0,wk inc flu hosp,2026-03-14,quantile,0.2,13.666988856033962
2026-03-14,33,0,wk inc flu hosp,2026-03-14,quantile,0.25,15.0
2026-03-14,33,0,wk inc flu hosp,2026-03-14,quantile,0.3,16.0
2026-03-14,33,0,wk inc flu hosp,2026-03-14,quantile,0.35,16.0
2026-03-14,33,0,wk inc flu hosp,2026-03-14,quantile,0.4,17.0
2026-03-14,33,0,wk inc flu hosp,2026-03-14,quantile,0.45,17.0
2026-03-14,33,0,wk inc flu hosp,2026-03-14,quantile,0.5,17.0
2026-03-14,33,0,wk inc flu hosp,2026-03-14,quantile,0.55,18.0
2026-03-14,33,0,wk inc flu hosp,2026-03-14,quantile,0.6,19.0
2026-03-14,33,0,wk inc flu hosp,2026-03-14,quantile,0.65,20.0
2026-03-14,33,0,wk inc flu hosp,2026-03-14,quantile,0.7,21.0
2026-03-14,33,0,wk inc flu hosp,2026-03-14,quantile,0.75,22.0
2026-03-14,33,0,wk inc flu hosp,2026-03-14,quantile,0.8,24.0
2026-03-14,33,0,wk inc flu hosp,2026-03-14,quantile,0.85,26.0
2026-03-14,33,0,wk inc flu hosp,2026-03-14,quantile,0.9,29.0
2026-03-14,33,0,wk inc flu hosp,2026-03-14,quantile,0.95,33.0
2026-03-14,33,0,wk inc flu hosp,2026-03-14,quantile,0.975,36.0
2026-03-14,33,0,wk inc flu hosp,2026-03-14,quantile,0.99,40.0
2026-03-14,33,1,wk inc flu hosp,2026-03-21,quantile,0.01,2.0
2026-03-14,33,1,wk inc flu hosp,2026-03-21,quantile,0.025,4.0
2026-03-14,33,1,wk inc flu hosp,2026-03-21,quantile,0.05,5.0
2026-03-14,33,1,wk inc flu hosp,2026-03-21,quantile,0.1,6.0
2026-03-14,33,1,wk inc flu hosp,2026-03-21,quantile,0.15,7.0
2026-03-14,33,1,wk inc flu hosp,2026-03-21,quantile,0.2,8.140097618103027
2026-03-14,33,1,wk inc flu hosp,2026-03-21,quantile,0.25,8.5515718460083
2026-03-14,33,1,wk inc flu hosp,2026-03-21,quantile,0.3,9.0
2026-03-14,33,1,wk inc flu hosp,2026-03-21,quantile,0.35,10.0
2026-03-14,33,1,wk inc flu hosp,2026-03-21,quantile,0.4,10.0
2026-03-14,33,1,wk inc flu hosp,2026-03-21,quantile,0.45,11.0
2026-03-14,33,1,wk inc flu hosp,2026-03-21,quantile,0.5,11.0
2026-03-14,33,1,wk inc flu hosp,2026-03-21,quantile,0.55,12.0
2026-03-14,33,1,wk inc flu hosp,2026-03-21,quantile,0.6,13.0
2026-03-14,33,1,wk inc flu hosp,2026-03-21,quantile,0.65,14.0
2026-03-14,33,1,wk inc flu hosp,2026-03-21,quantile,0.7,16.0
2026-03-14,33,1,wk inc flu hosp,2026-03-21,quantile,0.75,18.0
2026-03-14,33,1,wk inc flu hosp,2026-03-21,quantile,0.8,21.0
2026-03-14,33,1,wk inc flu hosp,2026-03-21,quantile,0.85,25.0
2026-03-14,33,1,wk inc flu hosp,2026-03-21,quantile,0.9,30.0
2026-03-14,33,1,wk inc flu hosp,2026-03-21,quantile,0.95,39.0
2026-03-14,33,1,wk inc flu hosp,2026-03-21,quantile,0.975,48.0
2026-03-14,33,1,wk inc flu hosp,2026-03-21,quantile,0.99,58.0
2026-03-14,33,2,wk inc flu hosp,2026-03-28,quantile,0.01,1.0
2026-03-14,33,2,wk inc flu hosp,2026-03-28,quantile,0.025,1.0
2026-03-14,33,2,wk inc flu hosp,2026-03-28,quantile,0.05,2.0
2026-03-14,33,2,wk inc flu hosp,2026-03-28,quantile,0.1,3.0
2026-03-14,33,2,wk inc flu hosp,2026-03-28,quantile,0.15,4.0
2026-03-14,33,2,wk inc flu hosp,2026-03-28,quantile,0.2,5.6670584135573465
2026-03-14,33,2,wk inc flu hosp,2026-03-28,quantile,0.25,6.991508483886719
2026-03-14,33,2,wk inc flu hosp,2026-03-28,quantile,0.3,7.297759532928467
2026-03-14,33,2,wk inc flu hosp,2026-03-28,quantile,0.35,7.621196269989014
2026-03-14,33,2,wk inc flu hosp,2026-03-28,quantile,0.4,7.949995040893555
2026-03-14,33,2,wk inc flu hosp,2026-03-28,quantile,0.45,8.252752304077148
2026-03-14,33,2,wk inc flu hosp,2026-03-28,quantile,0.5,8.608352661132812
2026-03-14,33,2,wk inc flu hosp,2026-03-28,quantile,0.55,9.0
2026-03-14,33,2,wk inc flu hosp,2026-03-28,quantile,0.6,10.0
2026-03-14,33,2,wk inc flu hosp,2026-03-28,quantile,0.65,11.0
2026-03-14,33,2,wk inc flu hosp,2026-03-28,quantile,0.7,12.0
2026-03-14,33,2,wk inc flu hosp,2026-03-28,quantile,0.75,14.0
2026-03-14,33,2,wk inc flu hosp,2026-03-28,quantile,0.8,17.0
2026-03-14,33,2,wk inc flu hosp,2026-03-28,quantile,0.85,22.0
2026-03-14,33,2,wk inc flu hosp,2026-03-28,quantile,0.9,29.0
2026-03-14,33,2,wk inc flu hosp,2026-03-28,quantile,0.95,42.0
2026-03-14,33,2,wk inc flu hosp,2026-03-28,quantile,0.975,55.85014917833192
2026-03-14,33,2,wk inc flu hosp,2026-03-28,quantile,0.99,63.00835089536688
2026-03-14,33,3,wk inc flu hosp,2026-04-04,quantile,0.01,0.0
2026-03-14,33,3,wk inc flu hosp,2026-04-04,quantile,0.025,0.1392993903699184
2026-03-14,33,3,wk inc flu hosp,2026-04-04,quantile,0.05,1.0
2026-03-14,33,3,wk inc flu hosp,2026-04-04,quantile,0.1,2.0
2026-03-14,33,3,wk inc flu hosp,2026-04-04,quantile,0.15,2.0
2026-03-14,33,3,wk inc flu hosp,2026-04-04,quantile,0.2,3.5979982237096237
2026-03-14,33,3,wk inc flu hosp,2026-04-04,quantile,0.25,5.7466559410095215
2026-03-14,33,3,wk inc flu hosp,2026-04-04,quantile,0.3,6.04616117477417
2026-03-14,33,3,wk inc flu hosp,2026-04-04,quantile,0.35,6.343390464782715
2026-03-14,33,3,wk inc flu hosp,2026-04-04,quantile,0.4,6.637598514556885
2026-03-14,33,3,wk inc flu hosp,2026-04-04,quantile,0.45,6.942806720733643
2026-03-14,33,3,wk inc flu hosp,2026-04-04,quantile,0.5,7.26025390625
2026-03-14,33,3,wk inc flu hosp,2026-04-04,quantile,0.55,7.589223384857178
2026-03-14,33,3,wk inc flu hosp,2026-04-04,quantile,0.6,8.0
2026-03-14,33,3,wk inc flu hosp,2026-04-04,quantile,0.65,9.0
2026-03-14,33,3,wk inc flu hosp,2026-04-04,quantile,0.7,10.0
2026-03-14,33,3,wk inc flu hosp,2026-04-04,quantile,0.75,11.0
2026-03-14,33,3,wk inc flu hosp,2026-04-04,quantile,0.8,13.0
2026-03-14,33,3,wk inc flu hosp,2026-04-04,quantile,0.85,17.0
2026-03-14,33,3,wk inc flu hosp,2026-04-04,quantile,0.9,25.0
2026-03-14,33,3,wk inc flu hosp,2026-04-04,quantile,0.95,39.0
2026-03-14,33,3,wk inc flu hosp,2026-04-04,quantile,0.975,48.6342675265356
2026-03-14,33,3,wk inc flu hosp,2026-04-04,quantile,0.99,56.11771445743316
2026-03-14,34,0,wk inc flu hosp,2026-03-14,quantile,0.01,61.0
2026-03-14,34,0,wk inc flu hosp,2026-03-14,quantile,0.025,82.0
2026-03-14,34,0,wk inc flu hosp,2026-03-14,quantile,0.05,91.0
2026-03-14,34,0,wk inc flu hosp,2026-03-14,quantile,0.1,100.0
2026-03-14,34,0,wk inc flu hosp,2026-03-14,quantile,0.15,108.0
2026-03-14,34,0,wk inc flu hosp,2026-03-14,quantile,0.2,115.0
2026-03-14,34,0,wk inc flu hosp,2026-03-14,quantile,0.25,118.0
2026-03-14,34,0,wk inc flu hosp,2026-03-14,quantile,0.3,124.67810828978637
2026-03-14,34,0,wk inc flu hosp,2026-03-14,quantile,0.35,132.4614709240836
2026-03-14,34,0,wk inc flu hosp,2026-03-14,quantile,0.4,139.0
2026-03-14,34,0,wk inc flu hosp,2026-03-14,quantile,0.45,145.0
2026-03-14,34,0,wk inc flu hosp,2026-03-14,quantile,0.5,151.0
2026-03-14,34,0,wk inc flu hosp,2026-03-14,quantile,0.55,157.0
2026-03-14,34,0,wk inc flu hosp,2026-03-14,quantile,0.6,163.0
2026-03-14,34,0,wk inc flu hosp,2026-03-14,quantile,0.65,171.0
2026-03-14,34,0,wk inc flu hosp,2026-03-14,quantile,0.7,178.0
2026-03-14,34,0,wk inc flu hosp,2026-03-14,quantile,0.75,185.0
2026-03-14,34,0,wk inc flu hosp,2026-03-14,quantile,0.8,195.0
2026-03-14,34,0,wk inc flu hosp,2026-03-14,quantile,0.85,208.0
2026-03-14,34,0,wk inc flu hosp,2026-03-14,quantile,0.9,224.0
2026-03-14,34,0,wk inc flu hosp,2026-03-14,quantile,0.95,249.0
2026-03-14,34,0,wk inc flu hosp,2026-03-14,quantile,0.975,269.0
2026-03-14,34,0,wk inc flu hosp,2026-03-14,quantile,0.99,291.0
2026-03-14,34,1,wk inc flu hosp,2026-03-21,quantile,0.01,23.0
2026-03-14,34,1,wk inc flu hosp,2026-03-21,quantile,0.025,35.0
2026-03-14,34,1,wk inc flu hosp,2026-03-21,quantile,0.05,53.10527165264464
2026-03-14,34,1,wk inc flu hosp,2026-03-21,quantile,0.1,67.0
2026-03-14,34,1,wk inc flu hosp,2026-03-21,quantile,0.15,75.0
2026-03-14,34,1,wk inc flu hosp,2026-03-21,quantile,0.2,85.0
2026-03-14,34,1,wk inc flu hosp,2026-03-21,quantile,0.25,91.55050659179688
2026-03-14,34,1,wk inc flu hosp,2026-03-21,quantile,0.3,94.4517300091901
2026-03-14,34,1,wk inc flu hosp,2026-03-21,quantile,0.35,108.83666007502836
2026-03-14,34,1,wk inc flu hosp,2026-03-21,quantile,0.4,116.0
2026-03-14,34,1,wk inc flu hosp,2026-03-21,quantile,0.45,118.0
2026-03-14,34,1,wk inc flu hosp,2026-03-21,quantile,0.5,121.0
2026-03-14,34,1,wk inc flu hosp,2026-03-21,quantile,0.55,125.0
2026-03-14,34,1,wk inc flu hosp,2026-03-21,quantile,0.6,128.0
2026-03-14,34,1,wk inc flu hosp,2026-03-21,quantile,0.65,139.0
2026-03-14,34,1,wk inc flu hosp,2026-03-21,quantile,0.7,151.0
2026-03-14,34,1,wk inc flu hosp,2026-03-21,quantile,0.75,165.0
2026-03-14,34,1,wk inc flu hosp,2026-03-21,quantile,0.8,183.0
2026-03-14,34,1,wk inc flu hosp,2026-03-21,quantile,0.85,206.0
2026-03-14,34,1,wk inc flu hosp,2026-03-21,quantile,0.9,239.0
2026-03-14,34,1,wk inc flu hosp,2026-03-21,quantile,0.95,277.0
2026-03-14,34,1,wk inc flu hosp,2026-03-21,quantile,0.975,309.0
2026-03-14,34,1,wk inc flu hosp,2026-03-21,quantile,0.99,348.0
2026-03-14,34,2,wk inc flu hosp,2026-03-28,quantile,0.01,11.0
2026-03-14,34,2,wk inc flu hosp,2026-03-28,quantile,0.025,15.0
2026-03-14,34,2,wk inc flu hosp,2026-03-28,quantile,0.05,23.0
2026-03-14,34,2,wk inc flu hosp,2026-03-28,quantile,0.1,42.0
2026-03-14,34,2,wk inc flu hosp,2026-03-28,quantile,0.15,51.0
2026-03-14,34,2,wk inc flu hosp,2026-03-28,quantile,0.2,62.0
2026-03-14,34,2,wk inc flu hosp,2026-03-28,quantile,0.25,73.0
2026-03-14,34,2,wk inc flu hosp,2026-03-28,quantile,0.3,77.83336469722404
2026-03-14,34,2,wk inc flu hosp,2026-03-28,quantile,0.35,93.0
2026-03-14,34,2,wk inc flu hosp,2026-03-28,quantile,0.4,100.0
2026-03-14,34,2,wk inc flu hosp,2026-03-28,quantile,0.45,104.0
2026-03-14,34,2,wk inc flu hosp,2026-03-28,quantile,0.5,108.0
2026-03-14,34,2,wk inc flu hosp,2026-03-28,quantile,0.55,112.0
2026-03-14,34,2,wk inc flu hosp,2026-03-28,quantile,0.6,114.0
2026-03-14,34,2,wk inc flu hosp,2026-03-28,quantile,0.65,121.0
2026-03-14,34,2,wk inc flu hosp,2026-03-28,quantile,0.7,125.0
2026-03-14,34,2,wk inc flu hosp,2026-03-28,quantile,0.75,134.0
2026-03-14,34,2,wk inc flu hosp,2026-03-28,quantile,0.8,154.0
2026-03-14,34,2,wk inc flu hosp,2026-03-28,quantile,0.85,180.0
2026-03-14,34,2,wk inc flu hosp,2026-03-28,quantile,0.9,222.0
2026-03-14,34,2,wk inc flu hosp,2026-03-28,quantile,0.95,295.0
2026-03-14,34,2,wk inc flu hosp,2026-03-28,quantile,0.975,352.0
2026-03-14,34,2,wk inc flu hosp,2026-03-28,quantile,0.99,407.0
2026-03-14,34,3,wk inc flu hosp,2026-04-04,quantile,0.01,5.0
2026-03-14,34,3,wk inc flu hosp,2026-04-04,quantile,0.025,8.0
2026-03-14,34,3,wk inc flu hosp,2026-04-04,quantile,0.05,11.0
2026-03-14,34,3,wk inc flu hosp,2026-04-04,quantile,0.1,26.0
2026-03-14,34,3,wk inc flu hosp,2026-04-04,quantile,0.15,33.0
2026-03-14,34,3,wk inc flu hosp,2026-04-04,quantile,0.2,44.0
2026-03-14,34,3,wk inc flu hosp,2026-04-04,quantile,0.25,55.0
2026-03-14,34,3,wk inc flu hosp,2026-04-04,quantile,0.3,65.0
2026-03-14,34,3,wk inc flu hosp,2026-04-04,quantile,0.35,76.0
2026-03-14,34,3,wk inc flu hosp,2026-04-04,quantile,0.4,84.0
2026-03-14,34,3,wk inc flu hosp,2026-04-04,quantile,0.45,88.0
2026-03-14,34,3,wk inc flu hosp,2026-04-04,quantile,0.5,90.0
2026-03-14,34,3,wk inc flu hosp,2026-04-04,quantile,0.55,93.0
2026-03-14,34,3,wk inc flu hosp,2026-04-04,quantile,0.6,96.0
2026-03-14,34,3,wk inc flu hosp,2026-04-04,quantile,0.65,102.0
2026-03-14,34,3,wk inc flu hosp,2026-04-04,quantile,0.7,106.0
2026-03-14,34,3,wk inc flu hosp,2026-04-04,quantile,0.75,114.0
2026-03-14,34,3,wk inc flu hosp,2026-04-04,quantile,0.8,124.0
2026-03-14,34,3,wk inc flu hosp,2026-04-04,quantile,0.85,143.0
2026-03-14,34,3,wk inc flu hosp,2026-04-04,quantile,0.9,186.0
2026-03-14,34,3,wk inc flu hosp,2026-04-04,quantile,0.95,257.0
2026-03-14,34,3,wk inc flu hosp,2026-04-04,quantile,0.975,322.0
2026-03-14,34,3,wk inc flu hosp,2026-04-04,quantile,0.99,401.0
2026-03-14,35,0,wk inc flu hosp,2026-03-14,quantile,0.01,20.0
2026-03-14,35,0,wk inc flu hosp,2026-03-14,quantile,0.025,23.0
2026-03-14,35,0,wk inc flu hosp,2026-03-14,quantile,0.05,26.0
2026-03-14,35,0,wk inc flu hosp,2026-03-14,quantile,0.1,29.0
2026-03-14,35,0,wk inc flu hosp,2026-03-14,quantile,0.15,33.38939854075951
2026-03-14,35,0,wk inc flu hosp,2026-03-14,quantile,0.2,37.0
2026-03-14,35,0,wk inc flu hosp,2026-03-14,quantile,0.25,40.0
2026-03-14,35,0,wk inc flu hosp,2026-03-14,quantile,0.3,43.0
2026-03-14,35,0,wk inc flu hosp,2026-03-14,quantile,0.35,45.0
2026-03-14,35,0,wk inc flu hosp,2026-03-14,quantile,0.4,48.0
2026-03-14,35,0,wk inc flu hosp,2026-03-14,quantile,0.45,50.1669921875
2026-03-14,35,0,wk inc flu hosp,2026-03-14,quantile,0.5,53.0
2026-03-14,35,0,wk inc flu hosp,2026-03-14,quantile,0.55,54.0
2026-03-14,35,0,wk inc flu hosp,2026-03-14,quantile,0.6,57.0
2026-03-14,35,0,wk inc flu hosp,2026-03-14,quantile,0.65,60.0
2026-03-14,35,0,wk inc flu hosp,2026-03-14,quantile,0.7,62.0
2026-03-14,35,0,wk inc flu hosp,2026-03-14,quantile,0.75,66.0
2026-03-14,35,0,wk inc flu hosp,2026-03-14,quantile,0.8,70.0
2026-03-14,35,0,wk inc flu hosp,2026-03-14,quantile,0.85,75.0
2026-03-14,35,0,wk inc flu hosp,2026-03-14,quantile,0.9,81.0
2026-03-14,35,0,wk inc flu hosp,2026-03-14,quantile,0.95,91.0
2026-03-14,35,0,wk inc flu hosp,2026-03-14,quantile,0.975,99.0
2026-03-14,35,0,wk inc flu hosp,2026-03-14,quantile,0.99,108.0
2026-03-14,35,1,wk inc flu hosp,2026-03-21,quantile,0.01,11.0
2026-03-14,35,1,wk inc flu hosp,2026-03-21,quantile,0.025,12.0
2026-03-14,35,1,wk inc flu hosp,2026-03-21,quantile,0.05,17.0
2026-03-14,35,1,wk inc flu hosp,2026-03-21,quantile,0.1,21.0
2026-03-14,35,1,wk inc flu hosp,2026-03-21,quantile,0.15,23.0
2026-03-14,35,1,wk inc flu hosp,2026-03-21,quantile,0.2,26.0
2026-03-14,35,1,wk inc flu hosp,2026-03-21,quantile,0.25,30.0
2026-03-14,35,1,wk inc flu hosp,2026-03-21,quantile,0.3,32.0
2026-03-14,35,1,wk inc flu hosp,2026-03-21,quantile,0.35,35.31352223748623
2026-03-14,35,1,wk inc flu hosp,2026-03-21,quantile,0.4,38.36297225952149
2026-03-14,35,1,wk inc flu hosp,2026-03-21,quantile,0.45,39.53359222412109
2026-03-14,35,1,wk inc flu hosp,2026-03-21,quantile,0.5,40.564239501953125
2026-03-14,35,1,wk inc flu hosp,2026-03-21,quantile,0.55,42.0
2026-03-14,35,1,wk inc flu hosp,2026-03-21,quantile,0.6,45.0
2026-03-14,35,1,wk inc flu hosp,2026-03-21,quantile,0.65,50.0
2026-03-14,35,1,wk inc flu hosp,2026-03-21,quantile,0.7,55.0
2026-03-14,35,1,wk inc flu hosp,2026-03-21,quantile,0.75,61.0
2026-03-14,35,1,wk inc flu hosp,2026-03-21,quantile,0.8,68.0
2026-03-14,35,1,wk inc flu hosp,2026-03-21,quantile,0.85,78.0
2026-03-14,35,1,wk inc flu hosp,2026-03-21,quantile,0.9,86.0
2026-03-14,35,1,wk inc flu hosp,2026-03-21,quantile,0.95,99.0
2026-03-14,35,1,wk inc flu hosp,2026-03-21,quantile,0.975,111.0
2026-03-14,35,1,wk inc flu hosp,2026-03-21,quantile,0.99,125.0
2026-03-14,35,2,wk inc flu hosp,2026-03-28,quantile,0.01,5.0
2026-03-14,35,2,wk inc flu hosp,2026-03-28,quantile,0.025,7.0
2026-03-14,35,2,wk inc flu hosp,2026-03-28,quantile,0.05,9.0
2026-03-14,35,2,wk inc flu hosp,2026-03-28,quantile,0.1,12.0
2026-03-14,35,2,wk inc flu hosp,2026-03-28,quantile,0.15,14.0
2026-03-14,35,2,wk inc flu hosp,2026-03-28,quantile,0.2,16.616232181481525
2026-03-14,35,2,wk inc flu hosp,2026-03-28,quantile,0.25,21.75164892506453
2026-03-14,35,2,wk inc flu hosp,2026-03-28,quantile,0.3,23.282094955444336
2026-03-14,35,2,wk inc flu hosp,2026-03-28,quantile,0.35,24.21937370300293
2026-03-14,35,2,wk inc flu hosp,2026-03-28,quantile,0.4,25.083494186401367
2026-03-14,35,2,wk inc flu hosp,2026-03-28,quantile,0.45,25.910694122314453
2026-03-14,35,2,wk inc flu hosp,2026-03-28,quantile,0.5,26.74381256103516
2026-03-14,35,2,wk inc flu hosp,2026-03-28,quantile,0.55,29.0
2026-03-14,35,2,wk inc flu hosp,2026-03-28,quantile,0.6,34.0
2026-03-14,35,2,wk inc flu hosp,2026-03-28,quantile,0.65,39.0
2026-03-14,35,2,wk inc flu hosp,2026-03-28,quantile,0.7,44.0
2026-03-14,35,2,wk inc flu hosp,2026-03-28,quantile,0.75,52.0
2026-03-14,35,2,wk inc flu hosp,2026-03-28,quantile,0.8,61.0
2026-03-14,35,2,wk inc flu hosp,2026-03-28,quantile,0.85,74.0
2026-03-14,35,2,wk inc flu hosp,2026-03-28,quantile,0.9,92.0
2026-03-14,35,2,wk inc flu hosp,2026-03-28,quantile,0.95,108.0
2026-03-14,35,2,wk inc flu hosp,2026-03-28,quantile,0.975,123.0
2026-03-14,35,2,wk inc flu hosp,2026-03-28,quantile,0.99,143.0
2026-03-14,35,3,wk inc flu hosp,2026-04-04,quantile,0.01,1.0
2026-03-14,35,3,wk inc flu hosp,2026-04-04,quantile,0.025,2.6336638771186887
2026-03-14,35,3,wk inc flu hosp,2026-04-04,quantile,0.05,6.0
2026-03-14,35,3,wk inc flu hosp,2026-04-04,quantile,0.1,9.0
2026-03-14,35,3,wk inc flu hosp,2026-04-04,quantile,0.15,10.0
2026-03-14,35,3,wk inc flu hosp,2026-04-04,quantile,0.2,12.369388846035108
2026-03-14,35,3,wk inc flu hosp,2026-04-04,quantile,0.25,14.856351852416992
2026-03-14,35,3,wk inc flu hosp,2026-04-04,quantile,0.3,15.554935455322266
2026-03-14,35,3,wk inc flu hosp,2026-04-04,quantile,0.35,16.263572692871094
2026-03-14,35,3,wk inc flu hosp,2026-04-04,quantile,0.4,16.941986083984375
2026-03-14,35,3,wk inc flu hosp,2026-04-04,quantile,0.45,17.59363555908203
2026-03-14,35,3,wk inc flu hosp,2026-04-04,quantile,0.5,18.327556610107425
2026-03-14,35,3,wk inc flu hosp,2026-04-04,quantile,0.55,19.05746841430664
2026-03-14,35,3,wk inc flu hosp,2026-04-04,quantile,0.6,22.0
2026-03-14,35,3,wk inc flu hosp,2026-04-04,quantile,0.65,28.0
2026-03-14,35,3,wk inc flu hosp,2026-04-04,quantile,0.7,33.0
2026-03-14,35,3,wk inc flu hosp,2026-04-04,quantile,0.75,40.0
2026-03-14,35,3,wk inc flu hosp,2026-04-04,quantile,0.8,50.0
2026-03-14,35,3,wk inc flu hosp,2026-04-04,quantile,0.85,63.0
2026-03-14,35,3,wk inc flu hosp,2026-04-04,quantile,0.9,84.0
2026-03-14,35,3,wk inc flu hosp,2026-04-04,quantile,0.95,107.0
2026-03-14,35,3,wk inc flu hosp,2026-04-04,quantile,0.975,125.0
2026-03-14,35,3,wk inc flu hosp,2026-04-04,quantile,0.99,146.0
2026-03-14,36,0,wk inc flu hosp,2026-03-14,quantile,0.01,68.0
2026-03-14,36,0,wk inc flu hosp,2026-03-14,quantile,0.025,85.0
2026-03-14,36,0,wk inc flu hosp,2026-03-14,quantile,0.05,91.0
2026-03-14,36,0,wk inc flu hosp,2026-03-14,quantile,0.1,109.98654054667855
2026-03-14,36,0,wk inc flu hosp,2026-03-14,quantile,0.15,125.0
2026-03-14,36,0,wk inc flu hosp,2026-03-14,quantile,0.2,135.0965603984665
2026-03-14,36,0,wk inc flu hosp,2026-03-14,quantile,0.25,143.65883046447453
2026-03-14,36,0,wk inc flu hosp,2026-03-14,quantile,0.3,154.0
2026-03-14,36,0,wk inc flu hosp,2026-03-14,quantile,0.35,162.141671086499
2026-03-14,36,0,wk inc flu hosp,2026-03-14,quantile,0.4,171.28039608214638
2026-03-14,36,0,wk inc flu hosp,2026-03-14,quantile,0.45,181.24860031507416
2026-03-14,36,0,wk inc flu hosp,2026-03-14,quantile,0.5,193.9425434822004
2026-03-14,36,0,wk inc flu hosp,2026-03-14,quantile,0.55,207.25115472765003
2026-03-14,36,0,wk inc flu hosp,2026-03-14,quantile,0.6,223.0
2026-03-14,36,0,wk inc flu hosp,2026-03-14,quantile,0.65,235.0
2026-03-14,36,0,wk inc flu hosp,2026-03-14,quantile,0.7,251.0
2026-03-14,36,0,wk inc flu hosp,2026-03-14,quantile,0.75,268.0
2026-03-14,36,0,wk inc flu hosp,2026-03-14,quantile,0.8,288.0
2026-03-14,36,0,wk inc flu hosp,2026-03-14,quantile,0.85,306.0
2026-03-14,36,0,wk inc flu hosp,2026-03-14,quantile,0.9,330.0
2026-03-14,36,0,wk inc flu hosp,2026-03-14,quantile,0.95,367.0
2026-03-14,36,0,wk inc flu hosp,2026-03-14,quantile,0.975,401.0
2026-03-14,36,0,wk inc flu hosp,2026-03-14,quantile,0.99,443.0
2026-03-14,36,1,wk inc flu hosp,2026-03-21,quantile,0.01,34.29421596556539
2026-03-14,36,1,wk inc flu hosp,2026-03-21,quantile,0.025,43.22176531883396
2026-03-14,36,1,wk inc flu hosp,2026-03-21,quantile,0.05,51.418577351439616
2026-03-14,36,1,wk inc flu hosp,2026-03-21,quantile,0.1,63.95690932466055
2026-03-14,36,1,wk inc flu hosp,2026-03-21,quantile,0.15,75.0
2026-03-14,36,1,wk inc flu hosp,2026-03-21,quantile,0.2,84.06659842370311
2026-03-14,36,1,wk inc flu hosp,2026-03-21,quantile,0.25,94.0
2026-03-14,36,1,wk inc flu hosp,2026-03-21,quantile,0.3,101.0
2026-03-14,36,1,wk inc flu hosp,2026-03-21,quantile,0.35,114.47658641458209
2026-03-14,36,1,wk inc flu hosp,2026-03-21,quantile,0.4,126.9634020091126
2026-03-14,36,1,wk inc flu hosp,2026-03-21,quantile,0.45,140.98546180464896
2026-03-14,36,1,wk inc flu hosp,2026-03-21,quantile,0.5,150.0
2026-03-14,36,1,wk inc flu hosp,2026-03-21,quantile,0.55,167.0
2026-03-14,36,1,wk inc flu hosp,2026-03-21,quantile,0.6,176.82383728027344
2026-03-14,36,1,wk inc flu hosp,2026-03-21,quantile,0.65,181.0538330078125
2026-03-14,36,1,wk inc flu hosp,2026-03-21,quantile,0.7,188.2849942336667
2026-03-14,36,1,wk inc flu hosp,2026-03-21,quantile,0.75,210.6954713795807
2026-03-14,36,1,wk inc flu hosp,2026-03-21,quantile,0.8,240.2504543975027
2026-03-14,36,1,wk inc flu hosp,2026-03-21,quantile,0.85,273.4100225404317
2026-03-14,36,1,wk inc flu hosp,2026-03-21,quantile,0.9,320.87821531188484
2026-03-14,36,1,wk inc flu hosp,2026-03-21,quantile,0.95,401.0
2026-03-14,36,1,wk inc flu hosp,2026-03-21,quantile,0.975,456.0
2026-03-14,36,1,wk inc flu hosp,2026-03-21,quantile,0.99,525.0
2026-03-14,36,2,wk inc flu hosp,2026-03-28,quantile,0.01,29.0
2026-03-14,36,2,wk inc flu hosp,2026-03-28,quantile,0.025,34.0
2026-03-14,36,2,wk inc flu hosp,2026-03-28,quantile,0.05,38.0
2026-03-14,36,2,wk inc flu hosp,2026-03-28,quantile,0.1,44.34159630498618
2026-03-14,36,2,wk inc flu hosp,2026-03-28,quantile,0.15,55.0
2026-03-14,36,2,wk inc flu hosp,2026-03-28,quantile,0.2,63.0
2026-03-14,36,2,wk inc flu hosp,2026-03-28,quantile,0.25,79.0
2026-03-14,36,2,wk inc flu hosp,2026-03-28,quantile,0.3,94.0
2026-03-14,36,2,wk inc flu hosp,2026-03-28,quantile,0.35,109.0
2026-03-14,36,2,wk inc flu hosp,2026-03-28,quantile,0.4,125.0
2026-03-14,36,2,wk inc flu hosp,2026-03-28,quantile,0.45,142.0
2026-03-14,36,2,wk inc flu hosp,2026-03-28,quantile,0.5,150.44149780273438
2026-03-14,36,2,wk inc flu hosp,2026-03-28,quantile,0.55,154.47845458984375
2026-03-14,36,2,wk inc flu hosp,2026-03-28,quantile,0.6,158.44992065429688
2026-03-14,36,2,wk inc flu hosp,2026-03-28,quantile,0.65,167.0
2026-03-14,36,2,wk inc flu hosp,2026-03-28,quantile,0.7,199.0
2026-03-14,36,2,wk inc flu hosp,2026-03-28,quantile,0.75,235.0
2026-03-14,36,2,wk inc flu hosp,2026-03-28,quantile,0.8,280.0
2026-03-14,36,2,wk inc flu hosp,2026-03-28,quantile,0.85,337.0
2026-03-14,36,2,wk inc flu hosp,2026-03-28,quantile,0.9,388.0
2026-03-14,36,2,wk inc flu hosp,2026-03-28,quantile,0.95,472.0
2026-03-14,36,2,wk inc flu hosp,2026-03-28,quantile,0.975,551.0
2026-03-14,36,2,wk inc flu hosp,2026-03-28,quantile,0.99,650.0
2026-03-14,36,3,wk inc flu hosp,2026-04-04,quantile,0.01,1.6161899473315589
2026-03-14,36,3,wk inc flu hosp,2026-04-04,quantile,0.025,2.8203920578076183
2026-03-14,36,3,wk inc flu hosp,2026-04-04,quantile,0.05,4.18617129102968
2026-03-14,36,3,wk inc flu hosp,2026-04-04,quantile,0.1,23.38789954439604
2026-03-14,36,3,wk inc flu hosp,2026-04-04,quantile,0.15,25.0
2026-03-14,36,3,wk inc flu hosp,2026-04-04,quantile,0.2,39.0
2026-03-14,36,3,wk inc flu hosp,2026-04-04,quantile,0.25,54.0
2026-03-14,36,3,wk inc flu hosp,2026-04-04,quantile,0.3,69.0
2026-03-14,36,3,wk inc flu hosp,2026-04-04,quantile,0.35,85.0
2026-03-14,36,3,wk inc flu hosp,2026-04-04,quantile,0.4,102.0
2026-03-14,36,3,wk inc flu hosp,2026-04-04,quantile,0.45,119.2953643798828
2026-03-14,36,3,wk inc flu hosp,2026-04-04,quantile,0.5,122.98747253417967
2026-03-14,36,3,wk inc flu hosp,2026-04-04,quantile,0.55,126.81227111816406
2026-03-14,36,3,wk inc flu hosp,2026-04-04,quantile,0.6,130.85568237304688
2026-03-14,36,3,wk inc flu hosp,2026-04-04,quantile,0.65,135.0553741455078
2026-03-14,36,3,wk inc flu hosp,2026-04-04,quantile,0.7,143.0
2026-03-14,36,3,wk inc flu hosp,2026-04-04,quantile,0.75,176.0
2026-03-14,36,3,wk inc flu hosp,2026-04-04,quantile,0.8,219.0
2026-03-14,36,3,wk inc flu hosp,2026-04-04,quantile,0.85,279.0
2026-03-14,36,3,wk inc flu hosp,2026-04-04,quantile,0.9,361.0
2026-03-14,36,3,wk inc flu hosp,2026-04-04,quantile,0.95,507.0
2026-03-14,36,3,wk inc flu hosp,2026-04-04,quantile,0.975,606.0
2026-03-14,36,3,wk inc flu hosp,2026-04-04,quantile,0.99,710.0
2026-03-14,37,0,wk inc flu hosp,2026-03-14,quantile,0.01,55.0
2026-03-14,37,0,wk inc flu hosp,2026-03-14,quantile,0.025,64.0
2026-03-14,37,0,wk inc flu hosp,2026-03-14,quantile,0.05,75.0
2026-03-14,37,0,wk inc flu hosp,2026-03-14,quantile,0.1,92.0
2026-03-14,37,0,wk inc flu hosp,2026-03-14,quantile,0.15,100.0
2026-03-14,37,0,wk inc flu hosp,2026-03-14,quantile,0.2,108.0
2026-03-14,37,0,wk inc flu hosp,2026-03-14,quantile,0.25,112.0
2026-03-14,37,0,wk inc flu hosp,2026-03-14,quantile,0.3,116.24526684607989
2026-03-14,37,0,wk inc flu hosp,2026-03-14,quantile,0.35,126.0
2026-03-14,37,0,wk inc flu hosp,2026-03-14,quantile,0.4,132.0
2026-03-14,37,0,wk inc flu hosp,2026-03-14,quantile,0.45,139.0
2026-03-14,37,0,wk inc flu hosp,2026-03-14,quantile,0.5,145.0
2026-03-14,37,0,wk inc flu hosp,2026-03-14,quantile,0.55,152.0
2026-03-14,37,0,wk inc flu hosp,2026-03-14,quantile,0.6,158.0
2026-03-14,37,0,wk inc flu hosp,2026-03-14,quantile,0.65,166.0
2026-03-14,37,0,wk inc flu hosp,2026-03-14,quantile,0.7,174.0
2026-03-14,37,0,wk inc flu hosp,2026-03-14,quantile,0.75,183.0
2026-03-14,37,0,wk inc flu hosp,2026-03-14,quantile,0.8,195.0
2026-03-14,37,0,wk inc flu hosp,2026-03-14,quantile,0.85,208.0
2026-03-14,37,0,wk inc flu hosp,2026-03-14,quantile,0.9,227.0
2026-03-14,37,0,wk inc flu hosp,2026-03-14,quantile,0.95,253.0
2026-03-14,37,0,wk inc flu hosp,2026-03-14,quantile,0.975,275.0
2026-03-14,37,0,wk inc flu hosp,2026-03-14,quantile,0.99,298.0
2026-03-14,37,1,wk inc flu hosp,2026-03-21,quantile,0.01,31.70027638837068
2026-03-14,37,1,wk inc flu hosp,2026-03-21,quantile,0.025,35.57328126517638
2026-03-14,37,1,wk inc flu hosp,2026-03-21,quantile,0.05,42.97961555662226
2026-03-14,37,1,wk inc flu hosp,2026-03-21,quantile,0.1,53.0
2026-03-14,37,1,wk inc flu hosp,2026-03-21,quantile,0.15,60.0
2026-03-14,37,1,wk inc flu hosp,2026-03-21,quantile,0.2,70.0
2026-03-14,37,1,wk inc flu hosp,2026-03-21,quantile,0.25,78.0
2026-03-14,37,1,wk inc flu hosp,2026-03-21,quantile,0.3,88.02242936127094
2026-03-14,37,1,wk inc flu hosp,2026-03-21,quantile,0.35,96.3609964565033
2026-03-14,37,1,wk inc flu hosp,2026-03-21,quantile,0.4,108.98830215751458
2026-03-14,37,1,wk inc flu hosp,2026-03-21,quantile,0.45,120.58584251547327
2026-03-14,37,1,wk inc flu hosp,2026-03-21,quantile,0.5,127.51849365234376
2026-03-14,37,1,wk inc flu hosp,2026-03-21,quantile,0.55,130.5583038330078
2026-03-14,37,1,wk inc flu hosp,2026-03-21,quantile,0.6,133.44830322265625
2026-03-14,37,1,wk inc flu hosp,2026-03-21,quantile,0.65,136.32765197753906
2026-03-14,37,1,wk inc flu hosp,2026-03-21,quantile,0.7,148.0
2026-03-14,37,1,wk inc flu hosp,2026-03-21,quantile,0.75,164.0
2026-03-14,37,1,wk inc flu hosp,2026-03-21,quantile,0.8,183.0
2026-03-14,37,1,wk inc flu hosp,2026-03-21,quantile,0.85,210.0
2026-03-14,37,1,wk inc flu hosp,2026-03-21,quantile,0.9,246.0
2026-03-14,37,1,wk inc flu hosp,2026-03-21,quantile,0.95,308.0
2026-03-14,37,1,wk inc flu hosp,2026-03-21,quantile,0.975,353.0
2026-03-14,37,1,wk inc flu hosp,2026-03-21,quantile,0.99,407.0
2026-03-14,37,2,wk inc flu hosp,2026-03-28,quantile,0.01,7.995592682486539
2026-03-14,37,2,wk inc flu hosp,2026-03-28,quantile,0.025,11.99669929402988
2026-03-14,37,2,wk inc flu hosp,2026-03-28,quantile,0.05,16.842818820440293
2026-03-14,37,2,wk inc flu hosp,2026-03-28,quantile,0.1,32.0
2026-03-14,37,2,wk inc flu hosp,2026-03-28,quantile,0.15,40.0
2026-03-14,37,2,wk inc flu hosp,2026-03-28,quantile,0.2,52.0
2026-03-14,37,2,wk inc flu hosp,2026-03-28,quantile,0.25,56.0
2026-03-14,37,2,wk inc flu hosp,2026-03-28,quantile,0.3,61.0
2026-03-14,37,2,wk inc flu hosp,2026-03-28,quantile,0.35,74.92094017438781
2026-03-14,37,2,wk inc flu hosp,2026-03-28,quantile,0.4,96.73828887939452
2026-03-14,37,2,wk inc flu hosp,2026-03-28,quantile,0.45,99.4603042602539
2026-03-14,37,2,wk inc flu hosp,2026-03-28,quantile,0.5,102.3036651611328
2026-03-14,37,2,wk inc flu hosp,2026-03-28,quantile,0.55,105.25991821289062
2026-03-14,37,2,wk inc flu hosp,2026-03-28,quantile,0.6,108.03853607177734
2026-03-14,37,2,wk inc flu hosp,2026-03-28,quantile,0.65,110.97468566894533
2026-03-14,37,2,wk inc flu hosp,2026-03-28,quantile,0.7,116.0
2026-03-14,37,2,wk inc flu hosp,2026-03-28,quantile,0.75,134.0
2026-03-14,37,2,wk inc flu hosp,2026-03-28,quantile,0.8,158.0
2026-03-14,37,2,wk inc flu hosp,2026-03-28,quantile,0.85,193.0
2026-03-14,37,2,wk inc flu hosp,2026-03-28,quantile,0.9,241.0
2026-03-14,37,2,wk inc flu hosp,2026-03-28,quantile,0.95,315.9428166780834
2026-03-14,37,2,wk inc flu hosp,2026-03-28,quantile,0.975,370.26682118513
2026-03-14,37,2,wk inc flu hosp,2026-03-28,quantile,0.99,424.7452980786067
2026-03-14,37,3,wk inc flu hosp,2026-04-04,quantile,0.01,0.0
2026-03-14,37,3,wk inc flu hosp,2026-04-04,quantile,0.025,0.0
2026-03-14,37,3,wk inc flu hosp,2026-04-04,quantile,0.05,3.0
2026-03-14,37,3,wk inc flu hosp,2026-04-04,quantile,0.1,13.0
2026-03-14,37,3,wk inc flu hosp,2026-04-04,quantile,0.15,24.0
2026-03-14,37,3,wk inc flu hosp,2026-04-04,quantile,0.2,35.0
2026-03-14,37,3,wk inc flu hosp,2026-04-04,quantile,0.25,40.0
2026-03-14,37,3,wk inc flu hosp,2026-04-04,quantile,0.3,42.85259836768786
2026-03-14,37,3,wk inc flu hosp,2026-04-04,quantile,0.35,63.68244352195316
2026-03-14,37,3,wk inc flu hosp,2026-04-04,quantile,0.4,76.09888458251953
2026-03-14,37,3,wk inc flu hosp,2026-04-04,quantile,0.45,78.70696258544922
2026-03-14,37,3,wk inc flu hosp,2026-04-04,quantile,0.5,81.41563415527344
2026-03-14,37,3,wk inc flu hosp,2026-04-04,quantile,0.55,83.902099609375
2026-03-14,37,3,wk inc flu hosp,2026-04-04,quantile,0.6,86.49365234375
2026-03-14,37,3,wk inc flu hosp,2026-04-04,quantile,0.65,89.42282104492188
2026-03-14,37,3,wk inc flu hosp,2026-04-04,quantile,0.7,92.50272369384766
2026-03-14,37,3,wk inc flu hosp,2026-04-04,quantile,0.75,100.0
2026-03-14,37,3,wk inc flu hosp,2026-04-04,quantile,0.8,124.0
2026-03-14,37,3,wk inc flu hosp,2026-04-04,quantile,0.85,157.0
2026-03-14,37,3,wk inc flu hosp,2026-04-04,quantile,0.9,212.0
2026-03-14,37,3,wk inc flu hosp,2026-04-04,quantile,0.95,309.0
2026-03-14,37,3,wk inc flu hosp,2026-04-04,quantile,0.975,402.5293056545743
2026-03-14,37,3,wk inc flu hosp,2026-04-04,quantile,0.99,488.0
2026-03-14,38,0,wk inc flu hosp,2026-03-14,quantile,0.01,6.0
2026-03-14,38,0,wk inc flu hosp,2026-03-14,quantile,0.025,7.101100343791404
2026-03-14,38,0,wk inc flu hosp,2026-03-14,quantile,0.05,8.35175895690918
2026-03-14,38,0,wk inc flu hosp,2026-03-14,quantile,0.1,9.45711612701416
2026-03-14,38,0,wk inc flu hosp,2026-03-14,quantile,0.15,11.285063846250676
2026-03-14,38,0,wk inc flu hosp,2026-03-14,quantile,0.2,13.0
2026-03-14,38,0,wk inc flu hosp,2026-03-14,quantile,0.25,14.0
2026-03-14,38,0,wk inc flu hosp,2026-03-14,quantile,0.3,15.0
2026-03-14,38,0,wk inc flu hosp,2026-03-14,quantile,0.35,16.585202245617115
2026-03-14,38,0,wk inc flu hosp,2026-03-14,quantile,0.4,18.1619106877341
2026-03-14,38,0,wk inc flu hosp,2026-03-14,quantile,0.45,19.748699212661247
2026-03-14,38,0,wk inc flu hosp,2026-03-14,quantile,0.5,21.127756853553283
2026-03-14,38,0,wk inc flu hosp,2026-03-14,quantile,0.55,22.811703412187526
2026-03-14,38,0,wk inc flu hosp,2026-03-14,quantile,0.6,24.0
2026-03-14,38,0,wk inc flu hosp,2026-03-14,quantile,0.65,25.0
2026-03-14,38,0,wk inc flu hosp,2026-03-14,quantile,0.7,26.0
2026-03-14,38,0,wk inc flu hosp,2026-03-14,quantile,0.75,27.0
2026-03-14,38,0,wk inc flu hosp,2026-03-14,quantile,0.8,28.0
2026-03-14,38,0,wk inc flu hosp,2026-03-14,quantile,0.85,29.0
2026-03-14,38,0,wk inc flu hosp,2026-03-14,quantile,0.9,31.0
2026-03-14,38,0,wk inc flu hosp,2026-03-14,quantile,0.95,34.0
2026-03-14,38,0,wk inc flu hosp,2026-03-14,quantile,0.975,39.0
2026-03-14,38,0,wk inc flu hosp,2026-03-14,quantile,0.99,46.0
2026-03-14,38,1,wk inc flu hosp,2026-03-21,quantile,0.01,4.0
2026-03-14,38,1,wk inc flu hosp,2026-03-21,quantile,0.025,4.0
2026-03-14,38,1,wk inc flu hosp,2026-03-21,quantile,0.05,5.519505211239536
2026-03-14,38,1,wk inc flu hosp,2026-03-21,quantile,0.1,7.967486381530762
2026-03-14,38,1,wk inc flu hosp,2026-03-21,quantile,0.15,8.704676666522952
2026-03-14,38,1,wk inc flu hosp,2026-03-21,quantile,0.2,10.0
2026-03-14,38,1,wk inc flu hosp,2026-03-21,quantile,0.25,11.0
2026-03-14,38,1,wk inc flu hosp,2026-03-21,quantile,0.3,12.332262119677663
2026-03-14,38,1,wk inc flu hosp,2026-03-21,quantile,0.35,13.717341472314198
2026-03-14,38,1,wk inc flu hosp,2026-03-21,quantile,0.4,14.884297068768152
2026-03-14,38,1,wk inc flu hosp,2026-03-21,quantile,0.45,16.442791233658493
2026-03-14,38,1,wk inc flu hosp,2026-03-21,quantile,0.5,18.222105722685228
2026-03-14,38,1,wk inc flu hosp,2026-03-21,quantile,0.55,20.135640709450858
2026-03-14,38,1,wk inc flu hosp,2026-03-21,quantile,0.6,22.0
2026-03-14,38,1,wk inc flu hosp,2026-03-21,quantile,0.65,24.0
2026-03-14,38,1,wk inc flu hosp,2026-03-21,quantile,0.7,26.0
2026-03-14,38,1,wk inc flu hosp,2026-03-21,quantile,0.75,27.0
2026-03-14,38,1,wk inc flu hosp,2026-03-21,quantile,0.8,29.0
2026-03-14,38,1,wk inc flu hosp,2026-03-21,quantile,0.85,32.0
2026-03-14,38,1,wk inc flu hosp,2026-03-21,quantile,0.9,35.0
2026-03-14,38,1,wk inc flu hosp,2026-03-21,quantile,0.95,39.0
2026-03-14,38,1,wk inc flu hosp,2026-03-21,quantile,0.975,44.0
2026-03-14,38,1,wk inc flu hosp,2026-03-21,quantile,0.99,49.0
2026-03-14,38,2,wk inc flu hosp,2026-03-28,quantile,0.01,2.0
2026-03-14,38,2,wk inc flu hosp,2026-03-28,quantile,0.025,3.0
2026-03-14,38,2,wk inc flu hosp,2026-03-28,quantile,0.05,3.7439111238777567
2026-03-14,38,2,wk inc flu hosp,2026-03-28,quantile,0.1,5.51841534955052
2026-03-14,38,2,wk inc flu hosp,2026-03-28,quantile,0.15,6.937521457672119
2026-03-14,38,2,wk inc flu hosp,2026-03-28,quantile,0.2,8.0
2026-03-14,38,2,wk inc flu hosp,2026-03-28,quantile,0.25,9.0
2026-03-14,38,2,wk inc flu hosp,2026-03-28,quantile,0.3,10.0
2026-03-14,38,2,wk inc flu hosp,2026-03-28,quantile,0.35,11.610659414619573
2026-03-14,38,2,wk inc flu hosp,2026-03-28,quantile,0.4,12.690424454273217
2026-03-14,38,2,wk inc flu hosp,2026-03-28,quantile,0.45,13.867512305473968
2026-03-14,38,2,wk inc flu hosp,2026-03-28,quantile,0.5,15.0
2026-03-14,38,2,wk inc flu hosp,2026-03-28,quantile,0.55,16.1776635429289
2026-03-14,38,2,wk inc flu hosp,2026-03-28,quantile,0.6,17.510641700986987
2026-03-14,38,2,wk inc flu hosp,2026-03-28,quantile,0.65,19.14667390215545
2026-03-14,38,2,wk inc flu hosp,2026-03-28,quantile,0.7,20.913030011185825
2026-03-14,38,2,wk inc flu hosp,2026-03-28,quantile,0.75,22.8242722085814
2026-03-14,38,2,wk inc flu hosp,2026-03-28,quantile,0.8,25.41090627956484
2026-03-14,38,2,wk inc flu hosp,2026-03-28,quantile,0.85,29.79077495105896
2026-03-14,38,2,wk inc flu hosp,2026-03-28,quantile,0.9,35.0
2026-03-14,38,2,wk inc flu hosp,2026-03-28,quantile,0.95,40.0
2026-03-14,38,2,wk inc flu hosp,2026-03-28,quantile,0.975,45.0
2026-03-14,38,2,wk inc flu hosp,2026-03-28,quantile,0.99,51.0
2026-03-14,38,3,wk inc flu hosp,2026-04-04,quantile,0.01,1.0
2026-03-14,38,3,wk inc flu hosp,2026-04-04,quantile,0.025,2.0
2026-03-14,38,3,wk inc flu hosp,2026-04-04,quantile,0.05,2.0
2026-03-14,38,3,wk inc flu hosp,2026-04-04,quantile,0.1,3.5598718614117497
2026-03-14,38,3,wk inc flu hosp,2026-04-04,quantile,0.15,5.0864659195777415
2026-03-14,38,3,wk inc flu hosp,2026-04-04,quantile,0.2,5.8990254402160645
2026-03-14,38,3,wk inc flu hosp,2026-04-04,quantile,0.25,6.312648773193359
2026-03-14,38,3,wk inc flu hosp,2026-04-04,quantile,0.3,7.0
2026-03-14,38,3,wk inc flu hosp,2026-04-04,quantile,0.35,8.0
2026-03-14,38,3,wk inc flu hosp,2026-04-04,quantile,0.4,9.0
2026-03-14,38,3,wk inc flu hosp,2026-04-04,quantile,0.45,10.0
2026-03-14,38,3,wk inc flu hosp,2026-04-04,quantile,0.5,11.0
2026-03-14,38,3,wk inc flu hosp,2026-04-04,quantile,0.55,12.0
2026-03-14,38,3,wk inc flu hosp,2026-04-04,quantile,0.6,14.0
2026-03-14,38,3,wk inc flu hosp,2026-04-04,quantile,0.65,15.0
2026-03-14,38,3,wk inc flu hosp,2026-04-04,quantile,0.7,18.0
2026-03-14,38,3,wk inc flu hosp,2026-04-04,quantile,0.75,20.0
2026-03-14,38,3,wk inc flu hosp,2026-04-04,quantile,0.8,23.0
2026-03-14,38,3,wk inc flu hosp,2026-04-04,quantile,0.85,26.0
2026-03-14,38,3,wk inc flu hosp,2026-04-04,quantile,0.9,31.0
2026-03-14,38,3,wk inc flu hosp,2026-04-04,quantile,0.95,40.0
2026-03-14,38,3,wk inc flu hosp,2026-04-04,quantile,0.975,47.0
2026-03-14,38,3,wk inc flu hosp,2026-04-04,quantile,0.99,55.0
2026-03-14,39,0,wk inc flu hosp,2026-03-14,quantile,0.01,194.8592856766332
2026-03-14,39,0,wk inc flu hosp,2026-03-14,quantile,0.025,215.0
2026-03-14,39,0,wk inc flu hosp,2026-03-14,quantile,0.05,239.0
2026-03-14,39,0,wk inc flu hosp,2026-03-14,quantile,0.1,262.0
2026-03-14,39,0,wk inc flu hosp,2026-03-14,quantile,0.15,279.0
2026-03-14,39,0,wk inc flu hosp,2026-03-14,quantile,0.2,291.38287353515625
2026-03-14,39,0,wk inc flu hosp,2026-03-14,quantile,0.25,297.7747802734375
2026-03-14,39,0,wk inc flu hosp,2026-03-14,quantile,0.3,303.7826538085937
2026-03-14,39,0,wk inc flu hosp,2026-03-14,quantile,0.35,310.1224060058594
2026-03-14,39,0,wk inc flu hosp,2026-03-14,quantile,0.4,321.4762389157945
2026-03-14,39,0,wk inc flu hosp,2026-03-14,quantile,0.45,340.37374425536905
2026-03-14,39,0,wk inc flu hosp,2026-03-14,quantile,0.5,359.0
2026-03-14,39,0,wk inc flu hosp,2026-03-14,quantile,0.55,365.0
2026-03-14,39,0,wk inc flu hosp,2026-03-14,quantile,0.6,368.0
2026-03-14,39,0,wk inc flu hosp,2026-03-14,quantile,0.65,391.41419531840296
2026-03-14,39,0,wk inc flu hosp,2026-03-14,quantile,0.7,407.0
2026-03-14,39,0,wk inc flu hosp,2026-03-14,quantile,0.75,421.0
2026-03-14,39,0,wk inc flu hosp,2026-03-14,quantile,0.8,438.0
2026-03-14,39,0,wk inc flu hosp,2026-03-14,quantile,0.85,457.0
2026-03-14,39,0,wk inc flu hosp,2026-03-14,quantile,0.9,484.0
2026-03-14,39,0,wk inc flu hosp,2026-03-14,quantile,0.95,526.0
2026-03-14,39,0,wk inc flu hosp,2026-03-14,quantile,0.975,559.0
2026-03-14,39,0,wk inc flu hosp,2026-03-14,quantile,0.99,600.0
2026-03-14,39,1,wk inc flu hosp,2026-03-21,quantile,0.01,80.0
2026-03-14,39,1,wk inc flu hosp,2026-03-21,quantile,0.025,94.0
2026-03-14,39,1,wk inc flu hosp,2026-03-21,quantile,0.05,109.0
2026-03-14,39,1,wk inc flu hosp,2026-03-21,quantile,0.1,142.9856152001603
2026-03-14,39,1,wk inc flu hosp,2026-03-21,quantile,0.15,168.0
2026-03-14,39,1,wk inc flu hosp,2026-03-21,quantile,0.2,176.0
2026-03-14,39,1,wk inc flu hosp,2026-03-21,quantile,0.25,194.9295178836173
2026-03-14,39,1,wk inc flu hosp,2026-03-21,quantile,0.3,216.9551893206317
2026-03-14,39,1,wk inc flu hosp,2026-03-21,quantile,0.35,234.6751251220703
2026-03-14,39,1,wk inc flu hosp,2026-03-21,quantile,0.4,240.7496337890625
2026-03-14,39,1,wk inc flu hosp,2026-03-21,quantile,0.45,246.9269561767578
2026-03-14,39,1,wk inc flu hosp,2026-03-21,quantile,0.5,263.41815853603515
2026-03-14,39,1,wk inc flu hosp,2026-03-21,quantile,0.55,282.24619342956777
2026-03-14,39,1,wk inc flu hosp,2026-03-21,quantile,0.6,298.0
2026-03-14,39,1,wk inc flu hosp,2026-03-21,quantile,0.65,307.0
2026-03-14,39,1,wk inc flu hosp,2026-03-21,quantile,0.7,329.0
2026-03-14,39,1,wk inc flu hosp,2026-03-21,quantile,0.75,355.0
2026-03-14,39,1,wk inc flu hosp,2026-03-21,quantile,0.8,381.0
2026-03-14,39,1,wk inc flu hosp,2026-03-21,quantile,0.85,418.0
2026-03-14,39,1,wk inc flu hosp,2026-03-21,quantile,0.9,465.0
2026-03-14,39,1,wk inc flu hosp,2026-03-21,quantile,0.95,549.0
2026-03-14,39,1,wk inc flu hosp,2026-03-21,quantile,0.975,617.0
2026-03-14,39,1,wk inc flu hosp,2026-03-21,quantile,0.99,698.0
2026-03-14,39,2,wk inc flu hosp,2026-03-28,quantile,0.01,39.546470175261256
2026-03-14,39,2,wk inc flu hosp,2026-03-28,quantile,0.025,52.0
2026-03-14,39,2,wk inc flu hosp,2026-03-28,quantile,0.05,76.0
2026-03-14,39,2,wk inc flu hosp,2026-03-28,quantile,0.1,102.0
2026-03-14,39,2,wk inc flu hosp,2026-03-28,quantile,0.15,124.11054743482526
2026-03-14,39,2,wk inc flu hosp,2026-03-28,quantile,0.2,144.86356060872845
2026-03-14,39,2,wk inc flu hosp,2026-03-28,quantile,0.25,159.2200469970703
2026-03-14,39,2,wk inc flu hosp,2026-03-28,quantile,0.3,170.96147891742564
2026-03-14,39,2,wk inc flu hosp,2026-03-28,quantile,0.35,186.8663211646496
2026-03-14,39,2,wk inc flu hosp,2026-03-28,quantile,0.4,203.0842816431258
2026-03-14,39,2,wk inc flu hosp,2026-03-28,quantile,0.45,219.9401440559309
2026-03-14,39,2,wk inc flu hosp,2026-03-28,quantile,0.5,226.0
2026-03-14,39,2,wk inc flu hosp,2026-03-28,quantile,0.55,233.0
2026-03-14,39,2,wk inc flu hosp,2026-03-28,quantile,0.6,241.0
2026-03-14,39,2,wk inc flu hosp,2026-03-28,quantile,0.65,253.0
2026-03-14,39,2,wk inc flu hosp,2026-03-28,quantile,0.7,260.0
2026-03-14,39,2,wk inc flu hosp,2026-03-28,quantile,0.75,274.0
2026-03-14,39,2,wk inc flu hosp,2026-03-28,quantile,0.8,308.0
2026-03-14,39,2,wk inc flu hosp,2026-03-28,quantile,0.85,351.0
2026-03-14,39,2,wk inc flu hosp,2026-03-28,quantile,0.9,413.0
2026-03-14,39,2,wk inc flu hosp,2026-03-28,quantile,0.95,525.0
2026-03-14,39,2,wk inc flu hosp,2026-03-28,quantile,0.975,630.0
2026-03-14,39,2,wk inc flu hosp,2026-03-28,quantile,0.99,733.0
2026-03-14,39,3,wk inc flu hosp,2026-04-04,quantile,0.01,18.68944454630657
2026-03-14,39,3,wk inc flu hosp,2026-04-04,quantile,0.025,21.0
2026-03-14,39,3,wk inc flu hosp,2026-04-04,quantile,0.05,39.0
2026-03-14,39,3,wk inc flu hosp,2026-04-04,quantile,0.1,69.0
2026-03-14,39,3,wk inc flu hosp,2026-04-04,quantile,0.15,91.0
2026-03-14,39,3,wk inc flu hosp,2026-04-04,quantile,0.2,112.0
2026-03-14,39,3,wk inc flu hosp,2026-04-04,quantile,0.25,126.6945605559613
2026-03-14,39,3,wk inc flu hosp,2026-04-04,quantile,0.3,138.76423108172784
2026-03-14,39,3,wk inc flu hosp,2026-04-04,quantile,0.35,151.00830337130688
2026-03-14,39,3,wk inc flu hosp,2026-04-04,quantile,0.4,161.0
2026-03-14,39,3,wk inc flu hosp,2026-04-04,quantile,0.45,167.0
2026-03-14,39,3,wk inc flu hosp,2026-04-04,quantile,0.5,173.0
2026-03-14,39,3,wk inc flu hosp,2026-04-04,quantile,0.55,181.0
2026-03-14,39,3,wk inc flu hosp,2026-04-04,quantile,0.6,191.0
2026-03-14,39,3,wk inc flu hosp,2026-04-04,quantile,0.65,200.0
2026-03-14,39,3,wk inc flu hosp,2026-04-04,quantile,0.7,207.0
2026-03-14,39,3,wk inc flu hosp,2026-04-04,quantile,0.75,220.0
2026-03-14,39,3,wk inc flu hosp,2026-04-04,quantile,0.8,231.0
2026-03-14,39,3,wk inc flu hosp,2026-04-04,quantile,0.85,273.0
2026-03-14,39,3,wk inc flu hosp,2026-04-04,quantile,0.9,339.0
2026-03-14,39,3,wk inc flu hosp,2026-04-04,quantile,0.95,463.0
2026-03-14,39,3,wk inc flu hosp,2026-04-04,quantile,0.975,571.0
2026-03-14,39,3,wk inc flu hosp,2026-04-04,quantile,0.99,698.0
2026-03-14,40,0,wk inc flu hosp,2026-03-14,quantile,0.01,44.47979367057818
2026-03-14,40,0,wk inc flu hosp,2026-03-14,quantile,0.025,51.681562851034855
2026-03-14,40,0,wk inc flu hosp,2026-03-14,quantile,0.05,58.30750798352929
2026-03-14,40,0,wk inc flu hosp,2026-03-14,quantile,0.1,66.44264457756933
2026-03-14,40,0,wk inc flu hosp,2026-03-14,quantile,0.15,72.23141249842284
2026-03-14,40,0,wk inc flu hosp,2026-03-14,quantile,0.2,77.0
2026-03-14,40,0,wk inc flu hosp,2026-03-14,quantile,0.25,81.22119535899527
2026-03-14,40,0,wk inc flu hosp,2026-03-14,quantile,0.3,85.10364827407754
2026-03-14,40,0,wk inc flu hosp,2026-03-14,quantile,0.35,88.78222952509871
2026-03-14,40,0,wk inc flu hosp,2026-03-14,quantile,0.4,92.68885577369969
2026-03-14,40,0,wk inc flu hosp,2026-03-14,quantile,0.45,97.7660631253071
2026-03-14,40,0,wk inc flu hosp,2026-03-14,quantile,0.5,103.82163466224488
2026-03-14,40,0,wk inc flu hosp,2026-03-14,quantile,0.55,108.60098774478963
2026-03-14,40,0,wk inc flu hosp,2026-03-14,quantile,0.6,113.0
2026-03-14,40,0,wk inc flu hosp,2026-03-14,quantile,0.65,118.0
2026-03-14,40,0,wk inc flu hosp,2026-03-14,quantile,0.7,123.0
2026-03-14,40,0,wk inc flu hosp,2026-03-14,quantile,0.75,129.0
2026-03-14,40,0,wk inc flu hosp,2026-03-14,quantile,0.8,136.0
2026-03-14,40,0,wk inc flu hosp,2026-03-14,quantile,0.85,142.0
2026-03-14,40,0,wk inc flu hosp,2026-03-14,quantile,0.9,150.0
2026-03-14,40,0,wk inc flu hosp,2026-03-14,quantile,0.95,164.0
2026-03-14,40,0,wk inc flu hosp,2026-03-14,quantile,0.975,177.0
2026-03-14,40,0,wk inc flu hosp,2026-03-14,quantile,0.99,185.0
2026-03-14,40,1,wk inc flu hosp,2026-03-21,quantile,0.01,21.290177084442803
2026-03-14,40,1,wk inc flu hosp,2026-03-21,quantile,0.025,28.86993370723032
2026-03-14,40,1,wk inc flu hosp,2026-03-21,quantile,0.05,36.31039922256386
2026-03-14,40,1,wk inc flu hosp,2026-03-21,quantile,0.1,44.0
2026-03-14,40,1,wk inc flu hosp,2026-03-21,quantile,0.15,50.56759411516513
2026-03-14,40,1,wk inc flu hosp,2026-03-21,quantile,0.2,55.0
2026-03-14,40,1,wk inc flu hosp,2026-03-21,quantile,0.25,61.0
2026-03-14,40,1,wk inc flu hosp,2026-03-21,quantile,0.3,67.0
2026-03-14,40,1,wk inc flu hosp,2026-03-21,quantile,0.35,71.0
2026-03-14,40,1,wk inc flu hosp,2026-03-21,quantile,0.4,75.0
2026-03-14,40,1,wk inc flu hosp,2026-03-21,quantile,0.45,81.0
2026-03-14,40,1,wk inc flu hosp,2026-03-21,quantile,0.5,86.0
2026-03-14,40,1,wk inc flu hosp,2026-03-21,quantile,0.55,92.0
2026-03-14,40,1,wk inc flu hosp,2026-03-21,quantile,0.6,98.0
2026-03-14,40,1,wk inc flu hosp,2026-03-21,quantile,0.65,104.0
2026-03-14,40,1,wk inc flu hosp,2026-03-21,quantile,0.7,110.65606011283104
2026-03-14,40,1,wk inc flu hosp,2026-03-21,quantile,0.75,117.29369081370466
2026-03-14,40,1,wk inc flu hosp,2026-03-21,quantile,0.8,124.91250131718928
2026-03-14,40,1,wk inc flu hosp,2026-03-21,quantile,0.85,130.83949279785156
2026-03-14,40,1,wk inc flu hosp,2026-03-21,quantile,0.9,136.12579345703125
2026-03-14,40,1,wk inc flu hosp,2026-03-21,quantile,0.95,149.0
2026-03-14,40,1,wk inc flu hosp,2026-03-21,quantile,0.975,182.0
2026-03-14,40,1,wk inc flu hosp,2026-03-21,quantile,0.99,203.11856757477656
2026-03-14,40,2,wk inc flu hosp,2026-03-28,quantile,0.01,17.122024208897603
2026-03-14,40,2,wk inc flu hosp,2026-03-28,quantile,0.025,21.28843221614199
2026-03-14,40,2,wk inc flu hosp,2026-03-28,quantile,0.05,25.0
2026-03-14,40,2,wk inc flu hosp,2026-03-28,quantile,0.1,33.875061301058345
2026-03-14,40,2,wk inc flu hosp,2026-03-28,quantile,0.15,34.0
2026-03-14,40,2,wk inc flu hosp,2026-03-28,quantile,0.2,40.0
2026-03-14,40,2,wk inc flu hosp,2026-03-28,quantile,0.25,47.0
2026-03-14,40,2,wk inc flu hosp,2026-03-28,quantile,0.3,53.0
2026-03-14,40,2,wk inc flu hosp,2026-03-28,quantile,0.35,59.0
2026-03-14,40,2,wk inc flu hosp,2026-03-28,quantile,0.4,65.0
2026-03-14,40,2,wk inc flu hosp,2026-03-28,quantile,0.45,72.0
2026-03-14,40,2,wk inc flu hosp,2026-03-28,quantile,0.5,78.0
2026-03-14,40,2,wk inc flu hosp,2026-03-28,quantile,0.55,85.0
2026-03-14,40,2,wk inc flu hosp,2026-03-28,quantile,0.6,89.85392761230469
2026-03-14,40,2,wk inc flu hosp,2026-03-28,quantile,0.65,91.99583435058594
2026-03-14,40,2,wk inc flu hosp,2026-03-28,quantile,0.7,94.52273559570312
2026-03-14,40,2,wk inc flu hosp,2026-03-28,quantile,0.75,97.2513198852539
2026-03-14,40,2,wk inc flu hosp,2026-03-28,quantile,0.8,100.50155639648438
2026-03-14,40,2,wk inc flu hosp,2026-03-28,quantile,0.85,104.40662384033205
2026-03-14,40,2,wk inc flu hosp,2026-03-28,quantile,0.9,110.05467224121094
2026-03-14,40,2,wk inc flu hosp,2026-03-28,quantile,0.95,153.0
2026-03-14,40,2,wk inc flu hosp,2026-03-28,quantile,0.975,195.51144098756524
2026-03-14,40,2,wk inc flu hosp,2026-03-28,quantile,0.99,221.33802552116632
2026-03-14,40,3,wk inc flu hosp,2026-04-04,quantile,0.01,7.211203907721929
2026-03-14,40,3,wk inc flu hosp,2026-04-04,quantile,0.025,11.159102449744257
2026-03-14,40,3,wk inc flu hosp,2026-04-04,quantile,0.05,18.66223426312223
2026-03-14,40,3,wk inc flu hosp,2026-04-04,quantile,0.1,21.0
2026-03-14,40,3,wk inc flu hosp,2026-04-04,quantile,0.15,24.0
2026-03-14,40,3,wk inc flu hosp,2026-04-04,quantile,0.2,31.0
2026-03-14,40,3,wk inc flu hosp,2026-04-04,quantile,0.25,37.0
2026-03-14,40,3,wk inc flu hosp,2026-04-04,quantile,0.3,44.0
2026-03-14,40,3,wk inc flu hosp,2026-04-04,quantile,0.35,50.0
2026-03-14,40,3,wk inc flu hosp,2026-04-04,quantile,0.4,57.0
2026-03-14,40,3,wk inc flu hosp,2026-04-04,quantile,0.45,63.0
2026-03-14,40,3,wk inc flu hosp,2026-04-04,quantile,0.5,68.28385925292969
2026-03-14,40,3,wk inc flu hosp,2026-04-04,quantile,0.55,70.15225982666016
2026-03-14,40,3,wk inc flu hosp,2026-04-04,quantile,0.6,72.28983306884766
2026-03-14,40,3,wk inc flu hosp,2026-04-04,quantile,0.65,74.4899673461914
2026-03-14,40,3,wk inc flu hosp,2026-04-04,quantile,0.7,76.65966796875
2026-03-14,40,3,wk inc flu hosp,2026-04-04,quantile,0.75,79.31936645507812
2026-03-14,40,3,wk inc flu hosp,2026-04-04,quantile,0.8,84.0
2026-03-14,40,3,wk inc flu hosp,2026-04-04,quantile,0.85,86.20502471923828
2026-03-14,40,3,wk inc flu hosp,2026-04-04,quantile,0.9,91.69467163085938
2026-03-14,40,3,wk inc flu hosp,2026-04-04,quantile,0.95,140.0
2026-03-14,40,3,wk inc flu hosp,2026-04-04,quantile,0.975,199.50012889745463
2026-03-14,40,3,wk inc flu hosp,2026-04-04,quantile,0.99,227.47019827941983
2026-03-14,41,0,wk inc flu hosp,2026-03-14,quantile,0.01,29.27376254649549
2026-03-14,41,0,wk inc flu hosp,2026-03-14,quantile,0.025,34.37185458444984
2026-03-14,41,0,wk inc flu hosp,2026-03-14,quantile,0.05,40.57852123101789
2026-03-14,41,0,wk inc flu hosp,2026-03-14,quantile,0.1,50.51119561976975
2026-03-14,41,0,wk inc flu hosp,2026-03-14,quantile,0.15,57.23336554805695
2026-03-14,41,0,wk inc flu hosp,2026-03-14,quantile,0.2,63.25922865788972
2026-03-14,41,0,wk inc flu hosp,2026-03-14,quantile,0.25,69.05568728394184
2026-03-14,41,0,wk inc flu hosp,2026-03-14,quantile,0.3,74.47410294295341
2026-03-14,41,0,wk inc flu hosp,2026-03-14,quantile,0.35,79.68930084265529
2026-03-14,41,0,wk inc flu hosp,2026-03-14,quantile,0.4,84.21351165944738
2026-03-14,41,0,wk inc flu hosp,2026-03-14,quantile,0.45,89.23658701802486
2026-03-14,41,0,wk inc flu hosp,2026-03-14,quantile,0.5,92.38042449951172
2026-03-14,41,0,wk inc flu hosp,2026-03-14,quantile,0.55,95.27416229248047
2026-03-14,41,0,wk inc flu hosp,2026-03-14,quantile,0.6,98.19503402709961
2026-03-14,41,0,wk inc flu hosp,2026-03-14,quantile,0.65,101.16203308105469
2026-03-14,41,0,wk inc flu hosp,2026-03-14,quantile,0.7,104.12987518310547
2026-03-14,41,0,wk inc flu hosp,2026-03-14,quantile,0.75,107.8089370727539
2026-03-14,41,0,wk inc flu hosp,2026-03-14,quantile,0.8,111.58597946166992
2026-03-14,41,0,wk inc flu hosp,2026-03-14,quantile,0.85,116.30774721628049
2026-03-14,41,0,wk inc flu hosp,2026-03-14,quantile,0.9,125.49534378467229
2026-03-14,41,0,wk inc flu hosp,2026-03-14,quantile,0.95,139.28777890050372
2026-03-14,41,0,wk inc flu hosp,2026-03-14,quantile,0.975,151.44625910783606
2026-03-14,41,0,wk inc flu hosp,2026-03-14,quantile,0.99,167.0775688324324
2026-03-14,41,1,wk inc flu hosp,2026-03-21,quantile,0.01,15.186683889633503
2026-03-14,41,1,wk inc flu hosp,2026-03-21,quantile,0.025,19.48521198233439
2026-03-14,41,1,wk inc flu hosp,2026-03-21,quantile,0.05,25.656998519178195
2026-03-14,41,1,wk inc flu hosp,2026-03-21,quantile,0.1,34.478371852083576
2026-03-14,41,1,wk inc flu hosp,2026-03-21,quantile,0.15,40.36886310706569
2026-03-14,41,1,wk inc flu hosp,2026-03-21,quantile,0.2,45.80232561004573
2026-03-14,41,1,wk inc flu hosp,2026-03-21,quantile,0.25,50.5
2026-03-14,41,1,wk inc flu hosp,2026-03-21,quantile,0.3,54.0
2026-03-14,41,1,wk inc flu hosp,2026-03-21,quantile,0.35,58.0
2026-03-14,41,1,wk inc flu hosp,2026-03-21,quantile,0.4,61.83346307057727
2026-03-14,41,1,wk inc flu hosp,2026-03-21,quantile,0.45,66.19597146165106
2026-03-14,41,1,wk inc flu hosp,2026-03-21,quantile,0.5,70.20254261581368
2026-03-14,41,1,wk inc flu hosp,2026-03-21,quantile,0.55,73.49858879812898
2026-03-14,41,1,wk inc flu hosp,2026-03-21,quantile,0.6,76.92680566004442
2026-03-14,41,1,wk inc flu hosp,2026-03-21,quantile,0.65,80.54033094417684
2026-03-14,41,1,wk inc flu hosp,2026-03-21,quantile,0.7,84.50238925137901
2026-03-14,41,1,wk inc flu hosp,2026-03-21,quantile,0.75,89.55022393745642
2026-03-14,41,1,wk inc flu hosp,2026-03-21,quantile,0.8,96.01692997413633
2026-03-14,41,1,wk inc flu hosp,2026-03-21,quantile,0.85,104.33525770844646
2026-03-14,41,1,wk inc flu hosp,2026-03-21,quantile,0.9,114.5
2026-03-14,41,1,wk inc flu hosp,2026-03-21,quantile,0.95,129.0
2026-03-14,41,1,wk inc flu hosp,2026-03-21,quantile,0.975,144.5
2026-03-14,41,1,wk inc flu hosp,2026-03-21,quantile,0.99,167.5
2026-03-14,41,2,wk inc flu hosp,2026-03-28,quantile,0.01,6.97629442317308
2026-03-14,41,2,wk inc flu hosp,2026-03-28,quantile,0.025,10.142696862102387
2026-03-14,41,2,wk inc flu hosp,2026-03-28,quantile,0.05,13.687362722654388
2026-03-14,41,2,wk inc flu hosp,2026-03-28,quantile,0.1,22.311352651567375
2026-03-14,41,2,wk inc flu hosp,2026-03-28,quantile,0.15,26.644536731774807
2026-03-14,41,2,wk inc flu hosp,2026-03-28,quantile,0.2,31.43309748935384
2026-03-14,41,2,wk inc flu hosp,2026-03-28,quantile,0.25,36.04092966837971
2026-03-14,41,2,wk inc flu hosp,2026-03-28,quantile,0.3,40.14785126314862
2026-03-14,41,2,wk inc flu hosp,2026-03-28,quantile,0.35,44.03420950073129
2026-03-14,41,2,wk inc flu hosp,2026-03-28,quantile,0.4,46.92103280238622
2026-03-14,41,2,wk inc flu hosp,2026-03-28,quantile,0.45,49.74052608733465
2026-03-14,41,2,wk inc flu hosp,2026-03-28,quantile,0.5,52.475417548709494
2026-03-14,41,2,wk inc flu hosp,2026-03-28,quantile,0.55,55.34216785323585
2026-03-14,41,2,wk inc flu hosp,2026-03-28,quantile,0.6,58.53702360488678
2026-03-14,41,2,wk inc flu hosp,2026-03-28,quantile,0.65,62.50141129096152
2026-03-14,41,2,wk inc flu hosp,2026-03-28,quantile,0.7,67.08069866655579
2026-03-14,41,2,wk inc flu hosp,2026-03-28,quantile,0.75,73.76680094716565
2026-03-14,41,2,wk inc flu hosp,2026-03-28,quantile,0.8,81.24461290539287
2026-03-14,41,2,wk inc flu hosp,2026-03-28,quantile,0.85,91.04539882629359
2026-03-14,41,2,wk inc flu hosp,2026-03-28,quantile,0.9,104.23049026658452
2026-03-14,41,2,wk inc flu hosp,2026-03-28,quantile,0.95,127.71572493194779
2026-03-14,41,2,wk inc flu hosp,2026-03-28,quantile,0.975,155.91134298341314
2026-03-14,41,2,wk inc flu hosp,2026-03-28,quantile,0.99,189.52214227226415
2026-03-14,41,3,wk inc flu hosp,2026-04-04,quantile,0.01,3.797152109305618
2026-03-14,41,3,wk inc flu hosp,2026-04-04,quantile,0.025,7.5
2026-03-14,41,3,wk inc flu hosp,2026-04-04,quantile,0.05,8.5
2026-03-14,41,3,wk inc flu hosp,2026-04-04,quantile,0.1,14.335639393220312
2026-03-14,41,3,wk inc flu hosp,2026-04-04,quantile,0.15,21.09191217454826
2026-03-14,41,3,wk inc flu hosp,2026-04-04,quantile,0.2,27.105264342669596
2026-03-14,41,3,wk inc flu hosp,2026-04-04,quantile,0.25,30.220794677734375
2026-03-14,41,3,wk inc flu hosp,2026-04-04,quantile,0.3,33.72620868682861
2026-03-14,41,3,wk inc flu hosp,2026-04-04,quantile,0.35,36.71551036834717
2026-03-14,41,3,wk inc flu hosp,2026-04-04,quantile,0.4,39.33855484958636
2026-03-14,41,3,wk inc flu hosp,2026-04-04,quantile,0.45,42.07119206813867
2026-03-14,41,3,wk inc flu hosp,2026-04-04,quantile,0.5,44.99525695569007
2026-03-14,41,3,wk inc flu hosp,2026-04-04,quantile,0.55,48.063114881328836
2026-03-14,41,3,wk inc flu hosp,2026-04-04,quantile,0.6,51.147455578014295
2026-03-14,41,3,wk inc flu hosp,2026-04-04,quantile,0.65,54.34383523996774
2026-03-14,41,3,wk inc flu hosp,2026-04-04,quantile,0.7,57.847118821740914
2026-03-14,41,3,wk inc flu hosp,2026-04-04,quantile,0.75,61.830211795034025
2026-03-14,41,3,wk inc flu hosp,2026-04-04,quantile,0.8,67.03817489702483
2026-03-14,41,3,wk inc flu hosp,2026-04-04,quantile,0.85,75.22920092103308
2026-03-14,41,3,wk inc flu hosp,2026-04-04,quantile,0.9,86.69840449740755
2026-03-14,41,3,wk inc flu hosp,2026-04-04,quantile,0.95,113.14508248717657
2026-03-14,41,3,wk inc flu hosp,2026-04-04,quantile,0.975,140.25297036700812
2026-03-14,41,3,wk inc flu hosp,2026-04-04,quantile,0.99,176.8734106862508
2026-03-14,42,0,wk inc flu hosp,2026-03-14,quantile,0.01,436.4650268554687
2026-03-14,42,0,wk inc flu hosp,2026-03-14,quantile,0.025,453.2372741699219
2026-03-14,42,0,wk inc flu hosp,2026-03-14,quantile,0.05,469.5805969238281
2026-03-14,42,0,wk inc flu hosp,2026-03-14,quantile,0.1,486.22698974609375
2026-03-14,42,0,wk inc flu hosp,2026-03-14,quantile,0.15,498.7196044921875
2026-03-14,42,0,wk inc flu hosp,2026-03-14,quantile,0.2,538.4996619671667
2026-03-14,42,0,wk inc flu hosp,2026-03-14,quantile,0.25,576.917370598312
2026-03-14,42,0,wk inc flu hosp,2026-03-14,quantile,0.3,615.9749257219978
2026-03-14,42,0,wk inc flu hosp,2026-03-14,quantile,0.35,650.9700976342773
2026-03-14,42,0,wk inc flu hosp,2026-03-14,quantile,0.4,691.5433749832877
2026-03-14,42,0,wk inc flu hosp,2026-03-14,quantile,0.45,729.3073635022957
2026-03-14,42,0,wk inc flu hosp,2026-03-14,quantile,0.5,771.9898981563566
2026-03-14,42,0,wk inc flu hosp,2026-03-14,quantile,0.55,798.0
2026-03-14,42,0,wk inc flu hosp,2026-03-14,quantile,0.6,820.0
2026-03-14,42,0,wk inc flu hosp,2026-03-14,quantile,0.65,842.0
2026-03-14,42,0,wk inc flu hosp,2026-03-14,quantile,0.7,874.5476912462191
2026-03-14,42,0,wk inc flu hosp,2026-03-14,quantile,0.75,930.0
2026-03-14,42,0,wk inc flu hosp,2026-03-14,quantile,0.8,955.0
2026-03-14,42,0,wk inc flu hosp,2026-03-14,quantile,0.85,986.0
2026-03-14,42,0,wk inc flu hosp,2026-03-14,quantile,0.9,1024.0
2026-03-14,42,0,wk inc flu hosp,2026-03-14,quantile,0.95,1083.0
2026-03-14,42,0,wk inc flu hosp,2026-03-14,quantile,0.975,1135.0
2026-03-14,42,0,wk inc flu hosp,2026-03-14,quantile,0.99,1269.0
2026-03-14,42,1,wk inc flu hosp,2026-03-21,quantile,0.01,231.95074529664456
2026-03-14,42,1,wk inc flu hosp,2026-03-21,quantile,0.025,284.0
2026-03-14,42,1,wk inc flu hosp,2026-03-21,quantile,0.05,317.0
2026-03-14,42,1,wk inc flu hosp,2026-03-21,quantile,0.1,370.0
2026-03-14,42,1,wk inc flu hosp,2026-03-21,quantile,0.15,402.5965576171875
2026-03-14,42,1,wk inc flu hosp,2026-03-21,quantile,0.2,416.2571169277717
2026-03-14,42,1,wk inc flu hosp,2026-03-21,quantile,0.25,456.8088353899718
2026-03-14,42,1,wk inc flu hosp,2026-03-21,quantile,0.3,497.9295618534769
2026-03-14,42,1,wk inc flu hosp,2026-03-21,quantile,0.35,535.0
2026-03-14,42,1,wk inc flu hosp,2026-03-21,quantile,0.4,566.0
2026-03-14,42,1,wk inc flu hosp,2026-03-21,quantile,0.45,595.0
2026-03-14,42,1,wk inc flu hosp,2026-03-21,quantile,0.5,627.0
2026-03-14,42,1,wk inc flu hosp,2026-03-21,quantile,0.55,660.0
2026-03-14,42,1,wk inc flu hosp,2026-03-21,quantile,0.6,696.0
2026-03-14,42,1,wk inc flu hosp,2026-03-21,quantile,0.65,730.0
2026-03-14,42,1,wk inc flu hosp,2026-03-21,quantile,0.7,776.4803050584568
2026-03-14,42,1,wk inc flu hosp,2026-03-21,quantile,0.75,845.5330489424655
2026-03-14,42,1,wk inc flu hosp,2026-03-21,quantile,0.8,897.0
2026-03-14,42,1,wk inc flu hosp,2026-03-21,quantile,0.85,943.0
2026-03-14,42,1,wk inc flu hosp,2026-03-21,quantile,0.9,1034.0
2026-03-14,42,1,wk inc flu hosp,2026-03-21,quantile,0.95,1171.0
2026-03-14,42,1,wk inc flu hosp,2026-03-21,quantile,0.975,1294.0
2026-03-14,42,1,wk inc flu hosp,2026-03-21,quantile,0.99,1502.0
2026-03-14,42,2,wk inc flu hosp,2026-03-28,quantile,0.01,110.0
2026-03-14,42,2,wk inc flu hosp,2026-03-28,quantile,0.025,139.0
2026-03-14,42,2,wk inc flu hosp,2026-03-28,quantile,0.05,202.6933757184644
2026-03-14,42,2,wk inc flu hosp,2026-03-28,quantile,0.1,290.15625118111814
2026-03-14,42,2,wk inc flu hosp,2026-03-28,quantile,0.15,326.7205013252599
2026-03-14,42,2,wk inc flu hosp,2026-03-28,quantile,0.2,359.74080308237046
2026-03-14,42,2,wk inc flu hosp,2026-03-28,quantile,0.25,395.8288795041803
2026-03-14,42,2,wk inc flu hosp,2026-03-28,quantile,0.3,432.8674648991979
2026-03-14,42,2,wk inc flu hosp,2026-03-28,quantile,0.35,468.832161194296
2026-03-14,42,2,wk inc flu hosp,2026-03-28,quantile,0.4,504.7006995926577
2026-03-14,42,2,wk inc flu hosp,2026-03-28,quantile,0.45,542.5155548466633
2026-03-14,42,2,wk inc flu hosp,2026-03-28,quantile,0.5,581.8939434672591
2026-03-14,42,2,wk inc flu hosp,2026-03-28,quantile,0.55,621.6422153511945
2026-03-14,42,2,wk inc flu hosp,2026-03-28,quantile,0.6,666.2941589133968
2026-03-14,42,2,wk inc flu hosp,2026-03-28,quantile,0.65,715.7811145324822
2026-03-14,42,2,wk inc flu hosp,2026-03-28,quantile,0.7,773.1301438787631
2026-03-14,42,2,wk inc flu hosp,2026-03-28,quantile,0.75,835.24429861682
2026-03-14,42,2,wk inc flu hosp,2026-03-28,quantile,0.8,895.0
2026-03-14,42,2,wk inc flu hosp,2026-03-28,quantile,0.85,956.0
2026-03-14,42,2,wk inc flu hosp,2026-03-28,quantile,0.9,1035.0
2026-03-14,42,2,wk inc flu hosp,2026-03-28,quantile,0.95,1158.0
2026-03-14,42,2,wk inc flu hosp,2026-03-28,quantile,0.975,1275.0
2026-03-14,42,2,wk inc flu hosp,2026-03-28,quantile,0.99,1590.0
2026-03-14,42,3,wk inc flu hosp,2026-04-04,quantile,0.01,62.471707044464296
2026-03-14,42,3,wk inc flu hosp,2026-04-04,quantile,0.025,123.6478561112821
2026-03-14,42,3,wk inc flu hosp,2026-04-04,quantile,0.05,183.83894923574076
2026-03-14,42,3,wk inc flu hosp,2026-04-04,quantile,0.1,247.36695878630596
2026-03-14,42,3,wk inc flu hosp,2026-04-04,quantile,0.15,288.0894242083622
2026-03-14,42,3,wk inc flu hosp,2026-04-04,quantile,0.2,320.7090767221665
2026-03-14,42,3,wk inc flu hosp,2026-04-04,quantile,0.25,352.8376760132504
2026-03-14,42,3,wk inc flu hosp,2026-04-04,quantile,0.3,384.2399932708668
2026-03-14,42,3,wk inc flu hosp,2026-04-04,quantile,0.35,414.7577520064761
2026-03-14,42,3,wk inc flu hosp,2026-04-04,quantile,0.4,444.0702435694179
2026-03-14,42,3,wk inc flu hosp,2026-04-04,quantile,0.45,478.5671166036456
2026-03-14,42,3,wk inc flu hosp,2026-04-04,quantile,0.5,517.3929252905784
2026-03-14,42,3,wk inc flu hosp,2026-04-04,quantile,0.55,559.5040561608771
2026-03-14,42,3,wk inc flu hosp,2026-04-04,quantile,0.6,604.7924992206091
2026-03-14,42,3,wk inc flu hosp,2026-04-04,quantile,0.65,655.4415917838651
2026-03-14,42,3,wk inc flu hosp,2026-04-04,quantile,0.7,720.8055463048252
2026-03-14,42,3,wk inc flu hosp,2026-04-04,quantile,0.75,803.3062067750022
2026-03-14,42,3,wk inc flu hosp,2026-04-04,quantile,0.8,887.3268610750614
2026-03-14,42,3,wk inc flu hosp,2026-04-04,quantile,0.85,966.0
2026-03-14,42,3,wk inc flu hosp,2026-04-04,quantile,0.9,1060.0
2026-03-14,42,3,wk inc flu hosp,2026-04-04,quantile,0.95,1207.0
2026-03-14,42,3,wk inc flu hosp,2026-04-04,quantile,0.975,1343.0
2026-03-14,42,3,wk inc flu hosp,2026-04-04,quantile,0.99,1510.0
2026-03-14,44,0,wk inc flu hosp,2026-03-14,quantile,0.01,2.0
2026-03-14,44,0,wk inc flu hosp,2026-03-14,quantile,0.025,2.0
2026-03-14,44,0,wk inc flu hosp,2026-03-14,quantile,0.05,4.0
2026-03-14,44,0,wk inc flu hosp,2026-03-14,quantile,0.1,4.0
2026-03-14,44,0,wk inc flu hosp,2026-03-14,quantile,0.15,5.0
2026-03-14,44,0,wk inc flu hosp,2026-03-14,quantile,0.2,5.337294875954696
2026-03-14,44,0,wk inc flu hosp,2026-03-14,quantile,0.25,6.300296859434196
2026-03-14,44,0,wk inc flu hosp,2026-03-14,quantile,0.3,7.3386930428020865
2026-03-14,44,0,wk inc flu hosp,2026-03-14,quantile,0.35,8.462380981254633
2026-03-14,44,0,wk inc flu hosp,2026-03-14,quantile,0.4,8.81369686126709
2026-03-14,44,0,wk inc flu hosp,2026-03-14,quantile,0.45,9.31774323521636
2026-03-14,44,0,wk inc flu hosp,2026-03-14,quantile,0.5,10.416758955056183
2026-03-14,44,0,wk inc flu hosp,2026-03-14,quantile,0.55,11.49190064680817
2026-03-14,44,0,wk inc flu hosp,2026-03-14,quantile,0.6,12.42059795388474
2026-03-14,44,0,wk inc flu hosp,2026-03-14,quantile,0.65,13.573386494864732
2026-03-14,44,0,wk inc flu hosp,2026-03-14,quantile,0.7,15.0
2026-03-14,44,0,wk inc flu hosp,2026-03-14,quantile,0.75,16.0
2026-03-14,44,0,wk inc flu hosp,2026-03-14,quantile,0.8,17.0
2026-03-14,44,0,wk inc flu hosp,2026-03-14,quantile,0.85,18.0
2026-03-14,44,0,wk inc flu hosp,2026-03-14,quantile,0.9,20.0
2026-03-14,44,0,wk inc flu hosp,2026-03-14,quantile,0.95,24.0
2026-03-14,44,0,wk inc flu hosp,2026-03-14,quantile,0.975,26.0
2026-03-14,44,0,wk inc flu hosp,2026-03-14,quantile,0.99,30.0
2026-03-14,44,1,wk inc flu hosp,2026-03-21,quantile,0.01,1.0
2026-03-14,44,1,wk inc flu hosp,2026-03-21,quantile,0.025,1.0
2026-03-14,44,1,wk inc flu hosp,2026-03-21,quantile,0.05,2.0
2026-03-14,44,1,wk inc flu hosp,2026-03-21,quantile,0.1,3.0
2026-03-14,44,1,wk inc flu hosp,2026-03-21,quantile,0.15,4.0
2026-03-14,44,1,wk inc flu hosp,2026-03-21,quantile,0.2,4.0
2026-03-14,44,1,wk inc flu hosp,2026-03-21,quantile,0.25,4.0
2026-03-14,44,1,wk inc flu hosp,2026-03-21,quantile,0.3,5.0
2026-03-14,44,1,wk inc flu hosp,2026-03-21,quantile,0.35,6.127888163559864
2026-03-14,44,1,wk inc flu hosp,2026-03-21,quantile,0.4,7.0
2026-03-14,44,1,wk inc flu hosp,2026-03-21,quantile,0.45,7.0
2026-03-14,44,1,wk inc flu hosp,2026-03-21,quantile,0.5,8.0
2026-03-14,44,1,wk inc flu hosp,2026-03-21,quantile,0.55,9.0
2026-03-14,44,1,wk inc flu hosp,2026-03-21,quantile,0.6,11.0
2026-03-14,44,1,wk inc flu hosp,2026-03-21,quantile,0.65,12.0
2026-03-14,44,1,wk inc flu hosp,2026-03-21,quantile,0.7,13.0
2026-03-14,44,1,wk inc flu hosp,2026-03-21,quantile,0.75,15.0
2026-03-14,44,1,wk inc flu hosp,2026-03-21,quantile,0.8,18.0
2026-03-14,44,1,wk inc flu hosp,2026-03-21,quantile,0.85,20.0
2026-03-14,44,1,wk inc flu hosp,2026-03-21,quantile,0.9,22.0
2026-03-14,44,1,wk inc flu hosp,2026-03-21,quantile,0.95,27.0
2026-03-14,44,1,wk inc flu hosp,2026-03-21,quantile,0.975,31.0
2026-03-14,44,1,wk inc flu hosp,2026-03-21,quantile,0.99,36.0
2026-03-14,44,2,wk inc flu hosp,2026-03-28,quantile,0.01,0.0
2026-03-14,44,2,wk inc flu hosp,2026-03-28,quantile,0.025,0.0581957278923688
2026-03-14,44,2,wk inc flu hosp,2026-03-28,quantile,0.05,0.3010541821605738
2026-03-14,44,2,wk inc flu hosp,2026-03-28,quantile,0.1,2.0
2026-03-14,44,2,wk inc flu hosp,2026-03-28,quantile,0.15,2.0
2026-03-14,44,2,wk inc flu hosp,2026-03-28,quantile,0.2,3.0
2026-03-14,44,2,wk inc flu hosp,2026-03-28,quantile,0.25,3.0
2026-03-14,44,2,wk inc flu hosp,2026-03-28,quantile,0.3,4.0
2026-03-14,44,2,wk inc flu hosp,2026-03-28,quantile,0.35,4.436139583587647
2026-03-14,44,2,wk inc flu hosp,2026-03-28,quantile,0.4,4.655598163604736
2026-03-14,44,2,wk inc flu hosp,2026-03-28,quantile,0.45,5.0
2026-03-14,44,2,wk inc flu hosp,2026-03-28,quantile,0.5,5.097360610961914
2026-03-14,44,2,wk inc flu hosp,2026-03-28,quantile,0.55,7.0
2026-03-14,44,2,wk inc flu hosp,2026-03-28,quantile,0.6,8.0
2026-03-14,44,2,wk inc flu hosp,2026-03-28,quantile,0.65,9.0
2026-03-14,44,2,wk inc flu hosp,2026-03-28,quantile,0.7,11.0
2026-03-14,44,2,wk inc flu hosp,2026-03-28,quantile,0.75,14.0
2026-03-14,44,2,wk inc flu hosp,2026-03-28,quantile,0.8,17.0
2026-03-14,44,2,wk inc flu hosp,2026-03-28,quantile,0.85,20.0
2026-03-14,44,2,wk inc flu hosp,2026-03-28,quantile,0.9,24.0
2026-03-14,44,2,wk inc flu hosp,2026-03-28,quantile,0.95,29.0
2026-03-14,44,2,wk inc flu hosp,2026-03-28,quantile,0.975,35.0
2026-03-14,44,2,wk inc flu hosp,2026-03-28,quantile,0.99,41.0
2026-03-14,44,3,wk inc flu hosp,2026-04-04,quantile,0.01,0.0
2026-03-14,44,3,wk inc flu hosp,2026-04-04,quantile,0.025,0.0
2026-03-14,44,3,wk inc flu hosp,2026-04-04,quantile,0.05,0.1760732082606744
2026-03-14,44,3,wk inc flu hosp,2026-04-04,quantile,0.1,1.0
2026-03-14,44,3,wk inc flu hosp,2026-04-04,quantile,0.15,1.0
2026-03-14,44,3,wk inc flu hosp,2026-04-04,quantile,0.2,2.0
2026-03-14,44,3,wk inc flu hosp,2026-04-04,quantile,0.25,2.712913751602173
2026-03-14,44,3,wk inc flu hosp,2026-04-04,quantile,0.3,2.914416790008545
2026-03-14,44,3,wk inc flu hosp,2026-04-04,quantile,0.35,3.100469827651977
2026-03-14,44,3,wk inc flu hosp,2026-04-04,quantile,0.4,4.0
2026-03-14,44,3,wk inc flu hosp,2026-04-04,quantile,0.45,4.0
2026-03-14,44,3,wk inc flu hosp,2026-04-04,quantile,0.5,4.0
2026-03-14,44,3,wk inc flu hosp,2026-04-04,quantile,0.55,5.0
2026-03-14,44,3,wk inc flu hosp,2026-04-04,quantile,0.6,5.0
2026-03-14,44,3,wk inc flu hosp,2026-04-04,quantile,0.65,7.0
2026-03-14,44,3,wk inc flu hosp,2026-04-04,quantile,0.7,9.0
2026-03-14,44,3,wk inc flu hosp,2026-04-04,quantile,0.75,11.0
2026-03-14,44,3,wk inc flu hosp,2026-04-04,quantile,0.8,14.0
2026-03-14,44,3,wk inc flu hosp,2026-04-04,quantile,0.85,19.0
2026-03-14,44,3,wk inc flu hosp,2026-04-04,quantile,0.9,24.0
2026-03-14,44,3,wk inc flu hosp,2026-04-04,quantile,0.95,31.0
2026-03-14,44,3,wk inc flu hosp,2026-04-04,quantile,0.975,37.0
2026-03-14,44,3,wk inc flu hosp,2026-04-04,quantile,0.99,45.0
2026-03-14,45,0,wk inc flu hosp,2026-03-14,quantile,0.01,56.0
2026-03-14,45,0,wk inc flu hosp,2026-03-14,quantile,0.025,60.0
2026-03-14,45,0,wk inc flu hosp,2026-03-14,quantile,0.05,65.0
2026-03-14,45,0,wk inc flu hosp,2026-03-14,quantile,0.1,72.0
2026-03-14,45,0,wk inc flu hosp,2026-03-14,quantile,0.15,77.0
2026-03-14,45,0,wk inc flu hosp,2026-03-14,quantile,0.2,83.14210303407269
2026-03-14,45,0,wk inc flu hosp,2026-03-14,quantile,0.25,90.1937156768502
2026-03-14,45,0,wk inc flu hosp,2026-03-14,quantile,0.3,96.700158127158
2026-03-14,45,0,wk inc flu hosp,2026-03-14,quantile,0.35,102.0
2026-03-14,45,0,wk inc flu hosp,2026-03-14,quantile,0.4,105.81141844861968
2026-03-14,45,0,wk inc flu hosp,2026-03-14,quantile,0.45,110.95123853453514
2026-03-14,45,0,wk inc flu hosp,2026-03-14,quantile,0.5,114.74124145507812
2026-03-14,45,0,wk inc flu hosp,2026-03-14,quantile,0.55,117.36347198486328
2026-03-14,45,0,wk inc flu hosp,2026-03-14,quantile,0.6,120.0421142578125
2026-03-14,45,0,wk inc flu hosp,2026-03-14,quantile,0.65,123.0
2026-03-14,45,0,wk inc flu hosp,2026-03-14,quantile,0.7,132.0
2026-03-14,45,0,wk inc flu hosp,2026-03-14,quantile,0.75,141.0
2026-03-14,45,0,wk inc flu hosp,2026-03-14,quantile,0.8,145.0
2026-03-14,45,0,wk inc flu hosp,2026-03-14,quantile,0.85,152.0
2026-03-14,45,0,wk inc flu hosp,2026-03-14,quantile,0.9,161.0
2026-03-14,45,0,wk inc flu hosp,2026-03-14,quantile,0.95,177.0
2026-03-14,45,0,wk inc flu hosp,2026-03-14,quantile,0.975,182.0
2026-03-14,45,0,wk inc flu hosp,2026-03-14,quantile,0.99,191.0
2026-03-14,45,1,wk inc flu hosp,2026-03-21,quantile,0.01,21.0
2026-03-14,45,1,wk inc flu hosp,2026-03-21,quantile,0.025,25.49650981398244
2026-03-14,45,1,wk inc flu hosp,2026-03-21,quantile,0.05,30.92061556248971
2026-03-14,45,1,wk inc flu hosp,2026-03-21,quantile,0.1,37.60064465506625
2026-03-14,45,1,wk inc flu hosp,2026-03-21,quantile,0.15,43.901240094065486
2026-03-14,45,1,wk inc flu hosp,2026-03-21,quantile,0.2,51.02830976150649
2026-03-14,45,1,wk inc flu hosp,2026-03-21,quantile,0.25,61.2991879022841
2026-03-14,45,1,wk inc flu hosp,2026-03-21,quantile,0.3,71.0
2026-03-14,45,1,wk inc flu hosp,2026-03-21,quantile,0.35,77.0
2026-03-14,45,1,wk inc flu hosp,2026-03-21,quantile,0.4,80.0
2026-03-14,45,1,wk inc flu hosp,2026-03-21,quantile,0.45,83.67529201829291
2026-03-14,45,1,wk inc flu hosp,2026-03-21,quantile,0.5,90.0
2026-03-14,45,1,wk inc flu hosp,2026-03-21,quantile,0.55,96.0
2026-03-14,45,1,wk inc flu hosp,2026-03-21,quantile,0.6,98.0
2026-03-14,45,1,wk inc flu hosp,2026-03-21,quantile,0.65,102.6560287475586
2026-03-14,45,1,wk inc flu hosp,2026-03-21,quantile,0.7,108.0
2026-03-14,45,1,wk inc flu hosp,2026-03-21,quantile,0.75,116.0
2026-03-14,45,1,wk inc flu hosp,2026-03-21,quantile,0.8,121.0
2026-03-14,45,1,wk inc flu hosp,2026-03-21,quantile,0.85,134.0
2026-03-14,45,1,wk inc flu hosp,2026-03-21,quantile,0.9,144.0
2026-03-14,45,1,wk inc flu hosp,2026-03-21,quantile,0.95,168.0
2026-03-14,45,1,wk inc flu hosp,2026-03-21,quantile,0.975,195.0
2026-03-14,45,1,wk inc flu hosp,2026-03-21,quantile,0.99,222.0
2026-03-14,45,2,wk inc flu hosp,2026-03-28,quantile,0.01,10.0
2026-03-14,45,2,wk inc flu hosp,2026-03-28,quantile,0.025,14.0
2026-03-14,45,2,wk inc flu hosp,2026-03-28,quantile,0.05,21.0
2026-03-14,45,2,wk inc flu hosp,2026-03-28,quantile,0.1,32.87389086605959
2026-03-14,45,2,wk inc flu hosp,2026-03-28,quantile,0.15,40.32989381673031
2026-03-14,45,2,wk inc flu hosp,2026-03-28,quantile,0.2,47.70934783067563
2026-03-14,45,2,wk inc flu hosp,2026-03-28,quantile,0.25,53.0
2026-03-14,45,2,wk inc flu hosp,2026-03-28,quantile,0.3,59.39644551658304
2026-03-14,45,2,wk inc flu hosp,2026-03-28,quantile,0.35,66.45456648941567
2026-03-14,45,2,wk inc flu hosp,2026-03-28,quantile,0.4,71.82573518798088
2026-03-14,45,2,wk inc flu hosp,2026-03-28,quantile,0.45,76.82501220703125
2026-03-14,45,2,wk inc flu hosp,2026-03-28,quantile,0.5,78.80073547363281
2026-03-14,45,2,wk inc flu hosp,2026-03-28,quantile,0.55,80.69683074951172
2026-03-14,45,2,wk inc flu hosp,2026-03-28,quantile,0.6,82.62297058105469
2026-03-14,45,2,wk inc flu hosp,2026-03-28,quantile,0.65,85.0
2026-03-14,45,2,wk inc flu hosp,2026-03-28,quantile,0.7,87.370849609375
2026-03-14,45,2,wk inc flu hosp,2026-03-28,quantile,0.75,94.0
2026-03-14,45,2,wk inc flu hosp,2026-03-28,quantile,0.8,98.0
2026-03-14,45,2,wk inc flu hosp,2026-03-28,quantile,0.85,104.0
2026-03-14,45,2,wk inc flu hosp,2026-03-28,quantile,0.9,122.0
2026-03-14,45,2,wk inc flu hosp,2026-03-28,quantile,0.95,161.0
2026-03-14,45,2,wk inc flu hosp,2026-03-28,quantile,0.975,199.0
2026-03-14,45,2,wk inc flu hosp,2026-03-28,quantile,0.99,238.0
2026-03-14,45,3,wk inc flu hosp,2026-04-04,quantile,0.01,5.0
2026-03-14,45,3,wk inc flu hosp,2026-04-04,quantile,0.025,6.0
2026-03-14,45,3,wk inc flu hosp,2026-04-04,quantile,0.05,11.0
2026-03-14,45,3,wk inc flu hosp,2026-04-04,quantile,0.1,21.0
2026-03-14,45,3,wk inc flu hosp,2026-04-04,quantile,0.15,30.533445859300198
2026-03-14,45,3,wk inc flu hosp,2026-04-04,quantile,0.2,36.0
2026-03-14,45,3,wk inc flu hosp,2026-04-04,quantile,0.25,41.104548357644695
2026-03-14,45,3,wk inc flu hosp,2026-04-04,quantile,0.3,49.0
2026-03-14,45,3,wk inc flu hosp,2026-04-04,quantile,0.35,56.0
2026-03-14,45,3,wk inc flu hosp,2026-04-04,quantile,0.4,60.48180363408919
2026-03-14,45,3,wk inc flu hosp,2026-04-04,quantile,0.45,64.0497817993164
2026-03-14,45,3,wk inc flu hosp,2026-04-04,quantile,0.5,65.80646514892578
2026-03-14,45,3,wk inc flu hosp,2026-04-04,quantile,0.55,67.6869125366211
2026-03-14,45,3,wk inc flu hosp,2026-04-04,quantile,0.6,69.61717224121094
2026-03-14,45,3,wk inc flu hosp,2026-04-04,quantile,0.65,71.6496353149414
2026-03-14,45,3,wk inc flu hosp,2026-04-04,quantile,0.7,73.76018524169922
2026-03-14,45,3,wk inc flu hosp,2026-04-04,quantile,0.75,78.0
2026-03-14,45,3,wk inc flu hosp,2026-04-04,quantile,0.8,83.0
2026-03-14,45,3,wk inc flu hosp,2026-04-04,quantile,0.85,88.0
2026-03-14,45,3,wk inc flu hosp,2026-04-04,quantile,0.9,99.0
2026-03-14,45,3,wk inc flu hosp,2026-04-04,quantile,0.95,142.0
2026-03-14,45,3,wk inc flu hosp,2026-04-04,quantile,0.975,186.0
2026-03-14,45,3,wk inc flu hosp,2026-04-04,quantile,0.99,235.0
2026-03-14,46,0,wk inc flu hosp,2026-03-14,quantile,0.01,12.0
2026-03-14,46,0,wk inc flu hosp,2026-03-14,quantile,0.025,14.18250468974094
2026-03-14,46,0,wk inc flu hosp,2026-03-14,quantile,0.05,16.330408234888274
2026-03-14,46,0,wk inc flu hosp,2026-03-14,quantile,0.1,19.0
2026-03-14,46,0,wk inc flu hosp,2026-03-14,quantile,0.15,20.90595146397992
2026-03-14,46,0,wk inc flu hosp,2026-03-14,quantile,0.2,22.490295559231264
2026-03-14,46,0,wk inc flu hosp,2026-03-14,quantile,0.25,23.895635290926005
2026-03-14,46,0,wk inc flu hosp,2026-03-14,quantile,0.3,25.19396828846263
2026-03-14,46,0,wk inc flu hosp,2026-03-14,quantile,0.35,26.287029266357425
2026-03-14,46,0,wk inc flu hosp,2026-03-14,quantile,0.4,27.0
2026-03-14,46,0,wk inc flu hosp,2026-03-14,quantile,0.45,28.0
2026-03-14,46,0,wk inc flu hosp,2026-03-14,quantile,0.5,29.839505157651327
2026-03-14,46,0,wk inc flu hosp,2026-03-14,quantile,0.55,31.21377987899404
2026-03-14,46,0,wk inc flu hosp,2026-03-14,quantile,0.6,33.0
2026-03-14,46,0,wk inc flu hosp,2026-03-14,quantile,0.65,34.0
2026-03-14,46,0,wk inc flu hosp,2026-03-14,quantile,0.7,35.225046037890486
2026-03-14,46,0,wk inc flu hosp,2026-03-14,quantile,0.75,37.0
2026-03-14,46,0,wk inc flu hosp,2026-03-14,quantile,0.8,39.0
2026-03-14,46,0,wk inc flu hosp,2026-03-14,quantile,0.85,42.0
2026-03-14,46,0,wk inc flu hosp,2026-03-14,quantile,0.9,44.0
2026-03-14,46,0,wk inc flu hosp,2026-03-14,quantile,0.95,49.0
2026-03-14,46,0,wk inc flu hosp,2026-03-14,quantile,0.975,54.0
2026-03-14,46,0,wk inc flu hosp,2026-03-14,quantile,0.99,64.0
2026-03-14,46,1,wk inc flu hosp,2026-03-21,quantile,0.01,5.043000764279974
2026-03-14,46,1,wk inc flu hosp,2026-03-21,quantile,0.025,7.0
2026-03-14,46,1,wk inc flu hosp,2026-03-21,quantile,0.05,8.0
2026-03-14,46,1,wk inc flu hosp,2026-03-21,quantile,0.1,10.0
2026-03-14,46,1,wk inc flu hosp,2026-03-21,quantile,0.15,12.0
2026-03-14,46,1,wk inc flu hosp,2026-03-21,quantile,0.2,14.0
2026-03-14,46,1,wk inc flu hosp,2026-03-21,quantile,0.25,17.0
2026-03-14,46,1,wk inc flu hosp,2026-03-21,quantile,0.3,17.0
2026-03-14,46,1,wk inc flu hosp,2026-03-21,quantile,0.35,18.0
2026-03-14,46,1,wk inc flu hosp,2026-03-21,quantile,0.4,19.917188509777183
2026-03-14,46,1,wk inc flu hosp,2026-03-21,quantile,0.45,21.91726493835449
2026-03-14,46,1,wk inc flu hosp,2026-03-21,quantile,0.5,22.54278564453125
2026-03-14,46,1,wk inc flu hosp,2026-03-21,quantile,0.55,23.193077087402344
2026-03-14,46,1,wk inc flu hosp,2026-03-21,quantile,0.6,24.35607604114322
2026-03-14,46,1,wk inc flu hosp,2026-03-21,quantile,0.65,26.46457558048149
2026-03-14,46,1,wk inc flu hosp,2026-03-21,quantile,0.7,29.84582330338505
2026-03-14,46,1,wk inc flu hosp,2026-03-21,quantile,0.75,33.0
2026-03-14,46,1,wk inc flu hosp,2026-03-21,quantile,0.8,34.0
2026-03-14,46,1,wk inc flu hosp,2026-03-21,quantile,0.85,39.0
2026-03-14,46,1,wk inc flu hosp,2026-03-21,quantile,0.9,45.0
2026-03-14,46,1,wk inc flu hosp,2026-03-21,quantile,0.95,53.63260695178037
2026-03-14,46,1,wk inc flu hosp,2026-03-21,quantile,0.975,59.696385945643854
2026-03-14,46,1,wk inc flu hosp,2026-03-21,quantile,0.99,67.1550649262843
2026-03-14,46,2,wk inc flu hosp,2026-03-28,quantile,0.01,2.2927184674058867
2026-03-14,46,2,wk inc flu hosp,2026-03-28,quantile,0.025,4.0
2026-03-14,46,2,wk inc flu hosp,2026-03-28,quantile,0.05,5.0
2026-03-14,46,2,wk inc flu hosp,2026-03-28,quantile,0.1,7.0
2026-03-14,46,2,wk inc flu hosp,2026-03-28,quantile,0.15,8.508470652862664
2026-03-14,46,2,wk inc flu hosp,2026-03-28,quantile,0.2,10.502967192729956
2026-03-14,46,2,wk inc flu hosp,2026-03-28,quantile,0.25,12.402486075880512
2026-03-14,46,2,wk inc flu hosp,2026-03-28,quantile,0.3,14.082545526990572
2026-03-14,46,2,wk inc flu hosp,2026-03-28,quantile,0.35,15.877636126686022
2026-03-14,46,2,wk inc flu hosp,2026-03-28,quantile,0.4,16.698509216308594
2026-03-14,46,2,wk inc flu hosp,2026-03-28,quantile,0.45,17.260128021240234
2026-03-14,46,2,wk inc flu hosp,2026-03-28,quantile,0.5,18.7069309973043
2026-03-14,46,2,wk inc flu hosp,2026-03-28,quantile,0.55,20.585179527307336
2026-03-14,46,2,wk inc flu hosp,2026-03-28,quantile,0.6,22.852401102079824
2026-03-14,46,2,wk inc flu hosp,2026-03-28,quantile,0.65,24.0
2026-03-14,46,2,wk inc flu hosp,2026-03-28,quantile,0.7,25.0
2026-03-14,46,2,wk inc flu hosp,2026-03-28,quantile,0.75,27.0
2026-03-14,46,2,wk inc flu hosp,2026-03-28,quantile,0.8,28.0
2026-03-14,46,2,wk inc flu hosp,2026-03-28,quantile,0.85,33.0
2026-03-14,46,2,wk inc flu hosp,2026-03-28,quantile,0.9,42.0
2026-03-14,46,2,wk inc flu hosp,2026-03-28,quantile,0.95,55.0
2026-03-14,46,2,wk inc flu hosp,2026-03-28,quantile,0.975,64.0
2026-03-14,46,2,wk inc flu hosp,2026-03-28,quantile,0.99,73.0
2026-03-14,46,3,wk inc flu hosp,2026-04-04,quantile,0.01,1.7022111073272983
2026-03-14,46,3,wk inc flu hosp,2026-04-04,quantile,0.025,3.0
2026-03-14,46,3,wk inc flu hosp,2026-04-04,quantile,0.05,4.915810624794613
2026-03-14,46,3,wk inc flu hosp,2026-04-04,quantile,0.1,8.0
2026-03-14,46,3,wk inc flu hosp,2026-04-04,quantile,0.15,10.0
2026-03-14,46,3,wk inc flu hosp,2026-04-04,quantile,0.2,11.0
2026-03-14,46,3,wk inc flu hosp,2026-04-04,quantile,0.25,12.0
2026-03-14,46,3,wk inc flu hosp,2026-04-04,quantile,0.3,13.0
2026-03-14,46,3,wk inc flu hosp,2026-04-04,quantile,0.35,14.0
2026-03-14,46,3,wk inc flu hosp,2026-04-04,quantile,0.4,14.0
2026-03-14,46,3,wk inc flu hosp,2026-04-04,quantile,0.45,15.0
2026-03-14,46,3,wk inc flu hosp,2026-04-04,quantile,0.5,16.0
2026-03-14,46,3,wk inc flu hosp,2026-04-04,quantile,0.55,17.0
2026-03-14,46,3,wk inc flu hosp,2026-04-04,quantile,0.6,18.0
2026-03-14,46,3,wk inc flu hosp,2026-04-04,quantile,0.65,19.0
2026-03-14,46,3,wk inc flu hosp,2026-04-04,quantile,0.7,20.0
2026-03-14,46,3,wk inc flu hosp,2026-04-04,quantile,0.75,22.0
2026-03-14,46,3,wk inc flu hosp,2026-04-04,quantile,0.8,23.0
2026-03-14,46,3,wk inc flu hosp,2026-04-04,quantile,0.85,29.0
2026-03-14,46,3,wk inc flu hosp,2026-04-04,quantile,0.9,39.0
2026-03-14,46,3,wk inc flu hosp,2026-04-04,quantile,0.95,53.0
2026-03-14,46,3,wk inc flu hosp,2026-04-04,quantile,0.975,64.0
2026-03-14,46,3,wk inc flu hosp,2026-04-04,quantile,0.99,74.0
2026-03-14,47,0,wk inc flu hosp,2026-03-14,quantile,0.01,79.0
2026-03-14,47,0,wk inc flu hosp,2026-03-14,quantile,0.025,85.0
2026-03-14,47,0,wk inc flu hosp,2026-03-14,quantile,0.05,96.0
2026-03-14,47,0,wk inc flu hosp,2026-03-14,quantile,0.1,109.4289462976802
2026-03-14,47,0,wk inc flu hosp,2026-03-14,quantile,0.15,119.94741585028942
2026-03-14,47,0,wk inc flu hosp,2026-03-14,quantile,0.2,128.65135646563428
2026-03-14,47,0,wk inc flu hosp,2026-03-14,quantile,0.25,136.36150479511906
2026-03-14,47,0,wk inc flu hosp,2026-03-14,quantile,0.3,143.47666822911734
2026-03-14,47,0,wk inc flu hosp,2026-03-14,quantile,0.35,150.2314455112388
2026-03-14,47,0,wk inc flu hosp,2026-03-14,quantile,0.4,154.0
2026-03-14,47,0,wk inc flu hosp,2026-03-14,quantile,0.45,160.3469133445073
2026-03-14,47,0,wk inc flu hosp,2026-03-14,quantile,0.5,168.76824715780697
2026-03-14,47,0,wk inc flu hosp,2026-03-14,quantile,0.55,176.0
2026-03-14,47,0,wk inc flu hosp,2026-03-14,quantile,0.6,178.0
2026-03-14,47,0,wk inc flu hosp,2026-03-14,quantile,0.65,184.0
2026-03-14,47,0,wk inc flu hosp,2026-03-14,quantile,0.7,191.81495200275236
2026-03-14,47,0,wk inc flu hosp,2026-03-14,quantile,0.75,205.77747903491635
2026-03-14,47,0,wk inc flu hosp,2026-03-14,quantile,0.8,216.55209032360548
2026-03-14,47,0,wk inc flu hosp,2026-03-14,quantile,0.85,228.19475075253536
2026-03-14,47,0,wk inc flu hosp,2026-03-14,quantile,0.9,243.27695130817025
2026-03-14,47,0,wk inc flu hosp,2026-03-14,quantile,0.95,261.33770751953125
2026-03-14,47,0,wk inc flu hosp,2026-03-14,quantile,0.975,275.0
2026-03-14,47,0,wk inc flu hosp,2026-03-14,quantile,0.99,290.0
2026-03-14,47,1,wk inc flu hosp,2026-03-21,quantile,0.01,45.0
2026-03-14,47,1,wk inc flu hosp,2026-03-21,quantile,0.025,56.0
2026-03-14,47,1,wk inc flu hosp,2026-03-21,quantile,0.05,61.0
2026-03-14,47,1,wk inc flu hosp,2026-03-21,quantile,0.1,73.45664394611771
2026-03-14,47,1,wk inc flu hosp,2026-03-21,quantile,0.15,83.92486973685475
2026-03-14,47,1,wk inc flu hosp,2026-03-21,quantile,0.2,94.29045394308795
2026-03-14,47,1,wk inc flu hosp,2026-03-21,quantile,0.25,106.6964756004484
2026-03-14,47,1,wk inc flu hosp,2026-03-21,quantile,0.3,117.0
2026-03-14,47,1,wk inc flu hosp,2026-03-21,quantile,0.35,122.64776648987647
2026-03-14,47,1,wk inc flu hosp,2026-03-21,quantile,0.4,130.54952099317626
2026-03-14,47,1,wk inc flu hosp,2026-03-21,quantile,0.45,141.0
2026-03-14,47,1,wk inc flu hosp,2026-03-21,quantile,0.5,143.0
2026-03-14,47,1,wk inc flu hosp,2026-03-21,quantile,0.55,147.0
2026-03-14,47,1,wk inc flu hosp,2026-03-21,quantile,0.6,156.2597727645349
2026-03-14,47,1,wk inc flu hosp,2026-03-21,quantile,0.65,168.15413626437294
2026-03-14,47,1,wk inc flu hosp,2026-03-21,quantile,0.7,183.3082982533656
2026-03-14,47,1,wk inc flu hosp,2026-03-21,quantile,0.75,199.78666304928072
2026-03-14,47,1,wk inc flu hosp,2026-03-21,quantile,0.8,214.0
2026-03-14,47,1,wk inc flu hosp,2026-03-21,quantile,0.85,224.53663635253903
2026-03-14,47,1,wk inc flu hosp,2026-03-21,quantile,0.9,237.0349578857422
2026-03-14,47,1,wk inc flu hosp,2026-03-21,quantile,0.95,257.8070678710937
2026-03-14,47,1,wk inc flu hosp,2026-03-21,quantile,0.975,275.24755859375
2026-03-14,47,1,wk inc flu hosp,2026-03-21,quantile,0.99,304.0
2026-03-14,47,2,wk inc flu hosp,2026-03-28,quantile,0.01,28.0
2026-03-14,47,2,wk inc flu hosp,2026-03-28,quantile,0.025,36.343891844136216
2026-03-14,47,2,wk inc flu hosp,2026-03-28,quantile,0.05,40.564492958196034
2026-03-14,47,2,wk inc flu hosp,2026-03-28,quantile,0.1,50.01904773273111
2026-03-14,47,2,wk inc flu hosp,2026-03-28,quantile,0.15,66.16379805407479
2026-03-14,47,2,wk inc flu hosp,2026-03-28,quantile,0.2,81.39540531089746
2026-03-14,47,2,wk inc flu hosp,2026-03-28,quantile,0.25,89.0
2026-03-14,47,2,wk inc flu hosp,2026-03-28,quantile,0.3,94.0
2026-03-14,47,2,wk inc flu hosp,2026-03-28,quantile,0.35,97.0
2026-03-14,47,2,wk inc flu hosp,2026-03-28,quantile,0.4,100.191377980763
2026-03-14,47,2,wk inc flu hosp,2026-03-28,quantile,0.45,110.15081598351264
2026-03-14,47,2,wk inc flu hosp,2026-03-28,quantile,0.5,118.0
2026-03-14,47,2,wk inc flu hosp,2026-03-28,quantile,0.55,122.0
2026-03-14,47,2,wk inc flu hosp,2026-03-28,quantile,0.6,126.0
2026-03-14,47,2,wk inc flu hosp,2026-03-28,quantile,0.65,130.8936861849443
2026-03-14,47,2,wk inc flu hosp,2026-03-28,quantile,0.7,142.7424373446766
2026-03-14,47,2,wk inc flu hosp,2026-03-28,quantile,0.75,157.25442466766117
2026-03-14,47,2,wk inc flu hosp,2026-03-28,quantile,0.8,178.33925512390456
2026-03-14,47,2,wk inc flu hosp,2026-03-28,quantile,0.85,196.55984497070312
2026-03-14,47,2,wk inc flu hosp,2026-03-28,quantile,0.9,210.43405151367188
2026-03-14,47,2,wk inc flu hosp,2026-03-28,quantile,0.95,233.24087524414065
2026-03-14,47,2,wk inc flu hosp,2026-03-28,quantile,0.975,253.0
2026-03-14,47,2,wk inc flu hosp,2026-03-28,quantile,0.99,315.0
2026-03-14,47,3,wk inc flu hosp,2026-04-04,quantile,0.01,16.0
2026-03-14,47,3,wk inc flu hosp,2026-04-04,quantile,0.025,27.0
2026-03-14,47,3,wk inc flu hosp,2026-04-04,quantile,0.05,33.17527854575981
2026-03-14,47,3,wk inc flu hosp,2026-04-04,quantile,0.1,40.64472342313153
2026-03-14,47,3,wk inc flu hosp,2026-04-04,quantile,0.15,56.90086916105148
2026-03-14,47,3,wk inc flu hosp,2026-04-04,quantile,0.2,67.0
2026-03-14,47,3,wk inc flu hosp,2026-04-04,quantile,0.25,71.0
2026-03-14,47,3,wk inc flu hosp,2026-04-04,quantile,0.3,74.0
2026-03-14,47,3,wk inc flu hosp,2026-04-04,quantile,0.35,77.0
2026-03-14,47,3,wk inc flu hosp,2026-04-04,quantile,0.4,85.16884318720689
2026-03-14,47,3,wk inc flu hosp,2026-04-04,quantile,0.45,94.5254845545939
2026-03-14,47,3,wk inc flu hosp,2026-04-04,quantile,0.5,98.0
2026-03-14,47,3,wk inc flu hosp,2026-04-04,quantile,0.55,103.0
2026-03-14,47,3,wk inc flu hosp,2026-04-04,quantile,0.6,106.0
2026-03-14,47,3,wk inc flu hosp,2026-04-04,quantile,0.65,111.0
2026-03-14,47,3,wk inc flu hosp,2026-04-04,quantile,0.7,117.55731629955208
2026-03-14,47,3,wk inc flu hosp,2026-04-04,quantile,0.75,129.31309641327823
2026-03-14,47,3,wk inc flu hosp,2026-04-04,quantile,0.8,146.1185430605583
2026-03-14,47,3,wk inc flu hosp,2026-04-04,quantile,0.85,165.3869889905423
2026-03-14,47,3,wk inc flu hosp,2026-04-04,quantile,0.9,181.65695190429688
2026-03-14,47,3,wk inc flu hosp,2026-04-04,quantile,0.95,203.44960021972656
2026-03-14,47,3,wk inc flu hosp,2026-04-04,quantile,0.975,223.78009033203125
2026-03-14,47,3,wk inc flu hosp,2026-04-04,quantile,0.99,278.0
2026-03-14,48,0,wk inc flu hosp,2026-03-14,quantile,0.01,243.0
2026-03-14,48,0,wk inc flu hosp,2026-03-14,quantile,0.025,278.2579188433843
2026-03-14,48,0,wk inc flu hosp,2026-03-14,quantile,0.05,311.89700192411897
2026-03-14,48,0,wk inc flu hosp,2026-03-14,quantile,0.1,353.062381273358
2026-03-14,48,0,wk inc flu hosp,2026-03-14,quantile,0.15,375.0
2026-03-14,48,0,wk inc flu hosp,2026-03-14,quantile,0.2,392.0
2026-03-14,48,0,wk inc flu hosp,2026-03-14,quantile,0.25,414.8231294018522
2026-03-14,48,0,wk inc flu hosp,2026-03-14,quantile,0.3,441.96061474137446
2026-03-14,48,0,wk inc flu hosp,2026-03-14,quantile,0.35,465.5215118554698
2026-03-14,48,0,wk inc flu hosp,2026-03-14,quantile,0.4,483.3927883004887
2026-03-14,48,0,wk inc flu hosp,2026-03-14,quantile,0.45,506.445036382052
2026-03-14,48,0,wk inc flu hosp,2026-03-14,quantile,0.5,518.643302885338
2026-03-14,48,0,wk inc flu hosp,2026-03-14,quantile,0.55,536.5879483500269
2026-03-14,48,0,wk inc flu hosp,2026-03-14,quantile,0.6,555.1342752474118
2026-03-14,48,0,wk inc flu hosp,2026-03-14,quantile,0.65,574.6345148028269
2026-03-14,48,0,wk inc flu hosp,2026-03-14,quantile,0.7,595.5491138123142
2026-03-14,48,0,wk inc flu hosp,2026-03-14,quantile,0.75,618.5386481583666
2026-03-14,48,0,wk inc flu hosp,2026-03-14,quantile,0.8,644.650903208082
2026-03-14,48,0,wk inc flu hosp,2026-03-14,quantile,0.85,675.7692863425078
2026-03-14,48,0,wk inc flu hosp,2026-03-14,quantile,0.9,715.9653463096098
2026-03-14,48,0,wk inc flu hosp,2026-03-14,quantile,0.95,777.6779149361191
2026-03-14,48,0,wk inc flu hosp,2026-03-14,quantile,0.975,821.5238647460938
2026-03-14,48,0,wk inc flu hosp,2026-03-14,quantile,0.99,863.0
2026-03-14,48,1,wk inc flu hosp,2026-03-21,quantile,0.01,125.0
2026-03-14,48,1,wk inc flu hosp,2026-03-21,quantile,0.025,161.1800910199516
2026-03-14,48,1,wk inc flu hosp,2026-03-21,quantile,0.05,193.1893372824397
2026-03-14,48,1,wk inc flu hosp,2026-03-21,quantile,0.1,238.6207116782649
2026-03-14,48,1,wk inc flu hosp,2026-03-21,quantile,0.15,272.0
2026-03-14,48,1,wk inc flu hosp,2026-03-21,quantile,0.2,310.7156464881721
2026-03-14,48,1,wk inc flu hosp,2026-03-21,quantile,0.25,343.0
2026-03-14,48,1,wk inc flu hosp,2026-03-21,quantile,0.3,368.0
2026-03-14,48,1,wk inc flu hosp,2026-03-21,quantile,0.35,394.85428259446337
2026-03-14,48,1,wk inc flu hosp,2026-03-21,quantile,0.4,418.0
2026-03-14,48,1,wk inc flu hosp,2026-03-21,quantile,0.45,438.0
2026-03-14,48,1,wk inc flu hosp,2026-03-21,quantile,0.5,462.0
2026-03-14,48,1,wk inc flu hosp,2026-03-21,quantile,0.55,486.0
2026-03-14,48,1,wk inc flu hosp,2026-03-21,quantile,0.6,512.0
2026-03-14,48,1,wk inc flu hosp,2026-03-21,quantile,0.65,538.0
2026-03-14,48,1,wk inc flu hosp,2026-03-21,quantile,0.7,553.049072265625
2026-03-14,48,1,wk inc flu hosp,2026-03-21,quantile,0.75,566.2540283203125
2026-03-14,48,1,wk inc flu hosp,2026-03-21,quantile,0.8,580.3519897460938
2026-03-14,48,1,wk inc flu hosp,2026-03-21,quantile,0.85,603.0
2026-03-14,48,1,wk inc flu hosp,2026-03-21,quantile,0.9,684.0
2026-03-14,48,1,wk inc flu hosp,2026-03-21,quantile,0.95,829.0
2026-03-14,48,1,wk inc flu hosp,2026-03-21,quantile,0.975,911.0
2026-03-14,48,1,wk inc flu hosp,2026-03-21,quantile,0.99,1012.0
2026-03-14,48,2,wk inc flu hosp,2026-03-28,quantile,0.01,70.13148564078757
2026-03-14,48,2,wk inc flu hosp,2026-03-28,quantile,0.025,87.06466118483796
2026-03-14,48,2,wk inc flu hosp,2026-03-28,quantile,0.05,125.29181078170842
2026-03-14,48,2,wk inc flu hosp,2026-03-28,quantile,0.1,192.0
2026-03-14,48,2,wk inc flu hosp,2026-03-28,quantile,0.15,237.0
2026-03-14,48,2,wk inc flu hosp,2026-03-28,quantile,0.2,269.0
2026-03-14,48,2,wk inc flu hosp,2026-03-28,quantile,0.25,299.0
2026-03-14,48,2,wk inc flu hosp,2026-03-28,quantile,0.3,327.0
2026-03-14,48,2,wk inc flu hosp,2026-03-28,quantile,0.35,354.0
2026-03-14,48,2,wk inc flu hosp,2026-03-28,quantile,0.4,380.0
2026-03-14,48,2,wk inc flu hosp,2026-03-28,quantile,0.45,407.0
2026-03-14,48,2,wk inc flu hosp,2026-03-28,quantile,0.5,417.5325622558594
2026-03-14,48,2,wk inc flu hosp,2026-03-28,quantile,0.55,427.5556640625
2026-03-14,48,2,wk inc flu hosp,2026-03-28,quantile,0.6,437.383056640625
2026-03-14,48,2,wk inc flu hosp,2026-03-28,quantile,0.65,447.7957458496094
2026-03-14,48,2,wk inc flu hosp,2026-03-28,quantile,0.7,458.9001770019531
2026-03-14,48,2,wk inc flu hosp,2026-03-28,quantile,0.75,471.2420043945313
2026-03-14,48,2,wk inc flu hosp,2026-03-28,quantile,0.8,485.5202331542969
2026-03-14,48,2,wk inc flu hosp,2026-03-28,quantile,0.85,524.0
2026-03-14,48,2,wk inc flu hosp,2026-03-28,quantile,0.9,634.0
2026-03-14,48,2,wk inc flu hosp,2026-03-28,quantile,0.95,840.0
2026-03-14,48,2,wk inc flu hosp,2026-03-28,quantile,0.975,970.0
2026-03-14,48,2,wk inc flu hosp,2026-03-28,quantile,0.99,1094.0
2026-03-14,48,3,wk inc flu hosp,2026-04-04,quantile,0.01,28.0
2026-03-14,48,3,wk inc flu hosp,2026-04-04,quantile,0.025,39.908700121972
2026-03-14,48,3,wk inc flu hosp,2026-04-04,quantile,0.05,75.09253137209622
2026-03-14,48,3,wk inc flu hosp,2026-04-04,quantile,0.1,145.0
2026-03-14,48,3,wk inc flu hosp,2026-04-04,quantile,0.15,181.0044977235704
2026-03-14,48,3,wk inc flu hosp,2026-04-04,quantile,0.2,216.0
2026-03-14,48,3,wk inc flu hosp,2026-04-04,quantile,0.25,251.0
2026-03-14,48,3,wk inc flu hosp,2026-04-04,quantile,0.3,274.0
2026-03-14,48,3,wk inc flu hosp,2026-04-04,quantile,0.35,302.0
2026-03-14,48,3,wk inc flu hosp,2026-04-04,quantile,0.4,330.0
2026-03-14,48,3,wk inc flu hosp,2026-04-04,quantile,0.45,346.3210144042969
2026-03-14,48,3,wk inc flu hosp,2026-04-04,quantile,0.5,355.2069702148437
2026-03-14,48,3,wk inc flu hosp,2026-04-04,quantile,0.55,364.3674926757813
2026-03-14,48,3,wk inc flu hosp,2026-04-04,quantile,0.6,373.5426330566406
2026-03-14,48,3,wk inc flu hosp,2026-04-04,quantile,0.65,383.1408386230469
2026-03-14,48,3,wk inc flu hosp,2026-04-04,quantile,0.7,393.4063415527344
2026-03-14,48,3,wk inc flu hosp,2026-04-04,quantile,0.75,403.99951171875
2026-03-14,48,3,wk inc flu hosp,2026-04-04,quantile,0.8,417.37603759765625
2026-03-14,48,3,wk inc flu hosp,2026-04-04,quantile,0.85,434.4351196289063
2026-03-14,48,3,wk inc flu hosp,2026-04-04,quantile,0.9,529.0
2026-03-14,48,3,wk inc flu hosp,2026-04-04,quantile,0.95,742.0
2026-03-14,48,3,wk inc flu hosp,2026-04-04,quantile,0.975,937.0
2026-03-14,48,3,wk inc flu hosp,2026-04-04,quantile,0.99,1111.0
2026-03-14,49,0,wk inc flu hosp,2026-03-14,quantile,0.01,5.0
2026-03-14,49,0,wk inc flu hosp,2026-03-14,quantile,0.025,6.0
2026-03-14,49,0,wk inc flu hosp,2026-03-14,quantile,0.05,7.0
2026-03-14,49,0,wk inc flu hosp,2026-03-14,quantile,0.1,9.0
2026-03-14,49,0,wk inc flu hosp,2026-03-14,quantile,0.15,11.0
2026-03-14,49,0,wk inc flu hosp,2026-03-14,quantile,0.2,11.0
2026-03-14,49,0,wk inc flu hosp,2026-03-14,quantile,0.25,12.0
2026-03-14,49,0,wk inc flu hosp,2026-03-14,quantile,0.3,12.0
2026-03-14,49,0,wk inc flu hosp,2026-03-14,quantile,0.35,13.0
2026-03-14,49,0,wk inc flu hosp,2026-03-14,quantile,0.4,13.78100122648497
2026-03-14,49,0,wk inc flu hosp,2026-03-14,quantile,0.45,14.922634266129451
2026-03-14,49,0,wk inc flu hosp,2026-03-14,quantile,0.5,15.570355415344238
2026-03-14,49,0,wk inc flu hosp,2026-03-14,quantile,0.55,16.088733673095703
2026-03-14,49,0,wk inc flu hosp,2026-03-14,quantile,0.6,17.0
2026-03-14,49,0,wk inc flu hosp,2026-03-14,quantile,0.65,19.0
2026-03-14,49,0,wk inc flu hosp,2026-03-14,quantile,0.7,20.49046977806108
2026-03-14,49,0,wk inc flu hosp,2026-03-14,quantile,0.75,22.544810758562942
2026-03-14,49,0,wk inc flu hosp,2026-03-14,quantile,0.8,25.53609405756578
2026-03-14,49,0,wk inc flu hosp,2026-03-14,quantile,0.85,30.60963354087992
2026-03-14,49,0,wk inc flu hosp,2026-03-14,quantile,0.9,34.15241189065438
2026-03-14,49,0,wk inc flu hosp,2026-03-14,quantile,0.95,39.478720013578766
2026-03-14,49,0,wk inc flu hosp,2026-03-14,quantile,0.975,44.41092680530903
2026-03-14,49,0,wk inc flu hosp,2026-03-14,quantile,0.99,50.51059934798283
2026-03-14,49,1,wk inc flu hosp,2026-03-21,quantile,0.01,2.260143222019501
2026-03-14,49,1,wk inc flu hosp,2026-03-21,quantile,0.025,2.864048574740536
2026-03-14,49,1,wk inc flu hosp,2026-03-21,quantile,0.05,3.679610664751026
2026-03-14,49,1,wk inc flu hosp,2026-03-21,quantile,0.1,5.0
2026-03-14,49,1,wk inc flu hosp,2026-03-21,quantile,0.15,6.0
2026-03-14,49,1,wk inc flu hosp,2026-03-21,quantile,0.2,7.282373250326607
2026-03-14,49,1,wk inc flu hosp,2026-03-21,quantile,0.25,8.625784182779752
2026-03-14,49,1,wk inc flu hosp,2026-03-21,quantile,0.3,9.72381179882118
2026-03-14,49,1,wk inc flu hosp,2026-03-21,quantile,0.35,10.328906059265137
2026-03-14,49,1,wk inc flu hosp,2026-03-21,quantile,0.4,10.76470184326172
2026-03-14,49,1,wk inc flu hosp,2026-03-21,quantile,0.45,11.192530632019045
2026-03-14,49,1,wk inc flu hosp,2026-03-21,quantile,0.5,11.687393188476562
2026-03-14,49,1,wk inc flu hosp,2026-03-21,quantile,0.55,12.161345191342065
2026-03-14,49,1,wk inc flu hosp,2026-03-21,quantile,0.6,12.953650348493754
2026-03-14,49,1,wk inc flu hosp,2026-03-21,quantile,0.65,13.960043977194768
2026-03-14,49,1,wk inc flu hosp,2026-03-21,quantile,0.7,15.09764078743152
2026-03-14,49,1,wk inc flu hosp,2026-03-21,quantile,0.75,17.067705428447876
2026-03-14,49,1,wk inc flu hosp,2026-03-21,quantile,0.8,20.0
2026-03-14,49,1,wk inc flu hosp,2026-03-21,quantile,0.85,24.0
2026-03-14,49,1,wk inc flu hosp,2026-03-21,quantile,0.9,30.0
2026-03-14,49,1,wk inc flu hosp,2026-03-21,quantile,0.95,36.0
2026-03-14,49,1,wk inc flu hosp,2026-03-21,quantile,0.975,43.594548867631325
2026-03-14,49,1,wk inc flu hosp,2026-03-21,quantile,0.99,56.86228801244089
2026-03-14,49,2,wk inc flu hosp,2026-03-28,quantile,0.01,0.0
2026-03-14,49,2,wk inc flu hosp,2026-03-28,quantile,0.025,0.0
2026-03-14,49,2,wk inc flu hosp,2026-03-28,quantile,0.05,2.0
2026-03-14,49,2,wk inc flu hosp,2026-03-28,quantile,0.1,3.0
2026-03-14,49,2,wk inc flu hosp,2026-03-28,quantile,0.15,4.0
2026-03-14,49,2,wk inc flu hosp,2026-03-28,quantile,0.2,5.086804852036089
2026-03-14,49,2,wk inc flu hosp,2026-03-28,quantile,0.25,6.494129321054947
2026-03-14,49,2,wk inc flu hosp,2026-03-28,quantile,0.3,7.639661009297118
2026-03-14,49,2,wk inc flu hosp,2026-03-28,quantile,0.35,8.883724655180949
2026-03-14,49,2,wk inc flu hosp,2026-03-28,quantile,0.4,10.0
2026-03-14,49,2,wk inc flu hosp,2026-03-28,quantile,0.45,11.0
2026-03-14,49,2,wk inc flu hosp,2026-03-28,quantile,0.5,12.0
2026-03-14,49,2,wk inc flu hosp,2026-03-28,quantile,0.55,13.0
2026-03-14,49,2,wk inc flu hosp,2026-03-28,quantile,0.6,14.0
2026-03-14,49,2,wk inc flu hosp,2026-03-28,quantile,0.65,15.960030522661798
2026-03-14,49,2,wk inc flu hosp,2026-03-28,quantile,0.7,17.0
2026-03-14,49,2,wk inc flu hosp,2026-03-28,quantile,0.75,18.0
2026-03-14,49,2,wk inc flu hosp,2026-03-28,quantile,0.8,20.0
2026-03-14,49,2,wk inc flu hosp,2026-03-28,quantile,0.85,23.0
2026-03-14,49,2,wk inc flu hosp,2026-03-28,quantile,0.9,26.61849638850924
2026-03-14,49,2,wk inc flu hosp,2026-03-28,quantile,0.95,32.321849325163974
2026-03-14,49,2,wk inc flu hosp,2026-03-28,quantile,0.975,38.13607069261048
2026-03-14,49,2,wk inc flu hosp,2026-03-28,quantile,0.99,45.6173456372905
2026-03-14,49,3,wk inc flu hosp,2026-04-04,quantile,0.01,0.0
2026-03-14,49,3,wk inc flu hosp,2026-04-04,quantile,0.025,0.0
2026-03-14,49,3,wk inc flu hosp,2026-04-04,quantile,0.05,1.0
2026-03-14,49,3,wk inc flu hosp,2026-04-04,quantile,0.1,2.0
2026-03-14,49,3,wk inc flu hosp,2026-04-04,quantile,0.15,2.552205548509221
2026-03-14,49,3,wk inc flu hosp,2026-04-04,quantile,0.2,3.4435592078940265
2026-03-14,49,3,wk inc flu hosp,2026-04-04,quantile,0.25,4.758707046508789
2026-03-14,49,3,wk inc flu hosp,2026-04-04,quantile,0.3,5.0
2026-03-14,49,3,wk inc flu hosp,2026-04-04,quantile,0.35,5.5809485912527625
2026-03-14,49,3,wk inc flu hosp,2026-04-04,quantile,0.4,6.3618138097145325
2026-03-14,49,3,wk inc flu hosp,2026-04-04,quantile,0.45,7.0
2026-03-14,49,3,wk inc flu hosp,2026-04-04,quantile,0.5,7.0
2026-03-14,49,3,wk inc flu hosp,2026-04-04,quantile,0.55,7.381801538368618
2026-03-14,49,3,wk inc flu hosp,2026-04-04,quantile,0.6,8.120140041615757
2026-03-14,49,3,wk inc flu hosp,2026-04-04,quantile,0.65,8.971245824938865
2026-03-14,49,3,wk inc flu hosp,2026-04-04,quantile,0.7,10.119541105492164
2026-03-14,49,3,wk inc flu hosp,2026-04-04,quantile,0.75,11.479038788026696
2026-03-14,49,3,wk inc flu hosp,2026-04-04,quantile,0.8,13.351224644480036
2026-03-14,49,3,wk inc flu hosp,2026-04-04,quantile,0.85,17.0
2026-03-14,49,3,wk inc flu hosp,2026-04-04,quantile,0.9,20.049514915234383
2026-03-14,49,3,wk inc flu hosp,2026-04-04,quantile,0.95,29.184972959663213
2026-03-14,49,3,wk inc flu hosp,2026-04-04,quantile,0.975,41.85224698053064
2026-03-14,49,3,wk inc flu hosp,2026-04-04,quantile,0.99,56.69054944021809
2026-03-14,50,0,wk inc flu hosp,2026-03-14,quantile,0.01,3.4777011833765066
2026-03-14,50,0,wk inc flu hosp,2026-03-14,quantile,0.025,4.618564064767752
2026-03-14,50,0,wk inc flu hosp,2026-03-14,quantile,0.05,5.729002969743898
2026-03-14,50,0,wk inc flu hosp,2026-03-14,quantile,0.1,6.0
2026-03-14,50,0,wk inc flu hosp,2026-03-14,quantile,0.15,7.74776029586792
2026-03-14,50,0,wk inc flu hosp,2026-03-14,quantile,0.2,8.001916924327556
2026-03-14,50,0,wk inc flu hosp,2026-03-14,quantile,0.25,9.0
2026-03-14,50,0,wk inc flu hosp,2026-03-14,quantile,0.3,9.681370876312007
2026-03-14,50,0,wk inc flu hosp,2026-03-14,quantile,0.35,10.565796724245727
2026-03-14,50,0,wk inc flu hosp,2026-03-14,quantile,0.4,11.45750678834047
2026-03-14,50,0,wk inc flu hosp,2026-03-14,quantile,0.45,12.0
2026-03-14,50,0,wk inc flu hosp,2026-03-14,quantile,0.5,13.0
2026-03-14,50,0,wk inc flu hosp,2026-03-14,quantile,0.55,14.0
2026-03-14,50,0,wk inc flu hosp,2026-03-14,quantile,0.6,14.0
2026-03-14,50,0,wk inc flu hosp,2026-03-14,quantile,0.65,15.0
2026-03-14,50,0,wk inc flu hosp,2026-03-14,quantile,0.7,15.0
2026-03-14,50,0,wk inc flu hosp,2026-03-14,quantile,0.75,16.0
2026-03-14,50,0,wk inc flu hosp,2026-03-14,quantile,0.8,17.0
2026-03-14,50,0,wk inc flu hosp,2026-03-14,quantile,0.85,18.0
2026-03-14,50,0,wk inc flu hosp,2026-03-14,quantile,0.9,19.0
2026-03-14,50,0,wk inc flu hosp,2026-03-14,quantile,0.95,21.0
2026-03-14,50,0,wk inc flu hosp,2026-03-14,quantile,0.975,23.0
2026-03-14,50,0,wk inc flu hosp,2026-03-14,quantile,0.99,24.0
2026-03-14,50,1,wk inc flu hosp,2026-03-21,quantile,0.01,1.407400227837808
2026-03-14,50,1,wk inc flu hosp,2026-03-21,quantile,0.025,2.0368844736273437
2026-03-14,50,1,wk inc flu hosp,2026-03-21,quantile,0.05,3.005054605570103
2026-03-14,50,1,wk inc flu hosp,2026-03-21,quantile,0.1,4.399892240518359
2026-03-14,50,1,wk inc flu hosp,2026-03-21,quantile,0.15,5.369466304779053
2026-03-14,50,1,wk inc flu hosp,2026-03-21,quantile,0.2,6.0
2026-03-14,50,1,wk inc flu hosp,2026-03-21,quantile,0.25,7.0
2026-03-14,50,1,wk inc flu hosp,2026-03-21,quantile,0.3,8.0
2026-03-14,50,1,wk inc flu hosp,2026-03-21,quantile,0.35,9.0
2026-03-14,50,1,wk inc flu hosp,2026-03-21,quantile,0.4,10.0
2026-03-14,50,1,wk inc flu hosp,2026-03-21,quantile,0.45,10.0
2026-03-14,50,1,wk inc flu hosp,2026-03-21,quantile,0.5,11.0
2026-03-14,50,1,wk inc flu hosp,2026-03-21,quantile,0.55,12.0
2026-03-14,50,1,wk inc flu hosp,2026-03-21,quantile,0.6,12.0
2026-03-14,50,1,wk inc flu hosp,2026-03-21,quantile,0.65,12.0
2026-03-14,50,1,wk inc flu hosp,2026-03-21,quantile,0.7,13.0
2026-03-14,50,1,wk inc flu hosp,2026-03-21,quantile,0.75,14.0
2026-03-14,50,1,wk inc flu hosp,2026-03-21,quantile,0.8,16.0
2026-03-14,50,1,wk inc flu hosp,2026-03-21,quantile,0.85,18.0
2026-03-14,50,1,wk inc flu hosp,2026-03-21,quantile,0.9,22.0
2026-03-14,50,1,wk inc flu hosp,2026-03-21,quantile,0.95,28.0
2026-03-14,50,1,wk inc flu hosp,2026-03-21,quantile,0.975,32.0
2026-03-14,50,1,wk inc flu hosp,2026-03-21,quantile,0.99,38.0
2026-03-14,50,2,wk inc flu hosp,2026-03-28,quantile,0.01,0.2033027089869032
2026-03-14,50,2,wk inc flu hosp,2026-03-28,quantile,0.025,1.0
2026-03-14,50,2,wk inc flu hosp,2026-03-28,quantile,0.05,2.0
2026-03-14,50,2,wk inc flu hosp,2026-03-28,quantile,0.1,3.460502288949136
2026-03-14,50,2,wk inc flu hosp,2026-03-28,quantile,0.15,4.0
2026-03-14,50,2,wk inc flu hosp,2026-03-28,quantile,0.2,5.0
2026-03-14,50,2,wk inc flu hosp,2026-03-28,quantile,0.25,6.0
2026-03-14,50,2,wk inc flu hosp,2026-03-28,quantile,0.3,7.0
2026-03-14,50,2,wk inc flu hosp,2026-03-28,quantile,0.35,7.0
2026-03-14,50,2,wk inc flu hosp,2026-03-28,quantile,0.4,8.0
2026-03-14,50,2,wk inc flu hosp,2026-03-28,quantile,0.45,8.0
2026-03-14,50,2,wk inc flu hosp,2026-03-28,quantile,0.5,8.0
2026-03-14,50,2,wk inc flu hosp,2026-03-28,quantile,0.55,9.0
2026-03-14,50,2,wk inc flu hosp,2026-03-28,quantile,0.6,10.0
2026-03-14,50,2,wk inc flu hosp,2026-03-28,quantile,0.65,10.0
2026-03-14,50,2,wk inc flu hosp,2026-03-28,quantile,0.7,11.0
2026-03-14,50,2,wk inc flu hosp,2026-03-28,quantile,0.75,13.0
2026-03-14,50,2,wk inc flu hosp,2026-03-28,quantile,0.8,16.0
2026-03-14,50,2,wk inc flu hosp,2026-03-28,quantile,0.85,19.0
2026-03-14,50,2,wk inc flu hosp,2026-03-28,quantile,0.9,24.0
2026-03-14,50,2,wk inc flu hosp,2026-03-28,quantile,0.95,30.0
2026-03-14,50,2,wk inc flu hosp,2026-03-28,quantile,0.975,35.0
2026-03-14,50,2,wk inc flu hosp,2026-03-28,quantile,0.99,41.0
2026-03-14,50,3,wk inc flu hosp,2026-04-04,quantile,0.01,0.0
2026-03-14,50,3,wk inc flu hosp,2026-04-04,quantile,0.025,0.7891451859474851
2026-03-14,50,3,wk inc flu hosp,2026-04-04,quantile,0.05,1.0
2026-03-14,50,3,wk inc flu hosp,2026-04-04,quantile,0.1,2.3622545165655056
2026-03-14,50,3,wk inc flu hosp,2026-04-04,quantile,0.15,3.0
2026-03-14,50,3,wk inc flu hosp,2026-04-04,quantile,0.2,4.0
2026-03-14,50,3,wk inc flu hosp,2026-04-04,quantile,0.25,4.0
2026-03-14,50,3,wk inc flu hosp,2026-04-04,quantile,0.3,5.0
2026-03-14,50,3,wk inc flu hosp,2026-04-04,quantile,0.35,5.0
2026-03-14,50,3,wk inc flu hosp,2026-04-04,quantile,0.4,6.0
2026-03-14,50,3,wk inc flu hosp,2026-04-04,quantile,0.45,6.0
2026-03-14,50,3,wk inc flu hosp,2026-04-04,quantile,0.5,7.0
2026-03-14,50,3,wk inc flu hosp,2026-04-04,quantile,0.55,7.0
2026-03-14,50,3,wk inc flu hosp,2026-04-04,quantile,0.6,8.0
2026-03-14,50,3,wk inc flu hosp,2026-04-04,quantile,0.65,8.0
2026-03-14,50,3,wk inc flu hosp,2026-04-04,quantile,0.7,9.0
2026-03-14,50,3,wk inc flu hosp,2026-04-04,quantile,0.75,11.0
2026-03-14,50,3,wk inc flu hosp,2026-04-04,quantile,0.8,14.0
2026-03-14,50,3,wk inc flu hosp,2026-04-04,quantile,0.85,17.0
2026-03-14,50,3,wk inc flu hosp,2026-04-04,quantile,0.9,24.0
2026-03-14,50,3,wk inc flu hosp,2026-04-04,quantile,0.95,31.0
2026-03-14,50,3,wk inc flu hosp,2026-04-04,quantile,0.975,37.0
2026-03-14,50,3,wk inc flu hosp,2026-04-04,quantile,0.99,43.0
2026-03-14,51,0,wk inc flu hosp,2026-03-14,quantile,0.01,65.24532804569577
2026-03-14,51,0,wk inc flu hosp,2026-03-14,quantile,0.025,77.3452611395851
2026-03-14,51,0,wk inc flu hosp,2026-03-14,quantile,0.05,88.0
2026-03-14,51,0,wk inc flu hosp,2026-03-14,quantile,0.1,98.0
2026-03-14,51,0,wk inc flu hosp,2026-03-14,quantile,0.15,104.0
2026-03-14,51,0,wk inc flu hosp,2026-03-14,quantile,0.2,110.10608942472138
2026-03-14,51,0,wk inc flu hosp,2026-03-14,quantile,0.25,117.0
2026-03-14,51,0,wk inc flu hosp,2026-03-14,quantile,0.3,122.0
2026-03-14,51,0,wk inc flu hosp,2026-03-14,quantile,0.35,127.0
2026-03-14,51,0,wk inc flu hosp,2026-03-14,quantile,0.4,130.0
2026-03-14,51,0,wk inc flu hosp,2026-03-14,quantile,0.45,134.37900836039518
2026-03-14,51,0,wk inc flu hosp,2026-03-14,quantile,0.5,139.0
2026-03-14,51,0,wk inc flu hosp,2026-03-14,quantile,0.55,142.0
2026-03-14,51,0,wk inc flu hosp,2026-03-14,quantile,0.6,146.0
2026-03-14,51,0,wk inc flu hosp,2026-03-14,quantile,0.65,151.0
2026-03-14,51,0,wk inc flu hosp,2026-03-14,quantile,0.7,157.0
2026-03-14,51,0,wk inc flu hosp,2026-03-14,quantile,0.75,163.0
2026-03-14,51,0,wk inc flu hosp,2026-03-14,quantile,0.8,170.0
2026-03-14,51,0,wk inc flu hosp,2026-03-14,quantile,0.85,179.0
2026-03-14,51,0,wk inc flu hosp,2026-03-14,quantile,0.9,189.0
2026-03-14,51,0,wk inc flu hosp,2026-03-14,quantile,0.95,208.0
2026-03-14,51,0,wk inc flu hosp,2026-03-14,quantile,0.975,223.0
2026-03-14,51,0,wk inc flu hosp,2026-03-14,quantile,0.99,238.0
2026-03-14,51,1,wk inc flu hosp,2026-03-21,quantile,0.01,34.0
2026-03-14,51,1,wk inc flu hosp,2026-03-21,quantile,0.025,45.0
2026-03-14,51,1,wk inc flu hosp,2026-03-21,quantile,0.05,53.48565061171601
2026-03-14,51,1,wk inc flu hosp,2026-03-21,quantile,0.1,65.49279114707578
2026-03-14,51,1,wk inc flu hosp,2026-03-21,quantile,0.15,74.0
2026-03-14,51,1,wk inc flu hosp,2026-03-21,quantile,0.2,81.36968231201172
2026-03-14,51,1,wk inc flu hosp,2026-03-21,quantile,0.25,88.11672465122516
2026-03-14,51,1,wk inc flu hosp,2026-03-21,quantile,0.3,95.44715992393446
2026-03-14,51,1,wk inc flu hosp,2026-03-21,quantile,0.35,102.77261823372204
2026-03-14,51,1,wk inc flu hosp,2026-03-21,quantile,0.4,108.0
2026-03-14,51,1,wk inc flu hosp,2026-03-21,quantile,0.45,110.0
2026-03-14,51,1,wk inc flu hosp,2026-03-21,quantile,0.5,112.0
2026-03-14,51,1,wk inc flu hosp,2026-03-21,quantile,0.55,114.0
2026-03-14,51,1,wk inc flu hosp,2026-03-21,quantile,0.6,116.0
2026-03-14,51,1,wk inc flu hosp,2026-03-21,quantile,0.65,118.0
2026-03-14,51,1,wk inc flu hosp,2026-03-21,quantile,0.7,126.0
2026-03-14,51,1,wk inc flu hosp,2026-03-21,quantile,0.75,137.0
2026-03-14,51,1,wk inc flu hosp,2026-03-21,quantile,0.8,149.0
2026-03-14,51,1,wk inc flu hosp,2026-03-21,quantile,0.85,164.0
2026-03-14,51,1,wk inc flu hosp,2026-03-21,quantile,0.9,185.0
2026-03-14,51,1,wk inc flu hosp,2026-03-21,quantile,0.95,222.0
2026-03-14,51,1,wk inc flu hosp,2026-03-21,quantile,0.975,254.0
2026-03-14,51,1,wk inc flu hosp,2026-03-21,quantile,0.99,286.0
2026-03-14,51,2,wk inc flu hosp,2026-03-28,quantile,0.01,19.0
2026-03-14,51,2,wk inc flu hosp,2026-03-28,quantile,0.025,25.0
2026-03-14,51,2,wk inc flu hosp,2026-03-28,quantile,0.05,35.701144520552965
2026-03-14,51,2,wk inc flu hosp,2026-03-28,quantile,0.1,49.0
2026-03-14,51,2,wk inc flu hosp,2026-03-28,quantile,0.15,60.0
2026-03-14,51,2,wk inc flu hosp,2026-03-28,quantile,0.2,69.0
2026-03-14,51,2,wk inc flu hosp,2026-03-28,quantile,0.25,78.0
2026-03-14,51,2,wk inc flu hosp,2026-03-28,quantile,0.3,82.07097625732422
2026-03-14,51,2,wk inc flu hosp,2026-03-28,quantile,0.35,84.82923126220703
2026-03-14,51,2,wk inc flu hosp,2026-03-28,quantile,0.4,87.7247085571289
2026-03-14,51,2,wk inc flu hosp,2026-03-28,quantile,0.45,90.41814422607422
2026-03-14,51,2,wk inc flu hosp,2026-03-28,quantile,0.5,93.1846694946289
2026-03-14,51,2,wk inc flu hosp,2026-03-28,quantile,0.55,95.90321350097656
2026-03-14,51,2,wk inc flu hosp,2026-03-28,quantile,0.6,98.6604232788086
2026-03-14,51,2,wk inc flu hosp,2026-03-28,quantile,0.65,101.85519409179688
2026-03-14,51,2,wk inc flu hosp,2026-03-28,quantile,0.7,105.28404998779295
2026-03-14,51,2,wk inc flu hosp,2026-03-28,quantile,0.75,109.1941909790039
2026-03-14,51,2,wk inc flu hosp,2026-03-28,quantile,0.8,121.0
2026-03-14,51,2,wk inc flu hosp,2026-03-28,quantile,0.85,138.0
2026-03-14,51,2,wk inc flu hosp,2026-03-28,quantile,0.9,166.0
2026-03-14,51,2,wk inc flu hosp,2026-03-28,quantile,0.95,217.0
2026-03-14,51,2,wk inc flu hosp,2026-03-28,quantile,0.975,260.0
2026-03-14,51,2,wk inc flu hosp,2026-03-28,quantile,0.99,308.0
2026-03-14,51,3,wk inc flu hosp,2026-04-04,quantile,0.01,10.0
2026-03-14,51,3,wk inc flu hosp,2026-04-04,quantile,0.025,13.0
2026-03-14,51,3,wk inc flu hosp,2026-04-04,quantile,0.05,22.0
2026-03-14,51,3,wk inc flu hosp,2026-04-04,quantile,0.1,35.0
2026-03-14,51,3,wk inc flu hosp,2026-04-04,quantile,0.15,45.660882949777445
2026-03-14,51,3,wk inc flu hosp,2026-04-04,quantile,0.2,53.4350243483071
2026-03-14,51,3,wk inc flu hosp,2026-04-04,quantile,0.25,60.796142893075015
2026-03-14,51,3,wk inc flu hosp,2026-04-04,quantile,0.3,67.63779372738158
2026-03-14,51,3,wk inc flu hosp,2026-04-04,quantile,0.35,73.18916979247035
2026-03-14,51,3,wk inc flu hosp,2026-04-04,quantile,0.4,78.5919418334961
2026-03-14,51,3,wk inc flu hosp,2026-04-04,quantile,0.45,81.31392669677734
2026-03-14,51,3,wk inc flu hosp,2026-04-04,quantile,0.5,84.12091064453125
2026-03-14,51,3,wk inc flu hosp,2026-04-04,quantile,0.55,87.1647720336914
2026-03-14,51,3,wk inc flu hosp,2026-04-04,quantile,0.6,90.27111053466795
2026-03-14,51,3,wk inc flu hosp,2026-04-04,quantile,0.65,93.46247100830078
2026-03-14,51,3,wk inc flu hosp,2026-04-04,quantile,0.7,96.91255950927734
2026-03-14,51,3,wk inc flu hosp,2026-04-04,quantile,0.75,100.60643005371094
2026-03-14,51,3,wk inc flu hosp,2026-04-04,quantile,0.8,104.70185089111328
2026-03-14,51,3,wk inc flu hosp,2026-04-04,quantile,0.85,115.0
2026-03-14,51,3,wk inc flu hosp,2026-04-04,quantile,0.9,158.0
2026-03-14,51,3,wk inc flu hosp,2026-04-04,quantile,0.95,192.0
2026-03-14,51,3,wk inc flu hosp,2026-04-04,quantile,0.975,244.0
2026-03-14,51,3,wk inc flu hosp,2026-04-04,quantile,0.99,303.0
2026-03-14,53,0,wk inc flu hosp,2026-03-14,quantile,0.01,62.0
2026-03-14,53,0,wk inc flu hosp,2026-03-14,quantile,0.025,68.0
2026-03-14,53,0,wk inc flu hosp,2026-03-14,quantile,0.05,84.0
2026-03-14,53,0,wk inc flu hosp,2026-03-14,quantile,0.1,96.0
2026-03-14,53,0,wk inc flu hosp,2026-03-14,quantile,0.15,103.0
2026-03-14,53,0,wk inc flu hosp,2026-03-14,quantile,0.2,106.0
2026-03-14,53,0,wk inc flu hosp,2026-03-14,quantile,0.25,113.0
2026-03-14,53,0,wk inc flu hosp,2026-03-14,quantile,0.3,117.8492660522461
2026-03-14,53,0,wk inc flu hosp,2026-03-14,quantile,0.35,120.93162536621094
2026-03-14,53,0,wk inc flu hosp,2026-03-14,quantile,0.4,124.08633422851562
2026-03-14,53,0,wk inc flu hosp,2026-03-14,quantile,0.45,127.33110809326172
2026-03-14,53,0,wk inc flu hosp,2026-03-14,quantile,0.5,130.29042053222656
2026-03-14,53,0,wk inc flu hosp,2026-03-14,quantile,0.55,133.1350555419922
2026-03-14,53,0,wk inc flu hosp,2026-03-14,quantile,0.6,138.75908403487054
2026-03-14,53,0,wk inc flu hosp,2026-03-14,quantile,0.65,145.99960743595636
2026-03-14,53,0,wk inc flu hosp,2026-03-14,quantile,0.7,152.0
2026-03-14,53,0,wk inc flu hosp,2026-03-14,quantile,0.75,158.14344173178816
2026-03-14,53,0,wk inc flu hosp,2026-03-14,quantile,0.8,162.04546333820298
2026-03-14,53,0,wk inc flu hosp,2026-03-14,quantile,0.85,170.0
2026-03-14,53,0,wk inc flu hosp,2026-03-14,quantile,0.9,176.0
2026-03-14,53,0,wk inc flu hosp,2026-03-14,quantile,0.95,185.0
2026-03-14,53,0,wk inc flu hosp,2026-03-14,quantile,0.975,192.0
2026-03-14,53,0,wk inc flu hosp,2026-03-14,quantile,0.99,206.0
2026-03-14,53,1,wk inc flu hosp,2026-03-21,quantile,0.01,46.15379741711477
2026-03-14,53,1,wk inc flu hosp,2026-03-21,quantile,0.025,49.78457070813628
2026-03-14,53,1,wk inc flu hosp,2026-03-21,quantile,0.05,56.53828938310334
2026-03-14,53,1,wk inc flu hosp,2026-03-21,quantile,0.1,68.93686055592254
2026-03-14,53,1,wk inc flu hosp,2026-03-21,quantile,0.15,85.0
2026-03-14,53,1,wk inc flu hosp,2026-03-21,quantile,0.2,92.0
2026-03-14,53,1,wk inc flu hosp,2026-03-21,quantile,0.25,95.25294494628906
2026-03-14,53,1,wk inc flu hosp,2026-03-21,quantile,0.3,100.25351202400938
2026-03-14,53,1,wk inc flu hosp,2026-03-21,quantile,0.35,106.0
2026-03-14,53,1,wk inc flu hosp,2026-03-21,quantile,0.4,112.0
2026-03-14,53,1,wk inc flu hosp,2026-03-21,quantile,0.45,118.0
2026-03-14,53,1,wk inc flu hosp,2026-03-21,quantile,0.5,120.0
2026-03-14,53,1,wk inc flu hosp,2026-03-21,quantile,0.55,125.0
2026-03-14,53,1,wk inc flu hosp,2026-03-21,quantile,0.6,129.0
2026-03-14,53,1,wk inc flu hosp,2026-03-21,quantile,0.65,136.0
2026-03-14,53,1,wk inc flu hosp,2026-03-21,quantile,0.7,143.0
2026-03-14,53,1,wk inc flu hosp,2026-03-21,quantile,0.75,151.0
2026-03-14,53,1,wk inc flu hosp,2026-03-21,quantile,0.8,157.0
2026-03-14,53,1,wk inc flu hosp,2026-03-21,quantile,0.85,161.0
2026-03-14,53,1,wk inc flu hosp,2026-03-21,quantile,0.9,171.0
2026-03-14,53,1,wk inc flu hosp,2026-03-21,quantile,0.95,186.0
2026-03-14,53,1,wk inc flu hosp,2026-03-21,quantile,0.975,209.00102355551468
2026-03-14,53,1,wk inc flu hosp,2026-03-21,quantile,0.99,232.0
2026-03-14,53,2,wk inc flu hosp,2026-03-28,quantile,0.01,37.14961755185176
2026-03-14,53,2,wk inc flu hosp,2026-03-28,quantile,0.025,41.925223487024645
2026-03-14,53,2,wk inc flu hosp,2026-03-28,quantile,0.05,45.96836146229694
2026-03-14,53,2,wk inc flu hosp,2026-03-28,quantile,0.1,57.53375245254226
2026-03-14,53,2,wk inc flu hosp,2026-03-28,quantile,0.15,69.15216018855034
2026-03-14,53,2,wk inc flu hosp,2026-03-28,quantile,0.2,76.21553802490234
2026-03-14,53,2,wk inc flu hosp,2026-03-28,quantile,0.25,78.9951400756836
2026-03-14,53,2,wk inc flu hosp,2026-03-28,quantile,0.3,81.63893127441406
2026-03-14,53,2,wk inc flu hosp,2026-03-28,quantile,0.35,87.0
2026-03-14,53,2,wk inc flu hosp,2026-03-28,quantile,0.4,94.0
2026-03-14,53,2,wk inc flu hosp,2026-03-28,quantile,0.45,101.0
2026-03-14,53,2,wk inc flu hosp,2026-03-28,quantile,0.5,108.0
2026-03-14,53,2,wk inc flu hosp,2026-03-28,quantile,0.55,115.0
2026-03-14,53,2,wk inc flu hosp,2026-03-28,quantile,0.6,123.0
2026-03-14,53,2,wk inc flu hosp,2026-03-28,quantile,0.65,131.0
2026-03-14,53,2,wk inc flu hosp,2026-03-28,quantile,0.7,135.0
2026-03-14,53,2,wk inc flu hosp,2026-03-28,quantile,0.75,139.0
2026-03-14,53,2,wk inc flu hosp,2026-03-28,quantile,0.8,143.0
2026-03-14,53,2,wk inc flu hosp,2026-03-28,quantile,0.85,146.0
2026-03-14,53,2,wk inc flu hosp,2026-03-28,quantile,0.9,149.0
2026-03-14,53,2,wk inc flu hosp,2026-03-28,quantile,0.95,173.0
2026-03-14,53,2,wk inc flu hosp,2026-03-28,quantile,0.975,210.0
2026-03-14,53,2,wk inc flu hosp,2026-03-28,quantile,0.99,248.79336019396249
2026-03-14,53,3,wk inc flu hosp,2026-04-04,quantile,0.01,26.48849575448316
2026-03-14,53,3,wk inc flu hosp,2026-04-04,quantile,0.025,30.487723197221342
2026-03-14,53,3,wk inc flu hosp,2026-04-04,quantile,0.05,36.21902242648252
2026-03-14,53,3,wk inc flu hosp,2026-04-04,quantile,0.1,44.30105757023128
2026-03-14,53,3,wk inc flu hosp,2026-04-04,quantile,0.15,49.31000789657428
2026-03-14,53,3,wk inc flu hosp,2026-04-04,quantile,0.2,58.0
2026-03-14,53,3,wk inc flu hosp,2026-04-04,quantile,0.25,65.42903137207031
2026-03-14,53,3,wk inc flu hosp,2026-04-04,quantile,0.3,68.01636505126953
2026-03-14,53,3,wk inc flu hosp,2026-04-04,quantile,0.35,75.0
2026-03-14,53,3,wk inc flu hosp,2026-04-04,quantile,0.4,78.0
2026-03-14,53,3,wk inc flu hosp,2026-04-04,quantile,0.45,83.0
2026-03-14,53,3,wk inc flu hosp,2026-04-04,quantile,0.5,88.0405966676365
2026-03-14,53,3,wk inc flu hosp,2026-04-04,quantile,0.55,94.0
2026-03-14,53,3,wk inc flu hosp,2026-04-04,quantile,0.6,97.0
2026-03-14,53,3,wk inc flu hosp,2026-04-04,quantile,0.65,101.0
2026-03-14,53,3,wk inc flu hosp,2026-04-04,quantile,0.7,101.0
2026-03-14,53,3,wk inc flu hosp,2026-04-04,quantile,0.75,106.0
2026-03-14,53,3,wk inc flu hosp,2026-04-04,quantile,0.8,111.0
2026-03-14,53,3,wk inc flu hosp,2026-04-04,quantile,0.85,120.0
2026-03-14,53,3,wk inc flu hosp,2026-04-04,quantile,0.9,129.0
2026-03-14,53,3,wk inc flu hosp,2026-04-04,quantile,0.95,149.0
2026-03-14,53,3,wk inc flu hosp,2026-04-04,quantile,0.975,193.0
2026-03-14,53,3,wk inc flu hosp,2026-04-04,quantile,0.99,247.0
2026-03-14,54,0,wk inc flu hosp,2026-03-14,quantile,0.01,39.0
2026-03-14,54,0,wk inc flu hosp,2026-03-14,quantile,0.025,43.0
2026-03-14,54,0,wk inc flu hosp,2026-03-14,quantile,0.05,44.0
2026-03-14,54,0,wk inc flu hosp,2026-03-14,quantile,0.1,50.0
2026-03-14,54,0,wk inc flu hosp,2026-03-14,quantile,0.15,53.0
2026-03-14,54,0,wk inc flu hosp,2026-03-14,quantile,0.2,58.0
2026-03-14,54,0,wk inc flu hosp,2026-03-14,quantile,0.25,62.0
2026-03-14,54,0,wk inc flu hosp,2026-03-14,quantile,0.3,66.0
2026-03-14,54,0,wk inc flu hosp,2026-03-14,quantile,0.35,69.34387969970703
2026-03-14,54,0,wk inc flu hosp,2026-03-14,quantile,0.4,70.78410339355469
2026-03-14,54,0,wk inc flu hosp,2026-03-14,quantile,0.45,72.50185536070403
2026-03-14,54,0,wk inc flu hosp,2026-03-14,quantile,0.5,75.54690743505078
2026-03-14,54,0,wk inc flu hosp,2026-03-14,quantile,0.55,78.65459645959729
2026-03-14,54,0,wk inc flu hosp,2026-03-14,quantile,0.6,81.87650918526961
2026-03-14,54,0,wk inc flu hosp,2026-03-14,quantile,0.65,85.27457697474576
2026-03-14,54,0,wk inc flu hosp,2026-03-14,quantile,0.7,88.93039678201662
2026-03-14,54,0,wk inc flu hosp,2026-03-14,quantile,0.75,92.96168049192512
2026-03-14,54,0,wk inc flu hosp,2026-03-14,quantile,0.8,98.0
2026-03-14,54,0,wk inc flu hosp,2026-03-14,quantile,0.85,103.05078018869972
2026-03-14,54,0,wk inc flu hosp,2026-03-14,quantile,0.9,110.17852041860404
2026-03-14,54,0,wk inc flu hosp,2026-03-14,quantile,0.95,121.18130329716094
2026-03-14,54,0,wk inc flu hosp,2026-03-14,quantile,0.975,131.14856464394504
2026-03-14,54,0,wk inc flu hosp,2026-03-14,quantile,0.99,143.23287722840854
2026-03-14,54,1,wk inc flu hosp,2026-03-21,quantile,0.01,16.0
2026-03-14,54,1,wk inc flu hosp,2026-03-21,quantile,0.025,20.0
2026-03-14,54,1,wk inc flu hosp,2026-03-21,quantile,0.05,25.546944612190213
2026-03-14,54,1,wk inc flu hosp,2026-03-21,quantile,0.1,31.0
2026-03-14,54,1,wk inc flu hosp,2026-03-21,quantile,0.15,39.85735671380263
2026-03-14,54,1,wk inc flu hosp,2026-03-21,quantile,0.2,42.0
2026-03-14,54,1,wk inc flu hosp,2026-03-21,quantile,0.25,46.0
2026-03-14,54,1,wk inc flu hosp,2026-03-21,quantile,0.3,49.0
2026-03-14,54,1,wk inc flu hosp,2026-03-21,quantile,0.35,54.54012680053711
2026-03-14,54,1,wk inc flu hosp,2026-03-21,quantile,0.4,57.0
2026-03-14,54,1,wk inc flu hosp,2026-03-21,quantile,0.45,58.0
2026-03-14,54,1,wk inc flu hosp,2026-03-21,quantile,0.5,60.0
2026-03-14,54,1,wk inc flu hosp,2026-03-21,quantile,0.55,62.0
2026-03-14,54,1,wk inc flu hosp,2026-03-21,quantile,0.6,67.34905379455252
2026-03-14,54,1,wk inc flu hosp,2026-03-21,quantile,0.65,74.03032772143393
2026-03-14,54,1,wk inc flu hosp,2026-03-21,quantile,0.7,79.0
2026-03-14,54,1,wk inc flu hosp,2026-03-21,quantile,0.75,84.0
2026-03-14,54,1,wk inc flu hosp,2026-03-21,quantile,0.8,93.0
2026-03-14,54,1,wk inc flu hosp,2026-03-21,quantile,0.85,104.0
2026-03-14,54,1,wk inc flu hosp,2026-03-21,quantile,0.9,120.0
2026-03-14,54,1,wk inc flu hosp,2026-03-21,quantile,0.95,136.0
2026-03-14,54,1,wk inc flu hosp,2026-03-21,quantile,0.975,150.0
2026-03-14,54,1,wk inc flu hosp,2026-03-21,quantile,0.99,168.0
2026-03-14,54,2,wk inc flu hosp,2026-03-28,quantile,0.01,10.299231936964214
2026-03-14,54,2,wk inc flu hosp,2026-03-28,quantile,0.025,12.878625238147707
2026-03-14,54,2,wk inc flu hosp,2026-03-28,quantile,0.05,18.0
2026-03-14,54,2,wk inc flu hosp,2026-03-28,quantile,0.1,25.950909932850507
2026-03-14,54,2,wk inc flu hosp,2026-03-28,quantile,0.15,32.148030722587535
2026-03-14,54,2,wk inc flu hosp,2026-03-28,quantile,0.2,37.4309551902756
2026-03-14,54,2,wk inc flu hosp,2026-03-28,quantile,0.25,40.0
2026-03-14,54,2,wk inc flu hosp,2026-03-28,quantile,0.3,41.0
2026-03-14,54,2,wk inc flu hosp,2026-03-28,quantile,0.35,43.0
2026-03-14,54,2,wk inc flu hosp,2026-03-28,quantile,0.4,45.0
2026-03-14,54,2,wk inc flu hosp,2026-03-28,quantile,0.45,46.0
2026-03-14,54,2,wk inc flu hosp,2026-03-28,quantile,0.5,49.0
2026-03-14,54,2,wk inc flu hosp,2026-03-28,quantile,0.55,50.0
2026-03-14,54,2,wk inc flu hosp,2026-03-28,quantile,0.6,52.0
2026-03-14,54,2,wk inc flu hosp,2026-03-28,quantile,0.65,56.0
2026-03-14,54,2,wk inc flu hosp,2026-03-28,quantile,0.7,59.0
2026-03-14,54,2,wk inc flu hosp,2026-03-28,quantile,0.75,67.0
2026-03-14,54,2,wk inc flu hosp,2026-03-28,quantile,0.8,78.0
2026-03-14,54,2,wk inc flu hosp,2026-03-28,quantile,0.85,92.0
2026-03-14,54,2,wk inc flu hosp,2026-03-28,quantile,0.9,113.0
2026-03-14,54,2,wk inc flu hosp,2026-03-28,quantile,0.95,139.0
2026-03-14,54,2,wk inc flu hosp,2026-03-28,quantile,0.975,156.0
2026-03-14,54,2,wk inc flu hosp,2026-03-28,quantile,0.99,178.0
2026-03-14,54,3,wk inc flu hosp,2026-04-04,quantile,0.01,5.78084593384221
2026-03-14,54,3,wk inc flu hosp,2026-04-04,quantile,0.025,6.439104521485175
2026-03-14,54,3,wk inc flu hosp,2026-04-04,quantile,0.05,11.0
2026-03-14,54,3,wk inc flu hosp,2026-04-04,quantile,0.1,18.06041718605817
2026-03-14,54,3,wk inc flu hosp,2026-04-04,quantile,0.15,24.0
2026-03-14,54,3,wk inc flu hosp,2026-04-04,quantile,0.2,27.102203369140625
2026-03-14,54,3,wk inc flu hosp,2026-04-04,quantile,0.25,28.20051383972168
2026-03-14,54,3,wk inc flu hosp,2026-04-04,quantile,0.3,29.249526977539062
2026-03-14,54,3,wk inc flu hosp,2026-04-04,quantile,0.35,31.0
2026-03-14,54,3,wk inc flu hosp,2026-04-04,quantile,0.4,33.0
2026-03-14,54,3,wk inc flu hosp,2026-04-04,quantile,0.45,34.0
2026-03-14,54,3,wk inc flu hosp,2026-04-04,quantile,0.5,36.0
2026-03-14,54,3,wk inc flu hosp,2026-04-04,quantile,0.55,38.0
2026-03-14,54,3,wk inc flu hosp,2026-04-04,quantile,0.6,39.0
2026-03-14,54,3,wk inc flu hosp,2026-04-04,quantile,0.65,41.0
2026-03-14,54,3,wk inc flu hosp,2026-04-04,quantile,0.7,42.0
2026-03-14,54,3,wk inc flu hosp,2026-04-04,quantile,0.75,51.0
2026-03-14,54,3,wk inc flu hosp,2026-04-04,quantile,0.8,61.0
2026-03-14,54,3,wk inc flu hosp,2026-04-04,quantile,0.85,76.0
2026-03-14,54,3,wk inc flu hosp,2026-04-04,quantile,0.9,98.0
2026-03-14,54,3,wk inc flu hosp,2026-04-04,quantile,0.95,131.508585113345
2026-03-14,54,3,wk inc flu hosp,2026-04-04,quantile,0.975,156.88825333333443
2026-03-14,54,3,wk inc flu hosp,2026-04-04,quantile,0.99,167.75048892540232
2026-03-14,55,0,wk inc flu hosp,2026-03-14,quantile,0.01,56.0
2026-03-14,55,0,wk inc flu hosp,2026-03-14,quantile,0.025,66.0
2026-03-14,55,0,wk inc flu hosp,2026-03-14,quantile,0.05,76.0
2026-03-14,55,0,wk inc flu hosp,2026-03-14,quantile,0.1,88.18472155400364
2026-03-14,55,0,wk inc flu hosp,2026-03-14,quantile,0.15,98.0167603185978
2026-03-14,55,0,wk inc flu hosp,2026-03-14,quantile,0.2,105.10103875373063
2026-03-14,55,0,wk inc flu hosp,2026-03-14,quantile,0.25,109.5908203125
2026-03-14,55,0,wk inc flu hosp,2026-03-14,quantile,0.3,115.0
2026-03-14,55,0,wk inc flu hosp,2026-03-14,quantile,0.35,119.0
2026-03-14,55,0,wk inc flu hosp,2026-03-14,quantile,0.4,123.0
2026-03-14,55,0,wk inc flu hosp,2026-03-14,quantile,0.45,127.0
2026-03-14,55,0,wk inc flu hosp,2026-03-14,quantile,0.5,131.0
2026-03-14,55,0,wk inc flu hosp,2026-03-14,quantile,0.55,136.0
2026-03-14,55,0,wk inc flu hosp,2026-03-14,quantile,0.6,140.0
2026-03-14,55,0,wk inc flu hosp,2026-03-14,quantile,0.65,145.0
2026-03-14,55,0,wk inc flu hosp,2026-03-14,quantile,0.7,151.0
2026-03-14,55,0,wk inc flu hosp,2026-03-14,quantile,0.75,157.0
2026-03-14,55,0,wk inc flu hosp,2026-03-14,quantile,0.8,164.0
2026-03-14,55,0,wk inc flu hosp,2026-03-14,quantile,0.85,172.0
2026-03-14,55,0,wk inc flu hosp,2026-03-14,quantile,0.9,185.0
2026-03-14,55,0,wk inc flu hosp,2026-03-14,quantile,0.95,208.0
2026-03-14,55,0,wk inc flu hosp,2026-03-14,quantile,0.975,225.0
2026-03-14,55,0,wk inc flu hosp,2026-03-14,quantile,0.99,252.0
2026-03-14,55,1,wk inc flu hosp,2026-03-21,quantile,0.01,31.837343471440665
2026-03-14,55,1,wk inc flu hosp,2026-03-21,quantile,0.025,37.03602527954176
2026-03-14,55,1,wk inc flu hosp,2026-03-21,quantile,0.05,45.0
2026-03-14,55,1,wk inc flu hosp,2026-03-21,quantile,0.1,56.0
2026-03-14,55,1,wk inc flu hosp,2026-03-21,quantile,0.15,65.0
2026-03-14,55,1,wk inc flu hosp,2026-03-21,quantile,0.2,74.0
2026-03-14,55,1,wk inc flu hosp,2026-03-21,quantile,0.25,82.05751837630814
2026-03-14,55,1,wk inc flu hosp,2026-03-21,quantile,0.3,88.0
2026-03-14,55,1,wk inc flu hosp,2026-03-21,quantile,0.35,93.90531158447266
2026-03-14,55,1,wk inc flu hosp,2026-03-21,quantile,0.4,95.97664642333984
2026-03-14,55,1,wk inc flu hosp,2026-03-21,quantile,0.45,98.22676849365234
2026-03-14,55,1,wk inc flu hosp,2026-03-21,quantile,0.5,100.48281860351562
2026-03-14,55,1,wk inc flu hosp,2026-03-21,quantile,0.55,103.0007553100586
2026-03-14,55,1,wk inc flu hosp,2026-03-21,quantile,0.6,109.0
2026-03-14,55,1,wk inc flu hosp,2026-03-21,quantile,0.65,115.0
2026-03-14,55,1,wk inc flu hosp,2026-03-21,quantile,0.7,123.0
2026-03-14,55,1,wk inc flu hosp,2026-03-21,quantile,0.75,133.0
2026-03-14,55,1,wk inc flu hosp,2026-03-21,quantile,0.8,145.0
2026-03-14,55,1,wk inc flu hosp,2026-03-21,quantile,0.85,160.0
2026-03-14,55,1,wk inc flu hosp,2026-03-21,quantile,0.9,182.0
2026-03-14,55,1,wk inc flu hosp,2026-03-21,quantile,0.95,217.0
2026-03-14,55,1,wk inc flu hosp,2026-03-21,quantile,0.975,249.0
2026-03-14,55,1,wk inc flu hosp,2026-03-21,quantile,0.99,279.0
2026-03-14,55,2,wk inc flu hosp,2026-03-28,quantile,0.01,21.0
2026-03-14,55,2,wk inc flu hosp,2026-03-28,quantile,0.025,23.0
2026-03-14,55,2,wk inc flu hosp,2026-03-28,quantile,0.05,28.0
2026-03-14,55,2,wk inc flu hosp,2026-03-28,quantile,0.1,37.0
2026-03-14,55,2,wk inc flu hosp,2026-03-28,quantile,0.15,47.0
2026-03-14,55,2,wk inc flu hosp,2026-03-28,quantile,0.2,55.0
2026-03-14,55,2,wk inc flu hosp,2026-03-28,quantile,0.25,57.0
2026-03-14,55,2,wk inc flu hosp,2026-03-28,quantile,0.3,68.9843139903592
2026-03-14,55,2,wk inc flu hosp,2026-03-28,quantile,0.35,75.03076171875
2026-03-14,55,2,wk inc flu hosp,2026-03-28,quantile,0.4,77.28507232666016
2026-03-14,55,2,wk inc flu hosp,2026-03-28,quantile,0.45,79.3794174194336
2026-03-14,55,2,wk inc flu hosp,2026-03-28,quantile,0.5,81.55912017822266
2026-03-14,55,2,wk inc flu hosp,2026-03-28,quantile,0.55,83.83123779296875
2026-03-14,55,2,wk inc flu hosp,2026-03-28,quantile,0.6,86.09107208251953
2026-03-14,55,2,wk inc flu hosp,2026-03-28,quantile,0.65,95.0
2026-03-14,55,2,wk inc flu hosp,2026-03-28,quantile,0.7,104.0
2026-03-14,55,2,wk inc flu hosp,2026-03-28,quantile,0.75,115.0
2026-03-14,55,2,wk inc flu hosp,2026-03-28,quantile,0.8,128.0
2026-03-14,55,2,wk inc flu hosp,2026-03-28,quantile,0.85,142.0
2026-03-14,55,2,wk inc flu hosp,2026-03-28,quantile,0.9,166.0
2026-03-14,55,2,wk inc flu hosp,2026-03-28,quantile,0.95,215.0
2026-03-14,55,2,wk inc flu hosp,2026-03-28,quantile,0.975,263.0
2026-03-14,55,2,wk inc flu hosp,2026-03-28,quantile,0.99,311.0
2026-03-14,55,3,wk inc flu hosp,2026-04-04,quantile,0.01,8.0
2026-03-14,55,3,wk inc flu hosp,2026-04-04,quantile,0.025,11.0
2026-03-14,55,3,wk inc flu hosp,2026-04-04,quantile,0.05,16.0
2026-03-14,55,3,wk inc flu hosp,2026-04-04,quantile,0.1,22.0
2026-03-14,55,3,wk inc flu hosp,2026-04-04,quantile,0.15,31.0
2026-03-14,55,3,wk inc flu hosp,2026-04-04,quantile,0.2,36.25762000285969
2026-03-14,55,3,wk inc flu hosp,2026-04-04,quantile,0.25,48.0
2026-03-14,55,3,wk inc flu hosp,2026-04-04,quantile,0.3,54.96599578857422
2026-03-14,55,3,wk inc flu hosp,2026-04-04,quantile,0.35,56.84499740600586
2026-03-14,55,3,wk inc flu hosp,2026-04-04,quantile,0.4,58.99043273925781
2026-03-14,55,3,wk inc flu hosp,2026-04-04,quantile,0.45,60.82699203491211
2026-03-14,55,3,wk inc flu hosp,2026-04-04,quantile,0.5,62.75248336791992
2026-03-14,55,3,wk inc flu hosp,2026-04-04,quantile,0.55,64.78239440917969
2026-03-14,55,3,wk inc flu hosp,2026-04-04,quantile,0.6,67.22452545166016
2026-03-14,55,3,wk inc flu hosp,2026-04-04,quantile,0.65,74.0
2026-03-14,55,3,wk inc flu hosp,2026-04-04,quantile,0.7,85.0
2026-03-14,55,3,wk inc flu hosp,2026-04-04,quantile,0.75,95.0
2026-03-14,55,3,wk inc flu hosp,2026-04-04,quantile,0.8,110.0
2026-03-14,55,3,wk inc flu hosp,2026-04-04,quantile,0.85,128.0
2026-03-14,55,3,wk inc flu hosp,2026-04-04,quantile,0.9,148.0
2026-03-14,55,3,wk inc flu hosp,2026-04-04,quantile,0.95,200.0
2026-03-14,55,3,wk inc flu hosp,2026-04-04,quantile,0.975,250.0
2026-03-14,55,3,wk inc flu hosp,2026-04-04,quantile,0.99,309.0
2026-03-14,56,0,wk inc flu hosp,2026-03-14,quantile,0.01,1.0
2026-03-14,56,0,wk inc flu hosp,2026-03-14,quantile,0.025,2.0
2026-03-14,56,0,wk inc flu hosp,2026-03-14,quantile,0.05,3.0
2026-03-14,56,0,wk inc flu hosp,2026-03-14,quantile,0.1,4.0
2026-03-14,56,0,wk inc flu hosp,2026-03-14,quantile,0.15,5.0
2026-03-14,56,0,wk inc flu hosp,2026-03-14,quantile,0.2,5.0
2026-03-14,56,0,wk inc flu hosp,2026-03-14,quantile,0.25,6.0
2026-03-14,56,0,wk inc flu hosp,2026-03-14,quantile,0.3,6.0
2026-03-14,56,0,wk inc flu hosp,2026-03-14,quantile,0.35,6.539318030990619
2026-03-14,56,0,wk inc flu hosp,2026-03-14,quantile,0.4,7.274081263898688
2026-03-14,56,0,wk inc flu hosp,2026-03-14,quantile,0.45,8.03937840312193
2026-03-14,56,0,wk inc flu hosp,2026-03-14,quantile,0.5,8.723464056759832
2026-03-14,56,0,wk inc flu hosp,2026-03-14,quantile,0.55,9.0
2026-03-14,56,0,wk inc flu hosp,2026-03-14,quantile,0.6,10.0
2026-03-14,56,0,wk inc flu hosp,2026-03-14,quantile,0.65,10.413374900817873
2026-03-14,56,0,wk inc flu hosp,2026-03-14,quantile,0.7,11.0
2026-03-14,56,0,wk inc flu hosp,2026-03-14,quantile,0.75,12.0
2026-03-14,56,0,wk inc flu hosp,2026-03-14,quantile,0.8,13.222437362255096
2026-03-14,56,0,wk inc flu hosp,2026-03-14,quantile,0.85,15.0
2026-03-14,56,0,wk inc flu hosp,2026-03-14,quantile,0.9,17.0
2026-03-14,56,0,wk inc flu hosp,2026-03-14,quantile,0.95,20.0
2026-03-14,56,0,wk inc flu hosp,2026-03-14,quantile,0.975,22.0
2026-03-14,56,0,wk inc flu hosp,2026-03-14,quantile,0.99,25.0
2026-03-14,56,1,wk inc flu hosp,2026-03-21,quantile,0.01,0.2085615030549694
2026-03-14,56,1,wk inc flu hosp,2026-03-21,quantile,0.025,1.0
2026-03-14,56,1,wk inc flu hosp,2026-03-21,quantile,0.05,1.1823318346149354
2026-03-14,56,1,wk inc flu hosp,2026-03-21,quantile,0.1,2.107403266958903
2026-03-14,56,1,wk inc flu hosp,2026-03-21,quantile,0.15,3.0
2026-03-14,56,1,wk inc flu hosp,2026-03-21,quantile,0.2,4.0
2026-03-14,56,1,wk inc flu hosp,2026-03-21,quantile,0.25,4.0
2026-03-14,56,1,wk inc flu hosp,2026-03-21,quantile,0.3,4.770488641840135
2026-03-14,56,1,wk inc flu hosp,2026-03-21,quantile,0.35,5.384453575586899
2026-03-14,56,1,wk inc flu hosp,2026-03-21,quantile,0.4,6.0
2026-03-14,56,1,wk inc flu hosp,2026-03-21,quantile,0.45,6.884289107892476
2026-03-14,56,1,wk inc flu hosp,2026-03-21,quantile,0.5,7.0
2026-03-14,56,1,wk inc flu hosp,2026-03-21,quantile,0.55,8.0
2026-03-14,56,1,wk inc flu hosp,2026-03-21,quantile,0.6,8.0
2026-03-14,56,1,wk inc flu hosp,2026-03-21,quantile,0.65,9.0
2026-03-14,56,1,wk inc flu hosp,2026-03-21,quantile,0.7,10.0
2026-03-14,56,1,wk inc flu hosp,2026-03-21,quantile,0.75,11.0
2026-03-14,56,1,wk inc flu hosp,2026-03-21,quantile,0.8,12.0
2026-03-14,56,1,wk inc flu hosp,2026-03-21,quantile,0.85,13.0
2026-03-14,56,1,wk inc flu hosp,2026-03-21,quantile,0.9,16.0
2026-03-14,56,1,wk inc flu hosp,2026-03-21,quantile,0.95,19.0
2026-03-14,56,1,wk inc flu hosp,2026-03-21,quantile,0.975,24.0
2026-03-14,56,1,wk inc flu hosp,2026-03-21,quantile,0.99,29.0
2026-03-14,56,2,wk inc flu hosp,2026-03-28,quantile,0.01,0.0
2026-03-14,56,2,wk inc flu hosp,2026-03-28,quantile,0.025,0.4187064091291102
2026-03-14,56,2,wk inc flu hosp,2026-03-28,quantile,0.05,1.0
2026-03-14,56,2,wk inc flu hosp,2026-03-28,quantile,0.1,2.0
2026-03-14,56,2,wk inc flu hosp,2026-03-28,quantile,0.15,2.2259190628374075
2026-03-14,56,2,wk inc flu hosp,2026-03-28,quantile,0.2,3.0
2026-03-14,56,2,wk inc flu hosp,2026-03-28,quantile,0.25,4.0
2026-03-14,56,2,wk inc flu hosp,2026-03-28,quantile,0.3,5.0
2026-03-14,56,2,wk inc flu hosp,2026-03-28,quantile,0.35,5.0
2026-03-14,56,2,wk inc flu hosp,2026-03-28,quantile,0.4,5.990018367767334
2026-03-14,56,2,wk inc flu hosp,2026-03-28,quantile,0.45,6.255273818969727
2026-03-14,56,2,wk inc flu hosp,2026-03-28,quantile,0.5,6.549633026123047
2026-03-14,56,2,wk inc flu hosp,2026-03-28,quantile,0.55,6.830686569213867
2026-03-14,56,2,wk inc flu hosp,2026-03-28,quantile,0.6,7.155380725860596
2026-03-14,56,2,wk inc flu hosp,2026-03-28,quantile,0.65,7.477668285369873
2026-03-14,56,2,wk inc flu hosp,2026-03-28,quantile,0.7,8.0
2026-03-14,56,2,wk inc flu hosp,2026-03-28,quantile,0.75,9.0
2026-03-14,56,2,wk inc flu hosp,2026-03-28,quantile,0.8,10.0
2026-03-14,56,2,wk inc flu hosp,2026-03-28,quantile,0.85,12.0
2026-03-14,56,2,wk inc flu hosp,2026-03-28,quantile,0.9,15.0
2026-03-14,56,2,wk inc flu hosp,2026-03-28,quantile,0.95,21.0
2026-03-14,56,2,wk inc flu hosp,2026-03-28,quantile,0.975,24.0
2026-03-14,56,2,wk inc flu hosp,2026-03-28,quantile,0.99,31.0
2026-03-14,56,3,wk inc flu hosp,2026-04-04,quantile,0.01,0.0
2026-03-14,56,3,wk inc flu hosp,2026-04-04,quantile,0.025,0.1137445766637649
2026-03-14,56,3,wk inc flu hosp,2026-04-04,quantile,0.05,0.4049181665961098
2026-03-14,56,3,wk inc flu hosp,2026-04-04,quantile,0.1,1.0
2026-03-14,56,3,wk inc flu hosp,2026-04-04,quantile,0.15,1.987903745465576
2026-03-14,56,3,wk inc flu hosp,2026-04-04,quantile,0.2,2.0
2026-03-14,56,3,wk inc flu hosp,2026-04-04,quantile,0.25,2.808754914710177
2026-03-14,56,3,wk inc flu hosp,2026-04-04,quantile,0.3,3.045927746348514
2026-03-14,56,3,wk inc flu hosp,2026-04-04,quantile,0.35,3.2840034113918053
2026-03-14,56,3,wk inc flu hosp,2026-04-04,quantile,0.4,3.549773388696467
2026-03-14,56,3,wk inc flu hosp,2026-04-04,quantile,0.45,4.0
2026-03-14,56,3,wk inc flu hosp,2026-04-04,quantile,0.5,4.481937431484971
2026-03-14,56,3,wk inc flu hosp,2026-04-04,quantile,0.55,5.135339674460073
2026-03-14,56,3,wk inc flu hosp,2026-04-04,quantile,0.6,5.712995529174805
2026-03-14,56,3,wk inc flu hosp,2026-04-04,quantile,0.65,6.008425235748291
2026-03-14,56,3,wk inc flu hosp,2026-04-04,quantile,0.7,6.326070785522461
2026-03-14,56,3,wk inc flu hosp,2026-04-04,quantile,0.75,8.0
2026-03-14,56,3,wk inc flu hosp,2026-04-04,quantile,0.8,9.0
2026-03-14,56,3,wk inc flu hosp,2026-04-04,quantile,0.85,11.0
2026-03-14,56,3,wk inc flu hosp,2026-04-04,quantile,0.9,15.0
2026-03-14,56,3,wk inc flu hosp,2026-04-04,quantile,0.95,21.64011586267664
2026-03-14,56,3,wk inc flu hosp,2026-04-04,quantile,0.975,26.0
2026-03-14,56,3,wk inc flu hosp,2026-04-04,quantile,0.99,30.0
2026-03-14,72,0,wk inc flu hosp,2026-03-14,quantile,0.01,29.24944149816571
2026-03-14,72,0,wk inc flu hosp,2026-03-14,quantile,0.025,34.59523892542955
2026-03-14,72,0,wk inc flu hosp,2026-03-14,quantile,0.05,41.11779338782369
2026-03-14,72,0,wk inc flu hosp,2026-03-14,quantile,0.1,49.35140246977592
2026-03-14,72,0,wk inc flu hosp,2026-03-14,quantile,0.15,55.42367856942272
2026-03-14,72,0,wk inc flu hosp,2026-03-14,quantile,0.2,60.29274546006858
2026-03-14,72,0,wk inc flu hosp,2026-03-14,quantile,0.25,65.01636560521304
2026-03-14,72,0,wk inc flu hosp,2026-03-14,quantile,0.3,68.69818056029615
2026-03-14,72,0,wk inc flu hosp,2026-03-14,quantile,0.35,72.11757095550742
2026-03-14,72,0,wk inc flu hosp,2026-03-14,quantile,0.4,75.48733950267325
2026-03-14,72,0,wk inc flu hosp,2026-03-14,quantile,0.45,79.49073678556056
2026-03-14,72,0,wk inc flu hosp,2026-03-14,quantile,0.5,83.8512356244845
2026-03-14,72,0,wk inc flu hosp,2026-03-14,quantile,0.55,88.09632604792463
2026-03-14,72,0,wk inc flu hosp,2026-03-14,quantile,0.6,92.57208132985795
2026-03-14,72,0,wk inc flu hosp,2026-03-14,quantile,0.65,97.85296839620838
2026-03-14,72,0,wk inc flu hosp,2026-03-14,quantile,0.7,104.05741150608691
2026-03-14,72,0,wk inc flu hosp,2026-03-14,quantile,0.75,111.46150127269635
2026-03-14,72,0,wk inc flu hosp,2026-03-14,quantile,0.8,119.82038936143009
2026-03-14,72,0,wk inc flu hosp,2026-03-14,quantile,0.85,126.2445636953606
2026-03-14,72,0,wk inc flu hosp,2026-03-14,quantile,0.9,135.19902476593455
2026-03-14,72,0,wk inc flu hosp,2026-03-14,quantile,0.95,148.6006174333507
2026-03-14,72,0,wk inc flu hosp,2026-03-14,quantile,0.975,160.87628860144628
2026-03-14,72,0,wk inc flu hosp,2026-03-14,quantile,0.99,176.01132834118312
2026-03-14,72,1,wk inc flu hosp,2026-03-21,quantile,0.01,22.430836994776033
2026-03-14,72,1,wk inc flu hosp,2026-03-21,quantile,0.025,27.8413235639144
2026-03-14,72,1,wk inc flu hosp,2026-03-21,quantile,0.05,34.43119352966315
2026-03-14,72,1,wk inc flu hosp,2026-03-21,quantile,0.1,42.52566706570221
2026-03-14,72,1,wk inc flu hosp,2026-03-21,quantile,0.15,47.80829973910817
2026-03-14,72,1,wk inc flu hosp,2026-03-21,quantile,0.2,53.26375172562229
2026-03-14,72,1,wk inc flu hosp,2026-03-21,quantile,0.25,58.34866237202147
2026-03-14,72,1,wk inc flu hosp,2026-03-21,quantile,0.3,62.91160582054286
2026-03-14,72,1,wk inc flu hosp,2026-03-21,quantile,0.35,66.92441559366074
2026-03-14,72,1,wk inc flu hosp,2026-03-21,quantile,0.4,71.0438422028441
2026-03-14,72,1,wk inc flu hosp,2026-03-21,quantile,0.45,75.75923480613378
2026-03-14,72,1,wk inc flu hosp,2026-03-21,quantile,0.5,80.72539763915564
2026-03-14,72,1,wk inc flu hosp,2026-03-21,quantile,0.55,85.82050254134049
2026-03-14,72,1,wk inc flu hosp,2026-03-21,quantile,0.6,91.12060644460888
2026-03-14,72,1,wk inc flu hosp,2026-03-21,quantile,0.65,96.84171393250867
2026-03-14,72,1,wk inc flu hosp,2026-03-21,quantile,0.7,103.50541878187539
2026-03-14,72,1,wk inc flu hosp,2026-03-21,quantile,0.75,111.24723293928969
2026-03-14,72,1,wk inc flu hosp,2026-03-21,quantile,0.8,121.2287159525487
2026-03-14,72,1,wk inc flu hosp,2026-03-21,quantile,0.85,135.19059828404747
2026-03-14,72,1,wk inc flu hosp,2026-03-21,quantile,0.9,147.0
2026-03-14,72,1,wk inc flu hosp,2026-03-21,quantile,0.95,176.5
2026-03-14,72,1,wk inc flu hosp,2026-03-21,quantile,0.975,207.0
2026-03-14,72,1,wk inc flu hosp,2026-03-21,quantile,0.99,241.0
2026-03-14,72,2,wk inc flu hosp,2026-03-28,quantile,0.01,16.71881422838147
2026-03-14,72,2,wk inc flu hosp,2026-03-28,quantile,0.025,24.205183389999014
2026-03-14,72,2,wk inc flu hosp,2026-03-28,quantile,0.05,31.21765250538474
2026-03-14,72,2,wk inc flu hosp,2026-03-28,quantile,0.1,41.186250564928585
2026-03-14,72,2,wk inc flu hosp,2026-03-28,quantile,0.15,48.15378259861659
2026-03-14,72,2,wk inc flu hosp,2026-03-28,quantile,0.2,54.55462774345786
2026-03-14,72,2,wk inc flu hosp,2026-03-28,quantile,0.25,60.451883589460266
2026-03-14,72,2,wk inc flu hosp,2026-03-28,quantile,0.3,65.0544553833897
2026-03-14,72,2,wk inc flu hosp,2026-03-28,quantile,0.35,70.15076371371461
2026-03-14,72,2,wk inc flu hosp,2026-03-28,quantile,0.4,75.5190441738848
2026-03-14,72,2,wk inc flu hosp,2026-03-28,quantile,0.45,81.02983042659798
2026-03-14,72,2,wk inc flu hosp,2026-03-28,quantile,0.5,86.64168920402003
2026-03-14,72,2,wk inc flu hosp,2026-03-28,quantile,0.55,92.37983955842648
2026-03-14,72,2,wk inc flu hosp,2026-03-28,quantile,0.6,99.03605018962277
2026-03-14,72,2,wk inc flu hosp,2026-03-28,quantile,0.65,106.43449667567633
2026-03-14,72,2,wk inc flu hosp,2026-03-28,quantile,0.7,114.86168405723356
2026-03-14,72,2,wk inc flu hosp,2026-03-28,quantile,0.75,124.7161547150267
2026-03-14,72,2,wk inc flu hosp,2026-03-28,quantile,0.8,137.19992215416698
2026-03-14,72,2,wk inc flu hosp,2026-03-28,quantile,0.85,149.7938495687708
2026-03-14,72,2,wk inc flu hosp,2026-03-28,quantile,0.9,167.5
2026-03-14,72,2,wk inc flu hosp,2026-03-28,quantile,0.95,213.47381832941807
2026-03-14,72,2,wk inc flu hosp,2026-03-28,quantile,0.975,251.71716624257522
2026-03-14,72,2,wk inc flu hosp,2026-03-28,quantile,0.99,297.1797850602839
2026-03-14,72,3,wk inc flu hosp,2026-04-04,quantile,0.01,11.987311861328411
2026-03-14,72,3,wk inc flu hosp,2026-04-04,quantile,0.025,19.41104321797763
2026-03-14,72,3,wk inc flu hosp,2026-04-04,quantile,0.05,26.15901068313999
2026-03-14,72,3,wk inc flu hosp,2026-04-04,quantile,0.1,34.027974267373764
2026-03-14,72,3,wk inc flu hosp,2026-04-04,quantile,0.15,39.62660839498587
2026-03-14,72,3,wk inc flu hosp,2026-04-04,quantile,0.2,44.46950987760666
2026-03-14,72,3,wk inc flu hosp,2026-04-04,quantile,0.25,48.609516862919115
2026-03-14,72,3,wk inc flu hosp,2026-04-04,quantile,0.3,52.65146292131918
2026-03-14,72,3,wk inc flu hosp,2026-04-04,quantile,0.35,56.80539931079116
2026-03-14,72,3,wk inc flu hosp,2026-04-04,quantile,0.4,61.00930185812045
2026-03-14,72,3,wk inc flu hosp,2026-04-04,quantile,0.45,65.33522317401206
2026-03-14,72,3,wk inc flu hosp,2026-04-04,quantile,0.5,70.33902887576843
2026-03-14,72,3,wk inc flu hosp,2026-04-04,quantile,0.55,75.77673396697665
2026-03-14,72,3,wk inc flu hosp,2026-04-04,quantile,0.6,81.88779118794614
2026-03-14,72,3,wk inc flu hosp,2026-04-04,quantile,0.65,88.86146326789054
2026-03-14,72,3,wk inc flu hosp,2026-04-04,quantile,0.7,97.04400143460869
2026-03-14,72,3,wk inc flu hosp,2026-04-04,quantile,0.75,107.4847204330274
2026-03-14,72,3,wk inc flu hosp,2026-04-04,quantile,0.8,120.49028545875076
2026-03-14,72,3,wk inc flu hosp,2026-04-04,quantile,0.85,138.54201083669173
2026-03-14,72,3,wk inc flu hosp,2026-04-04,quantile,0.9,177.20869738342506
2026-03-14,72,3,wk inc flu hosp,2026-04-04,quantile,0.95,221.05668718254103
2026-03-14,72,3,wk inc flu hosp,2026-04-04,quantile,0.975,262.2916712965354
2026-03-14,72,3,wk inc flu hosp,2026-04-04,quantile,0.99,299.05914569474055
2026-03-14,US,0,wk inc flu hosp,2026-03-14,quantile,0.01,4584.040658294303
2026-03-14,US,0,wk inc flu hosp,2026-03-14,quantile,0.025,4773.0
2026-03-14,US,0,wk inc flu hosp,2026-03-14,quantile,0.05,5171.0
2026-03-14,US,0,wk inc flu hosp,2026-03-14,quantile,0.1,5660.0
2026-03-14,US,0,wk inc flu hosp,2026-03-14,quantile,0.15,6056.0
2026-03-14,US,0,wk inc flu hosp,2026-03-14,quantile,0.2,6287.492684364319
2026-03-14,US,0,wk inc flu hosp,2026-03-14,quantile,0.25,6509.0
2026-03-14,US,0,wk inc flu hosp,2026-03-14,quantile,0.3,6667.020138678242
2026-03-14,US,0,wk inc flu hosp,2026-03-14,quantile,0.35,6980.0
2026-03-14,US,0,wk inc flu hosp,2026-03-14,quantile,0.4,7379.0
2026-03-14,US,0,wk inc flu hosp,2026-03-14,quantile,0.45,7621.0
2026-03-14,US,0,wk inc flu hosp,2026-03-14,quantile,0.5,7782.0
2026-03-14,US,0,wk inc flu hosp,2026-03-14,quantile,0.55,7957.0
2026-03-14,US,0,wk inc flu hosp,2026-03-14,quantile,0.6,8178.0
2026-03-14,US,0,wk inc flu hosp,2026-03-14,quantile,0.65,8328.0
2026-03-14,US,0,wk inc flu hosp,2026-03-14,quantile,0.7,8533.0
2026-03-14,US,0,wk inc flu hosp,2026-03-14,quantile,0.75,8725.0
2026-03-14,US,0,wk inc flu hosp,2026-03-14,quantile,0.8,8815.0
2026-03-14,US,0,wk inc flu hosp,2026-03-14,quantile,0.85,9189.0
2026-03-14,US,0,wk inc flu hosp,2026-03-14,quantile,0.9,9604.0
2026-03-14,US,0,wk inc flu hosp,2026-03-14,quantile,0.95,10218.0
2026-03-14,US,0,wk inc flu hosp,2026-03-14,quantile,0.975,10569.0
2026-03-14,US,0,wk inc flu hosp,2026-03-14,quantile,0.99,10951.0
2026-03-14,US,1,wk inc flu hosp,2026-03-21,quantile,0.01,2612.0
2026-03-14,US,1,wk inc flu hosp,2026-03-21,quantile,0.025,2792.0
2026-03-14,US,1,wk inc flu hosp,2026-03-21,quantile,0.05,3434.498249699692
2026-03-14,US,1,wk inc flu hosp,2026-03-21,quantile,0.1,4069.6509592036414
2026-03-14,US,1,wk inc flu hosp,2026-03-21,quantile,0.15,4687.0
2026-03-14,US,1,wk inc flu hosp,2026-03-21,quantile,0.2,4885.0
2026-03-14,US,1,wk inc flu hosp,2026-03-21,quantile,0.25,5124.656518839696
2026-03-14,US,1,wk inc flu hosp,2026-03-21,quantile,0.3,5370.506062507629
2026-03-14,US,1,wk inc flu hosp,2026-03-21,quantile,0.35,5507.117478847504
2026-03-14,US,1,wk inc flu hosp,2026-03-21,quantile,0.4,5669.0
2026-03-14,US,1,wk inc flu hosp,2026-03-21,quantile,0.45,6074.0
2026-03-14,US,1,wk inc flu hosp,2026-03-21,quantile,0.5,6285.0
2026-03-14,US,1,wk inc flu hosp,2026-03-21,quantile,0.55,6476.0
2026-03-14,US,1,wk inc flu hosp,2026-03-21,quantile,0.6,6764.0
2026-03-14,US,1,wk inc flu hosp,2026-03-21,quantile,0.65,6951.0
2026-03-14,US,1,wk inc flu hosp,2026-03-21,quantile,0.7,7117.0
2026-03-14,US,1,wk inc flu hosp,2026-03-21,quantile,0.75,7317.0
2026-03-14,US,1,wk inc flu hosp,2026-03-21,quantile,0.8,7458.0
2026-03-14,US,1,wk inc flu hosp,2026-03-21,quantile,0.85,8346.0
2026-03-14,US,1,wk inc flu hosp,2026-03-21,quantile,0.9,9609.0
2026-03-14,US,1,wk inc flu hosp,2026-03-21,quantile,0.95,10448.0
2026-03-14,US,1,wk inc flu hosp,2026-03-21,quantile,0.975,11006.0
2026-03-14,US,1,wk inc flu hosp,2026-03-21,quantile,0.99,11829.0
2026-03-14,US,2,wk inc flu hosp,2026-03-28,quantile,0.01,1600.0
2026-03-14,US,2,wk inc flu hosp,2026-03-28,quantile,0.025,1896.0
2026-03-14,US,2,wk inc flu hosp,2026-03-28,quantile,0.05,2287.0
2026-03-14,US,2,wk inc flu hosp,2026-03-28,quantile,0.1,3050.3830477946226
2026-03-14,US,2,wk inc flu hosp,2026-03-28,quantile,0.15,3465.0
2026-03-14,US,2,wk inc flu hosp,2026-03-28,quantile,0.2,3643.0
2026-03-14,US,2,wk inc flu hosp,2026-03-28,quantile,0.25,4039.5428792792177
2026-03-14,US,2,wk inc flu hosp,2026-03-28,quantile,0.3,4239.024121999741
2026-03-14,US,2,wk inc flu hosp,2026-03-28,quantile,0.35,4361.835299491882
2026-03-14,US,2,wk inc flu hosp,2026-03-28,quantile,0.4,4592.0
2026-03-14,US,2,wk inc flu hosp,2026-03-28,quantile,0.45,5037.0
2026-03-14,US,2,wk inc flu hosp,2026-03-28,quantile,0.5,5274.0
2026-03-14,US,2,wk inc flu hosp,2026-03-28,quantile,0.55,5471.0
2026-03-14,US,2,wk inc flu hosp,2026-03-28,quantile,0.6,5603.0
2026-03-14,US,2,wk inc flu hosp,2026-03-28,quantile,0.65,5688.0
2026-03-14,US,2,wk inc flu hosp,2026-03-28,quantile,0.7,5801.0
2026-03-14,US,2,wk inc flu hosp,2026-03-28,quantile,0.75,5963.0
2026-03-14,US,2,wk inc flu hosp,2026-03-28,quantile,0.8,6161.0
2026-03-14,US,2,wk inc flu hosp,2026-03-28,quantile,0.85,7109.0
2026-03-14,US,2,wk inc flu hosp,2026-03-28,quantile,0.9,8683.0
2026-03-14,US,2,wk inc flu hosp,2026-03-28,quantile,0.95,9972.0
2026-03-14,US,2,wk inc flu hosp,2026-03-28,quantile,0.975,11004.0
2026-03-14,US,2,wk inc flu hosp,2026-03-28,quantile,0.99,13422.0
2026-03-14,US,3,wk inc flu hosp,2026-04-04,quantile,0.01,922.5571939984502
2026-03-14,US,3,wk inc flu hosp,2026-04-04,quantile,0.025,1128.7638083734946
2026-03-14,US,3,wk inc flu hosp,2026-04-04,quantile,0.05,1854.0
2026-03-14,US,3,wk inc flu hosp,2026-04-04,quantile,0.1,2279.0
2026-03-14,US,3,wk inc flu hosp,2026-04-04,quantile,0.15,2583.0
2026-03-14,US,3,wk inc flu hosp,2026-04-04,quantile,0.2,2882.0
2026-03-14,US,3,wk inc flu hosp,2026-04-04,quantile,0.25,3140.85973405838
2026-03-14,US,3,wk inc flu hosp,2026-04-04,quantile,0.3,3255.6762130260468
2026-03-14,US,3,wk inc flu hosp,2026-04-04,quantile,0.35,3561.0
2026-03-14,US,3,wk inc flu hosp,2026-04-04,quantile,0.4,3746.0
2026-03-14,US,3,wk inc flu hosp,2026-04-04,quantile,0.45,4053.0
2026-03-14,US,3,wk inc flu hosp,2026-04-04,quantile,0.5,4329.0
2026-03-14,US,3,wk inc flu hosp,2026-04-04,quantile,0.55,4501.0
2026-03-14,US,3,wk inc flu hosp,2026-04-04,quantile,0.6,4640.0
2026-03-14,US,3,wk inc flu hosp,2026-04-04,quantile,0.65,4767.0
2026-03-14,US,3,wk inc flu hosp,2026-04-04,quantile,0.7,4881.0
2026-03-14,US,3,wk inc flu hosp,2026-04-04,quantile,0.75,4965.0
2026-03-14,US,3,wk inc flu hosp,2026-04-04,quantile,0.8,5154.0
2026-03-14,US,3,wk inc flu hosp,2026-04-04,quantile,0.85,5525.0
2026-03-14,US,3,wk inc flu hosp,2026-04-04,quantile,0.9,7163.0
2026-03-14,US,3,wk inc flu hosp,2026-04-04,quantile,0.95,8961.0
2026-03-14,US,3,wk inc flu hosp,2026-04-04,quantile,0.975,10609.0
2026-03-14,US,3,wk inc flu hosp,2026-04-04,quantile,0.99,13876.0
2026-03-14,01,0,wk flu hosp rate change,2026-03-14,pmf,stable,0.19761160515120624
2026-03-14,01,0,wk flu hosp rate change,2026-03-14,pmf,increase,0.07302876250000001
2026-03-14,01,0,wk flu hosp rate change,2026-03-14,pmf,large_increase,0.0
2026-03-14,01,0,wk flu hosp rate change,2026-03-14,pmf,decrease,0.7006954184599049
2026-03-14,01,0,wk flu hosp rate change,2026-03-14,pmf,large_decrease,0.028664213888888894
2026-03-14,01,1,wk flu hosp rate change,2026-03-21,pmf,stable,0.19319993025374826
2026-03-14,01,1,wk flu hosp rate change,2026-03-21,pmf,increase,0.02173511704545461
2026-03-14,01,1,wk flu hosp rate change,2026-03-21,pmf,large_increase,0.0
2026-03-14,01,1,wk flu hosp rate change,2026-03-21,pmf,decrease,0.7850649527007971
2026-03-14,01,1,wk flu hosp rate change,2026-03-21,pmf,large_decrease,0.0
2026-03-14,01,2,wk flu hosp rate change,2026-03-28,pmf,stable,0.17058626323137582
2026-03-14,01,2,wk flu hosp rate change,2026-03-28,pmf,increase,0.01884574704081632
2026-03-14,01,2,wk flu hosp rate change,2026-03-28,pmf,large_increase,0.0
2026-03-14,01,2,wk flu hosp rate change,2026-03-28,pmf,decrease,0.8105679897278079
2026-03-14,01,2,wk flu hosp rate change,2026-03-28,pmf,large_decrease,0.0
2026-03-14,01,3,wk flu hosp rate change,2026-04-04,pmf,stable,0.2133646128037291
2026-03-14,01,3,wk flu hosp rate change,2026-04-04,pmf,increase,0.013605752499999957
2026-03-14,01,3,wk flu hosp rate change,2026-04-04,pmf,large_increase,0.0
2026-03-14,01,3,wk flu hosp rate change,2026-04-04,pmf,decrease,0.773029634696271
2026-03-14,01,3,wk flu hosp rate change,2026-04-04,pmf,large_decrease,0.0
2026-03-14,02,0,wk flu hosp rate change,2026-03-14,pmf,stable,0.7222138078974909
2026-03-14,02,0,wk flu hosp rate change,2026-03-14,pmf,increase,0.009626887598312539
2026-03-14,02,0,wk flu hosp rate change,2026-03-14,pmf,large_increase,0.013229864992445828
2026-03-14,02,0,wk flu hosp rate change,2026-03-14,pmf,decrease,0.16160227869451274
2026-03-14,02,0,wk flu hosp rate change,2026-03-14,pmf,large_decrease,0.09332716081723794
2026-03-14,02,1,wk flu hosp rate change,2026-03-21,pmf,stable,0.6287057284431337
2026-03-14,02,1,wk flu hosp rate change,2026-03-21,pmf,increase,0.06348006675415008
2026-03-14,02,1,wk flu hosp rate change,2026-03-21,pmf,large_increase,0.012378051492547115
2026-03-14,02,1,wk flu hosp rate change,2026-03-21,pmf,decrease,0.29543615331016915
2026-03-14,02,1,wk flu hosp rate change,2026-03-21,pmf,large_decrease,0.0
2026-03-14,02,2,wk flu hosp rate change,2026-03-28,pmf,stable,0.5474558421672789
2026-03-14,02,2,wk flu hosp rate change,2026-03-28,pmf,increase,0.07838690633777967
2026-03-14,02,2,wk flu hosp rate change,2026-03-28,pmf,large_increase,0.010275299989615072
2026-03-14,02,2,wk flu hosp rate change,2026-03-28,pmf,decrease,0.3638819515053263
2026-03-14,02,2,wk flu hosp rate change,2026-03-28,pmf,large_decrease,0.0
2026-03-14,02,3,wk flu hosp rate change,2026-04-04,pmf,stable,0.5279787373947162
2026-03-14,02,3,wk flu hosp rate change,2026-04-04,pmf,increase,0.06704669773454808
2026-03-14,02,3,wk flu hosp rate change,2026-04-04,pmf,large_increase,0.0
2026-03-14,02,3,wk flu hosp rate change,2026-04-04,pmf,decrease,0.40497456487073574
2026-03-14,02,3,wk flu hosp rate change,2026-04-04,pmf,large_decrease,0.0
2026-03-14,04,0,wk flu hosp rate change,2026-03-14,pmf,stable,0.2086354033244926
2026-03-14,04,0,wk flu hosp rate change,2026-03-14,pmf,increase,0.14759086334217408
2026-03-14,04,0,wk flu hosp rate change,2026-03-14,pmf,large_increase,0.0
2026-03-14,04,0,wk flu hosp rate change,2026-03-14,pmf,decrease,0.5795248164250013
2026-03-14,04,0,wk flu hosp rate change,2026-03-14,pmf,large_decrease,0.06424891690833207
2026-03-14,04,1,wk flu hosp rate change,2026-03-21,pmf,stable,0.156791976560533
2026-03-14,04,1,wk flu hosp rate change,2026-03-21,pmf,increase,0.15825386959331322
2026-03-14,04,1,wk flu hosp rate change,2026-03-21,pmf,large_increase,0.0
2026-03-14,04,1,wk flu hosp rate change,2026-03-21,pmf,decrease,0.6849541538461538
2026-03-14,04,1,wk flu hosp rate change,2026-03-21,pmf,large_decrease,0.0
2026-03-14,04,2,wk flu hosp rate change,2026-03-28,pmf,stable,0.1393300976242665
2026-03-14,04,2,wk flu hosp rate change,2026-03-28,pmf,increase,0.14266237510300628
2026-03-14,04,2,wk flu hosp rate change,2026-03-28,pmf,large_increase,0.0
2026-03-14,04,2,wk flu hosp rate change,2026-03-28,pmf,decrease,0.7180075272727272
2026-03-14,04,2,wk flu hosp rate change,2026-03-28,pmf,large_decrease,0.0
2026-03-14,04,3,wk flu hosp rate change,2026-04-04,pmf,stable,0.18692652356336215
2026-03-14,04,3,wk flu hosp rate change,2026-04-04,pmf,increase,0.10131187643663786
2026-03-14,04,3,wk flu hosp rate change,2026-04-04,pmf,large_increase,0.0
2026-03-14,04,3,wk flu hosp rate change,2026-04-04,pmf,decrease,0.7117616
2026-03-14,04,3,wk flu hosp rate change,2026-04-04,pmf,large_decrease,0.0
2026-03-14,05,0,wk flu hosp rate change,2026-03-14,pmf,stable,0.23632620732505571
2026-03-14,05,0,wk flu hosp rate change,2026-03-14,pmf,increase,0.13288603276379463
2026-03-14,05,0,wk flu hosp rate change,2026-03-14,pmf,large_increase,0.0
2026-03-14,05,0,wk flu hosp rate change,2026-03-14,pmf,decrease,0.5173374692888095
2026-03-14,05,0,wk flu hosp rate change,2026-03-14,pmf,large_decrease,0.11345029062234017
2026-03-14,05,1,wk flu hosp rate change,2026-03-21,pmf,stable,0.18273533614853177
2026-03-14,05,1,wk flu hosp rate change,2026-03-21,pmf,increase,0.06099624264619674
2026-03-14,05,1,wk flu hosp rate change,2026-03-21,pmf,large_increase,0.0
2026-03-14,05,1,wk flu hosp rate change,2026-03-21,pmf,decrease,0.7562684212052715
2026-03-14,05,1,wk flu hosp rate change,2026-03-21,pmf,large_decrease,0.0
2026-03-14,05,2,wk flu hosp rate change,2026-03-28,pmf,stable,0.08487351292876189
2026-03-14,05,2,wk flu hosp rate change,2026-03-28,pmf,increase,0.04352865636363645
2026-03-14,05,2,wk flu hosp rate change,2026-03-28,pmf,large_increase,0.0
2026-03-14,05,2,wk flu hosp rate change,2026-03-28,pmf,decrease,0.8715978307076017
2026-03-14,05,2,wk flu hosp rate change,2026-03-28,pmf,large_decrease,0.0
2026-03-14,05,3,wk flu hosp rate change,2026-04-04,pmf,stable,0.07057051570717643
2026-03-14,05,3,wk flu hosp rate change,2026-04-04,pmf,increase,0.023778765542823543
2026-03-14,05,3,wk flu hosp rate change,2026-04-04,pmf,large_increase,0.0
2026-03-14,05,3,wk flu hosp rate change,2026-04-04,pmf,decrease,0.90565071875
2026-03-14,05,3,wk flu hosp rate change,2026-04-04,pmf,large_decrease,0.0
2026-03-14,06,0,wk flu hosp rate change,2026-03-14,pmf,stable,0.3227380485183693
2026-03-14,06,0,wk flu hosp rate change,2026-03-14,pmf,increase,0.022525778531468532
2026-03-14,06,0,wk flu hosp rate change,2026-03-14,pmf,large_increase,0.0
2026-03-14,06,0,wk flu hosp rate change,2026-03-14,pmf,decrease,0.6547361729501622
2026-03-14,06,0,wk flu hosp rate change,2026-03-14,pmf,large_decrease,0.0
2026-03-14,06,1,wk flu hosp rate change,2026-03-21,pmf,stable,0.22124309715586155
2026-03-14,06,1,wk flu hosp rate change,2026-03-21,pmf,increase,0.02175949676037736
2026-03-14,06,1,wk flu hosp rate change,2026-03-21,pmf,large_increase,0.0
2026-03-14,06,1,wk flu hosp rate change,2026-03-21,pmf,decrease,0.7569974060837611
2026-03-14,06,1,wk flu hosp rate change,2026-03-21,pmf,large_decrease,0.0
2026-03-14,06,2,wk flu hosp rate change,2026-03-28,pmf,stable,0.16013670009863168
2026-03-14,06,2,wk flu hosp rate change,2026-03-28,pmf,increase,0.020616234608076045
2026-03-14,06,2,wk flu hosp rate change,2026-03-28,pmf,large_increase,0.0
2026-03-14,06,2,wk flu hosp rate change,2026-03-28,pmf,decrease,0.8192470652932923
2026-03-14,06,2,wk flu hosp rate change,2026-03-28,pmf,large_decrease,0.0
2026-03-14,06,3,wk flu hosp rate change,2026-04-04,pmf,stable,0.16711993849526263
2026-03-14,06,3,wk flu hosp rate change,2026-04-04,pmf,increase,0.01375351050656659
2026-03-14,06,3,wk flu hosp rate change,2026-04-04,pmf,large_increase,0.0
2026-03-14,06,3,wk flu hosp rate change,2026-04-04,pmf,decrease,0.8191265509981708
2026-03-14,06,3,wk flu hosp rate change,2026-04-04,pmf,large_decrease,0.0
2026-03-14,08,0,wk flu hosp rate change,2026-03-14,pmf,stable,0.41215059655095126
2026-03-14,08,0,wk flu hosp rate change,2026-03-14,pmf,increase,0.15106267500000004
2026-03-14,08,0,wk flu hosp rate change,2026-03-14,pmf,large_increase,0.0
2026-03-14,08,0,wk flu hosp rate change,2026-03-14,pmf,decrease,0.4367867284490487
2026-03-14,08,0,wk flu hosp rate change,2026-03-14,pmf,large_decrease,0.0
2026-03-14,08,1,wk flu hosp rate change,2026-03-21,pmf,stable,0.34705720769230775
2026-03-14,08,1,wk flu hosp rate change,2026-03-21,pmf,increase,0.1008174423076923
2026-03-14,08,1,wk flu hosp rate change,2026-03-21,pmf,large_increase,0.0
2026-03-14,08,1,wk flu hosp rate change,2026-03-21,pmf,decrease,0.55212535
2026-03-14,08,1,wk flu hosp rate change,2026-03-21,pmf,large_decrease,0.0
2026-03-14,08,2,wk flu hosp rate change,2026-03-28,pmf,stable,0.34517086857142854
2026-03-14,08,2,wk flu hosp rate change,2026-03-28,pmf,increase,0.07185364142857142
2026-03-14,08,2,wk flu hosp rate change,2026-03-28,pmf,large_increase,0.0
2026-03-14,08,2,wk flu hosp rate change,2026-03-28,pmf,decrease,0.58297549
2026-03-14,08,2,wk flu hosp rate change,2026-03-28,pmf,large_decrease,0.0
2026-03-14,08,3,wk flu hosp rate change,2026-04-04,pmf,stable,0.4374236336206897
2026-03-14,08,3,wk flu hosp rate change,2026-04-04,pmf,increase,0.032262991379310324
2026-03-14,08,3,wk flu hosp rate change,2026-04-04,pmf,large_increase,0.0
2026-03-14,08,3,wk flu hosp rate change,2026-04-04,pmf,decrease,0.530313375
2026-03-14,08,3,wk flu hosp rate change,2026-04-04,pmf,large_decrease,0.0
2026-03-14,09,0,wk flu hosp rate change,2026-03-14,pmf,stable,0.4563288140038116
2026-03-14,09,0,wk flu hosp rate change,2026-03-14,pmf,increase,0.21624654999999993
2026-03-14,09,0,wk flu hosp rate change,2026-03-14,pmf,large_increase,0.0
2026-03-14,09,0,wk flu hosp rate change,2026-03-14,pmf,decrease,0.3274246359961885
2026-03-14,09,0,wk flu hosp rate change,2026-03-14,pmf,large_decrease,0.0
2026-03-14,09,1,wk flu hosp rate change,2026-03-21,pmf,stable,0.5510502916666666
2026-03-14,09,1,wk flu hosp rate change,2026-03-21,pmf,increase,0.18853879166666665
2026-03-14,09,1,wk flu hosp rate change,2026-03-21,pmf,large_increase,0.0
2026-03-14,09,1,wk flu hosp rate change,2026-03-21,pmf,decrease,0.26041091666666666
2026-03-14,09,1,wk flu hosp rate change,2026-03-21,pmf,large_decrease,0.0
2026-03-14,09,2,wk flu hosp rate change,2026-03-28,pmf,stable,0.5897400337629931
2026-03-14,09,2,wk flu hosp rate change,2026-03-28,pmf,increase,0.15637258500000006
2026-03-14,09,2,wk flu hosp rate change,2026-03-28,pmf,large_increase,0.0
2026-03-14,09,2,wk flu hosp rate change,2026-03-28,pmf,decrease,0.2538873812370068
2026-03-14,09,2,wk flu hosp rate change,2026-03-28,pmf,large_decrease,0.0
2026-03-14,09,3,wk flu hosp rate change,2026-04-04,pmf,stable,0.9049119464285714
2026-03-14,09,3,wk flu hosp rate change,2026-04-04,pmf,increase,0.09508805357142858
2026-03-14,09,3,wk flu hosp rate change,2026-04-04,pmf,large_increase,0.0
2026-03-14,09,3,wk flu hosp rate change,2026-04-04,pmf,decrease,0.0
2026-03-14,09,3,wk flu hosp rate change,2026-04-04,pmf,large_decrease,0.0
2026-03-14,10,0,wk flu hosp rate change,2026-03-14,pmf,stable,0.675
2026-03-14,10,0,wk flu hosp rate change,2026-03-14,pmf,increase,0.014779854374999957
2026-03-14,10,0,wk flu hosp rate change,2026-03-14,pmf,large_increase,0.010220145625000066
2026-03-14,10,0,wk flu hosp rate change,2026-03-14,pmf,decrease,0.21981015671743787
2026-03-14,10,0,wk flu hosp rate change,2026-03-14,pmf,large_decrease,0.08018984328256212
2026-03-14,10,1,wk flu hosp rate change,2026-03-21,pmf,stable,0.3041666666666666
2026-03-14,10,1,wk flu hosp rate change,2026-03-21,pmf,increase,0.04583333333333339
2026-03-14,10,1,wk flu hosp rate change,2026-03-21,pmf,large_increase,0.0
2026-03-14,10,1,wk flu hosp rate change,2026-03-21,pmf,decrease,0.65
2026-03-14,10,1,wk flu hosp rate change,2026-03-21,pmf,large_decrease,0.0
2026-03-14,10,2,wk flu hosp rate change,2026-03-28,pmf,stable,0.15833333333333321
2026-03-14,10,2,wk flu hosp rate change,2026-03-28,pmf,increase,0.04166666666666674
2026-03-14,10,2,wk flu hosp rate change,2026-03-28,pmf,large_increase,0.0
2026-03-14,10,2,wk flu hosp rate change,2026-03-28,pmf,decrease,0.8
2026-03-14,10,2,wk flu hosp rate change,2026-03-28,pmf,large_decrease,0.0
2026-03-14,10,3,wk flu hosp rate change,2026-04-04,pmf,stable,0.10398962499999997
2026-03-14,10,3,wk flu hosp rate change,2026-04-04,pmf,increase,0.03120207500000005
2026-03-14,10,3,wk flu hosp rate change,2026-04-04,pmf,large_increase,0.0
2026-03-14,10,3,wk flu hosp rate change,2026-04-04,pmf,decrease,0.8648083
2026-03-14,10,3,wk flu hosp rate change,2026-04-04,pmf,large_decrease,0.0
2026-03-14,11,0,wk flu hosp rate change,2026-03-14,pmf,stable,0.95
2026-03-14,11,0,wk flu hosp rate change,2026-03-14,pmf,increase,0.0
2026-03-14,11,0,wk flu hosp rate change,2026-03-14,pmf,large_increase,0.0
2026-03-14,11,0,wk flu hosp rate change,2026-03-14,pmf,decrease,0.05
2026-03-14,11,0,wk flu hosp rate change,2026-03-14,pmf,large_decrease,0.0
2026-03-14,11,1,wk flu hosp rate change,2026-03-21,pmf,stable,0.8377769118127302
2026-03-14,11,1,wk flu hosp rate change,2026-03-21,pmf,increase,0.07000000000000006
2026-03-14,11,1,wk flu hosp rate change,2026-03-21,pmf,large_increase,0.0
2026-03-14,11,1,wk flu hosp rate change,2026-03-21,pmf,decrease,0.09222308818726979
2026-03-14,11,1,wk flu hosp rate change,2026-03-21,pmf,large_decrease,0.0
2026-03-14,11,2,wk flu hosp rate change,2026-03-28,pmf,stable,0.7666666666666666
2026-03-14,11,2,wk flu hosp rate change,2026-03-28,pmf,increase,0.08333333333333337
2026-03-14,11,2,wk flu hosp rate change,2026-03-28,pmf,large_increase,0.0
2026-03-14,11,2,wk flu hosp rate change,2026-03-28,pmf,decrease,0.15
2026-03-14,11,2,wk flu hosp rate change,2026-03-28,pmf,large_decrease,0.0
2026-03-14,11,3,wk flu hosp rate change,2026-04-04,pmf,stable,0.7825
2026-03-14,11,3,wk flu hosp rate change,2026-04-04,pmf,increase,0.01750000000000007
2026-03-14,11,3,wk flu hosp rate change,2026-04-04,pmf,large_increase,0.0
2026-03-14,11,3,wk flu hosp rate change,2026-04-04,pmf,decrease,0.2
2026-03-14,11,3,wk flu hosp rate change,2026-04-04,pmf,large_decrease,0.0
2026-03-14,12,0,wk flu hosp rate change,2026-03-14,pmf,stable,0.07436470209607815
2026-03-14,12,0,wk flu hosp rate change,2026-03-14,pmf,increase,0.019980559166666634
2026-03-14,12,0,wk flu hosp rate change,2026-03-14,pmf,large_increase,0.0
2026-03-14,12,0,wk flu hosp rate change,2026-03-14,pmf,decrease,0.6476735276100235
2026-03-14,12,0,wk flu hosp rate change,2026-03-14,pmf,large_decrease,0.2579812111272317
2026-03-14,12,1,wk flu hosp rate change,2026-03-21,pmf,stable,0.03205379962164723
2026-03-14,12,1,wk flu hosp rate change,2026-03-21,pmf,increase,0.016210083083832316
2026-03-14,12,1,wk flu hosp rate change,2026-03-21,pmf,large_increase,0.0
2026-03-14,12,1,wk flu hosp rate change,2026-03-21,pmf,decrease,0.9183731318533749
2026-03-14,12,1,wk flu hosp rate change,2026-03-21,pmf,large_decrease,0.033362985441145576
2026-03-14,12,2,wk flu hosp rate change,2026-03-28,pmf,stable,0.03919428830645166
2026-03-14,12,2,wk flu hosp rate change,2026-03-28,pmf,increase,0.0
2026-03-14,12,2,wk flu hosp rate change,2026-03-28,pmf,large_increase,0.0
2026-03-14,12,2,wk flu hosp rate change,2026-03-28,pmf,decrease,0.9608057116935483
2026-03-14,12,2,wk flu hosp rate change,2026-03-28,pmf,large_decrease,0.0
2026-03-14,12,3,wk flu hosp rate change,2026-04-04,pmf,stable,0.026483278165258417
2026-03-14,12,3,wk flu hosp rate change,2026-04-04,pmf,increase,0.0
2026-03-14,12,3,wk flu hosp rate change,2026-04-04,pmf,large_increase,0.0
2026-03-14,12,3,wk flu hosp rate change,2026-04-04,pmf,decrease,0.9735167218347416
2026-03-14,12,3,wk flu hosp rate change,2026-04-04,pmf,large_decrease,0.0
2026-03-14,13,0,wk flu hosp rate change,2026-03-14,pmf,stable,0.26776085317072307
2026-03-14,13,0,wk flu hosp rate change,2026-03-14,pmf,increase,0.012228898186602333
2026-03-14,13,0,wk flu hosp rate change,2026-03-14,pmf,large_increase,0.0
2026-03-14,13,0,wk flu hosp rate change,2026-03-14,pmf,decrease,0.7200102486426746
2026-03-14,13,0,wk flu hosp rate change,2026-03-14,pmf,large_decrease,0.0
2026-03-14,13,1,wk flu hosp rate change,2026-03-21,pmf,stable,0.3018318617021277
2026-03-14,13,1,wk flu hosp rate change,2026-03-21,pmf,increase,0.01769008829787233
2026-03-14,13,1,wk flu hosp rate change,2026-03-21,pmf,large_increase,0.0
2026-03-14,13,1,wk flu hosp rate change,2026-03-21,pmf,decrease,0.68047805
2026-03-14,13,1,wk flu hosp rate change,2026-03-21,pmf,large_decrease,0.0
2026-03-14,13,2,wk flu hosp rate change,2026-03-28,pmf,stable,0.37881623057213865
2026-03-14,13,2,wk flu hosp rate change,2026-03-28,pmf,increase,0.015824429864864875
2026-03-14,13,2,wk flu hosp rate change,2026-03-28,pmf,large_increase,0.0
2026-03-14,13,2,wk flu hosp rate change,2026-03-28,pmf,decrease,0.6053593395629965
2026-03-14,13,2,wk flu hosp rate change,2026-03-28,pmf,large_decrease,0.0
2026-03-14,13,3,wk flu hosp rate change,2026-04-04,pmf,stable,0.4940439
2026-03-14,13,3,wk flu hosp rate change,2026-04-04,pmf,increase,0.0
2026-03-14,13,3,wk flu hosp rate change,2026-04-04,pmf,large_increase,0.0
2026-03-14,13,3,wk flu hosp rate change,2026-04-04,pmf,decrease,0.5059561
2026-03-14,13,3,wk flu hosp rate change,2026-04-04,pmf,large_decrease,0.0
2026-03-14,15,0,wk flu hosp rate change,2026-03-14,pmf,stable,0.8749028481867226
2026-03-14,15,0,wk flu hosp rate change,2026-03-14,pmf,increase,0.033333333333333326
2026-03-14,15,0,wk flu hosp rate change,2026-03-14,pmf,large_increase,0.0
2026-03-14,15,0,wk flu hosp rate change,2026-03-14,pmf,decrease,0.09176381847994408
2026-03-14,15,0,wk flu hosp rate change,2026-03-14,pmf,large_decrease,0.0
2026-03-14,15,1,wk flu hosp rate change,2026-03-21,pmf,stable,0.680362016938605
2026-03-14,15,1,wk flu hosp rate change,2026-03-21,pmf,increase,0.07499999999999996
2026-03-14,15,1,wk flu hosp rate change,2026-03-21,pmf,large_increase,0.0
2026-03-14,15,1,wk flu hosp rate change,2026-03-21,pmf,decrease,0.24463798306139503
2026-03-14,15,1,wk flu hosp rate change,2026-03-21,pmf,large_decrease,0.0
2026-03-14,15,2,wk flu hosp rate change,2026-03-28,pmf,stable,0.6905168759737572
2026-03-14,15,2,wk flu hosp rate change,2026-03-28,pmf,increase,0.08264987777777777
2026-03-14,15,2,wk flu hosp rate change,2026-03-28,pmf,large_increase,0.0
2026-03-14,15,2,wk flu hosp rate change,2026-03-28,pmf,decrease,0.22683324624846507
2026-03-14,15,2,wk flu hosp rate change,2026-03-28,pmf,large_decrease,0.0
2026-03-14,15,3,wk flu hosp rate change,2026-04-04,pmf,stable,0.827202451564034
2026-03-14,15,3,wk flu hosp rate change,2026-04-04,pmf,increase,0.04543293749999999
2026-03-14,15,3,wk flu hosp rate change,2026-04-04,pmf,large_increase,0.0
2026-03-14,15,3,wk flu hosp rate change,2026-04-04,pmf,decrease,0.12736461093596596
2026-03-14,15,3,wk flu hosp rate change,2026-04-04,pmf,large_decrease,0.0
2026-03-14,16,0,wk flu hosp rate change,2026-03-14,pmf,stable,0.33333333333333337
2026-03-14,16,0,wk flu hosp rate change,2026-03-14,pmf,increase,0.1333333333333333
2026-03-14,16,0,wk flu hosp rate change,2026-03-14,pmf,large_increase,0.0
2026-03-14,16,0,wk flu hosp rate change,2026-03-14,pmf,decrease,0.45045871666666665
2026-03-14,16,0,wk flu hosp rate change,2026-03-14,pmf,large_decrease,0.08287461666666668
2026-03-14,16,1,wk flu hosp rate change,2026-03-21,pmf,stable,0.2645398317307692
2026-03-14,16,1,wk flu hosp rate change,2026-03-21,pmf,increase,0.04806135576923076
2026-03-14,16,1,wk flu hosp rate change,2026-03-21,pmf,large_increase,0.0
2026-03-14,16,1,wk flu hosp rate change,2026-03-21,pmf,decrease,0.6873988125
2026-03-14,16,1,wk flu hosp rate change,2026-03-21,pmf,large_decrease,0.0
2026-03-14,16,2,wk flu hosp rate change,2026-03-28,pmf,stable,0.09229964947916658
2026-03-14,16,2,wk flu hosp rate change,2026-03-28,pmf,increase,0.03279479218750003
2026-03-14,16,2,wk flu hosp rate change,2026-03-28,pmf,large_increase,0.0
2026-03-14,16,2,wk flu hosp rate change,2026-03-28,pmf,decrease,0.8749055583333334
2026-03-14,16,2,wk flu hosp rate change,2026-03-28,pmf,large_decrease,0.0
2026-03-14,16,3,wk flu hosp rate change,2026-04-04,pmf,stable,0.06491270132352933
2026-03-14,16,3,wk flu hosp rate change,2026-04-04,pmf,increase,0.017487857500000037
2026-03-14,16,3,wk flu hosp rate change,2026-04-04,pmf,large_increase,0.0
2026-03-14,16,3,wk flu hosp rate change,2026-04-04,pmf,decrease,0.9175994411764706
2026-03-14,16,3,wk flu hosp rate change,2026-04-04,pmf,large_decrease,0.0
2026-03-14,17,0,wk flu hosp rate change,2026-03-14,pmf,stable,0.10559796825000001
2026-03-14,17,0,wk flu hosp rate change,2026-03-14,pmf,increase,0.04793476299999999
2026-03-14,17,0,wk flu hosp rate change,2026-03-14,pmf,large_increase,0.0
2026-03-14,17,0,wk flu hosp rate change,2026-03-14,pmf,decrease,0.8088477429155798
2026-03-14,17,0,wk flu hosp rate change,2026-03-14,pmf,large_decrease,0.03761952583442024
2026-03-14,17,1,wk flu hosp rate change,2026-03-21,pmf,stable,0.1048214600490196
2026-03-14,17,1,wk flu hosp rate change,2026-03-21,pmf,increase,0.049429856617647094
2026-03-14,17,1,wk flu hosp rate change,2026-03-21,pmf,large_increase,0.0
2026-03-14,17,1,wk flu hosp rate change,2026-03-21,pmf,decrease,0.8457486833333333
2026-03-14,17,1,wk flu hosp rate change,2026-03-21,pmf,large_decrease,0.0
2026-03-14,17,2,wk flu hosp rate change,2026-03-28,pmf,stable,0.09490759611344524
2026-03-14,17,2,wk flu hosp rate change,2026-03-28,pmf,increase,0.04167374852941186
2026-03-14,17,2,wk flu hosp rate change,2026-03-28,pmf,large_increase,0.0
2026-03-14,17,2,wk flu hosp rate change,2026-03-28,pmf,decrease,0.8634186553571429
2026-03-14,17,2,wk flu hosp rate change,2026-03-28,pmf,large_decrease,0.0
2026-03-14,17,3,wk flu hosp rate change,2026-04-04,pmf,stable,0.11377332140151508
2026-03-14,17,3,wk flu hosp rate change,2026-04-04,pmf,increase,0.034644661931818255
2026-03-14,17,3,wk flu hosp rate change,2026-04-04,pmf,large_increase,0.0
2026-03-14,17,3,wk flu hosp rate change,2026-04-04,pmf,decrease,0.8515820166666667
2026-03-14,17,3,wk flu hosp rate change,2026-04-04,pmf,large_decrease,0.0
2026-03-14,18,0,wk flu hosp rate change,2026-03-14,pmf,stable,0.138810832210308
2026-03-14,18,0,wk flu hosp rate change,2026-03-14,pmf,increase,0.09683424107142857
2026-03-14,18,0,wk flu hosp rate change,2026-03-14,pmf,large_increase,0.0
2026-03-14,18,0,wk flu hosp rate change,2026-03-14,pmf,decrease,0.6546104937623898
2026-03-14,18,0,wk flu hosp rate change,2026-03-14,pmf,large_decrease,0.10974443295587372
2026-03-14,18,1,wk flu hosp rate change,2026-03-21,pmf,stable,0.15571347017973847
2026-03-14,18,1,wk flu hosp rate change,2026-03-21,pmf,increase,0.07552586805555561
2026-03-14,18,1,wk flu hosp rate change,2026-03-21,pmf,large_increase,0.0
2026-03-14,18,1,wk flu hosp rate change,2026-03-21,pmf,decrease,0.7293655843816108
2026-03-14,18,1,wk flu hosp rate change,2026-03-21,pmf,large_decrease,0.03939507738309516
2026-03-14,18,2,wk flu hosp rate change,2026-03-28,pmf,stable,0.11716482460474298
2026-03-14,18,2,wk flu hosp rate change,2026-03-28,pmf,increase,0.06688051630434788
2026-03-14,18,2,wk flu hosp rate change,2026-03-28,pmf,large_increase,0.0
2026-03-14,18,2,wk flu hosp rate change,2026-03-28,pmf,decrease,0.8159546590909091
2026-03-14,18,2,wk flu hosp rate change,2026-03-28,pmf,large_decrease,0.0
2026-03-14,18,3,wk flu hosp rate change,2026-04-04,pmf,stable,0.10498337499999999
2026-03-14,18,3,wk flu hosp rate change,2026-04-04,pmf,increase,0.04225937499999999
2026-03-14,18,3,wk flu hosp rate change,2026-04-04,pmf,large_increase,0.0
2026-03-14,18,3,wk flu hosp rate change,2026-04-04,pmf,decrease,0.85275725
2026-03-14,18,3,wk flu hosp rate change,2026-04-04,pmf,large_decrease,0.0
2026-03-14,19,0,wk flu hosp rate change,2026-03-14,pmf,stable,0.2598064997298928
2026-03-14,19,0,wk flu hosp rate change,2026-03-14,pmf,increase,0.16528152270200258
2026-03-14,19,0,wk flu hosp rate change,2026-03-14,pmf,large_increase,0.0
2026-03-14,19,0,wk flu hosp rate change,2026-03-14,pmf,decrease,0.5749119775681046
2026-03-14,19,0,wk flu hosp rate change,2026-03-14,pmf,large_decrease,0.0
2026-03-14,19,1,wk flu hosp rate change,2026-03-21,pmf,stable,0.21561160000000001
2026-03-14,19,1,wk flu hosp rate change,2026-03-21,pmf,increase,0.04948140000000001
2026-03-14,19,1,wk flu hosp rate change,2026-03-21,pmf,large_increase,0.0
2026-03-14,19,1,wk flu hosp rate change,2026-03-21,pmf,decrease,0.734907
2026-03-14,19,1,wk flu hosp rate change,2026-03-21,pmf,large_decrease,0.0
2026-03-14,19,2,wk flu hosp rate change,2026-03-28,pmf,stable,0.10194492909090913
2026-03-14,19,2,wk flu hosp rate change,2026-03-28,pmf,increase,0.021120170909090907
2026-03-14,19,2,wk flu hosp rate change,2026-03-28,pmf,large_increase,0.0
2026-03-14,19,2,wk flu hosp rate change,2026-03-28,pmf,decrease,0.8769349
2026-03-14,19,2,wk flu hosp rate change,2026-03-28,pmf,large_decrease,0.0
2026-03-14,19,3,wk flu hosp rate change,2026-04-04,pmf,stable,0.07664133473684209
2026-03-14,19,3,wk flu hosp rate change,2026-04-04,pmf,increase,0.011292560000000007
2026-03-14,19,3,wk flu hosp rate change,2026-04-04,pmf,large_increase,0.0
2026-03-14,19,3,wk flu hosp rate change,2026-04-04,pmf,decrease,0.9120661052631579
2026-03-14,19,3,wk flu hosp rate change,2026-04-04,pmf,large_decrease,0.0
2026-03-14,20,0,wk flu hosp rate change,2026-03-14,pmf,stable,0.23129056664712389
2026-03-14,20,0,wk flu hosp rate change,2026-03-14,pmf,increase,0.08537610001954277
2026-03-14,20,0,wk flu hosp rate change,2026-03-14,pmf,large_increase,0.0
2026-03-14,20,0,wk flu hosp rate change,2026-03-14,pmf,decrease,0.5872641259176928
2026-03-14,20,0,wk flu hosp rate change,2026-03-14,pmf,large_decrease,0.09606920741564048
2026-03-14,20,1,wk flu hosp rate change,2026-03-21,pmf,stable,0.16776268831168828
2026-03-14,20,1,wk flu hosp rate change,2026-03-21,pmf,increase,0.059758954545454546
2026-03-14,20,1,wk flu hosp rate change,2026-03-21,pmf,large_increase,0.0
2026-03-14,20,1,wk flu hosp rate change,2026-03-21,pmf,decrease,0.7724783571428572
2026-03-14,20,1,wk flu hosp rate change,2026-03-21,pmf,large_decrease,0.0
2026-03-14,20,2,wk flu hosp rate change,2026-03-28,pmf,stable,0.07210220791666666
2026-03-14,20,2,wk flu hosp rate change,2026-03-28,pmf,increase,0.01387859874999997
2026-03-14,20,2,wk flu hosp rate change,2026-03-28,pmf,large_increase,0.0
2026-03-14,20,2,wk flu hosp rate change,2026-03-28,pmf,decrease,0.9140191933333334
2026-03-14,20,2,wk flu hosp rate change,2026-03-28,pmf,large_decrease,0.0
2026-03-14,20,3,wk flu hosp rate change,2026-04-04,pmf,stable,0.04411796428571435
2026-03-14,20,3,wk flu hosp rate change,2026-04-04,pmf,increase,0.0
2026-03-14,20,3,wk flu hosp rate change,2026-04-04,pmf,large_increase,0.0
2026-03-14,20,3,wk flu hosp rate change,2026-04-04,pmf,decrease,0.9558820357142856
2026-03-14,20,3,wk flu hosp rate change,2026-04-04,pmf,large_decrease,0.0
2026-03-14,21,0,wk flu hosp rate change,2026-03-14,pmf,stable,0.03667923697368425
2026-03-14,21,0,wk flu hosp rate change,2026-03-14,pmf,increase,0.015711750526315793
2026-03-14,21,0,wk flu hosp rate change,2026-03-14,pmf,large_increase,0.0
2026-03-14,21,0,wk flu hosp rate change,2026-03-14,pmf,decrease,0.5305236856022872
2026-03-14,21,0,wk flu hosp rate change,2026-03-14,pmf,large_decrease,0.4170853268977127
2026-03-14,21,1,wk flu hosp rate change,2026-03-21,pmf,stable,0.04379492947635133
2026-03-14,21,1,wk flu hosp rate change,2026-03-21,pmf,increase,0.02504542187500003
2026-03-14,21,1,wk flu hosp rate change,2026-03-21,pmf,large_increase,0.0
2026-03-14,21,1,wk flu hosp rate change,2026-03-21,pmf,decrease,0.6196202222909355
2026-03-14,21,1,wk flu hosp rate change,2026-03-21,pmf,large_decrease,0.31153942635771315
2026-03-14,21,2,wk flu hosp rate change,2026-03-28,pmf,stable,0.03684938045618247
2026-03-14,21,2,wk flu hosp rate change,2026-03-28,pmf,increase,0.020677978367346972
2026-03-14,21,2,wk flu hosp rate change,2026-03-28,pmf,large_increase,0.0
2026-03-14,21,2,wk flu hosp rate change,2026-03-28,pmf,decrease,0.7873261288799074
2026-03-14,21,2,wk flu hosp rate change,2026-03-28,pmf,large_decrease,0.15514651229656323
2026-03-14,21,3,wk flu hosp rate change,2026-04-04,pmf,stable,0.046359357142857216
2026-03-14,21,3,wk flu hosp rate change,2026-04-04,pmf,increase,0.0
2026-03-14,21,3,wk flu hosp rate change,2026-04-04,pmf,large_increase,0.0
2026-03-14,21,3,wk flu hosp rate change,2026-04-04,pmf,decrease,0.9536406428571428
2026-03-14,21,3,wk flu hosp rate change,2026-04-04,pmf,large_decrease,0.0
2026-03-14,22,0,wk flu hosp rate change,2026-03-14,pmf,stable,0.07871939542483652
2026-03-14,22,0,wk flu hosp rate change,2026-03-14,pmf,increase,0.06237288235294125
2026-03-14,22,0,wk flu hosp rate change,2026-03-14,pmf,large_increase,0.0
2026-03-14,22,0,wk flu hosp rate change,2026-03-14,pmf,decrease,0.6220614343859664
2026-03-14,22,0,wk flu hosp rate change,2026-03-14,pmf,large_decrease,0.2368462878362558
2026-03-14,22,1,wk flu hosp rate change,2026-03-21,pmf,stable,0.0767514107142857
2026-03-14,22,1,wk flu hosp rate change,2026-03-21,pmf,increase,0.013220339285714311
2026-03-14,22,1,wk flu hosp rate change,2026-03-21,pmf,large_increase,0.0
2026-03-14,22,1,wk flu hosp rate change,2026-03-21,pmf,decrease,0.89542655
2026-03-14,22,1,wk flu hosp rate change,2026-03-21,pmf,large_decrease,0.014601699999999985
2026-03-14,22,2,wk flu hosp rate change,2026-03-28,pmf,stable,0.04302158928571431
2026-03-14,22,2,wk flu hosp rate change,2026-03-28,pmf,increase,0.0
2026-03-14,22,2,wk flu hosp rate change,2026-03-28,pmf,large_increase,0.0
2026-03-14,22,2,wk flu hosp rate change,2026-03-28,pmf,decrease,0.9569784107142857
2026-03-14,22,2,wk flu hosp rate change,2026-03-28,pmf,large_decrease,0.0
2026-03-14,22,3,wk flu hosp rate change,2026-04-04,pmf,stable,0.028207580645161268
2026-03-14,22,3,wk flu hosp rate change,2026-04-04,pmf,increase,0.0
2026-03-14,22,3,wk flu hosp rate change,2026-04-04,pmf,large_increase,0.0
2026-03-14,22,3,wk flu hosp rate change,2026-04-04,pmf,decrease,0.9717924193548387
2026-03-14,22,3,wk flu hosp rate change,2026-04-04,pmf,large_decrease,0.0
2026-03-14,23,0,wk flu hosp rate change,2026-03-14,pmf,stable,0.34415232660647554
2026-03-14,23,0,wk flu hosp rate change,2026-03-14,pmf,increase,0.018680437165044195
2026-03-14,23,0,wk flu hosp rate change,2026-03-14,pmf,large_increase,0.0
2026-03-14,23,0,wk flu hosp rate change,2026-03-14,pmf,decrease,0.5466174668442676
2026-03-14,23,0,wk flu hosp rate change,2026-03-14,pmf,large_decrease,0.0905497693842127
2026-03-14,23,1,wk flu hosp rate change,2026-03-21,pmf,stable,0.18166666666666664
2026-03-14,23,1,wk flu hosp rate change,2026-03-21,pmf,increase,0.03833333333333333
2026-03-14,23,1,wk flu hosp rate change,2026-03-21,pmf,large_increase,0.0
2026-03-14,23,1,wk flu hosp rate change,2026-03-21,pmf,decrease,0.78
2026-03-14,23,1,wk flu hosp rate change,2026-03-21,pmf,large_decrease,0.0
2026-03-14,23,2,wk flu hosp rate change,2026-03-28,pmf,stable,0.10715909090909082
2026-03-14,23,2,wk flu hosp rate change,2026-03-28,pmf,increase,0.03375000000000006
2026-03-14,23,2,wk flu hosp rate change,2026-03-28,pmf,large_increase,0.0
2026-03-14,23,2,wk flu hosp rate change,2026-03-28,pmf,decrease,0.8590909090909091
2026-03-14,23,2,wk flu hosp rate change,2026-03-28,pmf,large_decrease,0.0
2026-03-14,23,3,wk flu hosp rate change,2026-04-04,pmf,stable,0.11596134400000002
2026-03-14,23,3,wk flu hosp rate change,2026-04-04,pmf,increase,0.019539855999999967
2026-03-14,23,3,wk flu hosp rate change,2026-04-04,pmf,large_increase,0.0
2026-03-14,23,3,wk flu hosp rate change,2026-04-04,pmf,decrease,0.8644988
2026-03-14,23,3,wk flu hosp rate change,2026-04-04,pmf,large_decrease,0.0
2026-03-14,24,0,wk flu hosp rate change,2026-03-14,pmf,stable,0.6237191671096252
2026-03-14,24,0,wk flu hosp rate change,2026-03-14,pmf,increase,0.04552585000000009
2026-03-14,24,0,wk flu hosp rate change,2026-03-14,pmf,large_increase,0.0
2026-03-14,24,0,wk flu hosp rate change,2026-03-14,pmf,decrease,0.3307549828903747
2026-03-14,24,0,wk flu hosp rate change,2026-03-14,pmf,large_decrease,0.0
2026-03-14,24,1,wk flu hosp rate change,2026-03-21,pmf,stable,0.6702489763689319
2026-03-14,24,1,wk flu hosp rate change,2026-03-21,pmf,increase,0.0811398333333333
2026-03-14,24,1,wk flu hosp rate change,2026-03-21,pmf,large_increase,0.0
2026-03-14,24,1,wk flu hosp rate change,2026-03-21,pmf,decrease,0.24861119029773482
2026-03-14,24,1,wk flu hosp rate change,2026-03-21,pmf,large_decrease,0.0
2026-03-14,24,2,wk flu hosp rate change,2026-03-28,pmf,stable,0.8380450184151644
2026-03-14,24,2,wk flu hosp rate change,2026-03-28,pmf,increase,0.08199711363636364
2026-03-14,24,2,wk flu hosp rate change,2026-03-28,pmf,large_increase,0.0
2026-03-14,24,2,wk flu hosp rate change,2026-03-28,pmf,decrease,0.07995786794847198
2026-03-14,24,2,wk flu hosp rate change,2026-03-28,pmf,large_decrease,0.0
2026-03-14,24,3,wk flu hosp rate change,2026-04-04,pmf,stable,0.934558679245283
2026-03-14,24,3,wk flu hosp rate change,2026-04-04,pmf,increase,0.06544132075471698
2026-03-14,24,3,wk flu hosp rate change,2026-04-04,pmf,large_increase,0.0
2026-03-14,24,3,wk flu hosp rate change,2026-04-04,pmf,decrease,0.0
2026-03-14,24,3,wk flu hosp rate change,2026-04-04,pmf,large_decrease,0.0
2026-03-14,25,0,wk flu hosp rate change,2026-03-14,pmf,stable,0.33934046714285715
2026-03-14,25,0,wk flu hosp rate change,2026-03-14,pmf,increase,0.07363829
2026-03-14,25,0,wk flu hosp rate change,2026-03-14,pmf,large_increase,0.0
2026-03-14,25,0,wk flu hosp rate change,2026-03-14,pmf,decrease,0.5870212428571429
2026-03-14,25,0,wk flu hosp rate change,2026-03-14,pmf,large_decrease,0.0
2026-03-14,25,1,wk flu hosp rate change,2026-03-21,pmf,stable,0.37798891369047616
2026-03-14,25,1,wk flu hosp rate change,2026-03-21,pmf,increase,0.08052177380952386
2026-03-14,25,1,wk flu hosp rate change,2026-03-21,pmf,large_increase,0.0
2026-03-14,25,1,wk flu hosp rate change,2026-03-21,pmf,decrease,0.5414893125
2026-03-14,25,1,wk flu hosp rate change,2026-03-21,pmf,large_decrease,0.0
2026-03-14,25,2,wk flu hosp rate change,2026-03-28,pmf,stable,0.5440316992372525
2026-03-14,25,2,wk flu hosp rate change,2026-03-28,pmf,increase,0.067578005
2026-03-14,25,2,wk flu hosp rate change,2026-03-28,pmf,large_increase,0.0
2026-03-14,25,2,wk flu hosp rate change,2026-03-28,pmf,decrease,0.3883902957627475
2026-03-14,25,2,wk flu hosp rate change,2026-03-28,pmf,large_decrease,0.0
2026-03-14,25,3,wk flu hosp rate change,2026-04-04,pmf,stable,0.8112174253121155
2026-03-14,25,3,wk flu hosp rate change,2026-04-04,pmf,increase,0.047288943548387086
2026-03-14,25,3,wk flu hosp rate change,2026-04-04,pmf,large_increase,0.0
2026-03-14,25,3,wk flu hosp rate change,2026-04-04,pmf,decrease,0.14149363113949742
2026-03-14,25,3,wk flu hosp rate change,2026-04-04,pmf,large_decrease,0.0
2026-03-14,26,0,wk flu hosp rate change,2026-03-14,pmf,stable,0.2675781806547619
2026-03-14,26,0,wk flu hosp rate change,2026-03-14,pmf,increase,0.07828879791666665
2026-03-14,26,0,wk flu hosp rate change,2026-03-14,pmf,large_increase,0.0
2026-03-14,26,0,wk flu hosp rate change,2026-03-14,pmf,decrease,0.6541330214285714
2026-03-14,26,0,wk flu hosp rate change,2026-03-14,pmf,large_decrease,0.0
2026-03-14,26,1,wk flu hosp rate change,2026-03-21,pmf,stable,0.18875605946546392
2026-03-14,26,1,wk flu hosp rate change,2026-03-21,pmf,increase,0.06429770499999998
2026-03-14,26,1,wk flu hosp rate change,2026-03-21,pmf,large_increase,0.0
2026-03-14,26,1,wk flu hosp rate change,2026-03-21,pmf,decrease,0.7469462355345361
2026-03-14,26,1,wk flu hosp rate change,2026-03-21,pmf,large_decrease,0.0
2026-03-14,26,2,wk flu hosp rate change,2026-03-28,pmf,stable,0.15360481833870954
2026-03-14,26,2,wk flu hosp rate change,2026-03-28,pmf,increase,0.04436160766129038
2026-03-14,26,2,wk flu hosp rate change,2026-03-28,pmf,large_increase,0.0
2026-03-14,26,2,wk flu hosp rate change,2026-03-28,pmf,decrease,0.8020335740000001
2026-03-14,26,2,wk flu hosp rate change,2026-03-28,pmf,large_decrease,0.0
2026-03-14,26,3,wk flu hosp rate change,2026-04-04,pmf,stable,0.1504308413942308
2026-03-14,26,3,wk flu hosp rate change,2026-04-04,pmf,increase,0.023424139374999986
2026-03-14,26,3,wk flu hosp rate change,2026-04-04,pmf,large_increase,0.0
2026-03-14,26,3,wk flu hosp rate change,2026-04-04,pmf,decrease,0.8261450192307692
2026-03-14,26,3,wk flu hosp rate change,2026-04-04,pmf,large_decrease,0.0
2026-03-14,27,0,wk flu hosp rate change,2026-03-14,pmf,stable,0.17726456562500004
2026-03-14,27,0,wk flu hosp rate change,2026-03-14,pmf,increase,0.06756420937499996
2026-03-14,27,0,wk flu hosp rate change,2026-03-14,pmf,large_increase,0.0
2026-03-14,27,0,wk flu hosp rate change,2026-03-14,pmf,decrease,0.7214687872671296
2026-03-14,27,0,wk flu hosp rate change,2026-03-14,pmf,large_decrease,0.03370243773287043
2026-03-14,27,1,wk flu hosp rate change,2026-03-21,pmf,stable,0.14218934345238088
2026-03-14,27,1,wk flu hosp rate change,2026-03-21,pmf,increase,0.07433463571428578
2026-03-14,27,1,wk flu hosp rate change,2026-03-21,pmf,large_increase,0.0
2026-03-14,27,1,wk flu hosp rate change,2026-03-21,pmf,decrease,0.7834760208333333
2026-03-14,27,1,wk flu hosp rate change,2026-03-21,pmf,large_decrease,0.0
2026-03-14,27,2,wk flu hosp rate change,2026-03-28,pmf,stable,0.12484102448979584
2026-03-14,27,2,wk flu hosp rate change,2026-03-28,pmf,increase,0.055559125510204144
2026-03-14,27,2,wk flu hosp rate change,2026-03-28,pmf,large_increase,0.0
2026-03-14,27,2,wk flu hosp rate change,2026-03-28,pmf,decrease,0.81959985
2026-03-14,27,2,wk flu hosp rate change,2026-03-28,pmf,large_decrease,0.0
2026-03-14,27,3,wk flu hosp rate change,2026-04-04,pmf,stable,0.12380634359903386
2026-03-14,27,3,wk flu hosp rate change,2026-04-04,pmf,increase,0.03155896195652175
2026-03-14,27,3,wk flu hosp rate change,2026-04-04,pmf,large_increase,0.0
2026-03-14,27,3,wk flu hosp rate change,2026-04-04,pmf,decrease,0.8446346944444444
2026-03-14,27,3,wk flu hosp rate change,2026-04-04,pmf,large_decrease,0.0
2026-03-14,28,0,wk flu hosp rate change,2026-03-14,pmf,stable,0.15625
2026-03-14,28,0,wk flu hosp rate change,2026-03-14,pmf,increase,0.14375000000000004
2026-03-14,28,0,wk flu hosp rate change,2026-03-14,pmf,large_increase,0.0
2026-03-14,28,0,wk flu hosp rate change,2026-03-14,pmf,decrease,0.5604571897924813
2026-03-14,28,0,wk flu hosp rate change,2026-03-14,pmf,large_decrease,0.13954281020751866
2026-03-14,28,1,wk flu hosp rate change,2026-03-21,pmf,stable,0.21643013372892672
2026-03-14,28,1,wk flu hosp rate change,2026-03-21,pmf,increase,0.04429002252107328
2026-03-14,28,1,wk flu hosp rate change,2026-03-21,pmf,large_increase,0.0
2026-03-14,28,1,wk flu hosp rate change,2026-03-21,pmf,decrease,0.7060495786847821
2026-03-14,28,1,wk flu hosp rate change,2026-03-21,pmf,large_decrease,0.033230265065217916
2026-03-14,28,2,wk flu hosp rate change,2026-03-28,pmf,stable,0.06357836171161013
2026-03-14,28,2,wk flu hosp rate change,2026-03-28,pmf,increase,0.030605064393939396
2026-03-14,28,2,wk flu hosp rate change,2026-03-28,pmf,large_increase,0.0
2026-03-14,28,2,wk flu hosp rate change,2026-03-28,pmf,decrease,0.9058165738944505
2026-03-14,28,2,wk flu hosp rate change,2026-03-28,pmf,large_decrease,0.0
2026-03-14,28,3,wk flu hosp rate change,2026-04-04,pmf,stable,0.04635247017045452
2026-03-14,28,3,wk flu hosp rate change,2026-04-04,pmf,increase,0.019240484375000033
2026-03-14,28,3,wk flu hosp rate change,2026-04-04,pmf,large_increase,0.0
2026-03-14,28,3,wk flu hosp rate change,2026-04-04,pmf,decrease,0.9344070454545454
2026-03-14,28,3,wk flu hosp rate change,2026-04-04,pmf,large_decrease,0.0
2026-03-14,29,0,wk flu hosp rate change,2026-03-14,pmf,stable,0.06614939850755985
2026-03-14,29,0,wk flu hosp rate change,2026-03-14,pmf,increase,0.026373480434782604
2026-03-14,29,0,wk flu hosp rate change,2026-03-14,pmf,large_increase,0.0
2026-03-14,29,0,wk flu hosp rate change,2026-03-14,pmf,decrease,0.608460530949872
2026-03-14,29,0,wk flu hosp rate change,2026-03-14,pmf,large_decrease,0.2990165901077856
2026-03-14,29,1,wk flu hosp rate change,2026-03-21,pmf,stable,0.03725014070284027
2026-03-14,29,1,wk flu hosp rate change,2026-03-21,pmf,increase,0.014561667857142857
2026-03-14,29,1,wk flu hosp rate change,2026-03-21,pmf,large_increase,0.0
2026-03-14,29,1,wk flu hosp rate change,2026-03-21,pmf,decrease,0.8979823031581563
2026-03-14,29,1,wk flu hosp rate change,2026-03-21,pmf,large_decrease,0.050205888281860574
2026-03-14,29,2,wk flu hosp rate change,2026-03-28,pmf,stable,0.041510145555555544
2026-03-14,29,2,wk flu hosp rate change,2026-03-28,pmf,increase,0.0
2026-03-14,29,2,wk flu hosp rate change,2026-03-28,pmf,large_increase,0.0
2026-03-14,29,2,wk flu hosp rate change,2026-03-28,pmf,decrease,0.9584898544444445
2026-03-14,29,2,wk flu hosp rate change,2026-03-28,pmf,large_decrease,0.0
2026-03-14,29,3,wk flu hosp rate change,2026-04-04,pmf,stable,0.03339523469387762
2026-03-14,29,3,wk flu hosp rate change,2026-04-04,pmf,increase,0.0
2026-03-14,29,3,wk flu hosp rate change,2026-04-04,pmf,large_increase,0.0
2026-03-14,29,3,wk flu hosp rate change,2026-04-04,pmf,decrease,0.9666047653061224
2026-03-14,29,3,wk flu hosp rate change,2026-04-04,pmf,large_decrease,0.0
2026-03-14,30,0,wk flu hosp rate change,2026-03-14,pmf,stable,0.46499999999999997
2026-03-14,30,0,wk flu hosp rate change,2026-03-14,pmf,increase,0.044284916428571464
2026-03-14,30,0,wk flu hosp rate change,2026-03-14,pmf,large_increase,0.01571508357142859
2026-03-14,30,0,wk flu hosp rate change,2026-03-14,pmf,decrease,0.3694966366791855
2026-03-14,30,0,wk flu hosp rate change,2026-03-14,pmf,large_decrease,0.10550336332081452
2026-03-14,30,1,wk flu hosp rate change,2026-03-21,pmf,stable,0.32613240003240773
2026-03-14,30,1,wk flu hosp rate change,2026-03-21,pmf,increase,0.05555555555555558
2026-03-14,30,1,wk flu hosp rate change,2026-03-21,pmf,large_increase,0.0
2026-03-14,30,1,wk flu hosp rate change,2026-03-21,pmf,decrease,0.6183120444120367
2026-03-14,30,1,wk flu hosp rate change,2026-03-21,pmf,large_decrease,0.0
2026-03-14,30,2,wk flu hosp rate change,2026-03-28,pmf,stable,0.12211538461538463
2026-03-14,30,2,wk flu hosp rate change,2026-03-28,pmf,increase,0.06538461538461537
2026-03-14,30,2,wk flu hosp rate change,2026-03-28,pmf,large_increase,0.0
2026-03-14,30,2,wk flu hosp rate change,2026-03-28,pmf,decrease,0.8125
2026-03-14,30,2,wk flu hosp rate change,2026-03-28,pmf,large_decrease,0.0
2026-03-14,30,3,wk flu hosp rate change,2026-04-04,pmf,stable,0.09442071111111117
2026-03-14,30,3,wk flu hosp rate change,2026-04-04,pmf,increase,0.05209223333333335
2026-03-14,30,3,wk flu hosp rate change,2026-04-04,pmf,large_increase,0.0
2026-03-14,30,3,wk flu hosp rate change,2026-04-04,pmf,decrease,0.8534870555555555
2026-03-14,30,3,wk flu hosp rate change,2026-04-04,pmf,large_decrease,0.0
2026-03-14,31,0,wk flu hosp rate change,2026-03-14,pmf,stable,0.303783520911883
2026-03-14,31,0,wk flu hosp rate change,2026-03-14,pmf,increase,0.07828324379681417
2026-03-14,31,0,wk flu hosp rate change,2026-03-14,pmf,large_increase,0.0
2026-03-14,31,0,wk flu hosp rate change,2026-03-14,pmf,decrease,0.5420418204631393
2026-03-14,31,0,wk flu hosp rate change,2026-03-14,pmf,large_decrease,0.07589141482816357
2026-03-14,31,1,wk flu hosp rate change,2026-03-21,pmf,stable,0.1171979861111111
2026-03-14,31,1,wk flu hosp rate change,2026-03-21,pmf,increase,0.033257430555555634
2026-03-14,31,1,wk flu hosp rate change,2026-03-21,pmf,large_increase,0.0
2026-03-14,31,1,wk flu hosp rate change,2026-03-21,pmf,decrease,0.8495445833333333
2026-03-14,31,1,wk flu hosp rate change,2026-03-21,pmf,large_decrease,0.0
2026-03-14,31,2,wk flu hosp rate change,2026-03-28,pmf,stable,0.08773909375
2026-03-14,31,2,wk flu hosp rate change,2026-03-28,pmf,increase,0.0
2026-03-14,31,2,wk flu hosp rate change,2026-03-28,pmf,large_increase,0.0
2026-03-14,31,2,wk flu hosp rate change,2026-03-28,pmf,decrease,0.91226090625
2026-03-14,31,2,wk flu hosp rate change,2026-03-28,pmf,large_decrease,0.0
2026-03-14,31,3,wk flu hosp rate change,2026-04-04,pmf,stable,0.06388477272727278
2026-03-14,31,3,wk flu hosp rate change,2026-04-04,pmf,increase,0.0
2026-03-14,31,3,wk flu hosp rate change,2026-04-04,pmf,large_increase,0.0
2026-03-14,31,3,wk flu hosp rate change,2026-04-04,pmf,decrease,0.9361152272727272
2026-03-14,31,3,wk flu hosp rate change,2026-04-04,pmf,large_decrease,0.0
2026-03-14,32,0,wk flu hosp rate change,2026-03-14,pmf,stable,0.2475768738582106
2026-03-14,32,0,wk flu hosp rate change,2026-03-14,pmf,increase,0.0357142857142857
2026-03-14,32,0,wk flu hosp rate change,2026-03-14,pmf,large_increase,0.0
2026-03-14,32,0,wk flu hosp rate change,2026-03-14,pmf,decrease,0.7167088404275037
2026-03-14,32,0,wk flu hosp rate change,2026-03-14,pmf,large_decrease,0.0
2026-03-14,32,1,wk flu hosp rate change,2026-03-21,pmf,stable,0.16072680896488656
2026-03-14,32,1,wk flu hosp rate change,2026-03-21,pmf,increase,0.030120509615384594
2026-03-14,32,1,wk flu hosp rate change,2026-03-21,pmf,large_increase,0.0
2026-03-14,32,1,wk flu hosp rate change,2026-03-21,pmf,decrease,0.8091526814197288
2026-03-14,32,1,wk flu hosp rate change,2026-03-21,pmf,large_decrease,0.0
2026-03-14,32,2,wk flu hosp rate change,2026-03-28,pmf,stable,0.1655762321428571
2026-03-14,32,2,wk flu hosp rate change,2026-03-28,pmf,increase,0.03229491785714289
2026-03-14,32,2,wk flu hosp rate change,2026-03-28,pmf,large_increase,0.0
2026-03-14,32,2,wk flu hosp rate change,2026-03-28,pmf,decrease,0.80212885
2026-03-14,32,2,wk flu hosp rate change,2026-03-28,pmf,large_decrease,0.0
2026-03-14,32,3,wk flu hosp rate change,2026-04-04,pmf,stable,0.29795055734222575
2026-03-14,32,3,wk flu hosp rate change,2026-04-04,pmf,increase,0.023855828513147048
2026-03-14,32,3,wk flu hosp rate change,2026-04-04,pmf,large_increase,0.0
2026-03-14,32,3,wk flu hosp rate change,2026-04-04,pmf,decrease,0.6781936141446272
2026-03-14,32,3,wk flu hosp rate change,2026-04-04,pmf,large_decrease,0.0
2026-03-14,33,0,wk flu hosp rate change,2026-03-14,pmf,stable,0.17500000000000004
2026-03-14,33,0,wk flu hosp rate change,2026-03-14,pmf,increase,0.0
2026-03-14,33,0,wk flu hosp rate change,2026-03-14,pmf,large_increase,0.0
2026-03-14,33,0,wk flu hosp rate change,2026-03-14,pmf,decrease,0.7005954017163016
2026-03-14,33,0,wk flu hosp rate change,2026-03-14,pmf,large_decrease,0.12440459828369833
2026-03-14,33,1,wk flu hosp rate change,2026-03-21,pmf,stable,0.1166666666666667
2026-03-14,33,1,wk flu hosp rate change,2026-03-21,pmf,increase,0.033333333333333326
2026-03-14,33,1,wk flu hosp rate change,2026-03-21,pmf,large_increase,0.0
2026-03-14,33,1,wk flu hosp rate change,2026-03-21,pmf,decrease,0.85
2026-03-14,33,1,wk flu hosp rate change,2026-03-21,pmf,large_decrease,0.0
2026-03-14,33,2,wk flu hosp rate change,2026-03-28,pmf,stable,0.08398653270022272
2026-03-14,33,2,wk flu hosp rate change,2026-03-28,pmf,increase,0.04458489587120584
2026-03-14,33,2,wk flu hosp rate change,2026-03-28,pmf,large_increase,0.0
2026-03-14,33,2,wk flu hosp rate change,2026-03-28,pmf,decrease,0.8714285714285714
2026-03-14,33,2,wk flu hosp rate change,2026-03-28,pmf,large_decrease,0.0
2026-03-14,33,3,wk flu hosp rate change,2026-04-04,pmf,stable,0.10147862248461625
2026-03-14,33,3,wk flu hosp rate change,2026-04-04,pmf,increase,0.024085877515383713
2026-03-14,33,3,wk flu hosp rate change,2026-04-04,pmf,large_increase,0.0
2026-03-14,33,3,wk flu hosp rate change,2026-04-04,pmf,decrease,0.8744355
2026-03-14,33,3,wk flu hosp rate change,2026-04-04,pmf,large_decrease,0.0
2026-03-14,34,0,wk flu hosp rate change,2026-03-14,pmf,stable,0.37919776089743584
2026-03-14,34,0,wk flu hosp rate change,2026-03-14,pmf,increase,0.17499018076923079
2026-03-14,34,0,wk flu hosp rate change,2026-03-14,pmf,large_increase,0.0
2026-03-14,34,0,wk flu hosp rate change,2026-03-14,pmf,decrease,0.44581205833333337
2026-03-14,34,0,wk flu hosp rate change,2026-03-14,pmf,large_decrease,0.0
2026-03-14,34,1,wk flu hosp rate change,2026-03-21,pmf,stable,0.3137137272727273
2026-03-14,34,1,wk flu hosp rate change,2026-03-21,pmf,increase,0.12802385606060607
2026-03-14,34,1,wk flu hosp rate change,2026-03-21,pmf,large_increase,0.0
2026-03-14,34,1,wk flu hosp rate change,2026-03-21,pmf,decrease,0.5582624166666666
2026-03-14,34,1,wk flu hosp rate change,2026-03-21,pmf,large_decrease,0.0
2026-03-14,34,2,wk flu hosp rate change,2026-03-28,pmf,stable,0.4308148440068493
2026-03-14,34,2,wk flu hosp rate change,2026-03-28,pmf,increase,0.0880096184931507
2026-03-14,34,2,wk flu hosp rate change,2026-03-28,pmf,large_increase,0.0
2026-03-14,34,2,wk flu hosp rate change,2026-03-28,pmf,decrease,0.48117553750000003
2026-03-14,34,2,wk flu hosp rate change,2026-03-28,pmf,large_decrease,0.0
2026-03-14,34,3,wk flu hosp rate change,2026-04-04,pmf,stable,0.5917872298076923
2026-03-14,34,3,wk flu hosp rate change,2026-04-04,pmf,increase,0.045765957692307735
2026-03-14,34,3,wk flu hosp rate change,2026-04-04,pmf,large_increase,0.0
2026-03-14,34,3,wk flu hosp rate change,2026-04-04,pmf,decrease,0.3624468125
2026-03-14,34,3,wk flu hosp rate change,2026-04-04,pmf,large_decrease,0.0
2026-03-14,35,0,wk flu hosp rate change,2026-03-14,pmf,stable,0.2583333333333333
2026-03-14,35,0,wk flu hosp rate change,2026-03-14,pmf,increase,0.10869058666666664
2026-03-14,35,0,wk flu hosp rate change,2026-03-14,pmf,large_increase,0.016309413333333356
2026-03-14,35,0,wk flu hosp rate change,2026-03-14,pmf,decrease,0.48493512105588704
2026-03-14,35,0,wk flu hosp rate change,2026-03-14,pmf,large_decrease,0.13173154561077965
2026-03-14,35,1,wk flu hosp rate change,2026-03-21,pmf,stable,0.13449783333333332
2026-03-14,35,1,wk flu hosp rate change,2026-03-21,pmf,increase,0.14592950000000005
2026-03-14,35,1,wk flu hosp rate change,2026-03-21,pmf,large_increase,0.0
2026-03-14,35,1,wk flu hosp rate change,2026-03-21,pmf,decrease,0.7195726666666666
2026-03-14,35,1,wk flu hosp rate change,2026-03-21,pmf,large_decrease,0.0
2026-03-14,35,2,wk flu hosp rate change,2026-03-28,pmf,stable,0.11870937777777779
2026-03-14,35,2,wk flu hosp rate change,2026-03-28,pmf,increase,0.12524502222222222
2026-03-14,35,2,wk flu hosp rate change,2026-03-28,pmf,large_increase,0.0
2026-03-14,35,2,wk flu hosp rate change,2026-03-28,pmf,decrease,0.7560456
2026-03-14,35,2,wk flu hosp rate change,2026-03-28,pmf,large_decrease,0.0
2026-03-14,35,3,wk flu hosp rate change,2026-04-04,pmf,stable,0.1280401043478261
2026-03-14,35,3,wk flu hosp rate change,2026-04-04,pmf,increase,0.08847269565217386
2026-03-14,35,3,wk flu hosp rate change,2026-04-04,pmf,large_increase,0.0
2026-03-14,35,3,wk flu hosp rate change,2026-04-04,pmf,decrease,0.7834872
2026-03-14,35,3,wk flu hosp rate change,2026-04-04,pmf,large_decrease,0.0
2026-03-14,36,0,wk flu hosp rate change,2026-03-14,pmf,stable,0.3557567068803009
2026-03-14,36,0,wk flu hosp rate change,2026-03-14,pmf,increase,0.12374636666666672
2026-03-14,36,0,wk flu hosp rate change,2026-03-14,pmf,large_increase,0.0
2026-03-14,36,0,wk flu hosp rate change,2026-03-14,pmf,decrease,0.5204969264530324
2026-03-14,36,0,wk flu hosp rate change,2026-03-14,pmf,large_decrease,0.0
2026-03-14,36,1,wk flu hosp rate change,2026-03-21,pmf,stable,0.39495285690127613
2026-03-14,36,1,wk flu hosp rate change,2026-03-21,pmf,increase,0.07662431956931215
2026-03-14,36,1,wk flu hosp rate change,2026-03-21,pmf,large_increase,0.0
2026-03-14,36,1,wk flu hosp rate change,2026-03-21,pmf,decrease,0.5284228235294117
2026-03-14,36,1,wk flu hosp rate change,2026-03-21,pmf,large_decrease,0.0
2026-03-14,36,2,wk flu hosp rate change,2026-03-28,pmf,stable,0.5218405357142857
2026-03-14,36,2,wk flu hosp rate change,2026-03-28,pmf,increase,0.09400551428571424
2026-03-14,36,2,wk flu hosp rate change,2026-03-28,pmf,large_increase,0.0
2026-03-14,36,2,wk flu hosp rate change,2026-03-28,pmf,decrease,0.38415395
2026-03-14,36,2,wk flu hosp rate change,2026-03-28,pmf,large_decrease,0.0
2026-03-14,36,3,wk flu hosp rate change,2026-04-04,pmf,stable,0.6620152803652968
2026-03-14,36,3,wk flu hosp rate change,2026-04-04,pmf,increase,0.06689298630136986
2026-03-14,36,3,wk flu hosp rate change,2026-04-04,pmf,large_increase,0.0
2026-03-14,36,3,wk flu hosp rate change,2026-04-04,pmf,decrease,0.2710917333333333
2026-03-14,36,3,wk flu hosp rate change,2026-04-04,pmf,large_decrease,0.0
2026-03-14,37,0,wk flu hosp rate change,2026-03-14,pmf,stable,0.2347823192307693
2026-03-14,37,0,wk flu hosp rate change,2026-03-14,pmf,increase,0.07858063076923072
2026-03-14,37,0,wk flu hosp rate change,2026-03-14,pmf,large_increase,0.0
2026-03-14,37,0,wk flu hosp rate change,2026-03-14,pmf,decrease,0.68663705
2026-03-14,37,0,wk flu hosp rate change,2026-03-14,pmf,large_decrease,0.0
2026-03-14,37,1,wk flu hosp rate change,2026-03-21,pmf,stable,0.2059450282258064
2026-03-14,37,1,wk flu hosp rate change,2026-03-21,pmf,increase,0.0885240967741936
2026-03-14,37,1,wk flu hosp rate change,2026-03-21,pmf,large_increase,0.0
2026-03-14,37,1,wk flu hosp rate change,2026-03-21,pmf,decrease,0.705530875
2026-03-14,37,1,wk flu hosp rate change,2026-03-21,pmf,large_decrease,0.0
2026-03-14,37,2,wk flu hosp rate change,2026-03-28,pmf,stable,0.1951307097050572
2026-03-14,37,2,wk flu hosp rate change,2026-03-28,pmf,increase,0.07243086807272059
2026-03-14,37,2,wk flu hosp rate change,2026-03-28,pmf,large_increase,0.0
2026-03-14,37,2,wk flu hosp rate change,2026-03-28,pmf,decrease,0.7324384222222222
2026-03-14,37,2,wk flu hosp rate change,2026-03-28,pmf,large_decrease,0.0
2026-03-14,37,3,wk flu hosp rate change,2026-04-04,pmf,stable,0.2381416200475096
2026-03-14,37,3,wk flu hosp rate change,2026-04-04,pmf,increase,0.04827320433023985
2026-03-14,37,3,wk flu hosp rate change,2026-04-04,pmf,large_increase,0.0
2026-03-14,37,3,wk flu hosp rate change,2026-04-04,pmf,decrease,0.7135851756222505
2026-03-14,37,3,wk flu hosp rate change,2026-04-04,pmf,large_decrease,0.0
2026-03-14,38,0,wk flu hosp rate change,2026-03-14,pmf,stable,0.6018460857028851
2026-03-14,38,0,wk flu hosp rate change,2026-03-14,pmf,increase,0.01330354857142857
2026-03-14,38,0,wk flu hosp rate change,2026-03-14,pmf,large_increase,0.02169645142857146
2026-03-14,38,0,wk flu hosp rate change,2026-03-14,pmf,decrease,0.14023671429711476
2026-03-14,38,0,wk flu hosp rate change,2026-03-14,pmf,large_decrease,0.22291720000000004
2026-03-14,38,1,wk flu hosp rate change,2026-03-21,pmf,stable,0.45934203819004776
2026-03-14,38,1,wk flu hosp rate change,2026-03-21,pmf,increase,0.07499999999999996
2026-03-14,38,1,wk flu hosp rate change,2026-03-21,pmf,large_increase,0.0
2026-03-14,38,1,wk flu hosp rate change,2026-03-21,pmf,decrease,0.4656579618099523
2026-03-14,38,1,wk flu hosp rate change,2026-03-21,pmf,large_decrease,0.0
2026-03-14,38,2,wk flu hosp rate change,2026-03-28,pmf,stable,0.33915416610167504
2026-03-14,38,2,wk flu hosp rate change,2026-03-28,pmf,increase,0.07999999999999996
2026-03-14,38,2,wk flu hosp rate change,2026-03-28,pmf,large_increase,0.0
2026-03-14,38,2,wk flu hosp rate change,2026-03-28,pmf,decrease,0.580845833898325
2026-03-14,38,2,wk flu hosp rate change,2026-03-28,pmf,large_decrease,0.0
2026-03-14,38,3,wk flu hosp rate change,2026-04-04,pmf,stable,0.25
2026-03-14,38,3,wk flu hosp rate change,2026-04-04,pmf,increase,0.06666666666666665
2026-03-14,38,3,wk flu hosp rate change,2026-04-04,pmf,large_increase,0.0
2026-03-14,38,3,wk flu hosp rate change,2026-04-04,pmf,decrease,0.6833333333333333
2026-03-14,38,3,wk flu hosp rate change,2026-04-04,pmf,large_decrease,0.0
2026-03-14,39,0,wk flu hosp rate change,2026-03-14,pmf,stable,0.15576644313725485
2026-03-14,39,0,wk flu hosp rate change,2026-03-14,pmf,increase,0.08732153333333337
2026-03-14,39,0,wk flu hosp rate change,2026-03-14,pmf,large_increase,0.0
2026-03-14,39,0,wk flu hosp rate change,2026-03-14,pmf,decrease,0.66781673657289
2026-03-14,39,0,wk flu hosp rate change,2026-03-14,pmf,large_decrease,0.08909528695652175
2026-03-14,39,1,wk flu hosp rate change,2026-03-21,pmf,stable,0.10668273680823681
2026-03-14,39,1,wk flu hosp rate change,2026-03-21,pmf,increase,0.06820445238095241
2026-03-14,39,1,wk flu hosp rate change,2026-03-21,pmf,large_increase,0.0
2026-03-14,39,1,wk flu hosp rate change,2026-03-21,pmf,decrease,0.7859446774774774
2026-03-14,39,1,wk flu hosp rate change,2026-03-21,pmf,large_decrease,0.039168133333333355
2026-03-14,39,2,wk flu hosp rate change,2026-03-28,pmf,stable,0.084077614500768
2026-03-14,39,2,wk flu hosp rate change,2026-03-28,pmf,increase,0.04590877904761914
2026-03-14,39,2,wk flu hosp rate change,2026-03-28,pmf,large_increase,0.0
2026-03-14,39,2,wk flu hosp rate change,2026-03-28,pmf,decrease,0.8700136064516129
2026-03-14,39,2,wk flu hosp rate change,2026-03-28,pmf,large_decrease,0.0
2026-03-14,39,3,wk flu hosp rate change,2026-04-04,pmf,stable,0.07533650358140709
2026-03-14,39,3,wk flu hosp rate change,2026-04-04,pmf,increase,0.024192948031496075
2026-03-14,39,3,wk flu hosp rate change,2026-04-04,pmf,large_increase,0.0
2026-03-14,39,3,wk flu hosp rate change,2026-04-04,pmf,decrease,0.9004705483870968
2026-03-14,39,3,wk flu hosp rate change,2026-04-04,pmf,large_decrease,0.0
2026-03-14,40,0,wk flu hosp rate change,2026-03-14,pmf,stable,0.09753127067307688
2026-03-14,40,0,wk flu hosp rate change,2026-03-14,pmf,increase,0.041757348076923106
2026-03-14,40,0,wk flu hosp rate change,2026-03-14,pmf,large_increase,0.0
2026-03-14,40,0,wk flu hosp rate change,2026-03-14,pmf,decrease,0.5433858059950207
2026-03-14,40,0,wk flu hosp rate change,2026-03-14,pmf,large_decrease,0.31732557525497923
2026-03-14,40,1,wk flu hosp rate change,2026-03-21,pmf,stable,0.07651701930532062
2026-03-14,40,1,wk flu hosp rate change,2026-03-21,pmf,increase,0.02918411742424243
2026-03-14,40,1,wk flu hosp rate change,2026-03-21,pmf,large_increase,0.0
2026-03-14,40,1,wk flu hosp rate change,2026-03-21,pmf,decrease,0.854957434350521
2026-03-14,40,1,wk flu hosp rate change,2026-03-21,pmf,large_decrease,0.039341428919916016
2026-03-14,40,2,wk flu hosp rate change,2026-03-28,pmf,stable,0.04850729380383734
2026-03-14,40,2,wk flu hosp rate change,2026-03-28,pmf,increase,0.0313769245029456
2026-03-14,40,2,wk flu hosp rate change,2026-03-28,pmf,large_increase,0.0
2026-03-14,40,2,wk flu hosp rate change,2026-03-28,pmf,decrease,0.9201157816932171
2026-03-14,40,2,wk flu hosp rate change,2026-03-28,pmf,large_decrease,0.0
2026-03-14,40,3,wk flu hosp rate change,2026-04-04,pmf,stable,0.049759547070641674
2026-03-14,40,3,wk flu hosp rate change,2026-04-04,pmf,increase,0.026069829151901036
2026-03-14,40,3,wk flu hosp rate change,2026-04-04,pmf,large_increase,0.0
2026-03-14,40,3,wk flu hosp rate change,2026-04-04,pmf,decrease,0.9241706237774573
2026-03-14,40,3,wk flu hosp rate change,2026-04-04,pmf,large_decrease,0.0
2026-03-14,41,0,wk flu hosp rate change,2026-03-14,pmf,stable,0.05153890575906628
2026-03-14,41,0,wk flu hosp rate change,2026-03-14,pmf,increase,0.016967224078166532
2026-03-14,41,0,wk flu hosp rate change,2026-03-14,pmf,large_increase,0.0
2026-03-14,41,0,wk flu hosp rate change,2026-03-14,pmf,decrease,0.6324573431549116
2026-03-14,41,0,wk flu hosp rate change,2026-03-14,pmf,large_decrease,0.29903652700785555
2026-03-14,41,1,wk flu hosp rate change,2026-03-21,pmf,stable,0.061592603448275884
2026-03-14,41,1,wk flu hosp rate change,2026-03-21,pmf,increase,0.0
2026-03-14,41,1,wk flu hosp rate change,2026-03-21,pmf,large_increase,0.0
2026-03-14,41,1,wk flu hosp rate change,2026-03-21,pmf,decrease,0.9156977456020732
2026-03-14,41,1,wk flu hosp rate change,2026-03-21,pmf,large_decrease,0.022709650949650995
2026-03-14,41,2,wk flu hosp rate change,2026-03-28,pmf,stable,0.05698476388539997
2026-03-14,41,2,wk flu hosp rate change,2026-03-28,pmf,increase,0.01563013028811644
2026-03-14,41,2,wk flu hosp rate change,2026-03-28,pmf,large_increase,0.0
2026-03-14,41,2,wk flu hosp rate change,2026-03-28,pmf,decrease,0.9273851058264836
2026-03-14,41,2,wk flu hosp rate change,2026-03-28,pmf,large_decrease,0.0
2026-03-14,41,3,wk flu hosp rate change,2026-04-04,pmf,stable,0.06676730909380657
2026-03-14,41,3,wk flu hosp rate change,2026-04-04,pmf,increase,0.0
2026-03-14,41,3,wk flu hosp rate change,2026-04-04,pmf,large_increase,0.0
2026-03-14,41,3,wk flu hosp rate change,2026-04-04,pmf,decrease,0.9332326909061934
2026-03-14,41,3,wk flu hosp rate change,2026-04-04,pmf,large_decrease,0.0
2026-03-14,42,0,wk flu hosp rate change,2026-03-14,pmf,stable,0.12875159723314245
2026-03-14,42,0,wk flu hosp rate change,2026-03-14,pmf,increase,0.2275038650549931
2026-03-14,42,0,wk flu hosp rate change,2026-03-14,pmf,large_increase,0.05564511271186445
2026-03-14,42,0,wk flu hosp rate change,2026-03-14,pmf,decrease,0.2656873229572922
2026-03-14,42,0,wk flu hosp rate change,2026-03-14,pmf,large_decrease,0.3224121020427078
2026-03-14,42,1,wk flu hosp rate change,2026-03-21,pmf,stable,0.11556083666443406
2026-03-14,42,1,wk flu hosp rate change,2026-03-21,pmf,increase,0.14097654935489567
2026-03-14,42,1,wk flu hosp rate change,2026-03-21,pmf,large_increase,0.03468241260162608
2026-03-14,42,1,wk flu hosp rate change,2026-03-21,pmf,decrease,0.4529089108823726
2026-03-14,42,1,wk flu hosp rate change,2026-03-21,pmf,large_decrease,0.25587129049667157
2026-03-14,42,2,wk flu hosp rate change,2026-03-28,pmf,stable,0.1507480822465299
2026-03-14,42,2,wk flu hosp rate change,2026-03-28,pmf,increase,0.1384288310616706
2026-03-14,42,2,wk flu hosp rate change,2026-03-28,pmf,large_increase,0.020135712380952353
2026-03-14,42,2,wk flu hosp rate change,2026-03-28,pmf,decrease,0.5344344655622908
2026-03-14,42,2,wk flu hosp rate change,2026-03-28,pmf,large_decrease,0.15625290874855635
2026-03-14,42,3,wk flu hosp rate change,2026-04-04,pmf,stable,0.15853461430657745
2026-03-14,42,3,wk flu hosp rate change,2026-04-04,pmf,increase,0.12982139361702127
2026-03-14,42,3,wk flu hosp rate change,2026-04-04,pmf,large_increase,0.010185250000000035
2026-03-14,42,3,wk flu hosp rate change,2026-04-04,pmf,decrease,0.638689964273481
2026-03-14,42,3,wk flu hosp rate change,2026-04-04,pmf,large_decrease,0.06276877780292023
2026-03-14,44,0,wk flu hosp rate change,2026-03-14,pmf,stable,0.6950584691674995
2026-03-14,44,0,wk flu hosp rate change,2026-03-14,pmf,increase,0.02124999999999999
2026-03-14,44,0,wk flu hosp rate change,2026-03-14,pmf,large_increase,0.0
2026-03-14,44,0,wk flu hosp rate change,2026-03-14,pmf,decrease,0.28369153083250054
2026-03-14,44,0,wk flu hosp rate change,2026-03-14,pmf,large_decrease,0.0
2026-03-14,44,1,wk flu hosp rate change,2026-03-21,pmf,stable,0.49999999999999994
2026-03-14,44,1,wk flu hosp rate change,2026-03-21,pmf,increase,0.050000000000000044
2026-03-14,44,1,wk flu hosp rate change,2026-03-21,pmf,large_increase,0.0
2026-03-14,44,1,wk flu hosp rate change,2026-03-21,pmf,decrease,0.45
2026-03-14,44,1,wk flu hosp rate change,2026-03-21,pmf,large_decrease,0.0
2026-03-14,44,2,wk flu hosp rate change,2026-03-28,pmf,stable,0.3799999999999999
2026-03-14,44,2,wk flu hosp rate change,2026-03-28,pmf,increase,0.07000000000000006
2026-03-14,44,2,wk flu hosp rate change,2026-03-28,pmf,large_increase,0.0
2026-03-14,44,2,wk flu hosp rate change,2026-03-28,pmf,decrease,0.55
2026-03-14,44,2,wk flu hosp rate change,2026-03-28,pmf,large_decrease,0.0
2026-03-14,44,3,wk flu hosp rate change,2026-04-04,pmf,stable,0.30752757142857146
2026-03-14,44,3,wk flu hosp rate change,2026-04-04,pmf,increase,0.07054942857142854
2026-03-14,44,3,wk flu hosp rate change,2026-04-04,pmf,large_increase,0.0
2026-03-14,44,3,wk flu hosp rate change,2026-04-04,pmf,decrease,0.621923
2026-03-14,44,3,wk flu hosp rate change,2026-04-04,pmf,large_decrease,0.0
2026-03-14,45,0,wk flu hosp rate change,2026-03-14,pmf,stable,0.29872605450342204
2026-03-14,45,0,wk flu hosp rate change,2026-03-14,pmf,increase,0.5173058406780016
2026-03-14,45,0,wk flu hosp rate change,2026-03-14,pmf,large_increase,0.013099788333333362
2026-03-14,45,0,wk flu hosp rate change,2026-03-14,pmf,decrease,0.17086831648524298
2026-03-14,45,0,wk flu hosp rate change,2026-03-14,pmf,large_decrease,0.0
2026-03-14,45,1,wk flu hosp rate change,2026-03-21,pmf,stable,0.52154826049627
2026-03-14,45,1,wk flu hosp rate change,2026-03-21,pmf,increase,0.19079171153846153
2026-03-14,45,1,wk flu hosp rate change,2026-03-21,pmf,large_increase,0.0
2026-03-14,45,1,wk flu hosp rate change,2026-03-21,pmf,decrease,0.2876600279652684
2026-03-14,45,1,wk flu hosp rate change,2026-03-21,pmf,large_decrease,0.0
2026-03-14,45,2,wk flu hosp rate change,2026-03-28,pmf,stable,0.6295015536035313
2026-03-14,45,2,wk flu hosp rate change,2026-03-28,pmf,increase,0.08416433717948724
2026-03-14,45,2,wk flu hosp rate change,2026-03-28,pmf,large_increase,0.0
2026-03-14,45,2,wk flu hosp rate change,2026-03-28,pmf,decrease,0.2863341092169815
2026-03-14,45,2,wk flu hosp rate change,2026-03-28,pmf,large_decrease,0.0
2026-03-14,45,3,wk flu hosp rate change,2026-04-04,pmf,stable,0.7043148556521531
2026-03-14,45,3,wk flu hosp rate change,2026-04-04,pmf,increase,0.04500664204545457
2026-03-14,45,3,wk flu hosp rate change,2026-04-04,pmf,large_increase,0.0
2026-03-14,45,3,wk flu hosp rate change,2026-04-04,pmf,decrease,0.2506785023023923
2026-03-14,45,3,wk flu hosp rate change,2026-04-04,pmf,large_decrease,0.0
2026-03-14,46,0,wk flu hosp rate change,2026-03-14,pmf,stable,0.4491607438506958
2026-03-14,46,0,wk flu hosp rate change,2026-03-14,pmf,increase,0.022579059500000054
2026-03-14,46,0,wk flu hosp rate change,2026-03-14,pmf,large_increase,0.022420940499999986
2026-03-14,46,0,wk flu hosp rate change,2026-03-14,pmf,decrease,0.24101287070718513
2026-03-14,46,0,wk flu hosp rate change,2026-03-14,pmf,large_decrease,0.264826385442119
2026-03-14,46,1,wk flu hosp rate change,2026-03-21,pmf,stable,0.2265159570030041
2026-03-14,46,1,wk flu hosp rate change,2026-03-21,pmf,increase,0.0710400344419202
2026-03-14,46,1,wk flu hosp rate change,2026-03-21,pmf,large_increase,0.0
2026-03-14,46,1,wk flu hosp rate change,2026-03-21,pmf,decrease,0.5459457585550757
2026-03-14,46,1,wk flu hosp rate change,2026-03-21,pmf,large_decrease,0.15649825000000003
2026-03-14,46,2,wk flu hosp rate change,2026-03-28,pmf,stable,0.11076923076923073
2026-03-14,46,2,wk flu hosp rate change,2026-03-28,pmf,increase,0.0692307692307692
2026-03-14,46,2,wk flu hosp rate change,2026-03-28,pmf,large_increase,0.0
2026-03-14,46,2,wk flu hosp rate change,2026-03-28,pmf,decrease,0.8036695718997852
2026-03-14,46,2,wk flu hosp rate change,2026-03-28,pmf,large_decrease,0.01633042810021491
2026-03-14,46,3,wk flu hosp rate change,2026-04-04,pmf,stable,0.0842857142857143
2026-03-14,46,3,wk flu hosp rate change,2026-04-04,pmf,increase,0.06071428571428572
2026-03-14,46,3,wk flu hosp rate change,2026-04-04,pmf,large_increase,0.0
2026-03-14,46,3,wk flu hosp rate change,2026-04-04,pmf,decrease,0.855
2026-03-14,46,3,wk flu hosp rate change,2026-04-04,pmf,large_decrease,0.0
2026-03-14,47,0,wk flu hosp rate change,2026-03-14,pmf,stable,0.23482272627860612
2026-03-14,47,0,wk flu hosp rate change,2026-03-14,pmf,increase,0.18225852372139384
2026-03-14,47,0,wk flu hosp rate change,2026-03-14,pmf,large_increase,0.0
2026-03-14,47,0,wk flu hosp rate change,2026-03-14,pmf,decrease,0.58291875
2026-03-14,47,0,wk flu hosp rate change,2026-03-14,pmf,large_decrease,0.0
2026-03-14,47,1,wk flu hosp rate change,2026-03-21,pmf,stable,0.2646637063910463
2026-03-14,47,1,wk flu hosp rate change,2026-03-21,pmf,increase,0.10758585015077704
2026-03-14,47,1,wk flu hosp rate change,2026-03-21,pmf,large_increase,0.0
2026-03-14,47,1,wk flu hosp rate change,2026-03-21,pmf,decrease,0.6277504434581767
2026-03-14,47,1,wk flu hosp rate change,2026-03-21,pmf,large_decrease,0.0
2026-03-14,47,2,wk flu hosp rate change,2026-03-28,pmf,stable,0.2511783818189549
2026-03-14,47,2,wk flu hosp rate change,2026-03-28,pmf,increase,0.02930908509622887
2026-03-14,47,2,wk flu hosp rate change,2026-03-28,pmf,large_increase,0.0
2026-03-14,47,2,wk flu hosp rate change,2026-03-28,pmf,decrease,0.7195125330848162
2026-03-14,47,2,wk flu hosp rate change,2026-03-28,pmf,large_decrease,0.0
2026-03-14,47,3,wk flu hosp rate change,2026-04-04,pmf,stable,0.24915860699475534
2026-03-14,47,3,wk flu hosp rate change,2026-04-04,pmf,increase,0.011859787310925185
2026-03-14,47,3,wk flu hosp rate change,2026-04-04,pmf,large_increase,0.0
2026-03-14,47,3,wk flu hosp rate change,2026-04-04,pmf,decrease,0.7389816056943195
2026-03-14,47,3,wk flu hosp rate change,2026-04-04,pmf,large_decrease,0.0
2026-03-14,48,0,wk flu hosp rate change,2026-03-14,pmf,stable,0.19527638415182258
2026-03-14,48,0,wk flu hosp rate change,2026-03-14,pmf,increase,0.02487391728335875
2026-03-14,48,0,wk flu hosp rate change,2026-03-14,pmf,large_increase,0.0
2026-03-14,48,0,wk flu hosp rate change,2026-03-14,pmf,decrease,0.7798496985648187
2026-03-14,48,0,wk flu hosp rate change,2026-03-14,pmf,large_decrease,0.0
2026-03-14,48,1,wk flu hosp rate change,2026-03-21,pmf,stable,0.19813873372297086
2026-03-14,48,1,wk flu hosp rate change,2026-03-21,pmf,increase,0.03309324542682934
2026-03-14,48,1,wk flu hosp rate change,2026-03-21,pmf,large_increase,0.0
2026-03-14,48,1,wk flu hosp rate change,2026-03-21,pmf,decrease,0.7687680208501998
2026-03-14,48,1,wk flu hosp rate change,2026-03-21,pmf,large_decrease,0.0
2026-03-14,48,2,wk flu hosp rate change,2026-03-28,pmf,stable,0.14012111359163348
2026-03-14,48,2,wk flu hosp rate change,2026-03-28,pmf,increase,0.02941618903846155
2026-03-14,48,2,wk flu hosp rate change,2026-03-28,pmf,large_increase,0.0
2026-03-14,48,2,wk flu hosp rate change,2026-03-28,pmf,decrease,0.830462697369905
2026-03-14,48,2,wk flu hosp rate change,2026-03-28,pmf,large_decrease,0.0
2026-03-14,48,3,wk flu hosp rate change,2026-04-04,pmf,stable,0.19249625599252818
2026-03-14,48,3,wk flu hosp rate change,2026-04-04,pmf,increase,0.016042387068965547
2026-03-14,48,3,wk flu hosp rate change,2026-04-04,pmf,large_increase,0.0
2026-03-14,48,3,wk flu hosp rate change,2026-04-04,pmf,decrease,0.7914613569385063
2026-03-14,48,3,wk flu hosp rate change,2026-04-04,pmf,large_decrease,0.0
2026-03-14,49,0,wk flu hosp rate change,2026-03-14,pmf,stable,0.7519422966730289
2026-03-14,49,0,wk flu hosp rate change,2026-03-14,pmf,increase,0.16082867832697112
2026-03-14,49,0,wk flu hosp rate change,2026-03-14,pmf,large_increase,0.0
2026-03-14,49,0,wk flu hosp rate change,2026-03-14,pmf,decrease,0.08722902500000002
2026-03-14,49,0,wk flu hosp rate change,2026-03-14,pmf,large_decrease,0.0
2026-03-14,49,1,wk flu hosp rate change,2026-03-21,pmf,stable,0.9517053843784192
2026-03-14,49,1,wk flu hosp rate change,2026-03-21,pmf,increase,0.04829461562158077
2026-03-14,49,1,wk flu hosp rate change,2026-03-21,pmf,large_increase,0.0
2026-03-14,49,1,wk flu hosp rate change,2026-03-21,pmf,decrease,0.0
2026-03-14,49,1,wk flu hosp rate change,2026-03-21,pmf,large_decrease,0.0
2026-03-14,49,2,wk flu hosp rate change,2026-03-28,pmf,stable,0.985805418221974
2026-03-14,49,2,wk flu hosp rate change,2026-03-28,pmf,increase,0.014194581778026016
2026-03-14,49,2,wk flu hosp rate change,2026-03-28,pmf,large_increase,0.0
2026-03-14,49,2,wk flu hosp rate change,2026-03-28,pmf,decrease,0.0
2026-03-14,49,2,wk flu hosp rate change,2026-03-28,pmf,large_decrease,0.0
2026-03-14,49,3,wk flu hosp rate change,2026-04-04,pmf,stable,0.9873166545356894
2026-03-14,49,3,wk flu hosp rate change,2026-04-04,pmf,increase,0.012683345464310603
2026-03-14,49,3,wk flu hosp rate change,2026-04-04,pmf,large_increase,0.0
2026-03-14,49,3,wk flu hosp rate change,2026-04-04,pmf,decrease,0.0
2026-03-14,49,3,wk flu hosp rate change,2026-04-04,pmf,large_decrease,0.0
2026-03-14,50,0,wk flu hosp rate change,2026-03-14,pmf,stable,0.9664124961417746
2026-03-14,50,0,wk flu hosp rate change,2026-03-14,pmf,increase,0.0
2026-03-14,50,0,wk flu hosp rate change,2026-03-14,pmf,large_increase,0.0
2026-03-14,50,0,wk flu hosp rate change,2026-03-14,pmf,decrease,0.01704090884564637
2026-03-14,50,0,wk flu hosp rate change,2026-03-14,pmf,large_decrease,0.016546595012578973
2026-03-14,50,1,wk flu hosp rate change,2026-03-21,pmf,stable,0.7940530212388042
2026-03-14,50,1,wk flu hosp rate change,2026-03-21,pmf,increase,0.05613697499999992
2026-03-14,50,1,wk flu hosp rate change,2026-03-21,pmf,large_increase,0.018863025000000033
2026-03-14,50,1,wk flu hosp rate change,2026-03-21,pmf,decrease,0.13094697876119588
2026-03-14,50,1,wk flu hosp rate change,2026-03-21,pmf,large_decrease,0.0
2026-03-14,50,2,wk flu hosp rate change,2026-03-28,pmf,stable,0.7083333333333333
2026-03-14,50,2,wk flu hosp rate change,2026-03-28,pmf,increase,0.08151596666666672
2026-03-14,50,2,wk flu hosp rate change,2026-03-28,pmf,large_increase,0.010150699999999957
2026-03-14,50,2,wk flu hosp rate change,2026-03-28,pmf,decrease,0.2
2026-03-14,50,2,wk flu hosp rate change,2026-03-28,pmf,large_decrease,0.0
2026-03-14,50,3,wk flu hosp rate change,2026-04-04,pmf,stable,0.5571428571428572
2026-03-14,50,3,wk flu hosp rate change,2026-04-04,pmf,increase,0.09285714285714286
2026-03-14,50,3,wk flu hosp rate change,2026-04-04,pmf,large_increase,0.0
2026-03-14,50,3,wk flu hosp rate change,2026-04-04,pmf,decrease,0.35
2026-03-14,50,3,wk flu hosp rate change,2026-04-04,pmf,large_decrease,0.0
2026-03-14,51,0,wk flu hosp rate change,2026-03-14,pmf,stable,0.2293358499999999
2026-03-14,51,0,wk flu hosp rate change,2026-03-14,pmf,increase,0.04094402500000005
2026-03-14,51,0,wk flu hosp rate change,2026-03-14,pmf,large_increase,0.0
2026-03-14,51,0,wk flu hosp rate change,2026-03-14,pmf,decrease,0.729720125
2026-03-14,51,0,wk flu hosp rate change,2026-03-14,pmf,large_decrease,0.0
2026-03-14,51,1,wk flu hosp rate change,2026-03-21,pmf,stable,0.1823082096354166
2026-03-14,51,1,wk flu hosp rate change,2026-03-21,pmf,increase,0.04292501953125005
2026-03-14,51,1,wk flu hosp rate change,2026-03-21,pmf,large_increase,0.0
2026-03-14,51,1,wk flu hosp rate change,2026-03-21,pmf,decrease,0.7747667708333333
2026-03-14,51,1,wk flu hosp rate change,2026-03-21,pmf,large_decrease,0.0
2026-03-14,51,2,wk flu hosp rate change,2026-03-28,pmf,stable,0.15570696289329677
2026-03-14,51,2,wk flu hosp rate change,2026-03-28,pmf,increase,0.03158234593023257
2026-03-14,51,2,wk flu hosp rate change,2026-03-28,pmf,large_increase,0.0
2026-03-14,51,2,wk flu hosp rate change,2026-03-28,pmf,decrease,0.8127106911764707
2026-03-14,51,2,wk flu hosp rate change,2026-03-28,pmf,large_decrease,0.0
2026-03-14,51,3,wk flu hosp rate change,2026-04-04,pmf,stable,0.25616970242224246
2026-03-14,51,3,wk flu hosp rate change,2026-04-04,pmf,increase,0.01709018220338987
2026-03-14,51,3,wk flu hosp rate change,2026-04-04,pmf,large_increase,0.0
2026-03-14,51,3,wk flu hosp rate change,2026-04-04,pmf,decrease,0.7267401153743677
2026-03-14,51,3,wk flu hosp rate change,2026-04-04,pmf,large_decrease,0.0
2026-03-14,53,0,wk flu hosp rate change,2026-03-14,pmf,stable,0.3738312173985371
2026-03-14,53,0,wk flu hosp rate change,2026-03-14,pmf,increase,0.06736366666666671
2026-03-14,53,0,wk flu hosp rate change,2026-03-14,pmf,large_increase,0.0
2026-03-14,53,0,wk flu hosp rate change,2026-03-14,pmf,decrease,0.5588051159347962
2026-03-14,53,0,wk flu hosp rate change,2026-03-14,pmf,large_decrease,0.0
2026-03-14,53,1,wk flu hosp rate change,2026-03-21,pmf,stable,0.5075881253259141
2026-03-14,53,1,wk flu hosp rate change,2026-03-21,pmf,increase,0.037184374674085974
2026-03-14,53,1,wk flu hosp rate change,2026-03-21,pmf,large_increase,0.0
2026-03-14,53,1,wk flu hosp rate change,2026-03-21,pmf,decrease,0.4552274999999999
2026-03-14,53,1,wk flu hosp rate change,2026-03-21,pmf,large_decrease,0.0
2026-03-14,53,2,wk flu hosp rate change,2026-03-28,pmf,stable,0.5171996072366646
2026-03-14,53,2,wk flu hosp rate change,2026-03-28,pmf,increase,0.02356653562047828
2026-03-14,53,2,wk flu hosp rate change,2026-03-28,pmf,large_increase,0.0
2026-03-14,53,2,wk flu hosp rate change,2026-03-28,pmf,decrease,0.45923385714285714
2026-03-14,53,2,wk flu hosp rate change,2026-03-28,pmf,large_decrease,0.0
2026-03-14,53,3,wk flu hosp rate change,2026-04-04,pmf,stable,0.5832018333333334
2026-03-14,53,3,wk flu hosp rate change,2026-04-04,pmf,increase,0.01261616666666665
2026-03-14,53,3,wk flu hosp rate change,2026-04-04,pmf,large_increase,0.0
2026-03-14,53,3,wk flu hosp rate change,2026-04-04,pmf,decrease,0.40418199999999993
2026-03-14,53,3,wk flu hosp rate change,2026-04-04,pmf,large_decrease,0.0
2026-03-14,54,0,wk flu hosp rate change,2026-03-14,pmf,stable,0.17020507887590153
2026-03-14,54,0,wk flu hosp rate change,2026-03-14,pmf,increase,0.06789078197041365
2026-03-14,54,0,wk flu hosp rate change,2026-03-14,pmf,large_increase,0.023831859467209338
2026-03-14,54,0,wk flu hosp rate change,2026-03-14,pmf,decrease,0.3052895023127909
2026-03-14,54,0,wk flu hosp rate change,2026-03-14,pmf,large_decrease,0.4327827773736846
2026-03-14,54,1,wk flu hosp rate change,2026-03-21,pmf,stable,0.08055555555555549
2026-03-14,54,1,wk flu hosp rate change,2026-03-21,pmf,increase,0.10424947499999992
2026-03-14,54,1,wk flu hosp rate change,2026-03-21,pmf,large_increase,0.020750525000000075
2026-03-14,54,1,wk flu hosp rate change,2026-03-21,pmf,decrease,0.4961006111111112
2026-03-14,54,1,wk flu hosp rate change,2026-03-21,pmf,large_decrease,0.2983438333333333
2026-03-14,54,2,wk flu hosp rate change,2026-03-28,pmf,stable,0.0612079835164836
2026-03-14,54,2,wk flu hosp rate change,2026-03-28,pmf,increase,0.08378117849650346
2026-03-14,54,2,wk flu hosp rate change,2026-03-28,pmf,large_increase,0.013546027272727246
2026-03-14,54,2,wk flu hosp rate change,2026-03-28,pmf,decrease,0.6991069945180625
2026-03-14,54,2,wk flu hosp rate change,2026-03-28,pmf,large_decrease,0.1423578161962232
2026-03-14,54,3,wk flu hosp rate change,2026-04-04,pmf,stable,0.0635153346850128
2026-03-14,54,3,wk flu hosp rate change,2026-04-04,pmf,increase,0.06762055167862357
2026-03-14,54,3,wk flu hosp rate change,2026-04-04,pmf,large_increase,0.0
2026-03-14,54,3,wk flu hosp rate change,2026-04-04,pmf,decrease,0.8011523415548307
2026-03-14,54,3,wk flu hosp rate change,2026-04-04,pmf,large_decrease,0.0677117720815329
2026-03-14,55,0,wk flu hosp rate change,2026-03-14,pmf,stable,0.21972793269230773
2026-03-14,55,0,wk flu hosp rate change,2026-03-14,pmf,increase,0.1042964423076923
2026-03-14,55,0,wk flu hosp rate change,2026-03-14,pmf,large_increase,0.0
2026-03-14,55,0,wk flu hosp rate change,2026-03-14,pmf,decrease,0.6529804874999999
2026-03-14,55,0,wk flu hosp rate change,2026-03-14,pmf,large_decrease,0.022995137500000012
2026-03-14,55,1,wk flu hosp rate change,2026-03-21,pmf,stable,0.15640822916666675
2026-03-14,55,1,wk flu hosp rate change,2026-03-21,pmf,increase,0.08027874999999995
2026-03-14,55,1,wk flu hosp rate change,2026-03-21,pmf,large_increase,0.0
2026-03-14,55,1,wk flu hosp rate change,2026-03-21,pmf,decrease,0.7633130208333333
2026-03-14,55,1,wk flu hosp rate change,2026-03-21,pmf,large_decrease,0.0
2026-03-14,55,2,wk flu hosp rate change,2026-03-28,pmf,stable,0.15691233516483505
2026-03-14,55,2,wk flu hosp rate change,2026-03-28,pmf,increase,0.057421607142857156
2026-03-14,55,2,wk flu hosp rate change,2026-03-28,pmf,large_increase,0.0
2026-03-14,55,2,wk flu hosp rate change,2026-03-28,pmf,decrease,0.7856660576923078
2026-03-14,55,2,wk flu hosp rate change,2026-03-28,pmf,large_decrease,0.0
2026-03-14,55,3,wk flu hosp rate change,2026-04-04,pmf,stable,0.17483737499999996
2026-03-14,55,3,wk flu hosp rate change,2026-04-04,pmf,increase,0.037195124999999996
2026-03-14,55,3,wk flu hosp rate change,2026-04-04,pmf,large_increase,0.0
2026-03-14,55,3,wk flu hosp rate change,2026-04-04,pmf,decrease,0.7879675
2026-03-14,55,3,wk flu hosp rate change,2026-04-04,pmf,large_decrease,0.0
2026-03-14,56,0,wk flu hosp rate change,2026-03-14,pmf,stable,0.95
2026-03-14,56,0,wk flu hosp rate change,2026-03-14,pmf,increase,0.0
2026-03-14,56,0,wk flu hosp rate change,2026-03-14,pmf,large_increase,0.050000000000000044
2026-03-14,56,0,wk flu hosp rate change,2026-03-14,pmf,decrease,0.0
2026-03-14,56,0,wk flu hosp rate change,2026-03-14,pmf,large_decrease,0.0
2026-03-14,56,1,wk flu hosp rate change,2026-03-21,pmf,stable,0.955
2026-03-14,56,1,wk flu hosp rate change,2026-03-21,pmf,increase,0.030885620000000058
2026-03-14,56,1,wk flu hosp rate change,2026-03-21,pmf,large_increase,0.014114379999999982
2026-03-14,56,1,wk flu hosp rate change,2026-03-21,pmf,decrease,0.0
2026-03-14,56,1,wk flu hosp rate change,2026-03-21,pmf,large_decrease,0.0
2026-03-14,56,2,wk flu hosp rate change,2026-03-28,pmf,stable,0.9316666666666666
2026-03-14,56,2,wk flu hosp rate change,2026-03-28,pmf,increase,0.05833333333333335
2026-03-14,56,2,wk flu hosp rate change,2026-03-28,pmf,large_increase,0.0
2026-03-14,56,2,wk flu hosp rate change,2026-03-28,pmf,decrease,0.01
2026-03-14,56,2,wk flu hosp rate change,2026-03-28,pmf,large_decrease,0.0
2026-03-14,56,3,wk flu hosp rate change,2026-04-04,pmf,stable,0.9276499454482748
2026-03-14,56,3,wk flu hosp rate change,2026-04-04,pmf,increase,0.062350054551725154
2026-03-14,56,3,wk flu hosp rate change,2026-04-04,pmf,large_increase,0.0
2026-03-14,56,3,wk flu hosp rate change,2026-04-04,pmf,decrease,0.01
2026-03-14,56,3,wk flu hosp rate change,2026-04-04,pmf,large_decrease,0.0
2026-03-14,72,0,wk flu hosp rate change,2026-03-14,pmf,stable,0.21537263492963354
2026-03-14,72,0,wk flu hosp rate change,2026-03-14,pmf,increase,0.2715623729804736
2026-03-14,72,0,wk flu hosp rate change,2026-03-14,pmf,large_increase,0.06919399641901891
2026-03-14,72,0,wk flu hosp rate change,2026-03-14,pmf,decrease,0.4190148112366345
2026-03-14,72,0,wk flu hosp rate change,2026-03-14,pmf,large_decrease,0.024856184434239474
2026-03-14,72,1,wk flu hosp rate change,2026-03-21,pmf,stable,0.289191493530101
2026-03-14,72,1,wk flu hosp rate change,2026-03-21,pmf,increase,0.247289180025411
2026-03-14,72,1,wk flu hosp rate change,2026-03-21,pmf,large_increase,0.04295176229508202
2026-03-14,72,1,wk flu hosp rate change,2026-03-21,pmf,decrease,0.420567564149406
2026-03-14,72,1,wk flu hosp rate change,2026-03-21,pmf,large_decrease,0.0
2026-03-14,72,2,wk flu hosp rate change,2026-03-28,pmf,stable,0.36466097913098255
2026-03-14,72,2,wk flu hosp rate change,2026-03-28,pmf,increase,0.2727931913667365
2026-03-14,72,2,wk flu hosp rate change,2026-03-28,pmf,large_increase,0.047608746442068584
2026-03-14,72,2,wk flu hosp rate change,2026-03-28,pmf,decrease,0.31493708306021234
2026-03-14,72,2,wk flu hosp rate change,2026-03-28,pmf,large_decrease,0.0
2026-03-14,72,3,wk flu hosp rate change,2026-04-04,pmf,stable,0.4495804556935592
2026-03-14,72,3,wk flu hosp rate change,2026-04-04,pmf,increase,0.16553831082122394
2026-03-14,72,3,wk flu hosp rate change,2026-04-04,pmf,large_increase,0.0329586069805714
2026-03-14,72,3,wk flu hosp rate change,2026-04-04,pmf,decrease,0.35192262650464545
2026-03-14,72,3,wk flu hosp rate change,2026-04-04,pmf,large_decrease,0.0
2026-03-14,US,0,wk flu hosp rate change,2026-03-14,pmf,stable,0.26243017218477316
2026-03-14,US,0,wk flu hosp rate change,2026-03-14,pmf,increase,0.022552370523560183
2026-03-14,US,0,wk flu hosp rate change,2026-03-14,pmf,large_increase,0.0
2026-03-14,US,0,wk flu hosp rate change,2026-03-14,pmf,decrease,0.7150174572916667
2026-03-14,US,0,wk flu hosp rate change,2026-03-14,pmf,large_decrease,0.0
2026-03-14,US,1,wk flu hosp rate change,2026-03-21,pmf,stable,0.15509353494384426
2026-03-14,US,1,wk flu hosp rate change,2026-03-21,pmf,increase,0.01943095492102065
2026-03-14,US,1,wk flu hosp rate change,2026-03-21,pmf,large_increase,0.0
2026-03-14,US,1,wk flu hosp rate change,2026-03-21,pmf,decrease,0.8254755101351351
2026-03-14,US,1,wk flu hosp rate change,2026-03-21,pmf,large_decrease,0.0
2026-03-14,US,2,wk flu hosp rate change,2026-03-28,pmf,stable,0.1272768515389029
2026-03-14,US,2,wk flu hosp rate change,2026-03-28,pmf,increase,0.018872351637717166
2026-03-14,US,2,wk flu hosp rate change,2026-03-28,pmf,large_increase,0.0
2026-03-14,US,2,wk flu hosp rate change,2026-03-28,pmf,decrease,0.8538507968233799
2026-03-14,US,2,wk flu hosp rate change,2026-03-28,pmf,large_decrease,0.0
2026-03-14,US,3,wk flu hosp rate change,2026-04-04,pmf,stable,0.11512727053148875
2026-03-14,US,3,wk flu hosp rate change,2026-04-04,pmf,increase,0.013966437649219454
2026-03-14,US,3,wk flu hosp rate change,2026-04-04,pmf,large_increase,0.0
2026-03-14,US,3,wk flu hosp rate change,2026-04-04,pmf,decrease,0.8709062918192918
2026-03-14,US,3,wk flu hosp rate change,2026-04-04,pmf,large_decrease,0.0
